dataset,split,original_image,label_file,defect_id,original_class_id,unified_class_id,class_name,x1,y1,x2,y2,original_width,original_height,processed_width,processed_height,source_type,image_path
DeepPCB,train,01_PCB__419.jpg,01_PCB__419.txt,1,3,1,Mouse_bite,460,162,493,194,640,640,224,224,bbox_crop,/Users/user/Deep-Learning-PCB-Defect-Detection/outputs/stage2/processed_images/train/Mouse_bite/DeepPCB_train_01_PCB__419_defect_1.png
DeepPCB,train,01_PCB__419.jpg,01_PCB__419.txt,2,2,3,Short,219,254,256,289,640,640,224,224,bbox_crop,/Users/user/Deep-Learning-PCB-Defect-Detection/outputs/stage2/processed_images/train/Short/DeepPCB_train_01_PCB__419_defect_2.png
DeepPCB,train,01_PCB__419.jpg,01_PCB__419.txt,3,3,1,Mouse_bite,198,134,233,161,640,640,224,224,bbox_crop,/Users/user/Deep-Learning-PCB-Defect-Detection/outputs/stage2/processed_images/train/Mouse_bite/DeepPCB_train_01_PCB__419_defect_3.png
DeepPCB,train,01_PCB__419.jpg,01_PCB__419.txt,4,5,5,Spurious_copper,399,63,433,95,640,640,224,224,bbox_crop,/Users/user/Deep-Learning-PCB-Defect-Detection/outputs/stage2/processed_images/train/Spurious_copper/DeepPCB_train_01_PCB__419_defect_4.png
DeepPCB,train,01_PCB__419.jpg,01_PCB__419.txt,5,6,0,Missing_hole,216,206,244,237,640,640,224,224,bbox_crop,/Users/user/Deep-Learning-PCB-Defect-Detection/outputs/stage2/processed_images/train/Missing_hole/DeepPCB_train_01_PCB__419_defect_5.png
DeepPCB,train,01_PCB__445.jpg,01_PCB__445.txt,1,1,2,Open_circuit,204,203,247,241,640,640,224,224,bbox_crop,/Users/user/Deep-Learning-PCB-Defect-Detection/outputs/stage2/processed_images/train/Open_circuit/DeepPCB_train_01_PCB__445_defect_1.png
DeepPCB,train,01_PCB__445.jpg,01_PCB__445.txt,2,3,1,Mouse_bite,307,236,347,264,640,640,224,224,bbox_crop,/Users/user/Deep-Learning-PCB-Defect-Detection/outputs/stage2/processed_images/train/Mouse_bite/DeepPCB_train_01_PCB__445_defect_2.png
DeepPCB,train,01_PCB__445.jpg,01_PCB__445.txt,3,5,5,Spurious_copper,319,342,364,382,640,640,224,224,bbox_crop,/Users/user/Deep-Learning-PCB-Defect-Detection/outputs/stage2/processed_images/train/Spurious_copper/DeepPCB_train_01_PCB__445_defect_3.png
DeepPCB,train,01_PCB__445.jpg,01_PCB__445.txt,4,6,0,Missing_hole,490,241,522,267,640,640,224,224,bbox_crop,/Users/user/Deep-Learning-PCB-Defect-Detection/outputs/stage2/processed_images/train/Missing_hole/DeepPCB_train_01_PCB__445_defect_4.png
DeepPCB,train,01_PCB__445.jpg,01_PCB__445.txt,5,4,4,Spur,64,252,104,285,640,640,224,224,bbox_crop,/Users/user/Deep-Learning-PCB-Defect-Detection/outputs/stage2/processed_images/train/Spur/DeepPCB_train_01_PCB__445_defect_5.png
DeepPCB,train,01_PCB__445.jpg,01_PCB__445.txt,6,2,3,Short,17,584,72,620,640,640,224,224,bbox_crop,/Users/user/Deep-Learning-PCB-Defect-Detection/outputs/stage2/processed_images/train/Short/DeepPCB_train_01_PCB__445_defect_6.png
DeepPCB,train,01_PCB__445.jpg,01_PCB__445.txt,7,1,2,Open_circuit,121,328,185,378,640,640,224,224,bbox_crop,/Users/user/Deep-Learning-PCB-Defect-Detection/outputs/stage2/processed_images/train/Open_circuit/DeepPCB_train_01_PCB__445_defect_7.png
DeepPCB,train,01_PCB__448.jpg,01_PCB__448.txt,1,1,2,Open_circuit,413,94,470,147,640,640,224,224,bbox_crop,/Users/user/Deep-Learning-PCB-Defect-Detection/outputs/stage2/processed_images/train/Open_circuit/DeepPCB_train_01_PCB__448_defect_1.png
DeepPCB,train,01_PCB__448.jpg,01_PCB__448.txt,2,2,3,Short,429,258,480,294,640,640,224,224,bbox_crop,/Users/user/Deep-Learning-PCB-Defect-Detection/outputs/stage2/processed_images/train/Short/DeepPCB_train_01_PCB__448_defect_2.png
DeepPCB,train,01_PCB__448.jpg,01_PCB__448.txt,3,4,4,Spur,101,286,140,323,640,640,224,224,bbox_crop,/Users/user/Deep-Learning-PCB-Defect-Detection/outputs/stage2/processed_images/train/Spur/DeepPCB_train_01_PCB__448_defect_3.png
DeepPCB,train,01_PCB__448.jpg,01_PCB__448.txt,4,5,5,Spurious_copper,123,444,159,488,640,640,224,224,bbox_crop,/Users/user/Deep-Learning-PCB-Defect-Detection/outputs/stage2/processed_images/train/Spurious_copper/DeepPCB_train_01_PCB__448_defect_4.png
DeepPCB,train,01_PCB__448.jpg,01_PCB__448.txt,5,6,0,Missing_hole,343,415,380,445,640,640,224,224,bbox_crop,/Users/user/Deep-Learning-PCB-Defect-Detection/outputs/stage2/processed_images/train/Missing_hole/DeepPCB_train_01_PCB__448_defect_5.png
DeepPCB,train,01_PCB__448.jpg,01_PCB__448.txt,6,1,2,Open_circuit,566,394,620,421,640,640,224,224,bbox_crop,/Users/user/Deep-Learning-PCB-Defect-Detection/outputs/stage2/processed_images/train/Open_circuit/DeepPCB_train_01_PCB__448_defect_6.png
DeepPCB,train,01_PCB__448.jpg,01_PCB__448.txt,7,6,0,Missing_hole,276,241,306,271,640,640,224,224,bbox_crop,/Users/user/Deep-Learning-PCB-Defect-Detection/outputs/stage2/processed_images/train/Missing_hole/DeepPCB_train_01_PCB__448_defect_7.png
DeepPCB,train,01_PCB__458.jpg,01_PCB__458.txt,1,1,2,Open_circuit,453,351,491,379,640,640,224,224,bbox_crop,/Users/user/Deep-Learning-PCB-Defect-Detection/outputs/stage2/processed_images/train/Open_circuit/DeepPCB_train_01_PCB__458_defect_1.png
DeepPCB,train,01_PCB__458.jpg,01_PCB__458.txt,2,2,3,Short,543,251,572,287,640,640,224,224,bbox_crop,/Users/user/Deep-Learning-PCB-Defect-Detection/outputs/stage2/processed_images/train/Short/DeepPCB_train_01_PCB__458_defect_2.png
DeepPCB,train,01_PCB__458.jpg,01_PCB__458.txt,3,3,1,Mouse_bite,95,222,135,251,640,640,224,224,bbox_crop,/Users/user/Deep-Learning-PCB-Defect-Detection/outputs/stage2/processed_images/train/Mouse_bite/DeepPCB_train_01_PCB__458_defect_3.png
DeepPCB,train,01_PCB__458.jpg,01_PCB__458.txt,4,4,4,Spur,166,83,198,118,640,640,224,224,bbox_crop,/Users/user/Deep-Learning-PCB-Defect-Detection/outputs/stage2/processed_images/train/Spur/DeepPCB_train_01_PCB__458_defect_4.png
DeepPCB,train,01_PCB__458.jpg,01_PCB__458.txt,5,6,0,Missing_hole,274,172,305,197,640,640,224,224,bbox_crop,/Users/user/Deep-Learning-PCB-Defect-Detection/outputs/stage2/processed_images/train/Missing_hole/DeepPCB_train_01_PCB__458_defect_5.png
DeepPCB,train,01_PCB__458.jpg,01_PCB__458.txt,6,5,5,Spurious_copper,362,237,398,278,640,640,224,224,bbox_crop,/Users/user/Deep-Learning-PCB-Defect-Detection/outputs/stage2/processed_images/train/Spurious_copper/DeepPCB_train_01_PCB__458_defect_6.png
DeepPCB,train,01_PCB__458.jpg,01_PCB__458.txt,7,3,1,Mouse_bite,146,373,193,405,640,640,224,224,bbox_crop,/Users/user/Deep-Learning-PCB-Defect-Detection/outputs/stage2/processed_images/train/Mouse_bite/DeepPCB_train_01_PCB__458_defect_7.png
DeepPCB,train,01_PCB__459.jpg,01_PCB__459.txt,1,1,2,Open_circuit,426,82,456,116,640,640,224,224,bbox_crop,/Users/user/Deep-Learning-PCB-Defect-Detection/outputs/stage2/processed_images/train/Open_circuit/DeepPCB_train_01_PCB__459_defect_1.png
DeepPCB,train,01_PCB__459.jpg,01_PCB__459.txt,2,3,1,Mouse_bite,261,253,297,296,640,640,224,224,bbox_crop,/Users/user/Deep-Learning-PCB-Defect-Detection/outputs/stage2/processed_images/train/Mouse_bite/DeepPCB_train_01_PCB__459_defect_2.png
DeepPCB,train,01_PCB__459.jpg,01_PCB__459.txt,3,2,3,Short,538,527,575,559,640,640,224,224,bbox_crop,/Users/user/Deep-Learning-PCB-Defect-Detection/outputs/stage2/processed_images/train/Short/DeepPCB_train_01_PCB__459_defect_3.png
DeepPCB,train,01_PCB__459.jpg,01_PCB__459.txt,4,1,2,Open_circuit,168,453,231,487,640,640,224,224,bbox_crop,/Users/user/Deep-Learning-PCB-Defect-Detection/outputs/stage2/processed_images/train/Open_circuit/DeepPCB_train_01_PCB__459_defect_4.png
DeepPCB,train,01_PCB__459.jpg,01_PCB__459.txt,5,4,4,Spur,125,358,159,384,640,640,224,224,bbox_crop,/Users/user/Deep-Learning-PCB-Defect-Detection/outputs/stage2/processed_images/train/Spur/DeepPCB_train_01_PCB__459_defect_5.png
DeepPCB,train,01_PCB__460.jpg,01_PCB__460.txt,1,1,2,Open_circuit,501,297,539,323,640,640,224,224,bbox_crop,/Users/user/Deep-Learning-PCB-Defect-Detection/outputs/stage2/processed_images/train/Open_circuit/DeepPCB_train_01_PCB__460_defect_1.png
DeepPCB,train,01_PCB__460.jpg,01_PCB__460.txt,2,2,3,Short,513,146,546,176,640,640,224,224,bbox_crop,/Users/user/Deep-Learning-PCB-Defect-Detection/outputs/stage2/processed_images/train/Short/DeepPCB_train_01_PCB__460_defect_2.png
DeepPCB,train,01_PCB__460.jpg,01_PCB__460.txt,3,3,1,Mouse_bite,218,157,254,186,640,640,224,224,bbox_crop,/Users/user/Deep-Learning-PCB-Defect-Detection/outputs/stage2/processed_images/train/Mouse_bite/DeepPCB_train_01_PCB__460_defect_3.png
DeepPCB,train,01_PCB__460.jpg,01_PCB__460.txt,4,4,4,Spur,168,323,197,353,640,640,224,224,bbox_crop,/Users/user/Deep-Learning-PCB-Defect-Detection/outputs/stage2/processed_images/train/Spur/DeepPCB_train_01_PCB__460_defect_4.png
DeepPCB,train,01_PCB__460.jpg,01_PCB__460.txt,5,6,0,Missing_hole,160,401,190,427,640,640,224,224,bbox_crop,/Users/user/Deep-Learning-PCB-Defect-Detection/outputs/stage2/processed_images/train/Missing_hole/DeepPCB_train_01_PCB__460_defect_5.png
DeepPCB,train,01_PCB__468.jpg,01_PCB__468.txt,1,1,2,Open_circuit,241,428,274,454,640,640,224,224,bbox_crop,/Users/user/Deep-Learning-PCB-Defect-Detection/outputs/stage2/processed_images/train/Open_circuit/DeepPCB_train_01_PCB__468_defect_1.png
DeepPCB,train,01_PCB__468.jpg,01_PCB__468.txt,2,3,1,Mouse_bite,265,262,306,293,640,640,224,224,bbox_crop,/Users/user/Deep-Learning-PCB-Defect-Detection/outputs/stage2/processed_images/train/Mouse_bite/DeepPCB_train_01_PCB__468_defect_2.png
DeepPCB,train,01_PCB__468.jpg,01_PCB__468.txt,3,5,5,Spurious_copper,178,207,226,243,640,640,224,224,bbox_crop,/Users/user/Deep-Learning-PCB-Defect-Detection/outputs/stage2/processed_images/train/Spurious_copper/DeepPCB_train_01_PCB__468_defect_3.png
DeepPCB,train,01_PCB__468.jpg,01_PCB__468.txt,4,3,1,Mouse_bite,426,404,462,430,640,640,224,224,bbox_crop,/Users/user/Deep-Learning-PCB-Defect-Detection/outputs/stage2/processed_images/train/Mouse_bite/DeepPCB_train_01_PCB__468_defect_4.png
DeepPCB,train,01_PCB__468.jpg,01_PCB__468.txt,5,2,3,Short,516,378,547,418,640,640,224,224,bbox_crop,/Users/user/Deep-Learning-PCB-Defect-Detection/outputs/stage2/processed_images/train/Short/DeepPCB_train_01_PCB__468_defect_5.png
DeepPCB,train,01_PCB__468.jpg,01_PCB__468.txt,6,3,1,Mouse_bite,569,319,603,344,640,640,224,224,bbox_crop,/Users/user/Deep-Learning-PCB-Defect-Detection/outputs/stage2/processed_images/train/Mouse_bite/DeepPCB_train_01_PCB__468_defect_6.png
DeepPCB,train,01_PCB__47.jpg,01_PCB__47.txt,1,1,2,Open_circuit,431,412,493,446,640,640,224,224,bbox_crop,/Users/user/Deep-Learning-PCB-Defect-Detection/outputs/stage2/processed_images/train/Open_circuit/DeepPCB_train_01_PCB__47_defect_1.png
DeepPCB,train,01_PCB__47.jpg,01_PCB__47.txt,2,3,1,Mouse_bite,395,499,436,527,640,640,224,224,bbox_crop,/Users/user/Deep-Learning-PCB-Defect-Detection/outputs/stage2/processed_images/train/Mouse_bite/DeepPCB_train_01_PCB__47_defect_2.png
DeepPCB,train,01_PCB__47.jpg,01_PCB__47.txt,3,2,3,Short,509,391,555,416,640,640,224,224,bbox_crop,/Users/user/Deep-Learning-PCB-Defect-Detection/outputs/stage2/processed_images/train/Short/DeepPCB_train_01_PCB__47_defect_3.png
DeepPCB,train,01_PCB__47.jpg,01_PCB__47.txt,4,4,4,Spur,467,569,501,596,640,640,224,224,bbox_crop,/Users/user/Deep-Learning-PCB-Defect-Detection/outputs/stage2/processed_images/train/Spur/DeepPCB_train_01_PCB__47_defect_4.png
DeepPCB,train,01_PCB__47.jpg,01_PCB__47.txt,5,5,5,Spurious_copper,163,344,236,415,640,640,224,224,bbox_crop,/Users/user/Deep-Learning-PCB-Defect-Detection/outputs/stage2/processed_images/train/Spurious_copper/DeepPCB_train_01_PCB__47_defect_5.png
DeepPCB,train,01_PCB__47.jpg,01_PCB__47.txt,6,6,0,Missing_hole,244,16,285,45,640,640,224,224,bbox_crop,/Users/user/Deep-Learning-PCB-Defect-Detection/outputs/stage2/processed_images/train/Missing_hole/DeepPCB_train_01_PCB__47_defect_6.png
DeepPCB,train,01_PCB__473.jpg,01_PCB__473.txt,1,1,2,Open_circuit,462,290,500,320,640,640,224,224,bbox_crop,/Users/user/Deep-Learning-PCB-Defect-Detection/outputs/stage2/processed_images/train/Open_circuit/DeepPCB_train_01_PCB__473_defect_1.png
DeepPCB,train,01_PCB__473.jpg,01_PCB__473.txt,2,2,3,Short,169,138,208,168,640,640,224,224,bbox_crop,/Users/user/Deep-Learning-PCB-Defect-Detection/outputs/stage2/processed_images/train/Short/DeepPCB_train_01_PCB__473_defect_2.png
DeepPCB,train,01_PCB__473.jpg,01_PCB__473.txt,3,3,1,Mouse_bite,171,183,202,210,640,640,224,224,bbox_crop,/Users/user/Deep-Learning-PCB-Defect-Detection/outputs/stage2/processed_images/train/Mouse_bite/DeepPCB_train_01_PCB__473_defect_3.png
DeepPCB,train,01_PCB__473.jpg,01_PCB__473.txt,4,4,4,Spur,120,277,168,304,640,640,224,224,bbox_crop,/Users/user/Deep-Learning-PCB-Defect-Detection/outputs/stage2/processed_images/train/Spur/DeepPCB_train_01_PCB__473_defect_4.png
DeepPCB,train,01_PCB__473.jpg,01_PCB__473.txt,5,5,5,Spurious_copper,260,279,302,316,640,640,224,224,bbox_crop,/Users/user/Deep-Learning-PCB-Defect-Detection/outputs/stage2/processed_images/train/Spurious_copper/DeepPCB_train_01_PCB__473_defect_5.png
DeepPCB,train,01_PCB__473.jpg,01_PCB__473.txt,6,5,5,Spurious_copper,497,389,527,424,640,640,224,224,bbox_crop,/Users/user/Deep-Learning-PCB-Defect-Detection/outputs/stage2/processed_images/train/Spurious_copper/DeepPCB_train_01_PCB__473_defect_6.png
DeepPCB,train,01_PCB__473.jpg,01_PCB__473.txt,7,6,0,Missing_hole,316,497,343,540,640,640,224,224,bbox_crop,/Users/user/Deep-Learning-PCB-Defect-Detection/outputs/stage2/processed_images/train/Missing_hole/DeepPCB_train_01_PCB__473_defect_7.png
DeepPCB,train,01_PCB__482.jpg,01_PCB__482.txt,1,2,3,Short,208,261,249,287,640,640,224,224,bbox_crop,/Users/user/Deep-Learning-PCB-Defect-Detection/outputs/stage2/processed_images/train/Short/DeepPCB_train_01_PCB__482_defect_1.png
DeepPCB,train,01_PCB__482.jpg,01_PCB__482.txt,2,4,4,Spur,331,326,361,351,640,640,224,224,bbox_crop,/Users/user/Deep-Learning-PCB-Defect-Detection/outputs/stage2/processed_images/train/Spur/DeepPCB_train_01_PCB__482_defect_2.png
DeepPCB,train,01_PCB__482.jpg,01_PCB__482.txt,3,4,4,Spur,422,211,455,241,640,640,224,224,bbox_crop,/Users/user/Deep-Learning-PCB-Defect-Detection/outputs/stage2/processed_images/train/Spur/DeepPCB_train_01_PCB__482_defect_3.png
DeepPCB,train,01_PCB__482.jpg,01_PCB__482.txt,4,5,5,Spurious_copper,34,224,68,279,640,640,224,224,bbox_crop,/Users/user/Deep-Learning-PCB-Defect-Detection/outputs/stage2/processed_images/train/Spurious_copper/DeepPCB_train_01_PCB__482_defect_4.png
DeepPCB,train,01_PCB__482.jpg,01_PCB__482.txt,5,6,0,Missing_hole,455,298,486,325,640,640,224,224,bbox_crop,/Users/user/Deep-Learning-PCB-Defect-Detection/outputs/stage2/processed_images/train/Missing_hole/DeepPCB_train_01_PCB__482_defect_5.png
DeepPCB,train,01_PCB__482.jpg,01_PCB__482.txt,6,4,4,Spur,156,114,190,140,640,640,224,224,bbox_crop,/Users/user/Deep-Learning-PCB-Defect-Detection/outputs/stage2/processed_images/train/Spur/DeepPCB_train_01_PCB__482_defect_6.png
DeepPCB,train,01_PCB__482.jpg,01_PCB__482.txt,7,3,1,Mouse_bite,215,50,248,75,640,640,224,224,bbox_crop,/Users/user/Deep-Learning-PCB-Defect-Detection/outputs/stage2/processed_images/train/Mouse_bite/DeepPCB_train_01_PCB__482_defect_7.png
DeepPCB,train,01_PCB__482.jpg,01_PCB__482.txt,8,2,3,Short,426,111,455,143,640,640,224,224,bbox_crop,/Users/user/Deep-Learning-PCB-Defect-Detection/outputs/stage2/processed_images/train/Short/DeepPCB_train_01_PCB__482_defect_8.png
DeepPCB,train,01_PCB__482.jpg,01_PCB__482.txt,9,2,3,Short,275,471,307,497,640,640,224,224,bbox_crop,/Users/user/Deep-Learning-PCB-Defect-Detection/outputs/stage2/processed_images/train/Short/DeepPCB_train_01_PCB__482_defect_9.png
DeepPCB,train,01_PCB__482.jpg,01_PCB__482.txt,10,5,5,Spurious_copper,526,247,566,276,640,640,224,224,bbox_crop,/Users/user/Deep-Learning-PCB-Defect-Detection/outputs/stage2/processed_images/train/Spurious_copper/DeepPCB_train_01_PCB__482_defect_10.png
DeepPCB,train,01_PCB__493.jpg,01_PCB__493.txt,1,1,2,Open_circuit,491,103,529,136,640,640,224,224,bbox_crop,/Users/user/Deep-Learning-PCB-Defect-Detection/outputs/stage2/processed_images/train/Open_circuit/DeepPCB_train_01_PCB__493_defect_1.png
DeepPCB,train,01_PCB__493.jpg,01_PCB__493.txt,2,3,1,Mouse_bite,197,336,229,365,640,640,224,224,bbox_crop,/Users/user/Deep-Learning-PCB-Defect-Detection/outputs/stage2/processed_images/train/Mouse_bite/DeepPCB_train_01_PCB__493_defect_2.png
DeepPCB,train,01_PCB__493.jpg,01_PCB__493.txt,3,4,4,Spur,339,307,372,334,640,640,224,224,bbox_crop,/Users/user/Deep-Learning-PCB-Defect-Detection/outputs/stage2/processed_images/train/Spur/DeepPCB_train_01_PCB__493_defect_3.png
DeepPCB,train,01_PCB__493.jpg,01_PCB__493.txt,4,4,4,Spur,453,379,488,407,640,640,224,224,bbox_crop,/Users/user/Deep-Learning-PCB-Defect-Detection/outputs/stage2/processed_images/train/Spur/DeepPCB_train_01_PCB__493_defect_4.png
DeepPCB,train,01_PCB__493.jpg,01_PCB__493.txt,5,6,0,Missing_hole,229,397,261,421,640,640,224,224,bbox_crop,/Users/user/Deep-Learning-PCB-Defect-Detection/outputs/stage2/processed_images/train/Missing_hole/DeepPCB_train_01_PCB__493_defect_5.png
DeepPCB,train,01_PCB__493.jpg,01_PCB__493.txt,6,3,1,Mouse_bite,213,525,268,554,640,640,224,224,bbox_crop,/Users/user/Deep-Learning-PCB-Defect-Detection/outputs/stage2/processed_images/train/Mouse_bite/DeepPCB_train_01_PCB__493_defect_6.png
DeepPCB,train,01_PCB__493.jpg,01_PCB__493.txt,7,2,3,Short,569,124,622,155,640,640,224,224,bbox_crop,/Users/user/Deep-Learning-PCB-Defect-Detection/outputs/stage2/processed_images/train/Short/DeepPCB_train_01_PCB__493_defect_7.png
DeepPCB,train,01_PCB__496.jpg,01_PCB__496.txt,1,3,1,Mouse_bite,49,115,79,141,640,640,224,224,bbox_crop,/Users/user/Deep-Learning-PCB-Defect-Detection/outputs/stage2/processed_images/train/Mouse_bite/DeepPCB_train_01_PCB__496_defect_1.png
DeepPCB,train,01_PCB__496.jpg,01_PCB__496.txt,2,3,1,Mouse_bite,133,407,172,444,640,640,224,224,bbox_crop,/Users/user/Deep-Learning-PCB-Defect-Detection/outputs/stage2/processed_images/train/Mouse_bite/DeepPCB_train_01_PCB__496_defect_2.png
DeepPCB,train,01_PCB__496.jpg,01_PCB__496.txt,3,4,4,Spur,500,234,531,259,640,640,224,224,bbox_crop,/Users/user/Deep-Learning-PCB-Defect-Detection/outputs/stage2/processed_images/train/Spur/DeepPCB_train_01_PCB__496_defect_3.png
DeepPCB,train,01_PCB__496.jpg,01_PCB__496.txt,4,4,4,Spur,521,518,546,552,640,640,224,224,bbox_crop,/Users/user/Deep-Learning-PCB-Defect-Detection/outputs/stage2/processed_images/train/Spur/DeepPCB_train_01_PCB__496_defect_4.png
DeepPCB,train,01_PCB__496.jpg,01_PCB__496.txt,5,5,5,Spurious_copper,171,543,201,573,640,640,224,224,bbox_crop,/Users/user/Deep-Learning-PCB-Defect-Detection/outputs/stage2/processed_images/train/Spurious_copper/DeepPCB_train_01_PCB__496_defect_5.png
DeepPCB,train,01_PCB__503.jpg,01_PCB__503.txt,1,1,2,Open_circuit,88,34,129,74,640,640,224,224,bbox_crop,/Users/user/Deep-Learning-PCB-Defect-Detection/outputs/stage2/processed_images/train/Open_circuit/DeepPCB_train_01_PCB__503_defect_1.png
DeepPCB,train,01_PCB__503.jpg,01_PCB__503.txt,2,1,2,Open_circuit,562,48,595,78,640,640,224,224,bbox_crop,/Users/user/Deep-Learning-PCB-Defect-Detection/outputs/stage2/processed_images/train/Open_circuit/DeepPCB_train_01_PCB__503_defect_2.png
DeepPCB,train,01_PCB__503.jpg,01_PCB__503.txt,3,2,3,Short,523,37,574,72,640,640,224,224,bbox_crop,/Users/user/Deep-Learning-PCB-Defect-Detection/outputs/stage2/processed_images/train/Short/DeepPCB_train_01_PCB__503_defect_3.png
DeepPCB,train,01_PCB__503.jpg,01_PCB__503.txt,4,2,3,Short,25,155,73,185,640,640,224,224,bbox_crop,/Users/user/Deep-Learning-PCB-Defect-Detection/outputs/stage2/processed_images/train/Short/DeepPCB_train_01_PCB__503_defect_4.png
DeepPCB,train,01_PCB__503.jpg,01_PCB__503.txt,5,3,1,Mouse_bite,592,321,624,346,640,640,224,224,bbox_crop,/Users/user/Deep-Learning-PCB-Defect-Detection/outputs/stage2/processed_images/train/Mouse_bite/DeepPCB_train_01_PCB__503_defect_5.png
DeepPCB,train,01_PCB__503.jpg,01_PCB__503.txt,6,3,1,Mouse_bite,70,319,97,355,640,640,224,224,bbox_crop,/Users/user/Deep-Learning-PCB-Defect-Detection/outputs/stage2/processed_images/train/Mouse_bite/DeepPCB_train_01_PCB__503_defect_6.png
DeepPCB,train,01_PCB__503.jpg,01_PCB__503.txt,7,4,4,Spur,5,91,37,115,640,640,224,224,bbox_crop,/Users/user/Deep-Learning-PCB-Defect-Detection/outputs/stage2/processed_images/train/Spur/DeepPCB_train_01_PCB__503_defect_7.png
DeepPCB,train,01_PCB__503.jpg,01_PCB__503.txt,8,4,4,Spur,144,9,178,33,640,640,224,224,bbox_crop,/Users/user/Deep-Learning-PCB-Defect-Detection/outputs/stage2/processed_images/train/Spur/DeepPCB_train_01_PCB__503_defect_8.png
DeepPCB,train,01_PCB__503.jpg,01_PCB__503.txt,9,5,5,Spurious_copper,211,171,238,195,640,640,224,224,bbox_crop,/Users/user/Deep-Learning-PCB-Defect-Detection/outputs/stage2/processed_images/train/Spurious_copper/DeepPCB_train_01_PCB__503_defect_9.png
DeepPCB,train,01_PCB__503.jpg,01_PCB__503.txt,10,5,5,Spurious_copper,540,343,569,368,640,640,224,224,bbox_crop,/Users/user/Deep-Learning-PCB-Defect-Detection/outputs/stage2/processed_images/train/Spurious_copper/DeepPCB_train_01_PCB__503_defect_10.png
DeepPCB,train,01_PCB__503.jpg,01_PCB__503.txt,11,6,0,Missing_hole,352,450,381,480,640,640,224,224,bbox_crop,/Users/user/Deep-Learning-PCB-Defect-Detection/outputs/stage2/processed_images/train/Missing_hole/DeepPCB_train_01_PCB__503_defect_11.png
DeepPCB,train,01_PCB__503.jpg,01_PCB__503.txt,12,6,0,Missing_hole,505,382,533,406,640,640,224,224,bbox_crop,/Users/user/Deep-Learning-PCB-Defect-Detection/outputs/stage2/processed_images/train/Missing_hole/DeepPCB_train_01_PCB__503_defect_12.png
DeepPCB,train,01_PCB__506.jpg,01_PCB__506.txt,1,1,2,Open_circuit,165,117,193,154,640,640,224,224,bbox_crop,/Users/user/Deep-Learning-PCB-Defect-Detection/outputs/stage2/processed_images/train/Open_circuit/DeepPCB_train_01_PCB__506_defect_1.png
DeepPCB,train,01_PCB__506.jpg,01_PCB__506.txt,2,1,2,Open_circuit,441,46,467,81,640,640,224,224,bbox_crop,/Users/user/Deep-Learning-PCB-Defect-Detection/outputs/stage2/processed_images/train/Open_circuit/DeepPCB_train_01_PCB__506_defect_2.png
DeepPCB,train,01_PCB__506.jpg,01_PCB__506.txt,3,2,3,Short,136,29,179,71,640,640,224,224,bbox_crop,/Users/user/Deep-Learning-PCB-Defect-Detection/outputs/stage2/processed_images/train/Short/DeepPCB_train_01_PCB__506_defect_3.png
DeepPCB,train,01_PCB__506.jpg,01_PCB__506.txt,4,2,3,Short,132,264,158,307,640,640,224,224,bbox_crop,/Users/user/Deep-Learning-PCB-Defect-Detection/outputs/stage2/processed_images/train/Short/DeepPCB_train_01_PCB__506_defect_4.png
DeepPCB,train,01_PCB__506.jpg,01_PCB__506.txt,5,3,1,Mouse_bite,379,110,416,145,640,640,224,224,bbox_crop,/Users/user/Deep-Learning-PCB-Defect-Detection/outputs/stage2/processed_images/train/Mouse_bite/DeepPCB_train_01_PCB__506_defect_5.png
DeepPCB,train,01_PCB__506.jpg,01_PCB__506.txt,6,3,1,Mouse_bite,455,164,490,191,640,640,224,224,bbox_crop,/Users/user/Deep-Learning-PCB-Defect-Detection/outputs/stage2/processed_images/train/Mouse_bite/DeepPCB_train_01_PCB__506_defect_6.png
DeepPCB,train,01_PCB__506.jpg,01_PCB__506.txt,7,4,4,Spur,186,99,219,124,640,640,224,224,bbox_crop,/Users/user/Deep-Learning-PCB-Defect-Detection/outputs/stage2/processed_images/train/Spur/DeepPCB_train_01_PCB__506_defect_7.png
DeepPCB,train,01_PCB__506.jpg,01_PCB__506.txt,8,4,4,Spur,404,70,436,95,640,640,224,224,bbox_crop,/Users/user/Deep-Learning-PCB-Defect-Detection/outputs/stage2/processed_images/train/Spur/DeepPCB_train_01_PCB__506_defect_8.png
DeepPCB,train,01_PCB__506.jpg,01_PCB__506.txt,9,5,5,Spurious_copper,231,180,267,205,640,640,224,224,bbox_crop,/Users/user/Deep-Learning-PCB-Defect-Detection/outputs/stage2/processed_images/train/Spurious_copper/DeepPCB_train_01_PCB__506_defect_9.png
DeepPCB,train,01_PCB__506.jpg,01_PCB__506.txt,10,5,5,Spurious_copper,245,258,285,282,640,640,224,224,bbox_crop,/Users/user/Deep-Learning-PCB-Defect-Detection/outputs/stage2/processed_images/train/Spurious_copper/DeepPCB_train_01_PCB__506_defect_10.png
DeepPCB,train,01_PCB__506.jpg,01_PCB__506.txt,11,6,0,Missing_hole,347,139,385,170,640,640,224,224,bbox_crop,/Users/user/Deep-Learning-PCB-Defect-Detection/outputs/stage2/processed_images/train/Missing_hole/DeepPCB_train_01_PCB__506_defect_11.png
DeepPCB,train,01_PCB__506.jpg,01_PCB__506.txt,12,6,0,Missing_hole,26,40,52,67,640,640,224,224,bbox_crop,/Users/user/Deep-Learning-PCB-Defect-Detection/outputs/stage2/processed_images/train/Missing_hole/DeepPCB_train_01_PCB__506_defect_12.png
DeepPCB,train,01_PCB__508.jpg,01_PCB__508.txt,1,1,2,Open_circuit,250,104,277,139,640,640,224,224,bbox_crop,/Users/user/Deep-Learning-PCB-Defect-Detection/outputs/stage2/processed_images/train/Open_circuit/DeepPCB_train_01_PCB__508_defect_1.png
DeepPCB,train,01_PCB__508.jpg,01_PCB__508.txt,2,1,2,Open_circuit,484,323,519,354,640,640,224,224,bbox_crop,/Users/user/Deep-Learning-PCB-Defect-Detection/outputs/stage2/processed_images/train/Open_circuit/DeepPCB_train_01_PCB__508_defect_2.png
DeepPCB,train,01_PCB__508.jpg,01_PCB__508.txt,3,2,3,Short,546,396,583,429,640,640,224,224,bbox_crop,/Users/user/Deep-Learning-PCB-Defect-Detection/outputs/stage2/processed_images/train/Short/DeepPCB_train_01_PCB__508_defect_3.png
DeepPCB,train,01_PCB__508.jpg,01_PCB__508.txt,4,2,3,Short,359,28,406,63,640,640,224,224,bbox_crop,/Users/user/Deep-Learning-PCB-Defect-Detection/outputs/stage2/processed_images/train/Short/DeepPCB_train_01_PCB__508_defect_4.png
DeepPCB,train,01_PCB__508.jpg,01_PCB__508.txt,5,3,1,Mouse_bite,54,80,87,104,640,640,224,224,bbox_crop,/Users/user/Deep-Learning-PCB-Defect-Detection/outputs/stage2/processed_images/train/Mouse_bite/DeepPCB_train_01_PCB__508_defect_5.png
DeepPCB,train,01_PCB__508.jpg,01_PCB__508.txt,6,3,1,Mouse_bite,225,65,250,98,640,640,224,224,bbox_crop,/Users/user/Deep-Learning-PCB-Defect-Detection/outputs/stage2/processed_images/train/Mouse_bite/DeepPCB_train_01_PCB__508_defect_6.png
DeepPCB,train,01_PCB__508.jpg,01_PCB__508.txt,7,4,4,Spur,161,36,197,60,640,640,224,224,bbox_crop,/Users/user/Deep-Learning-PCB-Defect-Detection/outputs/stage2/processed_images/train/Spur/DeepPCB_train_01_PCB__508_defect_7.png
DeepPCB,train,01_PCB__508.jpg,01_PCB__508.txt,8,4,4,Spur,561,156,585,187,640,640,224,224,bbox_crop,/Users/user/Deep-Learning-PCB-Defect-Detection/outputs/stage2/processed_images/train/Spur/DeepPCB_train_01_PCB__508_defect_8.png
DeepPCB,train,01_PCB__508.jpg,01_PCB__508.txt,9,5,5,Spurious_copper,97,216,127,245,640,640,224,224,bbox_crop,/Users/user/Deep-Learning-PCB-Defect-Detection/outputs/stage2/processed_images/train/Spurious_copper/DeepPCB_train_01_PCB__508_defect_9.png
DeepPCB,train,01_PCB__508.jpg,01_PCB__508.txt,10,5,5,Spurious_copper,422,282,456,308,640,640,224,224,bbox_crop,/Users/user/Deep-Learning-PCB-Defect-Detection/outputs/stage2/processed_images/train/Spurious_copper/DeepPCB_train_01_PCB__508_defect_10.png
DeepPCB,train,01_PCB__508.jpg,01_PCB__508.txt,11,6,0,Missing_hole,305,182,333,207,640,640,224,224,bbox_crop,/Users/user/Deep-Learning-PCB-Defect-Detection/outputs/stage2/processed_images/train/Missing_hole/DeepPCB_train_01_PCB__508_defect_11.png
DeepPCB,train,01_PCB__508.jpg,01_PCB__508.txt,12,6,0,Missing_hole,57,175,86,201,640,640,224,224,bbox_crop,/Users/user/Deep-Learning-PCB-Defect-Detection/outputs/stage2/processed_images/train/Missing_hole/DeepPCB_train_01_PCB__508_defect_12.png
DeepPCB,train,01_PCB__514.jpg,01_PCB__514.txt,1,1,2,Open_circuit,326,250,383,280,640,640,224,224,bbox_crop,/Users/user/Deep-Learning-PCB-Defect-Detection/outputs/stage2/processed_images/train/Open_circuit/DeepPCB_train_01_PCB__514_defect_1.png
DeepPCB,train,01_PCB__514.jpg,01_PCB__514.txt,2,3,1,Mouse_bite,310,15,335,45,640,640,224,224,bbox_crop,/Users/user/Deep-Learning-PCB-Defect-Detection/outputs/stage2/processed_images/train/Mouse_bite/DeepPCB_train_01_PCB__514_defect_2.png
DeepPCB,train,01_PCB__514.jpg,01_PCB__514.txt,3,3,1,Mouse_bite,25,183,57,217,640,640,224,224,bbox_crop,/Users/user/Deep-Learning-PCB-Defect-Detection/outputs/stage2/processed_images/train/Mouse_bite/DeepPCB_train_01_PCB__514_defect_3.png
DeepPCB,train,01_PCB__514.jpg,01_PCB__514.txt,4,4,4,Spur,92,82,128,118,640,640,224,224,bbox_crop,/Users/user/Deep-Learning-PCB-Defect-Detection/outputs/stage2/processed_images/train/Spur/DeepPCB_train_01_PCB__514_defect_4.png
DeepPCB,train,01_PCB__514.jpg,01_PCB__514.txt,5,4,4,Spur,514,308,553,349,640,640,224,224,bbox_crop,/Users/user/Deep-Learning-PCB-Defect-Detection/outputs/stage2/processed_images/train/Spur/DeepPCB_train_01_PCB__514_defect_5.png
DeepPCB,train,01_PCB__514.jpg,01_PCB__514.txt,6,5,5,Spurious_copper,408,381,437,405,640,640,224,224,bbox_crop,/Users/user/Deep-Learning-PCB-Defect-Detection/outputs/stage2/processed_images/train/Spurious_copper/DeepPCB_train_01_PCB__514_defect_6.png
DeepPCB,train,01_PCB__514.jpg,01_PCB__514.txt,7,5,5,Spurious_copper,123,94,151,120,640,640,224,224,bbox_crop,/Users/user/Deep-Learning-PCB-Defect-Detection/outputs/stage2/processed_images/train/Spurious_copper/DeepPCB_train_01_PCB__514_defect_7.png
DeepPCB,train,01_PCB__514.jpg,01_PCB__514.txt,8,6,0,Missing_hole,597,160,626,187,640,640,224,224,bbox_crop,/Users/user/Deep-Learning-PCB-Defect-Detection/outputs/stage2/processed_images/train/Missing_hole/DeepPCB_train_01_PCB__514_defect_8.png
DeepPCB,train,01_PCB__514.jpg,01_PCB__514.txt,9,6,0,Missing_hole,227,582,255,606,640,640,224,224,bbox_crop,/Users/user/Deep-Learning-PCB-Defect-Detection/outputs/stage2/processed_images/train/Missing_hole/DeepPCB_train_01_PCB__514_defect_9.png
DeepPCB,train,01_PCB__527.jpg,01_PCB__527.txt,1,1,2,Open_circuit,231,321,269,354,640,640,224,224,bbox_crop,/Users/user/Deep-Learning-PCB-Defect-Detection/outputs/stage2/processed_images/train/Open_circuit/DeepPCB_train_01_PCB__527_defect_1.png
DeepPCB,train,01_PCB__527.jpg,01_PCB__527.txt,2,2,3,Short,453,284,482,325,640,640,224,224,bbox_crop,/Users/user/Deep-Learning-PCB-Defect-Detection/outputs/stage2/processed_images/train/Short/DeepPCB_train_01_PCB__527_defect_2.png
DeepPCB,train,01_PCB__527.jpg,01_PCB__527.txt,3,3,1,Mouse_bite,329,266,372,292,640,640,224,224,bbox_crop,/Users/user/Deep-Learning-PCB-Defect-Detection/outputs/stage2/processed_images/train/Mouse_bite/DeepPCB_train_01_PCB__527_defect_3.png
DeepPCB,train,01_PCB__527.jpg,01_PCB__527.txt,4,5,5,Spurious_copper,209,281,287,314,640,640,224,224,bbox_crop,/Users/user/Deep-Learning-PCB-Defect-Detection/outputs/stage2/processed_images/train/Spurious_copper/DeepPCB_train_01_PCB__527_defect_4.png
DeepPCB,train,01_PCB__527.jpg,01_PCB__527.txt,5,6,0,Missing_hole,461,259,502,292,640,640,224,224,bbox_crop,/Users/user/Deep-Learning-PCB-Defect-Detection/outputs/stage2/processed_images/train/Missing_hole/DeepPCB_train_01_PCB__527_defect_5.png
DeepPCB,train,01_PCB__527.jpg,01_PCB__527.txt,6,1,2,Open_circuit,168,340,209,373,640,640,224,224,bbox_crop,/Users/user/Deep-Learning-PCB-Defect-Detection/outputs/stage2/processed_images/train/Open_circuit/DeepPCB_train_01_PCB__527_defect_6.png
DeepPCB,train,01_PCB__527.jpg,01_PCB__527.txt,7,2,3,Short,297,96,329,131,640,640,224,224,bbox_crop,/Users/user/Deep-Learning-PCB-Defect-Detection/outputs/stage2/processed_images/train/Short/DeepPCB_train_01_PCB__527_defect_7.png
DeepPCB,train,01_PCB__528.jpg,01_PCB__528.txt,1,1,2,Open_circuit,119,91,161,151,640,640,224,224,bbox_crop,/Users/user/Deep-Learning-PCB-Defect-Detection/outputs/stage2/processed_images/train/Open_circuit/DeepPCB_train_01_PCB__528_defect_1.png
DeepPCB,train,01_PCB__528.jpg,01_PCB__528.txt,2,2,3,Short,97,363,129,417,640,640,224,224,bbox_crop,/Users/user/Deep-Learning-PCB-Defect-Detection/outputs/stage2/processed_images/train/Short/DeepPCB_train_01_PCB__528_defect_2.png
DeepPCB,train,01_PCB__528.jpg,01_PCB__528.txt,3,3,1,Mouse_bite,302,337,335,374,640,640,224,224,bbox_crop,/Users/user/Deep-Learning-PCB-Defect-Detection/outputs/stage2/processed_images/train/Mouse_bite/DeepPCB_train_01_PCB__528_defect_3.png
DeepPCB,train,01_PCB__528.jpg,01_PCB__528.txt,4,3,1,Mouse_bite,387,95,424,124,640,640,224,224,bbox_crop,/Users/user/Deep-Learning-PCB-Defect-Detection/outputs/stage2/processed_images/train/Mouse_bite/DeepPCB_train_01_PCB__528_defect_4.png
DeepPCB,train,01_PCB__528.jpg,01_PCB__528.txt,5,4,4,Spur,390,342,425,372,640,640,224,224,bbox_crop,/Users/user/Deep-Learning-PCB-Defect-Detection/outputs/stage2/processed_images/train/Spur/DeepPCB_train_01_PCB__528_defect_5.png
DeepPCB,train,01_PCB__528.jpg,01_PCB__528.txt,6,6,0,Missing_hole,128,423,156,451,640,640,224,224,bbox_crop,/Users/user/Deep-Learning-PCB-Defect-Detection/outputs/stage2/processed_images/train/Missing_hole/DeepPCB_train_01_PCB__528_defect_6.png
DeepPCB,train,01_PCB__528.jpg,01_PCB__528.txt,7,5,5,Spurious_copper,402,204,460,257,640,640,224,224,bbox_crop,/Users/user/Deep-Learning-PCB-Defect-Detection/outputs/stage2/processed_images/train/Spurious_copper/DeepPCB_train_01_PCB__528_defect_7.png
DeepPCB,train,01_PCB__528.jpg,01_PCB__528.txt,8,2,3,Short,240,138,268,191,640,640,224,224,bbox_crop,/Users/user/Deep-Learning-PCB-Defect-Detection/outputs/stage2/processed_images/train/Short/DeepPCB_train_01_PCB__528_defect_8.png
DeepPCB,train,01_PCB__528.jpg,01_PCB__528.txt,9,4,4,Spur,533,419,569,446,640,640,224,224,bbox_crop,/Users/user/Deep-Learning-PCB-Defect-Detection/outputs/stage2/processed_images/train/Spur/DeepPCB_train_01_PCB__528_defect_9.png
DeepPCB,train,01_PCB__53.jpg,01_PCB__53.txt,1,1,2,Open_circuit,231,146,266,181,640,640,224,224,bbox_crop,/Users/user/Deep-Learning-PCB-Defect-Detection/outputs/stage2/processed_images/train/Open_circuit/DeepPCB_train_01_PCB__53_defect_1.png
DeepPCB,train,01_PCB__53.jpg,01_PCB__53.txt,2,2,3,Short,210,507,238,569,640,640,224,224,bbox_crop,/Users/user/Deep-Learning-PCB-Defect-Detection/outputs/stage2/processed_images/train/Short/DeepPCB_train_01_PCB__53_defect_2.png
DeepPCB,train,01_PCB__53.jpg,01_PCB__53.txt,3,3,1,Mouse_bite,299,423,333,448,640,640,224,224,bbox_crop,/Users/user/Deep-Learning-PCB-Defect-Detection/outputs/stage2/processed_images/train/Mouse_bite/DeepPCB_train_01_PCB__53_defect_3.png
DeepPCB,train,01_PCB__53.jpg,01_PCB__53.txt,4,3,1,Mouse_bite,257,253,292,292,640,640,224,224,bbox_crop,/Users/user/Deep-Learning-PCB-Defect-Detection/outputs/stage2/processed_images/train/Mouse_bite/DeepPCB_train_01_PCB__53_defect_4.png
DeepPCB,train,01_PCB__53.jpg,01_PCB__53.txt,5,6,0,Missing_hole,398,299,451,332,640,640,224,224,bbox_crop,/Users/user/Deep-Learning-PCB-Defect-Detection/outputs/stage2/processed_images/train/Missing_hole/DeepPCB_train_01_PCB__53_defect_5.png
DeepPCB,train,01_PCB__53.jpg,01_PCB__53.txt,6,5,5,Spurious_copper,182,71,239,108,640,640,224,224,bbox_crop,/Users/user/Deep-Learning-PCB-Defect-Detection/outputs/stage2/processed_images/train/Spurious_copper/DeepPCB_train_01_PCB__53_defect_6.png
DeepPCB,train,01_PCB__53.jpg,01_PCB__53.txt,7,4,4,Spur,103,247,144,282,640,640,224,224,bbox_crop,/Users/user/Deep-Learning-PCB-Defect-Detection/outputs/stage2/processed_images/train/Spur/DeepPCB_train_01_PCB__53_defect_7.png
DeepPCB,train,01_PCB__53.jpg,01_PCB__53.txt,8,3,1,Mouse_bite,131,345,170,378,640,640,224,224,bbox_crop,/Users/user/Deep-Learning-PCB-Defect-Detection/outputs/stage2/processed_images/train/Mouse_bite/DeepPCB_train_01_PCB__53_defect_8.png
DeepPCB,train,01_PCB__53.jpg,01_PCB__53.txt,9,1,2,Open_circuit,145,561,180,596,640,640,224,224,bbox_crop,/Users/user/Deep-Learning-PCB-Defect-Detection/outputs/stage2/processed_images/train/Open_circuit/DeepPCB_train_01_PCB__53_defect_9.png
DeepPCB,train,01_PCB__536.jpg,01_PCB__536.txt,1,1,2,Open_circuit,247,252,293,284,640,640,224,224,bbox_crop,/Users/user/Deep-Learning-PCB-Defect-Detection/outputs/stage2/processed_images/train/Open_circuit/DeepPCB_train_01_PCB__536_defect_1.png
DeepPCB,train,01_PCB__536.jpg,01_PCB__536.txt,2,2,3,Short,267,196,348,222,640,640,224,224,bbox_crop,/Users/user/Deep-Learning-PCB-Defect-Detection/outputs/stage2/processed_images/train/Short/DeepPCB_train_01_PCB__536_defect_2.png
DeepPCB,train,01_PCB__536.jpg,01_PCB__536.txt,3,3,1,Mouse_bite,342,449,378,474,640,640,224,224,bbox_crop,/Users/user/Deep-Learning-PCB-Defect-Detection/outputs/stage2/processed_images/train/Mouse_bite/DeepPCB_train_01_PCB__536_defect_3.png
DeepPCB,train,01_PCB__536.jpg,01_PCB__536.txt,4,3,1,Mouse_bite,479,373,518,402,640,640,224,224,bbox_crop,/Users/user/Deep-Learning-PCB-Defect-Detection/outputs/stage2/processed_images/train/Mouse_bite/DeepPCB_train_01_PCB__536_defect_4.png
DeepPCB,train,01_PCB__536.jpg,01_PCB__536.txt,5,4,4,Spur,103,307,141,333,640,640,224,224,bbox_crop,/Users/user/Deep-Learning-PCB-Defect-Detection/outputs/stage2/processed_images/train/Spur/DeepPCB_train_01_PCB__536_defect_5.png
DeepPCB,train,01_PCB__536.jpg,01_PCB__536.txt,6,5,5,Spurious_copper,403,277,448,320,640,640,224,224,bbox_crop,/Users/user/Deep-Learning-PCB-Defect-Detection/outputs/stage2/processed_images/train/Spurious_copper/DeepPCB_train_01_PCB__536_defect_6.png
DeepPCB,train,01_PCB__536.jpg,01_PCB__536.txt,7,5,5,Spurious_copper,168,397,205,468,640,640,224,224,bbox_crop,/Users/user/Deep-Learning-PCB-Defect-Detection/outputs/stage2/processed_images/train/Spurious_copper/DeepPCB_train_01_PCB__536_defect_7.png
DeepPCB,train,01_PCB__536.jpg,01_PCB__536.txt,8,6,0,Missing_hole,572,286,605,316,640,640,224,224,bbox_crop,/Users/user/Deep-Learning-PCB-Defect-Detection/outputs/stage2/processed_images/train/Missing_hole/DeepPCB_train_01_PCB__536_defect_8.png
DeepPCB,train,01_PCB__537.jpg,01_PCB__537.txt,1,1,2,Open_circuit,228,343,266,373,640,640,224,224,bbox_crop,/Users/user/Deep-Learning-PCB-Defect-Detection/outputs/stage2/processed_images/train/Open_circuit/DeepPCB_train_01_PCB__537_defect_1.png
DeepPCB,train,01_PCB__537.jpg,01_PCB__537.txt,2,2,3,Short,267,291,331,321,640,640,224,224,bbox_crop,/Users/user/Deep-Learning-PCB-Defect-Detection/outputs/stage2/processed_images/train/Short/DeepPCB_train_01_PCB__537_defect_2.png
DeepPCB,train,01_PCB__537.jpg,01_PCB__537.txt,3,4,4,Spur,265,267,303,296,640,640,224,224,bbox_crop,/Users/user/Deep-Learning-PCB-Defect-Detection/outputs/stage2/processed_images/train/Spur/DeepPCB_train_01_PCB__537_defect_3.png
DeepPCB,train,01_PCB__537.jpg,01_PCB__537.txt,4,5,5,Spurious_copper,187,240,226,289,640,640,224,224,bbox_crop,/Users/user/Deep-Learning-PCB-Defect-Detection/outputs/stage2/processed_images/train/Spurious_copper/DeepPCB_train_01_PCB__537_defect_4.png
DeepPCB,train,01_PCB__537.jpg,01_PCB__537.txt,5,5,5,Spurious_copper,117,375,169,422,640,640,224,224,bbox_crop,/Users/user/Deep-Learning-PCB-Defect-Detection/outputs/stage2/processed_images/train/Spurious_copper/DeepPCB_train_01_PCB__537_defect_5.png
DeepPCB,train,01_PCB__537.jpg,01_PCB__537.txt,6,6,0,Missing_hole,499,266,529,305,640,640,224,224,bbox_crop,/Users/user/Deep-Learning-PCB-Defect-Detection/outputs/stage2/processed_images/train/Missing_hole/DeepPCB_train_01_PCB__537_defect_6.png
DeepPCB,train,01_PCB__537.jpg,01_PCB__537.txt,7,3,1,Mouse_bite,343,371,376,397,640,640,224,224,bbox_crop,/Users/user/Deep-Learning-PCB-Defect-Detection/outputs/stage2/processed_images/train/Mouse_bite/DeepPCB_train_01_PCB__537_defect_7.png
DeepPCB,train,01_PCB__538.jpg,01_PCB__538.txt,1,1,2,Open_circuit,235,245,269,269,640,640,224,224,bbox_crop,/Users/user/Deep-Learning-PCB-Defect-Detection/outputs/stage2/processed_images/train/Open_circuit/DeepPCB_train_01_PCB__538_defect_1.png
DeepPCB,train,01_PCB__538.jpg,01_PCB__538.txt,2,2,3,Short,310,271,345,296,640,640,224,224,bbox_crop,/Users/user/Deep-Learning-PCB-Defect-Detection/outputs/stage2/processed_images/train/Short/DeepPCB_train_01_PCB__538_defect_2.png
DeepPCB,train,01_PCB__538.jpg,01_PCB__538.txt,3,3,1,Mouse_bite,340,294,369,319,640,640,224,224,bbox_crop,/Users/user/Deep-Learning-PCB-Defect-Detection/outputs/stage2/processed_images/train/Mouse_bite/DeepPCB_train_01_PCB__538_defect_3.png
DeepPCB,train,01_PCB__538.jpg,01_PCB__538.txt,4,5,5,Spurious_copper,398,190,428,220,640,640,224,224,bbox_crop,/Users/user/Deep-Learning-PCB-Defect-Detection/outputs/stage2/processed_images/train/Spurious_copper/DeepPCB_train_01_PCB__538_defect_4.png
DeepPCB,train,01_PCB__538.jpg,01_PCB__538.txt,5,6,0,Missing_hole,190,173,221,215,640,640,224,224,bbox_crop,/Users/user/Deep-Learning-PCB-Defect-Detection/outputs/stage2/processed_images/train/Missing_hole/DeepPCB_train_01_PCB__538_defect_5.png
DeepPCB,train,01_PCB__538.jpg,01_PCB__538.txt,6,4,4,Spur,121,429,149,456,640,640,224,224,bbox_crop,/Users/user/Deep-Learning-PCB-Defect-Detection/outputs/stage2/processed_images/train/Spur/DeepPCB_train_01_PCB__538_defect_6.png
DeepPCB,train,01_PCB__538.jpg,01_PCB__538.txt,7,1,2,Open_circuit,193,506,226,531,640,640,224,224,bbox_crop,/Users/user/Deep-Learning-PCB-Defect-Detection/outputs/stage2/processed_images/train/Open_circuit/DeepPCB_train_01_PCB__538_defect_7.png
DeepPCB,train,01_PCB__538.jpg,01_PCB__538.txt,8,3,1,Mouse_bite,280,515,306,540,640,640,224,224,bbox_crop,/Users/user/Deep-Learning-PCB-Defect-Detection/outputs/stage2/processed_images/train/Mouse_bite/DeepPCB_train_01_PCB__538_defect_8.png
DeepPCB,train,01_PCB__538.jpg,01_PCB__538.txt,9,3,1,Mouse_bite,241,344,267,373,640,640,224,224,bbox_crop,/Users/user/Deep-Learning-PCB-Defect-Detection/outputs/stage2/processed_images/train/Mouse_bite/DeepPCB_train_01_PCB__538_defect_9.png
DeepPCB,train,01_PCB__540.jpg,01_PCB__540.txt,1,3,1,Mouse_bite,182,212,214,236,640,640,224,224,bbox_crop,/Users/user/Deep-Learning-PCB-Defect-Detection/outputs/stage2/processed_images/train/Mouse_bite/DeepPCB_train_01_PCB__540_defect_1.png
DeepPCB,train,01_PCB__540.jpg,01_PCB__540.txt,2,3,1,Mouse_bite,457,294,524,334,640,640,224,224,bbox_crop,/Users/user/Deep-Learning-PCB-Defect-Detection/outputs/stage2/processed_images/train/Mouse_bite/DeepPCB_train_01_PCB__540_defect_2.png
DeepPCB,train,01_PCB__540.jpg,01_PCB__540.txt,3,3,1,Mouse_bite,174,367,229,394,640,640,224,224,bbox_crop,/Users/user/Deep-Learning-PCB-Defect-Detection/outputs/stage2/processed_images/train/Mouse_bite/DeepPCB_train_01_PCB__540_defect_3.png
DeepPCB,train,01_PCB__540.jpg,01_PCB__540.txt,4,5,5,Spurious_copper,99,108,147,138,640,640,224,224,bbox_crop,/Users/user/Deep-Learning-PCB-Defect-Detection/outputs/stage2/processed_images/train/Spurious_copper/DeepPCB_train_01_PCB__540_defect_4.png
DeepPCB,train,01_PCB__540.jpg,01_PCB__540.txt,5,6,0,Missing_hole,354,416,390,456,640,640,224,224,bbox_crop,/Users/user/Deep-Learning-PCB-Defect-Detection/outputs/stage2/processed_images/train/Missing_hole/DeepPCB_train_01_PCB__540_defect_5.png
DeepPCB,train,01_PCB__553.jpg,01_PCB__553.txt,1,1,2,Open_circuit,443,386,485,417,640,640,224,224,bbox_crop,/Users/user/Deep-Learning-PCB-Defect-Detection/outputs/stage2/processed_images/train/Open_circuit/DeepPCB_train_01_PCB__553_defect_1.png
DeepPCB,train,01_PCB__553.jpg,01_PCB__553.txt,2,2,3,Short,375,287,416,315,640,640,224,224,bbox_crop,/Users/user/Deep-Learning-PCB-Defect-Detection/outputs/stage2/processed_images/train/Short/DeepPCB_train_01_PCB__553_defect_2.png
DeepPCB,train,01_PCB__553.jpg,01_PCB__553.txt,3,3,1,Mouse_bite,312,225,345,251,640,640,224,224,bbox_crop,/Users/user/Deep-Learning-PCB-Defect-Detection/outputs/stage2/processed_images/train/Mouse_bite/DeepPCB_train_01_PCB__553_defect_3.png
DeepPCB,train,01_PCB__553.jpg,01_PCB__553.txt,4,5,5,Spurious_copper,73,312,108,356,640,640,224,224,bbox_crop,/Users/user/Deep-Learning-PCB-Defect-Detection/outputs/stage2/processed_images/train/Spurious_copper/DeepPCB_train_01_PCB__553_defect_4.png
DeepPCB,train,01_PCB__553.jpg,01_PCB__553.txt,5,6,0,Missing_hole,69,98,98,132,640,640,224,224,bbox_crop,/Users/user/Deep-Learning-PCB-Defect-Detection/outputs/stage2/processed_images/train/Missing_hole/DeepPCB_train_01_PCB__553_defect_5.png
DeepPCB,train,01_PCB__553.jpg,01_PCB__553.txt,6,5,5,Spurious_copper,55,241,95,278,640,640,224,224,bbox_crop,/Users/user/Deep-Learning-PCB-Defect-Detection/outputs/stage2/processed_images/train/Spurious_copper/DeepPCB_train_01_PCB__553_defect_6.png
DeepPCB,train,01_PCB__557.jpg,01_PCB__557.txt,1,1,2,Open_circuit,583,252,639,286,640,640,224,224,bbox_crop,/Users/user/Deep-Learning-PCB-Defect-Detection/outputs/stage2/processed_images/train/Open_circuit/DeepPCB_train_01_PCB__557_defect_1.png
DeepPCB,train,01_PCB__557.jpg,01_PCB__557.txt,2,2,3,Short,299,87,327,168,640,640,224,224,bbox_crop,/Users/user/Deep-Learning-PCB-Defect-Detection/outputs/stage2/processed_images/train/Short/DeepPCB_train_01_PCB__557_defect_2.png
DeepPCB,train,01_PCB__557.jpg,01_PCB__557.txt,3,2,3,Short,319,355,359,441,640,640,224,224,bbox_crop,/Users/user/Deep-Learning-PCB-Defect-Detection/outputs/stage2/processed_images/train/Short/DeepPCB_train_01_PCB__557_defect_3.png
DeepPCB,train,01_PCB__557.jpg,01_PCB__557.txt,4,3,1,Mouse_bite,414,266,455,292,640,640,224,224,bbox_crop,/Users/user/Deep-Learning-PCB-Defect-Detection/outputs/stage2/processed_images/train/Mouse_bite/DeepPCB_train_01_PCB__557_defect_4.png
DeepPCB,train,01_PCB__557.jpg,01_PCB__557.txt,5,3,1,Mouse_bite,156,412,201,461,640,640,224,224,bbox_crop,/Users/user/Deep-Learning-PCB-Defect-Detection/outputs/stage2/processed_images/train/Mouse_bite/DeepPCB_train_01_PCB__557_defect_5.png
DeepPCB,train,01_PCB__557.jpg,01_PCB__557.txt,6,5,5,Spurious_copper,33,221,67,254,640,640,224,224,bbox_crop,/Users/user/Deep-Learning-PCB-Defect-Detection/outputs/stage2/processed_images/train/Spurious_copper/DeepPCB_train_01_PCB__557_defect_6.png
DeepPCB,train,01_PCB__557.jpg,01_PCB__557.txt,7,6,0,Missing_hole,322,232,354,268,640,640,224,224,bbox_crop,/Users/user/Deep-Learning-PCB-Defect-Detection/outputs/stage2/processed_images/train/Missing_hole/DeepPCB_train_01_PCB__557_defect_7.png
DeepPCB,train,01_PCB__559.jpg,01_PCB__559.txt,1,1,2,Open_circuit,190,584,224,625,640,640,224,224,bbox_crop,/Users/user/Deep-Learning-PCB-Defect-Detection/outputs/stage2/processed_images/train/Open_circuit/DeepPCB_train_01_PCB__559_defect_1.png
DeepPCB,train,01_PCB__559.jpg,01_PCB__559.txt,2,2,3,Short,379,569,413,607,640,640,224,224,bbox_crop,/Users/user/Deep-Learning-PCB-Defect-Detection/outputs/stage2/processed_images/train/Short/DeepPCB_train_01_PCB__559_defect_2.png
DeepPCB,train,01_PCB__559.jpg,01_PCB__559.txt,3,4,4,Spur,260,301,293,337,640,640,224,224,bbox_crop,/Users/user/Deep-Learning-PCB-Defect-Detection/outputs/stage2/processed_images/train/Spur/DeepPCB_train_01_PCB__559_defect_3.png
DeepPCB,train,01_PCB__559.jpg,01_PCB__559.txt,4,5,5,Spurious_copper,321,254,362,286,640,640,224,224,bbox_crop,/Users/user/Deep-Learning-PCB-Defect-Detection/outputs/stage2/processed_images/train/Spurious_copper/DeepPCB_train_01_PCB__559_defect_4.png
DeepPCB,train,01_PCB__559.jpg,01_PCB__559.txt,5,6,0,Missing_hole,238,124,275,156,640,640,224,224,bbox_crop,/Users/user/Deep-Learning-PCB-Defect-Detection/outputs/stage2/processed_images/train/Missing_hole/DeepPCB_train_01_PCB__559_defect_5.png
DeepPCB,train,01_PCB__559.jpg,01_PCB__559.txt,6,3,1,Mouse_bite,138,195,171,230,640,640,224,224,bbox_crop,/Users/user/Deep-Learning-PCB-Defect-Detection/outputs/stage2/processed_images/train/Mouse_bite/DeepPCB_train_01_PCB__559_defect_6.png
DeepPCB,train,01_PCB__559.jpg,01_PCB__559.txt,7,6,0,Missing_hole,146,378,213,417,640,640,224,224,bbox_crop,/Users/user/Deep-Learning-PCB-Defect-Detection/outputs/stage2/processed_images/train/Missing_hole/DeepPCB_train_01_PCB__559_defect_7.png
DeepPCB,train,01_PCB__563.jpg,01_PCB__563.txt,1,1,2,Open_circuit,287,359,323,395,640,640,224,224,bbox_crop,/Users/user/Deep-Learning-PCB-Defect-Detection/outputs/stage2/processed_images/train/Open_circuit/DeepPCB_train_01_PCB__563_defect_1.png
DeepPCB,train,01_PCB__563.jpg,01_PCB__563.txt,2,1,2,Open_circuit,326,398,363,430,640,640,224,224,bbox_crop,/Users/user/Deep-Learning-PCB-Defect-Detection/outputs/stage2/processed_images/train/Open_circuit/DeepPCB_train_01_PCB__563_defect_2.png
DeepPCB,train,01_PCB__563.jpg,01_PCB__563.txt,3,5,5,Spurious_copper,72,477,147,508,640,640,224,224,bbox_crop,/Users/user/Deep-Learning-PCB-Defect-Detection/outputs/stage2/processed_images/train/Spurious_copper/DeepPCB_train_01_PCB__563_defect_3.png
DeepPCB,train,01_PCB__563.jpg,01_PCB__563.txt,4,6,0,Missing_hole,248,154,284,186,640,640,224,224,bbox_crop,/Users/user/Deep-Learning-PCB-Defect-Detection/outputs/stage2/processed_images/train/Missing_hole/DeepPCB_train_01_PCB__563_defect_4.png
DeepPCB,train,01_PCB__563.jpg,01_PCB__563.txt,5,5,5,Spurious_copper,445,487,491,543,640,640,224,224,bbox_crop,/Users/user/Deep-Learning-PCB-Defect-Detection/outputs/stage2/processed_images/train/Spurious_copper/DeepPCB_train_01_PCB__563_defect_5.png
DeepPCB,train,01_PCB__563.jpg,01_PCB__563.txt,6,4,4,Spur,288,189,318,225,640,640,224,224,bbox_crop,/Users/user/Deep-Learning-PCB-Defect-Detection/outputs/stage2/processed_images/train/Spur/DeepPCB_train_01_PCB__563_defect_6.png
DeepPCB,train,01_PCB__563.jpg,01_PCB__563.txt,7,6,0,Missing_hole,93,35,121,71,640,640,224,224,bbox_crop,/Users/user/Deep-Learning-PCB-Defect-Detection/outputs/stage2/processed_images/train/Missing_hole/DeepPCB_train_01_PCB__563_defect_7.png
DeepPCB,train,01_PCB__563.jpg,01_PCB__563.txt,8,3,1,Mouse_bite,95,103,126,129,640,640,224,224,bbox_crop,/Users/user/Deep-Learning-PCB-Defect-Detection/outputs/stage2/processed_images/train/Mouse_bite/DeepPCB_train_01_PCB__563_defect_8.png
DeepPCB,train,01_PCB__563.jpg,01_PCB__563.txt,9,4,4,Spur,201,151,239,187,640,640,224,224,bbox_crop,/Users/user/Deep-Learning-PCB-Defect-Detection/outputs/stage2/processed_images/train/Spur/DeepPCB_train_01_PCB__563_defect_9.png
DeepPCB,train,01_PCB__564.jpg,01_PCB__564.txt,1,1,2,Open_circuit,232,301,280,342,640,640,224,224,bbox_crop,/Users/user/Deep-Learning-PCB-Defect-Detection/outputs/stage2/processed_images/train/Open_circuit/DeepPCB_train_01_PCB__564_defect_1.png
DeepPCB,train,01_PCB__564.jpg,01_PCB__564.txt,2,1,2,Open_circuit,317,339,363,385,640,640,224,224,bbox_crop,/Users/user/Deep-Learning-PCB-Defect-Detection/outputs/stage2/processed_images/train/Open_circuit/DeepPCB_train_01_PCB__564_defect_2.png
DeepPCB,train,01_PCB__564.jpg,01_PCB__564.txt,3,3,1,Mouse_bite,378,344,420,372,640,640,224,224,bbox_crop,/Users/user/Deep-Learning-PCB-Defect-Detection/outputs/stage2/processed_images/train/Mouse_bite/DeepPCB_train_01_PCB__564_defect_3.png
DeepPCB,train,01_PCB__564.jpg,01_PCB__564.txt,4,6,0,Missing_hole,506,41,544,79,640,640,224,224,bbox_crop,/Users/user/Deep-Learning-PCB-Defect-Detection/outputs/stage2/processed_images/train/Missing_hole/DeepPCB_train_01_PCB__564_defect_4.png
DeepPCB,train,01_PCB__564.jpg,01_PCB__564.txt,5,5,5,Spurious_copper,128,242,171,284,640,640,224,224,bbox_crop,/Users/user/Deep-Learning-PCB-Defect-Detection/outputs/stage2/processed_images/train/Spurious_copper/DeepPCB_train_01_PCB__564_defect_5.png
DeepPCB,train,01_PCB__564.jpg,01_PCB__564.txt,6,4,4,Spur,200,145,236,178,640,640,224,224,bbox_crop,/Users/user/Deep-Learning-PCB-Defect-Detection/outputs/stage2/processed_images/train/Spur/DeepPCB_train_01_PCB__564_defect_6.png
DeepPCB,train,01_PCB__564.jpg,01_PCB__564.txt,7,3,1,Mouse_bite,288,155,320,183,640,640,224,224,bbox_crop,/Users/user/Deep-Learning-PCB-Defect-Detection/outputs/stage2/processed_images/train/Mouse_bite/DeepPCB_train_01_PCB__564_defect_7.png
DeepPCB,train,01_PCB__565.jpg,01_PCB__565.txt,1,1,2,Open_circuit,383,439,422,473,640,640,224,224,bbox_crop,/Users/user/Deep-Learning-PCB-Defect-Detection/outputs/stage2/processed_images/train/Open_circuit/DeepPCB_train_01_PCB__565_defect_1.png
DeepPCB,train,01_PCB__565.jpg,01_PCB__565.txt,2,1,2,Open_circuit,262,257,296,280,640,640,224,224,bbox_crop,/Users/user/Deep-Learning-PCB-Defect-Detection/outputs/stage2/processed_images/train/Open_circuit/DeepPCB_train_01_PCB__565_defect_2.png
DeepPCB,train,01_PCB__565.jpg,01_PCB__565.txt,3,1,2,Open_circuit,193,431,227,465,640,640,224,224,bbox_crop,/Users/user/Deep-Learning-PCB-Defect-Detection/outputs/stage2/processed_images/train/Open_circuit/DeepPCB_train_01_PCB__565_defect_3.png
DeepPCB,train,01_PCB__565.jpg,01_PCB__565.txt,4,3,1,Mouse_bite,303,328,335,355,640,640,224,224,bbox_crop,/Users/user/Deep-Learning-PCB-Defect-Detection/outputs/stage2/processed_images/train/Mouse_bite/DeepPCB_train_01_PCB__565_defect_4.png
DeepPCB,train,01_PCB__565.jpg,01_PCB__565.txt,5,5,5,Spurious_copper,299,122,331,159,640,640,224,224,bbox_crop,/Users/user/Deep-Learning-PCB-Defect-Detection/outputs/stage2/processed_images/train/Spurious_copper/DeepPCB_train_01_PCB__565_defect_5.png
DeepPCB,train,01_PCB__565.jpg,01_PCB__565.txt,6,6,0,Missing_hole,308,31,336,59,640,640,224,224,bbox_crop,/Users/user/Deep-Learning-PCB-Defect-Detection/outputs/stage2/processed_images/train/Missing_hole/DeepPCB_train_01_PCB__565_defect_6.png
DeepPCB,train,01_PCB__565.jpg,01_PCB__565.txt,7,4,4,Spur,102,270,142,296,640,640,224,224,bbox_crop,/Users/user/Deep-Learning-PCB-Defect-Detection/outputs/stage2/processed_images/train/Spur/DeepPCB_train_01_PCB__565_defect_7.png
DeepPCB,train,01_PCB__565.jpg,01_PCB__565.txt,8,3,1,Mouse_bite,159,273,189,307,640,640,224,224,bbox_crop,/Users/user/Deep-Learning-PCB-Defect-Detection/outputs/stage2/processed_images/train/Mouse_bite/DeepPCB_train_01_PCB__565_defect_8.png
DeepPCB,train,01_PCB__565.jpg,01_PCB__565.txt,9,2,3,Short,359,193,421,219,640,640,224,224,bbox_crop,/Users/user/Deep-Learning-PCB-Defect-Detection/outputs/stage2/processed_images/train/Short/DeepPCB_train_01_PCB__565_defect_9.png
DeepPCB,train,01_PCB__576.jpg,01_PCB__576.txt,1,1,2,Open_circuit,266,336,312,373,640,640,224,224,bbox_crop,/Users/user/Deep-Learning-PCB-Defect-Detection/outputs/stage2/processed_images/train/Open_circuit/DeepPCB_train_01_PCB__576_defect_1.png
DeepPCB,train,01_PCB__576.jpg,01_PCB__576.txt,2,3,1,Mouse_bite,268,250,300,275,640,640,224,224,bbox_crop,/Users/user/Deep-Learning-PCB-Defect-Detection/outputs/stage2/processed_images/train/Mouse_bite/DeepPCB_train_01_PCB__576_defect_2.png
DeepPCB,train,01_PCB__576.jpg,01_PCB__576.txt,3,4,4,Spur,168,360,219,388,640,640,224,224,bbox_crop,/Users/user/Deep-Learning-PCB-Defect-Detection/outputs/stage2/processed_images/train/Spur/DeepPCB_train_01_PCB__576_defect_3.png
DeepPCB,train,01_PCB__576.jpg,01_PCB__576.txt,4,5,5,Spurious_copper,143,132,192,172,640,640,224,224,bbox_crop,/Users/user/Deep-Learning-PCB-Defect-Detection/outputs/stage2/processed_images/train/Spurious_copper/DeepPCB_train_01_PCB__576_defect_4.png
DeepPCB,train,01_PCB__576.jpg,01_PCB__576.txt,5,6,0,Missing_hole,37,465,66,508,640,640,224,224,bbox_crop,/Users/user/Deep-Learning-PCB-Defect-Detection/outputs/stage2/processed_images/train/Missing_hole/DeepPCB_train_01_PCB__576_defect_5.png
DeepPCB,train,01_PCB__579.jpg,01_PCB__579.txt,1,1,2,Open_circuit,213,356,246,391,640,640,224,224,bbox_crop,/Users/user/Deep-Learning-PCB-Defect-Detection/outputs/stage2/processed_images/train/Open_circuit/DeepPCB_train_01_PCB__579_defect_1.png
DeepPCB,train,01_PCB__579.jpg,01_PCB__579.txt,2,1,2,Open_circuit,296,414,331,444,640,640,224,224,bbox_crop,/Users/user/Deep-Learning-PCB-Defect-Detection/outputs/stage2/processed_images/train/Open_circuit/DeepPCB_train_01_PCB__579_defect_2.png
DeepPCB,train,01_PCB__579.jpg,01_PCB__579.txt,3,3,1,Mouse_bite,379,322,409,349,640,640,224,224,bbox_crop,/Users/user/Deep-Learning-PCB-Defect-Detection/outputs/stage2/processed_images/train/Mouse_bite/DeepPCB_train_01_PCB__579_defect_3.png
DeepPCB,train,01_PCB__579.jpg,01_PCB__579.txt,4,4,4,Spur,337,201,373,227,640,640,224,224,bbox_crop,/Users/user/Deep-Learning-PCB-Defect-Detection/outputs/stage2/processed_images/train/Spur/DeepPCB_train_01_PCB__579_defect_4.png
DeepPCB,train,01_PCB__579.jpg,01_PCB__579.txt,5,6,0,Missing_hole,84,204,112,232,640,640,224,224,bbox_crop,/Users/user/Deep-Learning-PCB-Defect-Detection/outputs/stage2/processed_images/train/Missing_hole/DeepPCB_train_01_PCB__579_defect_5.png
DeepPCB,train,01_PCB__579.jpg,01_PCB__579.txt,6,5,5,Spurious_copper,363,55,399,96,640,640,224,224,bbox_crop,/Users/user/Deep-Learning-PCB-Defect-Detection/outputs/stage2/processed_images/train/Spurious_copper/DeepPCB_train_01_PCB__579_defect_6.png
DeepPCB,train,01_PCB__59.jpg,01_PCB__59.txt,1,1,2,Open_circuit,210,181,247,213,640,640,224,224,bbox_crop,/Users/user/Deep-Learning-PCB-Defect-Detection/outputs/stage2/processed_images/train/Open_circuit/DeepPCB_train_01_PCB__59_defect_1.png
DeepPCB,train,01_PCB__59.jpg,01_PCB__59.txt,2,2,3,Short,259,238,304,276,640,640,224,224,bbox_crop,/Users/user/Deep-Learning-PCB-Defect-Detection/outputs/stage2/processed_images/train/Short/DeepPCB_train_01_PCB__59_defect_2.png
DeepPCB,train,01_PCB__59.jpg,01_PCB__59.txt,3,4,4,Spur,220,283,256,314,640,640,224,224,bbox_crop,/Users/user/Deep-Learning-PCB-Defect-Detection/outputs/stage2/processed_images/train/Spur/DeepPCB_train_01_PCB__59_defect_3.png
DeepPCB,train,01_PCB__59.jpg,01_PCB__59.txt,4,5,5,Spurious_copper,36,385,73,419,640,640,224,224,bbox_crop,/Users/user/Deep-Learning-PCB-Defect-Detection/outputs/stage2/processed_images/train/Spurious_copper/DeepPCB_train_01_PCB__59_defect_4.png
DeepPCB,train,01_PCB__59.jpg,01_PCB__59.txt,5,4,4,Spur,585,282,615,312,640,640,224,224,bbox_crop,/Users/user/Deep-Learning-PCB-Defect-Detection/outputs/stage2/processed_images/train/Spur/DeepPCB_train_01_PCB__59_defect_5.png
DeepPCB,train,01_PCB__59.jpg,01_PCB__59.txt,6,6,0,Missing_hole,224,334,266,360,640,640,224,224,bbox_crop,/Users/user/Deep-Learning-PCB-Defect-Detection/outputs/stage2/processed_images/train/Missing_hole/DeepPCB_train_01_PCB__59_defect_6.png
DeepPCB,train,01_PCB__590.jpg,01_PCB__590.txt,1,1,2,Open_circuit,66,96,120,135,640,640,224,224,bbox_crop,/Users/user/Deep-Learning-PCB-Defect-Detection/outputs/stage2/processed_images/train/Open_circuit/DeepPCB_train_01_PCB__590_defect_1.png
DeepPCB,train,01_PCB__590.jpg,01_PCB__590.txt,2,3,1,Mouse_bite,164,186,206,213,640,640,224,224,bbox_crop,/Users/user/Deep-Learning-PCB-Defect-Detection/outputs/stage2/processed_images/train/Mouse_bite/DeepPCB_train_01_PCB__590_defect_2.png
DeepPCB,train,01_PCB__590.jpg,01_PCB__590.txt,3,4,4,Spur,286,91,321,139,640,640,224,224,bbox_crop,/Users/user/Deep-Learning-PCB-Defect-Detection/outputs/stage2/processed_images/train/Spur/DeepPCB_train_01_PCB__590_defect_3.png
DeepPCB,train,01_PCB__590.jpg,01_PCB__590.txt,4,5,5,Spurious_copper,184,76,223,115,640,640,224,224,bbox_crop,/Users/user/Deep-Learning-PCB-Defect-Detection/outputs/stage2/processed_images/train/Spurious_copper/DeepPCB_train_01_PCB__590_defect_4.png
DeepPCB,train,01_PCB__590.jpg,01_PCB__590.txt,5,6,0,Missing_hole,264,361,300,397,640,640,224,224,bbox_crop,/Users/user/Deep-Learning-PCB-Defect-Detection/outputs/stage2/processed_images/train/Missing_hole/DeepPCB_train_01_PCB__590_defect_5.png
DeepPCB,train,01_PCB__590.jpg,01_PCB__590.txt,6,6,0,Missing_hole,272,219,315,260,640,640,224,224,bbox_crop,/Users/user/Deep-Learning-PCB-Defect-Detection/outputs/stage2/processed_images/train/Missing_hole/DeepPCB_train_01_PCB__590_defect_6.png
DeepPCB,train,01_PCB__590.jpg,01_PCB__590.txt,7,2,3,Short,10,131,54,163,640,640,224,224,bbox_crop,/Users/user/Deep-Learning-PCB-Defect-Detection/outputs/stage2/processed_images/train/Short/DeepPCB_train_01_PCB__590_defect_7.png
DeepPCB,train,01_PCB__598.jpg,01_PCB__598.txt,1,1,2,Open_circuit,403,306,472,351,640,640,224,224,bbox_crop,/Users/user/Deep-Learning-PCB-Defect-Detection/outputs/stage2/processed_images/train/Open_circuit/DeepPCB_train_01_PCB__598_defect_1.png
DeepPCB,train,01_PCB__598.jpg,01_PCB__598.txt,2,2,3,Short,79,491,113,535,640,640,224,224,bbox_crop,/Users/user/Deep-Learning-PCB-Defect-Detection/outputs/stage2/processed_images/train/Short/DeepPCB_train_01_PCB__598_defect_2.png
DeepPCB,train,01_PCB__598.jpg,01_PCB__598.txt,3,3,1,Mouse_bite,365,474,408,505,640,640,224,224,bbox_crop,/Users/user/Deep-Learning-PCB-Defect-Detection/outputs/stage2/processed_images/train/Mouse_bite/DeepPCB_train_01_PCB__598_defect_3.png
DeepPCB,train,01_PCB__598.jpg,01_PCB__598.txt,4,4,4,Spur,459,229,498,257,640,640,224,224,bbox_crop,/Users/user/Deep-Learning-PCB-Defect-Detection/outputs/stage2/processed_images/train/Spur/DeepPCB_train_01_PCB__598_defect_4.png
DeepPCB,train,01_PCB__598.jpg,01_PCB__598.txt,5,5,5,Spurious_copper,177,149,216,190,640,640,224,224,bbox_crop,/Users/user/Deep-Learning-PCB-Defect-Detection/outputs/stage2/processed_images/train/Spurious_copper/DeepPCB_train_01_PCB__598_defect_5.png
DeepPCB,train,01_PCB__598.jpg,01_PCB__598.txt,6,6,0,Missing_hole,223,303,260,341,640,640,224,224,bbox_crop,/Users/user/Deep-Learning-PCB-Defect-Detection/outputs/stage2/processed_images/train/Missing_hole/DeepPCB_train_01_PCB__598_defect_6.png
DeepPCB,train,01_PCB__599.jpg,01_PCB__599.txt,1,1,2,Open_circuit,272,283,313,316,640,640,224,224,bbox_crop,/Users/user/Deep-Learning-PCB-Defect-Detection/outputs/stage2/processed_images/train/Open_circuit/DeepPCB_train_01_PCB__599_defect_1.png
DeepPCB,train,01_PCB__599.jpg,01_PCB__599.txt,2,2,3,Short,439,294,471,326,640,640,224,224,bbox_crop,/Users/user/Deep-Learning-PCB-Defect-Detection/outputs/stage2/processed_images/train/Short/DeepPCB_train_01_PCB__599_defect_2.png
DeepPCB,train,01_PCB__599.jpg,01_PCB__599.txt,3,4,4,Spur,253,317,287,344,640,640,224,224,bbox_crop,/Users/user/Deep-Learning-PCB-Defect-Detection/outputs/stage2/processed_images/train/Spur/DeepPCB_train_01_PCB__599_defect_3.png
DeepPCB,train,01_PCB__599.jpg,01_PCB__599.txt,4,4,4,Spur,112,396,147,422,640,640,224,224,bbox_crop,/Users/user/Deep-Learning-PCB-Defect-Detection/outputs/stage2/processed_images/train/Spur/DeepPCB_train_01_PCB__599_defect_4.png
DeepPCB,train,01_PCB__599.jpg,01_PCB__599.txt,5,5,5,Spurious_copper,189,452,229,494,640,640,224,224,bbox_crop,/Users/user/Deep-Learning-PCB-Defect-Detection/outputs/stage2/processed_images/train/Spurious_copper/DeepPCB_train_01_PCB__599_defect_5.png
DeepPCB,train,01_PCB__599.jpg,01_PCB__599.txt,6,3,1,Mouse_bite,236,232,263,264,640,640,224,224,bbox_crop,/Users/user/Deep-Learning-PCB-Defect-Detection/outputs/stage2/processed_images/train/Mouse_bite/DeepPCB_train_01_PCB__599_defect_6.png
DeepPCB,train,01_PCB__599.jpg,01_PCB__599.txt,7,1,2,Open_circuit,103,315,140,350,640,640,224,224,bbox_crop,/Users/user/Deep-Learning-PCB-Defect-Detection/outputs/stage2/processed_images/train/Open_circuit/DeepPCB_train_01_PCB__599_defect_7.png
DeepPCB,train,01_PCB__604.jpg,01_PCB__604.txt,1,3,1,Mouse_bite,133,246,168,271,640,640,224,224,bbox_crop,/Users/user/Deep-Learning-PCB-Defect-Detection/outputs/stage2/processed_images/train/Mouse_bite/DeepPCB_train_01_PCB__604_defect_1.png
DeepPCB,train,01_PCB__604.jpg,01_PCB__604.txt,2,3,1,Mouse_bite,272,119,315,153,640,640,224,224,bbox_crop,/Users/user/Deep-Learning-PCB-Defect-Detection/outputs/stage2/processed_images/train/Mouse_bite/DeepPCB_train_01_PCB__604_defect_2.png
DeepPCB,train,01_PCB__604.jpg,01_PCB__604.txt,3,4,4,Spur,259,381,300,415,640,640,224,224,bbox_crop,/Users/user/Deep-Learning-PCB-Defect-Detection/outputs/stage2/processed_images/train/Spur/DeepPCB_train_01_PCB__604_defect_3.png
DeepPCB,train,01_PCB__604.jpg,01_PCB__604.txt,4,6,0,Missing_hole,388,237,426,275,640,640,224,224,bbox_crop,/Users/user/Deep-Learning-PCB-Defect-Detection/outputs/stage2/processed_images/train/Missing_hole/DeepPCB_train_01_PCB__604_defect_4.png
DeepPCB,train,01_PCB__604.jpg,01_PCB__604.txt,5,5,5,Spurious_copper,158,440,204,482,640,640,224,224,bbox_crop,/Users/user/Deep-Learning-PCB-Defect-Detection/outputs/stage2/processed_images/train/Spurious_copper/DeepPCB_train_01_PCB__604_defect_5.png
DeepPCB,train,01_PCB__61.jpg,01_PCB__61.txt,1,1,2,Open_circuit,322,286,361,314,640,640,224,224,bbox_crop,/Users/user/Deep-Learning-PCB-Defect-Detection/outputs/stage2/processed_images/train/Open_circuit/DeepPCB_train_01_PCB__61_defect_1.png
DeepPCB,train,01_PCB__61.jpg,01_PCB__61.txt,2,2,3,Short,233,314,259,373,640,640,224,224,bbox_crop,/Users/user/Deep-Learning-PCB-Defect-Detection/outputs/stage2/processed_images/train/Short/DeepPCB_train_01_PCB__61_defect_2.png
DeepPCB,train,01_PCB__61.jpg,01_PCB__61.txt,3,4,4,Spur,128,185,162,216,640,640,224,224,bbox_crop,/Users/user/Deep-Learning-PCB-Defect-Detection/outputs/stage2/processed_images/train/Spur/DeepPCB_train_01_PCB__61_defect_3.png
DeepPCB,train,01_PCB__61.jpg,01_PCB__61.txt,4,6,0,Missing_hole,101,116,138,140,640,640,224,224,bbox_crop,/Users/user/Deep-Learning-PCB-Defect-Detection/outputs/stage2/processed_images/train/Missing_hole/DeepPCB_train_01_PCB__61_defect_4.png
DeepPCB,train,01_PCB__61.jpg,01_PCB__61.txt,5,5,5,Spurious_copper,370,145,401,184,640,640,224,224,bbox_crop,/Users/user/Deep-Learning-PCB-Defect-Detection/outputs/stage2/processed_images/train/Spurious_copper/DeepPCB_train_01_PCB__61_defect_5.png
DeepPCB,train,01_PCB__61.jpg,01_PCB__61.txt,6,4,4,Spur,108,327,140,369,640,640,224,224,bbox_crop,/Users/user/Deep-Learning-PCB-Defect-Detection/outputs/stage2/processed_images/train/Spur/DeepPCB_train_01_PCB__61_defect_6.png
DeepPCB,train,01_PCB__61.jpg,01_PCB__61.txt,7,3,1,Mouse_bite,340,403,376,430,640,640,224,224,bbox_crop,/Users/user/Deep-Learning-PCB-Defect-Detection/outputs/stage2/processed_images/train/Mouse_bite/DeepPCB_train_01_PCB__61_defect_7.png
DeepPCB,train,01_PCB__61.jpg,01_PCB__61.txt,8,2,3,Short,348,357,383,384,640,640,224,224,bbox_crop,/Users/user/Deep-Learning-PCB-Defect-Detection/outputs/stage2/processed_images/train/Short/DeepPCB_train_01_PCB__61_defect_8.png
DeepPCB,train,01_PCB__614.jpg,01_PCB__614.txt,1,3,1,Mouse_bite,328,210,362,240,640,640,224,224,bbox_crop,/Users/user/Deep-Learning-PCB-Defect-Detection/outputs/stage2/processed_images/train/Mouse_bite/DeepPCB_train_01_PCB__614_defect_1.png
DeepPCB,train,01_PCB__614.jpg,01_PCB__614.txt,2,4,4,Spur,249,129,285,158,640,640,224,224,bbox_crop,/Users/user/Deep-Learning-PCB-Defect-Detection/outputs/stage2/processed_images/train/Spur/DeepPCB_train_01_PCB__614_defect_2.png
DeepPCB,train,01_PCB__614.jpg,01_PCB__614.txt,3,6,0,Missing_hole,338,380,382,422,640,640,224,224,bbox_crop,/Users/user/Deep-Learning-PCB-Defect-Detection/outputs/stage2/processed_images/train/Missing_hole/DeepPCB_train_01_PCB__614_defect_3.png
DeepPCB,train,01_PCB__614.jpg,01_PCB__614.txt,4,5,5,Spurious_copper,418,126,469,154,640,640,224,224,bbox_crop,/Users/user/Deep-Learning-PCB-Defect-Detection/outputs/stage2/processed_images/train/Spurious_copper/DeepPCB_train_01_PCB__614_defect_4.png
DeepPCB,train,01_PCB__618.jpg,01_PCB__618.txt,1,1,2,Open_circuit,399,482,430,516,640,640,224,224,bbox_crop,/Users/user/Deep-Learning-PCB-Defect-Detection/outputs/stage2/processed_images/train/Open_circuit/DeepPCB_train_01_PCB__618_defect_1.png
DeepPCB,train,01_PCB__618.jpg,01_PCB__618.txt,2,1,2,Open_circuit,179,348,224,376,640,640,224,224,bbox_crop,/Users/user/Deep-Learning-PCB-Defect-Detection/outputs/stage2/processed_images/train/Open_circuit/DeepPCB_train_01_PCB__618_defect_2.png
DeepPCB,train,01_PCB__618.jpg,01_PCB__618.txt,3,2,3,Short,288,370,326,414,640,640,224,224,bbox_crop,/Users/user/Deep-Learning-PCB-Defect-Detection/outputs/stage2/processed_images/train/Short/DeepPCB_train_01_PCB__618_defect_3.png
DeepPCB,train,01_PCB__618.jpg,01_PCB__618.txt,4,5,5,Spurious_copper,514,83,543,126,640,640,224,224,bbox_crop,/Users/user/Deep-Learning-PCB-Defect-Detection/outputs/stage2/processed_images/train/Spurious_copper/DeepPCB_train_01_PCB__618_defect_4.png
DeepPCB,train,01_PCB__618.jpg,01_PCB__618.txt,5,6,0,Missing_hole,267,276,303,306,640,640,224,224,bbox_crop,/Users/user/Deep-Learning-PCB-Defect-Detection/outputs/stage2/processed_images/train/Missing_hole/DeepPCB_train_01_PCB__618_defect_5.png
DeepPCB,train,01_PCB__618.jpg,01_PCB__618.txt,6,5,5,Spurious_copper,236,227,282,256,640,640,224,224,bbox_crop,/Users/user/Deep-Learning-PCB-Defect-Detection/outputs/stage2/processed_images/train/Spurious_copper/DeepPCB_train_01_PCB__618_defect_6.png
DeepPCB,train,01_PCB__618.jpg,01_PCB__618.txt,7,4,4,Spur,77,465,113,497,640,640,224,224,bbox_crop,/Users/user/Deep-Learning-PCB-Defect-Detection/outputs/stage2/processed_images/train/Spur/DeepPCB_train_01_PCB__618_defect_7.png
DeepPCB,train,01_PCB__629.jpg,01_PCB__629.txt,1,3,1,Mouse_bite,335,94,373,125,640,640,224,224,bbox_crop,/Users/user/Deep-Learning-PCB-Defect-Detection/outputs/stage2/processed_images/train/Mouse_bite/DeepPCB_train_01_PCB__629_defect_1.png
DeepPCB,train,01_PCB__629.jpg,01_PCB__629.txt,2,3,1,Mouse_bite,486,301,536,327,640,640,224,224,bbox_crop,/Users/user/Deep-Learning-PCB-Defect-Detection/outputs/stage2/processed_images/train/Mouse_bite/DeepPCB_train_01_PCB__629_defect_2.png
DeepPCB,train,01_PCB__629.jpg,01_PCB__629.txt,3,5,5,Spurious_copper,424,424,452,472,640,640,224,224,bbox_crop,/Users/user/Deep-Learning-PCB-Defect-Detection/outputs/stage2/processed_images/train/Spurious_copper/DeepPCB_train_01_PCB__629_defect_3.png
DeepPCB,train,01_PCB__629.jpg,01_PCB__629.txt,4,6,0,Missing_hole,244,366,286,413,640,640,224,224,bbox_crop,/Users/user/Deep-Learning-PCB-Defect-Detection/outputs/stage2/processed_images/train/Missing_hole/DeepPCB_train_01_PCB__629_defect_4.png
DeepPCB,train,01_PCB__629.jpg,01_PCB__629.txt,5,6,0,Missing_hole,195,202,229,233,640,640,224,224,bbox_crop,/Users/user/Deep-Learning-PCB-Defect-Detection/outputs/stage2/processed_images/train/Missing_hole/DeepPCB_train_01_PCB__629_defect_5.png
DeepPCB,train,01_PCB__630.jpg,01_PCB__630.txt,1,3,1,Mouse_bite,53,272,89,308,640,640,224,224,bbox_crop,/Users/user/Deep-Learning-PCB-Defect-Detection/outputs/stage2/processed_images/train/Mouse_bite/DeepPCB_train_01_PCB__630_defect_1.png
DeepPCB,train,01_PCB__630.jpg,01_PCB__630.txt,2,5,5,Spurious_copper,410,308,442,347,640,640,224,224,bbox_crop,/Users/user/Deep-Learning-PCB-Defect-Detection/outputs/stage2/processed_images/train/Spurious_copper/DeepPCB_train_01_PCB__630_defect_2.png
DeepPCB,train,01_PCB__630.jpg,01_PCB__630.txt,3,6,0,Missing_hole,275,395,313,442,640,640,224,224,bbox_crop,/Users/user/Deep-Learning-PCB-Defect-Detection/outputs/stage2/processed_images/train/Missing_hole/DeepPCB_train_01_PCB__630_defect_3.png
DeepPCB,train,01_PCB__630.jpg,01_PCB__630.txt,4,4,4,Spur,373,224,411,254,640,640,224,224,bbox_crop,/Users/user/Deep-Learning-PCB-Defect-Detection/outputs/stage2/processed_images/train/Spur/DeepPCB_train_01_PCB__630_defect_4.png
DeepPCB,train,01_PCB__630.jpg,01_PCB__630.txt,5,3,1,Mouse_bite,349,106,401,134,640,640,224,224,bbox_crop,/Users/user/Deep-Learning-PCB-Defect-Detection/outputs/stage2/processed_images/train/Mouse_bite/DeepPCB_train_01_PCB__630_defect_5.png
DeepPCB,train,01_PCB__635.jpg,01_PCB__635.txt,1,1,2,Open_circuit,274,386,336,427,640,640,224,224,bbox_crop,/Users/user/Deep-Learning-PCB-Defect-Detection/outputs/stage2/processed_images/train/Open_circuit/DeepPCB_train_01_PCB__635_defect_1.png
DeepPCB,train,01_PCB__635.jpg,01_PCB__635.txt,2,1,2,Open_circuit,135,313,179,369,640,640,224,224,bbox_crop,/Users/user/Deep-Learning-PCB-Defect-Detection/outputs/stage2/processed_images/train/Open_circuit/DeepPCB_train_01_PCB__635_defect_2.png
DeepPCB,train,01_PCB__635.jpg,01_PCB__635.txt,3,4,4,Spur,348,302,384,340,640,640,224,224,bbox_crop,/Users/user/Deep-Learning-PCB-Defect-Detection/outputs/stage2/processed_images/train/Spur/DeepPCB_train_01_PCB__635_defect_3.png
DeepPCB,train,01_PCB__635.jpg,01_PCB__635.txt,4,5,5,Spurious_copper,259,88,298,120,640,640,224,224,bbox_crop,/Users/user/Deep-Learning-PCB-Defect-Detection/outputs/stage2/processed_images/train/Spurious_copper/DeepPCB_train_01_PCB__635_defect_4.png
DeepPCB,train,01_PCB__635.jpg,01_PCB__635.txt,5,6,0,Missing_hole,78,222,107,254,640,640,224,224,bbox_crop,/Users/user/Deep-Learning-PCB-Defect-Detection/outputs/stage2/processed_images/train/Missing_hole/DeepPCB_train_01_PCB__635_defect_5.png
DeepPCB,train,01_PCB__635.jpg,01_PCB__635.txt,6,4,4,Spur,200,281,234,311,640,640,224,224,bbox_crop,/Users/user/Deep-Learning-PCB-Defect-Detection/outputs/stage2/processed_images/train/Spur/DeepPCB_train_01_PCB__635_defect_6.png
DeepPCB,train,01_PCB__635.jpg,01_PCB__635.txt,7,1,2,Open_circuit,54,473,115,509,640,640,224,224,bbox_crop,/Users/user/Deep-Learning-PCB-Defect-Detection/outputs/stage2/processed_images/train/Open_circuit/DeepPCB_train_01_PCB__635_defect_7.png
DeepPCB,train,01_PCB__635.jpg,01_PCB__635.txt,8,4,4,Spur,460,182,495,208,640,640,224,224,bbox_crop,/Users/user/Deep-Learning-PCB-Defect-Detection/outputs/stage2/processed_images/train/Spur/DeepPCB_train_01_PCB__635_defect_8.png
DeepPCB,train,01_PCB__635.jpg,01_PCB__635.txt,9,6,0,Missing_hole,218,517,253,548,640,640,224,224,bbox_crop,/Users/user/Deep-Learning-PCB-Defect-Detection/outputs/stage2/processed_images/train/Missing_hole/DeepPCB_train_01_PCB__635_defect_9.png
DeepPCB,train,01_PCB__636.jpg,01_PCB__636.txt,1,1,2,Open_circuit,154,390,211,415,640,640,224,224,bbox_crop,/Users/user/Deep-Learning-PCB-Defect-Detection/outputs/stage2/processed_images/train/Open_circuit/DeepPCB_train_01_PCB__636_defect_1.png
DeepPCB,train,01_PCB__636.jpg,01_PCB__636.txt,2,2,3,Short,121,214,154,266,640,640,224,224,bbox_crop,/Users/user/Deep-Learning-PCB-Defect-Detection/outputs/stage2/processed_images/train/Short/DeepPCB_train_01_PCB__636_defect_2.png
DeepPCB,train,01_PCB__636.jpg,01_PCB__636.txt,3,3,1,Mouse_bite,261,192,289,218,640,640,224,224,bbox_crop,/Users/user/Deep-Learning-PCB-Defect-Detection/outputs/stage2/processed_images/train/Mouse_bite/DeepPCB_train_01_PCB__636_defect_3.png
DeepPCB,train,01_PCB__636.jpg,01_PCB__636.txt,4,5,5,Spurious_copper,371,275,402,307,640,640,224,224,bbox_crop,/Users/user/Deep-Learning-PCB-Defect-Detection/outputs/stage2/processed_images/train/Spurious_copper/DeepPCB_train_01_PCB__636_defect_4.png
DeepPCB,train,01_PCB__636.jpg,01_PCB__636.txt,5,6,0,Missing_hole,455,451,488,480,640,640,224,224,bbox_crop,/Users/user/Deep-Learning-PCB-Defect-Detection/outputs/stage2/processed_images/train/Missing_hole/DeepPCB_train_01_PCB__636_defect_5.png
DeepPCB,train,01_PCB__636.jpg,01_PCB__636.txt,6,6,0,Missing_hole,585,475,619,514,640,640,224,224,bbox_crop,/Users/user/Deep-Learning-PCB-Defect-Detection/outputs/stage2/processed_images/train/Missing_hole/DeepPCB_train_01_PCB__636_defect_6.png
DeepPCB,train,01_PCB__640.jpg,01_PCB__640.txt,1,1,2,Open_circuit,174,330,266,427,640,640,224,224,bbox_crop,/Users/user/Deep-Learning-PCB-Defect-Detection/outputs/stage2/processed_images/train/Open_circuit/DeepPCB_train_01_PCB__640_defect_1.png
DeepPCB,train,01_PCB__640.jpg,01_PCB__640.txt,2,4,4,Spur,361,323,393,357,640,640,224,224,bbox_crop,/Users/user/Deep-Learning-PCB-Defect-Detection/outputs/stage2/processed_images/train/Spur/DeepPCB_train_01_PCB__640_defect_2.png
DeepPCB,train,01_PCB__640.jpg,01_PCB__640.txt,3,3,1,Mouse_bite,388,160,422,193,640,640,224,224,bbox_crop,/Users/user/Deep-Learning-PCB-Defect-Detection/outputs/stage2/processed_images/train/Mouse_bite/DeepPCB_train_01_PCB__640_defect_3.png
DeepPCB,train,01_PCB__640.jpg,01_PCB__640.txt,4,5,5,Spurious_copper,35,233,96,284,640,640,224,224,bbox_crop,/Users/user/Deep-Learning-PCB-Defect-Detection/outputs/stage2/processed_images/train/Spurious_copper/DeepPCB_train_01_PCB__640_defect_4.png
DeepPCB,train,01_PCB__640.jpg,01_PCB__640.txt,5,6,0,Missing_hole,517,273,557,313,640,640,224,224,bbox_crop,/Users/user/Deep-Learning-PCB-Defect-Detection/outputs/stage2/processed_images/train/Missing_hole/DeepPCB_train_01_PCB__640_defect_5.png
DeepPCB,train,01_PCB__640.jpg,01_PCB__640.txt,6,3,1,Mouse_bite,137,398,169,426,640,640,224,224,bbox_crop,/Users/user/Deep-Learning-PCB-Defect-Detection/outputs/stage2/processed_images/train/Mouse_bite/DeepPCB_train_01_PCB__640_defect_6.png
DeepPCB,train,01_PCB__644.jpg,01_PCB__644.txt,1,3,1,Mouse_bite,120,286,159,314,640,640,224,224,bbox_crop,/Users/user/Deep-Learning-PCB-Defect-Detection/outputs/stage2/processed_images/train/Mouse_bite/DeepPCB_train_01_PCB__644_defect_1.png
DeepPCB,train,01_PCB__644.jpg,01_PCB__644.txt,2,5,5,Spurious_copper,187,233,216,267,640,640,224,224,bbox_crop,/Users/user/Deep-Learning-PCB-Defect-Detection/outputs/stage2/processed_images/train/Spurious_copper/DeepPCB_train_01_PCB__644_defect_2.png
DeepPCB,train,01_PCB__644.jpg,01_PCB__644.txt,3,6,0,Missing_hole,336,167,366,205,640,640,224,224,bbox_crop,/Users/user/Deep-Learning-PCB-Defect-Detection/outputs/stage2/processed_images/train/Missing_hole/DeepPCB_train_01_PCB__644_defect_3.png
DeepPCB,train,01_PCB__644.jpg,01_PCB__644.txt,4,4,4,Spur,231,79,265,106,640,640,224,224,bbox_crop,/Users/user/Deep-Learning-PCB-Defect-Detection/outputs/stage2/processed_images/train/Spur/DeepPCB_train_01_PCB__644_defect_4.png
DeepPCB,train,01_PCB__644.jpg,01_PCB__644.txt,5,4,4,Spur,126,126,163,152,640,640,224,224,bbox_crop,/Users/user/Deep-Learning-PCB-Defect-Detection/outputs/stage2/processed_images/train/Spur/DeepPCB_train_01_PCB__644_defect_5.png
DeepPCB,train,01_PCB__646.jpg,01_PCB__646.txt,1,3,1,Mouse_bite,230,199,275,228,640,640,224,224,bbox_crop,/Users/user/Deep-Learning-PCB-Defect-Detection/outputs/stage2/processed_images/train/Mouse_bite/DeepPCB_train_01_PCB__646_defect_1.png
DeepPCB,train,01_PCB__646.jpg,01_PCB__646.txt,2,3,1,Mouse_bite,302,182,357,215,640,640,224,224,bbox_crop,/Users/user/Deep-Learning-PCB-Defect-Detection/outputs/stage2/processed_images/train/Mouse_bite/DeepPCB_train_01_PCB__646_defect_2.png
DeepPCB,train,01_PCB__646.jpg,01_PCB__646.txt,3,6,0,Missing_hole,300,298,334,332,640,640,224,224,bbox_crop,/Users/user/Deep-Learning-PCB-Defect-Detection/outputs/stage2/processed_images/train/Missing_hole/DeepPCB_train_01_PCB__646_defect_3.png
DeepPCB,train,01_PCB__650.jpg,01_PCB__650.txt,1,3,1,Mouse_bite,80,248,108,275,640,640,224,224,bbox_crop,/Users/user/Deep-Learning-PCB-Defect-Detection/outputs/stage2/processed_images/train/Mouse_bite/DeepPCB_train_01_PCB__650_defect_1.png
DeepPCB,train,01_PCB__650.jpg,01_PCB__650.txt,2,4,4,Spur,226,156,261,182,640,640,224,224,bbox_crop,/Users/user/Deep-Learning-PCB-Defect-Detection/outputs/stage2/processed_images/train/Spur/DeepPCB_train_01_PCB__650_defect_2.png
DeepPCB,train,01_PCB__650.jpg,01_PCB__650.txt,3,6,0,Missing_hole,320,275,352,311,640,640,224,224,bbox_crop,/Users/user/Deep-Learning-PCB-Defect-Detection/outputs/stage2/processed_images/train/Missing_hole/DeepPCB_train_01_PCB__650_defect_3.png
DeepPCB,train,01_PCB__650.jpg,01_PCB__650.txt,4,6,0,Missing_hole,559,349,591,392,640,640,224,224,bbox_crop,/Users/user/Deep-Learning-PCB-Defect-Detection/outputs/stage2/processed_images/train/Missing_hole/DeepPCB_train_01_PCB__650_defect_4.png
DeepPCB,train,01_PCB__650.jpg,01_PCB__650.txt,5,3,1,Mouse_bite,232,283,265,314,640,640,224,224,bbox_crop,/Users/user/Deep-Learning-PCB-Defect-Detection/outputs/stage2/processed_images/train/Mouse_bite/DeepPCB_train_01_PCB__650_defect_5.png
DeepPCB,train,01_PCB__650.jpg,01_PCB__650.txt,6,5,5,Spurious_copper,128,160,170,200,640,640,224,224,bbox_crop,/Users/user/Deep-Learning-PCB-Defect-Detection/outputs/stage2/processed_images/train/Spurious_copper/DeepPCB_train_01_PCB__650_defect_6.png
DeepPCB,train,01_PCB__655.jpg,01_PCB__655.txt,1,1,2,Open_circuit,115,105,170,135,640,640,224,224,bbox_crop,/Users/user/Deep-Learning-PCB-Defect-Detection/outputs/stage2/processed_images/train/Open_circuit/DeepPCB_train_01_PCB__655_defect_1.png
DeepPCB,train,01_PCB__655.jpg,01_PCB__655.txt,2,3,1,Mouse_bite,224,225,256,250,640,640,224,224,bbox_crop,/Users/user/Deep-Learning-PCB-Defect-Detection/outputs/stage2/processed_images/train/Mouse_bite/DeepPCB_train_01_PCB__655_defect_2.png
DeepPCB,train,01_PCB__655.jpg,01_PCB__655.txt,3,6,0,Missing_hole,355,201,391,240,640,640,224,224,bbox_crop,/Users/user/Deep-Learning-PCB-Defect-Detection/outputs/stage2/processed_images/train/Missing_hole/DeepPCB_train_01_PCB__655_defect_3.png
DeepPCB,train,01_PCB__655.jpg,01_PCB__655.txt,4,5,5,Spurious_copper,169,248,201,284,640,640,224,224,bbox_crop,/Users/user/Deep-Learning-PCB-Defect-Detection/outputs/stage2/processed_images/train/Spurious_copper/DeepPCB_train_01_PCB__655_defect_4.png
DeepPCB,train,01_PCB__655.jpg,01_PCB__655.txt,5,3,1,Mouse_bite,225,306,261,331,640,640,224,224,bbox_crop,/Users/user/Deep-Learning-PCB-Defect-Detection/outputs/stage2/processed_images/train/Mouse_bite/DeepPCB_train_01_PCB__655_defect_5.png
DeepPCB,train,01_PCB__655.jpg,01_PCB__655.txt,6,5,5,Spurious_copper,196,488,229,519,640,640,224,224,bbox_crop,/Users/user/Deep-Learning-PCB-Defect-Detection/outputs/stage2/processed_images/train/Spurious_copper/DeepPCB_train_01_PCB__655_defect_6.png
DeepPCB,train,01_PCB__656.jpg,01_PCB__656.txt,1,3,1,Mouse_bite,147,284,184,311,640,640,224,224,bbox_crop,/Users/user/Deep-Learning-PCB-Defect-Detection/outputs/stage2/processed_images/train/Mouse_bite/DeepPCB_train_01_PCB__656_defect_1.png
DeepPCB,train,01_PCB__656.jpg,01_PCB__656.txt,2,4,4,Spur,168,387,205,413,640,640,224,224,bbox_crop,/Users/user/Deep-Learning-PCB-Defect-Detection/outputs/stage2/processed_images/train/Spur/DeepPCB_train_01_PCB__656_defect_2.png
DeepPCB,train,01_PCB__656.jpg,01_PCB__656.txt,3,5,5,Spurious_copper,101,250,137,283,640,640,224,224,bbox_crop,/Users/user/Deep-Learning-PCB-Defect-Detection/outputs/stage2/processed_images/train/Spurious_copper/DeepPCB_train_01_PCB__656_defect_3.png
DeepPCB,train,01_PCB__656.jpg,01_PCB__656.txt,4,6,0,Missing_hole,255,298,293,335,640,640,224,224,bbox_crop,/Users/user/Deep-Learning-PCB-Defect-Detection/outputs/stage2/processed_images/train/Missing_hole/DeepPCB_train_01_PCB__656_defect_4.png
DeepPCB,train,01_PCB__656.jpg,01_PCB__656.txt,5,3,1,Mouse_bite,219,127,263,156,640,640,224,224,bbox_crop,/Users/user/Deep-Learning-PCB-Defect-Detection/outputs/stage2/processed_images/train/Mouse_bite/DeepPCB_train_01_PCB__656_defect_5.png
DeepPCB,train,01_PCB__657.jpg,01_PCB__657.txt,1,1,2,Open_circuit,141,471,196,499,640,640,224,224,bbox_crop,/Users/user/Deep-Learning-PCB-Defect-Detection/outputs/stage2/processed_images/train/Open_circuit/DeepPCB_train_01_PCB__657_defect_1.png
DeepPCB,train,01_PCB__657.jpg,01_PCB__657.txt,2,3,1,Mouse_bite,94,378,135,403,640,640,224,224,bbox_crop,/Users/user/Deep-Learning-PCB-Defect-Detection/outputs/stage2/processed_images/train/Mouse_bite/DeepPCB_train_01_PCB__657_defect_2.png
DeepPCB,train,01_PCB__657.jpg,01_PCB__657.txt,3,4,4,Spur,153,259,181,292,640,640,224,224,bbox_crop,/Users/user/Deep-Learning-PCB-Defect-Detection/outputs/stage2/processed_images/train/Spur/DeepPCB_train_01_PCB__657_defect_3.png
DeepPCB,train,01_PCB__657.jpg,01_PCB__657.txt,4,5,5,Spurious_copper,37,242,75,288,640,640,224,224,bbox_crop,/Users/user/Deep-Learning-PCB-Defect-Detection/outputs/stage2/processed_images/train/Spurious_copper/DeepPCB_train_01_PCB__657_defect_4.png
DeepPCB,train,01_PCB__657.jpg,01_PCB__657.txt,5,6,0,Missing_hole,346,159,383,200,640,640,224,224,bbox_crop,/Users/user/Deep-Learning-PCB-Defect-Detection/outputs/stage2/processed_images/train/Missing_hole/DeepPCB_train_01_PCB__657_defect_5.png
DeepPCB,train,01_PCB__670.jpg,01_PCB__670.txt,1,3,1,Mouse_bite,376,420,414,454,640,640,224,224,bbox_crop,/Users/user/Deep-Learning-PCB-Defect-Detection/outputs/stage2/processed_images/train/Mouse_bite/DeepPCB_train_01_PCB__670_defect_1.png
DeepPCB,train,01_PCB__670.jpg,01_PCB__670.txt,2,4,4,Spur,224,485,265,521,640,640,224,224,bbox_crop,/Users/user/Deep-Learning-PCB-Defect-Detection/outputs/stage2/processed_images/train/Spur/DeepPCB_train_01_PCB__670_defect_2.png
DeepPCB,train,01_PCB__670.jpg,01_PCB__670.txt,3,3,1,Mouse_bite,133,541,173,568,640,640,224,224,bbox_crop,/Users/user/Deep-Learning-PCB-Defect-Detection/outputs/stage2/processed_images/train/Mouse_bite/DeepPCB_train_01_PCB__670_defect_3.png
DeepPCB,train,01_PCB__670.jpg,01_PCB__670.txt,4,4,4,Spur,145,356,189,387,640,640,224,224,bbox_crop,/Users/user/Deep-Learning-PCB-Defect-Detection/outputs/stage2/processed_images/train/Spur/DeepPCB_train_01_PCB__670_defect_4.png
DeepPCB,train,01_PCB__670.jpg,01_PCB__670.txt,5,6,0,Missing_hole,459,193,502,238,640,640,224,224,bbox_crop,/Users/user/Deep-Learning-PCB-Defect-Detection/outputs/stage2/processed_images/train/Missing_hole/DeepPCB_train_01_PCB__670_defect_5.png
DeepPCB,train,01_PCB__670.jpg,01_PCB__670.txt,6,5,5,Spurious_copper,250,324,293,375,640,640,224,224,bbox_crop,/Users/user/Deep-Learning-PCB-Defect-Detection/outputs/stage2/processed_images/train/Spurious_copper/DeepPCB_train_01_PCB__670_defect_6.png
DeepPCB,train,01_PCB__676.jpg,01_PCB__676.txt,1,2,3,Short,491,534,551,570,640,640,224,224,bbox_crop,/Users/user/Deep-Learning-PCB-Defect-Detection/outputs/stage2/processed_images/train/Short/DeepPCB_train_01_PCB__676_defect_1.png
DeepPCB,train,01_PCB__676.jpg,01_PCB__676.txt,2,2,3,Short,297,350,374,377,640,640,224,224,bbox_crop,/Users/user/Deep-Learning-PCB-Defect-Detection/outputs/stage2/processed_images/train/Short/DeepPCB_train_01_PCB__676_defect_2.png
DeepPCB,train,01_PCB__676.jpg,01_PCB__676.txt,3,5,5,Spurious_copper,416,245,449,276,640,640,224,224,bbox_crop,/Users/user/Deep-Learning-PCB-Defect-Detection/outputs/stage2/processed_images/train/Spurious_copper/DeepPCB_train_01_PCB__676_defect_3.png
DeepPCB,train,01_PCB__676.jpg,01_PCB__676.txt,4,6,0,Missing_hole,152,462,187,498,640,640,224,224,bbox_crop,/Users/user/Deep-Learning-PCB-Defect-Detection/outputs/stage2/processed_images/train/Missing_hole/DeepPCB_train_01_PCB__676_defect_4.png
DeepPCB,train,01_PCB__676.jpg,01_PCB__676.txt,5,5,5,Spurious_copper,360,60,400,100,640,640,224,224,bbox_crop,/Users/user/Deep-Learning-PCB-Defect-Detection/outputs/stage2/processed_images/train/Spurious_copper/DeepPCB_train_01_PCB__676_defect_5.png
DeepPCB,train,01_PCB__676.jpg,01_PCB__676.txt,6,6,0,Missing_hole,437,356,479,393,640,640,224,224,bbox_crop,/Users/user/Deep-Learning-PCB-Defect-Detection/outputs/stage2/processed_images/train/Missing_hole/DeepPCB_train_01_PCB__676_defect_6.png
DeepPCB,train,01_PCB__681.jpg,01_PCB__681.txt,1,1,2,Open_circuit,79,365,143,405,640,640,224,224,bbox_crop,/Users/user/Deep-Learning-PCB-Defect-Detection/outputs/stage2/processed_images/train/Open_circuit/DeepPCB_train_01_PCB__681_defect_1.png
DeepPCB,train,01_PCB__681.jpg,01_PCB__681.txt,2,3,1,Mouse_bite,90,181,130,206,640,640,224,224,bbox_crop,/Users/user/Deep-Learning-PCB-Defect-Detection/outputs/stage2/processed_images/train/Mouse_bite/DeepPCB_train_01_PCB__681_defect_2.png
DeepPCB,train,01_PCB__681.jpg,01_PCB__681.txt,3,4,4,Spur,139,256,175,282,640,640,224,224,bbox_crop,/Users/user/Deep-Learning-PCB-Defect-Detection/outputs/stage2/processed_images/train/Spur/DeepPCB_train_01_PCB__681_defect_3.png
DeepPCB,train,01_PCB__681.jpg,01_PCB__681.txt,4,3,1,Mouse_bite,132,293,170,321,640,640,224,224,bbox_crop,/Users/user/Deep-Learning-PCB-Defect-Detection/outputs/stage2/processed_images/train/Mouse_bite/DeepPCB_train_01_PCB__681_defect_4.png
DeepPCB,train,01_PCB__681.jpg,01_PCB__681.txt,5,6,0,Missing_hole,60,255,91,292,640,640,224,224,bbox_crop,/Users/user/Deep-Learning-PCB-Defect-Detection/outputs/stage2/processed_images/train/Missing_hole/DeepPCB_train_01_PCB__681_defect_5.png
DeepPCB,train,01_PCB__684.jpg,01_PCB__684.txt,1,1,2,Open_circuit,30,222,85,274,640,640,224,224,bbox_crop,/Users/user/Deep-Learning-PCB-Defect-Detection/outputs/stage2/processed_images/train/Open_circuit/DeepPCB_train_01_PCB__684_defect_1.png
DeepPCB,train,01_PCB__684.jpg,01_PCB__684.txt,2,3,1,Mouse_bite,92,165,126,191,640,640,224,224,bbox_crop,/Users/user/Deep-Learning-PCB-Defect-Detection/outputs/stage2/processed_images/train/Mouse_bite/DeepPCB_train_01_PCB__684_defect_2.png
DeepPCB,train,01_PCB__684.jpg,01_PCB__684.txt,3,4,4,Spur,120,92,148,120,640,640,224,224,bbox_crop,/Users/user/Deep-Learning-PCB-Defect-Detection/outputs/stage2/processed_images/train/Spur/DeepPCB_train_01_PCB__684_defect_3.png
DeepPCB,train,01_PCB__684.jpg,01_PCB__684.txt,4,6,0,Missing_hole,114,334,143,370,640,640,224,224,bbox_crop,/Users/user/Deep-Learning-PCB-Defect-Detection/outputs/stage2/processed_images/train/Missing_hole/DeepPCB_train_01_PCB__684_defect_4.png
DeepPCB,train,01_PCB__684.jpg,01_PCB__684.txt,5,5,5,Spurious_copper,222,225,253,258,640,640,224,224,bbox_crop,/Users/user/Deep-Learning-PCB-Defect-Detection/outputs/stage2/processed_images/train/Spurious_copper/DeepPCB_train_01_PCB__684_defect_5.png
DeepPCB,train,01_PCB__684.jpg,01_PCB__684.txt,6,4,4,Spur,98,206,132,233,640,640,224,224,bbox_crop,/Users/user/Deep-Learning-PCB-Defect-Detection/outputs/stage2/processed_images/train/Spur/DeepPCB_train_01_PCB__684_defect_6.png
DeepPCB,train,01_PCB__684.jpg,01_PCB__684.txt,7,3,1,Mouse_bite,141,173,166,201,640,640,224,224,bbox_crop,/Users/user/Deep-Learning-PCB-Defect-Detection/outputs/stage2/processed_images/train/Mouse_bite/DeepPCB_train_01_PCB__684_defect_7.png
DeepPCB,train,01_PCB__684.jpg,01_PCB__684.txt,8,3,1,Mouse_bite,138,44,170,77,640,640,224,224,bbox_crop,/Users/user/Deep-Learning-PCB-Defect-Detection/outputs/stage2/processed_images/train/Mouse_bite/DeepPCB_train_01_PCB__684_defect_8.png
DeepPCB,train,01_PCB__69.jpg,01_PCB__69.txt,1,1,2,Open_circuit,289,561,331,596,640,640,224,224,bbox_crop,/Users/user/Deep-Learning-PCB-Defect-Detection/outputs/stage2/processed_images/train/Open_circuit/DeepPCB_train_01_PCB__69_defect_1.png
DeepPCB,train,01_PCB__69.jpg,01_PCB__69.txt,2,2,3,Short,542,391,585,421,640,640,224,224,bbox_crop,/Users/user/Deep-Learning-PCB-Defect-Detection/outputs/stage2/processed_images/train/Short/DeepPCB_train_01_PCB__69_defect_2.png
DeepPCB,train,01_PCB__69.jpg,01_PCB__69.txt,3,4,4,Spur,351,302,394,333,640,640,224,224,bbox_crop,/Users/user/Deep-Learning-PCB-Defect-Detection/outputs/stage2/processed_images/train/Spur/DeepPCB_train_01_PCB__69_defect_3.png
DeepPCB,train,01_PCB__69.jpg,01_PCB__69.txt,4,5,5,Spurious_copper,327,235,356,274,640,640,224,224,bbox_crop,/Users/user/Deep-Learning-PCB-Defect-Detection/outputs/stage2/processed_images/train/Spurious_copper/DeepPCB_train_01_PCB__69_defect_4.png
DeepPCB,train,01_PCB__69.jpg,01_PCB__69.txt,5,6,0,Missing_hole,387,225,418,259,640,640,224,224,bbox_crop,/Users/user/Deep-Learning-PCB-Defect-Detection/outputs/stage2/processed_images/train/Missing_hole/DeepPCB_train_01_PCB__69_defect_5.png
DeepPCB,train,01_PCB__69.jpg,01_PCB__69.txt,6,3,1,Mouse_bite,127,367,167,394,640,640,224,224,bbox_crop,/Users/user/Deep-Learning-PCB-Defect-Detection/outputs/stage2/processed_images/train/Mouse_bite/DeepPCB_train_01_PCB__69_defect_6.png
DeepPCB,train,01_PCB__69.jpg,01_PCB__69.txt,7,1,2,Open_circuit,422,476,475,544,640,640,224,224,bbox_crop,/Users/user/Deep-Learning-PCB-Defect-Detection/outputs/stage2/processed_images/train/Open_circuit/DeepPCB_train_01_PCB__69_defect_7.png
DeepPCB,train,01_PCB__69.jpg,01_PCB__69.txt,8,6,0,Missing_hole,486,227,519,258,640,640,224,224,bbox_crop,/Users/user/Deep-Learning-PCB-Defect-Detection/outputs/stage2/processed_images/train/Missing_hole/DeepPCB_train_01_PCB__69_defect_8.png
DeepPCB,train,01_PCB__701.jpg,01_PCB__701.txt,1,3,1,Mouse_bite,340,347,369,371,640,640,224,224,bbox_crop,/Users/user/Deep-Learning-PCB-Defect-Detection/outputs/stage2/processed_images/train/Mouse_bite/DeepPCB_train_01_PCB__701_defect_1.png
DeepPCB,train,01_PCB__701.jpg,01_PCB__701.txt,2,3,1,Mouse_bite,496,33,522,54,640,640,224,224,bbox_crop,/Users/user/Deep-Learning-PCB-Defect-Detection/outputs/stage2/processed_images/train/Mouse_bite/DeepPCB_train_01_PCB__701_defect_2.png
DeepPCB,train,01_PCB__701.jpg,01_PCB__701.txt,3,4,4,Spur,116,390,144,415,640,640,224,224,bbox_crop,/Users/user/Deep-Learning-PCB-Defect-Detection/outputs/stage2/processed_images/train/Spur/DeepPCB_train_01_PCB__701_defect_3.png
DeepPCB,train,01_PCB__701.jpg,01_PCB__701.txt,4,4,4,Spur,437,289,469,315,640,640,224,224,bbox_crop,/Users/user/Deep-Learning-PCB-Defect-Detection/outputs/stage2/processed_images/train/Spur/DeepPCB_train_01_PCB__701_defect_4.png
DeepPCB,train,01_PCB__701.jpg,01_PCB__701.txt,5,5,5,Spurious_copper,527,453,553,477,640,640,224,224,bbox_crop,/Users/user/Deep-Learning-PCB-Defect-Detection/outputs/stage2/processed_images/train/Spurious_copper/DeepPCB_train_01_PCB__701_defect_5.png
DeepPCB,train,01_PCB__701.jpg,01_PCB__701.txt,6,5,5,Spurious_copper,523,177,548,204,640,640,224,224,bbox_crop,/Users/user/Deep-Learning-PCB-Defect-Detection/outputs/stage2/processed_images/train/Spurious_copper/DeepPCB_train_01_PCB__701_defect_6.png
DeepPCB,train,01_PCB__701.jpg,01_PCB__701.txt,7,6,0,Missing_hole,201,445,227,469,640,640,224,224,bbox_crop,/Users/user/Deep-Learning-PCB-Defect-Detection/outputs/stage2/processed_images/train/Missing_hole/DeepPCB_train_01_PCB__701_defect_7.png
DeepPCB,train,01_PCB__701.jpg,01_PCB__701.txt,8,6,0,Missing_hole,177,160,206,183,640,640,224,224,bbox_crop,/Users/user/Deep-Learning-PCB-Defect-Detection/outputs/stage2/processed_images/train/Missing_hole/DeepPCB_train_01_PCB__701_defect_8.png
DeepPCB,train,01_PCB__701.jpg,01_PCB__701.txt,9,2,3,Short,404,33,455,72,640,640,224,224,bbox_crop,/Users/user/Deep-Learning-PCB-Defect-Detection/outputs/stage2/processed_images/train/Short/DeepPCB_train_01_PCB__701_defect_9.png
DeepPCB,valid,01_PCB__10.jpg,01_PCB__10.txt,1,1,2,Open_circuit,520,453,559,486,640,640,224,224,bbox_crop,/Users/user/Deep-Learning-PCB-Defect-Detection/outputs/stage2/processed_images/valid/Open_circuit/DeepPCB_valid_01_PCB__10_defect_1.png
DeepPCB,valid,01_PCB__10.jpg,01_PCB__10.txt,2,2,3,Short,134,484,190,519,640,640,224,224,bbox_crop,/Users/user/Deep-Learning-PCB-Defect-Detection/outputs/stage2/processed_images/valid/Short/DeepPCB_valid_01_PCB__10_defect_2.png
DeepPCB,valid,01_PCB__10.jpg,01_PCB__10.txt,3,3,1,Mouse_bite,187,445,219,472,640,640,224,224,bbox_crop,/Users/user/Deep-Learning-PCB-Defect-Detection/outputs/stage2/processed_images/valid/Mouse_bite/DeepPCB_valid_01_PCB__10_defect_3.png
DeepPCB,valid,01_PCB__10.jpg,01_PCB__10.txt,4,4,4,Spur,137,454,176,484,640,640,224,224,bbox_crop,/Users/user/Deep-Learning-PCB-Defect-Detection/outputs/stage2/processed_images/valid/Spur/DeepPCB_valid_01_PCB__10_defect_4.png
DeepPCB,valid,01_PCB__10.jpg,01_PCB__10.txt,5,5,5,Spurious_copper,213,125,255,166,640,640,224,224,bbox_crop,/Users/user/Deep-Learning-PCB-Defect-Detection/outputs/stage2/processed_images/valid/Spurious_copper/DeepPCB_valid_01_PCB__10_defect_5.png
DeepPCB,valid,01_PCB__10.jpg,01_PCB__10.txt,6,3,1,Mouse_bite,272,258,309,289,640,640,224,224,bbox_crop,/Users/user/Deep-Learning-PCB-Defect-Detection/outputs/stage2/processed_images/valid/Mouse_bite/DeepPCB_valid_01_PCB__10_defect_6.png
DeepPCB,valid,01_PCB__1001.jpg,01_PCB__1001.txt,1,1,2,Open_circuit,379,263,415,295,640,640,224,224,bbox_crop,/Users/user/Deep-Learning-PCB-Defect-Detection/outputs/stage2/processed_images/valid/Open_circuit/DeepPCB_valid_01_PCB__1001_defect_1.png
DeepPCB,valid,01_PCB__1001.jpg,01_PCB__1001.txt,2,2,3,Short,209,385,233,434,640,640,224,224,bbox_crop,/Users/user/Deep-Learning-PCB-Defect-Detection/outputs/stage2/processed_images/valid/Short/DeepPCB_valid_01_PCB__1001_defect_2.png
DeepPCB,valid,01_PCB__1001.jpg,01_PCB__1001.txt,3,3,1,Mouse_bite,87,251,110,278,640,640,224,224,bbox_crop,/Users/user/Deep-Learning-PCB-Defect-Detection/outputs/stage2/processed_images/valid/Mouse_bite/DeepPCB_valid_01_PCB__1001_defect_3.png
DeepPCB,valid,01_PCB__1001.jpg,01_PCB__1001.txt,4,4,4,Spur,364,348,392,382,640,640,224,224,bbox_crop,/Users/user/Deep-Learning-PCB-Defect-Detection/outputs/stage2/processed_images/valid/Spur/DeepPCB_valid_01_PCB__1001_defect_4.png
DeepPCB,valid,01_PCB__1001.jpg,01_PCB__1001.txt,5,6,0,Missing_hole,275,70,301,99,640,640,224,224,bbox_crop,/Users/user/Deep-Learning-PCB-Defect-Detection/outputs/stage2/processed_images/valid/Missing_hole/DeepPCB_valid_01_PCB__1001_defect_5.png
DeepPCB,valid,01_PCB__1001.jpg,01_PCB__1001.txt,6,4,4,Spur,88,351,116,376,640,640,224,224,bbox_crop,/Users/user/Deep-Learning-PCB-Defect-Detection/outputs/stage2/processed_images/valid/Spur/DeepPCB_valid_01_PCB__1001_defect_6.png
DeepPCB,valid,01_PCB__1001.jpg,01_PCB__1001.txt,7,1,2,Open_circuit,267,483,303,523,640,640,224,224,bbox_crop,/Users/user/Deep-Learning-PCB-Defect-Detection/outputs/stage2/processed_images/valid/Open_circuit/DeepPCB_valid_01_PCB__1001_defect_7.png
DeepPCB,valid,01_PCB__1001.jpg,01_PCB__1001.txt,8,2,3,Short,15,403,74,429,640,640,224,224,bbox_crop,/Users/user/Deep-Learning-PCB-Defect-Detection/outputs/stage2/processed_images/valid/Short/DeepPCB_valid_01_PCB__1001_defect_8.png
DeepPCB,valid,01_PCB__1003.jpg,01_PCB__1003.txt,1,1,2,Open_circuit,343,420,381,456,640,640,224,224,bbox_crop,/Users/user/Deep-Learning-PCB-Defect-Detection/outputs/stage2/processed_images/valid/Open_circuit/DeepPCB_valid_01_PCB__1003_defect_1.png
DeepPCB,valid,01_PCB__1003.jpg,01_PCB__1003.txt,2,2,3,Short,301,426,327,473,640,640,224,224,bbox_crop,/Users/user/Deep-Learning-PCB-Defect-Detection/outputs/stage2/processed_images/valid/Short/DeepPCB_valid_01_PCB__1003_defect_2.png
DeepPCB,valid,01_PCB__1003.jpg,01_PCB__1003.txt,3,2,3,Short,106,479,149,515,640,640,224,224,bbox_crop,/Users/user/Deep-Learning-PCB-Defect-Detection/outputs/stage2/processed_images/valid/Short/DeepPCB_valid_01_PCB__1003_defect_3.png
DeepPCB,valid,01_PCB__1003.jpg,01_PCB__1003.txt,4,2,3,Short,399,468,432,514,640,640,224,224,bbox_crop,/Users/user/Deep-Learning-PCB-Defect-Detection/outputs/stage2/processed_images/valid/Short/DeepPCB_valid_01_PCB__1003_defect_4.png
DeepPCB,valid,01_PCB__1003.jpg,01_PCB__1003.txt,5,4,4,Spur,406,465,438,495,640,640,224,224,bbox_crop,/Users/user/Deep-Learning-PCB-Defect-Detection/outputs/stage2/processed_images/valid/Spur/DeepPCB_valid_01_PCB__1003_defect_5.png
DeepPCB,valid,01_PCB__1010.jpg,01_PCB__1010.txt,1,1,2,Open_circuit,131,425,170,460,640,640,224,224,bbox_crop,/Users/user/Deep-Learning-PCB-Defect-Detection/outputs/stage2/processed_images/valid/Open_circuit/DeepPCB_valid_01_PCB__1010_defect_1.png
DeepPCB,valid,01_PCB__1010.jpg,01_PCB__1010.txt,2,2,3,Short,114,162,167,186,640,640,224,224,bbox_crop,/Users/user/Deep-Learning-PCB-Defect-Detection/outputs/stage2/processed_images/valid/Short/DeepPCB_valid_01_PCB__1010_defect_2.png
DeepPCB,valid,01_PCB__1010.jpg,01_PCB__1010.txt,3,4,4,Spur,117,191,155,215,640,640,224,224,bbox_crop,/Users/user/Deep-Learning-PCB-Defect-Detection/outputs/stage2/processed_images/valid/Spur/DeepPCB_valid_01_PCB__1010_defect_3.png
DeepPCB,valid,01_PCB__1010.jpg,01_PCB__1010.txt,4,5,5,Spurious_copper,142,340,174,368,640,640,224,224,bbox_crop,/Users/user/Deep-Learning-PCB-Defect-Detection/outputs/stage2/processed_images/valid/Spurious_copper/DeepPCB_valid_01_PCB__1010_defect_4.png
DeepPCB,valid,01_PCB__1010.jpg,01_PCB__1010.txt,5,3,1,Mouse_bite,47,140,72,167,640,640,224,224,bbox_crop,/Users/user/Deep-Learning-PCB-Defect-Detection/outputs/stage2/processed_images/valid/Mouse_bite/DeepPCB_valid_01_PCB__1010_defect_5.png
DeepPCB,valid,01_PCB__1010.jpg,01_PCB__1010.txt,6,3,1,Mouse_bite,23,50,50,78,640,640,224,224,bbox_crop,/Users/user/Deep-Learning-PCB-Defect-Detection/outputs/stage2/processed_images/valid/Mouse_bite/DeepPCB_valid_01_PCB__1010_defect_6.png
DeepPCB,valid,01_PCB__1010.jpg,01_PCB__1010.txt,7,1,2,Open_circuit,54,393,91,424,640,640,224,224,bbox_crop,/Users/user/Deep-Learning-PCB-Defect-Detection/outputs/stage2/processed_images/valid/Open_circuit/DeepPCB_valid_01_PCB__1010_defect_7.png
DeepPCB,valid,01_PCB__1025.jpg,01_PCB__1025.txt,1,1,2,Open_circuit,400,187,453,217,640,640,224,224,bbox_crop,/Users/user/Deep-Learning-PCB-Defect-Detection/outputs/stage2/processed_images/valid/Open_circuit/DeepPCB_valid_01_PCB__1025_defect_1.png
DeepPCB,valid,01_PCB__1025.jpg,01_PCB__1025.txt,2,1,2,Open_circuit,367,464,413,489,640,640,224,224,bbox_crop,/Users/user/Deep-Learning-PCB-Defect-Detection/outputs/stage2/processed_images/valid/Open_circuit/DeepPCB_valid_01_PCB__1025_defect_2.png
DeepPCB,valid,01_PCB__1025.jpg,01_PCB__1025.txt,3,2,3,Short,301,484,351,508,640,640,224,224,bbox_crop,/Users/user/Deep-Learning-PCB-Defect-Detection/outputs/stage2/processed_images/valid/Short/DeepPCB_valid_01_PCB__1025_defect_3.png
DeepPCB,valid,01_PCB__1025.jpg,01_PCB__1025.txt,4,3,1,Mouse_bite,541,293,570,326,640,640,224,224,bbox_crop,/Users/user/Deep-Learning-PCB-Defect-Detection/outputs/stage2/processed_images/valid/Mouse_bite/DeepPCB_valid_01_PCB__1025_defect_4.png
DeepPCB,valid,01_PCB__1025.jpg,01_PCB__1025.txt,5,4,4,Spur,303,275,332,304,640,640,224,224,bbox_crop,/Users/user/Deep-Learning-PCB-Defect-Detection/outputs/stage2/processed_images/valid/Spur/DeepPCB_valid_01_PCB__1025_defect_5.png
DeepPCB,valid,01_PCB__1025.jpg,01_PCB__1025.txt,6,4,4,Spur,255,184,293,226,640,640,224,224,bbox_crop,/Users/user/Deep-Learning-PCB-Defect-Detection/outputs/stage2/processed_images/valid/Spur/DeepPCB_valid_01_PCB__1025_defect_6.png
DeepPCB,valid,01_PCB__1025.jpg,01_PCB__1025.txt,7,5,5,Spurious_copper,114,490,150,528,640,640,224,224,bbox_crop,/Users/user/Deep-Learning-PCB-Defect-Detection/outputs/stage2/processed_images/valid/Spurious_copper/DeepPCB_valid_01_PCB__1025_defect_7.png
DeepPCB,valid,01_PCB__1025.jpg,01_PCB__1025.txt,8,5,5,Spurious_copper,84,555,111,582,640,640,224,224,bbox_crop,/Users/user/Deep-Learning-PCB-Defect-Detection/outputs/stage2/processed_images/valid/Spurious_copper/DeepPCB_valid_01_PCB__1025_defect_8.png
DeepPCB,valid,01_PCB__1025.jpg,01_PCB__1025.txt,9,6,0,Missing_hole,577,219,614,262,640,640,224,224,bbox_crop,/Users/user/Deep-Learning-PCB-Defect-Detection/outputs/stage2/processed_images/valid/Missing_hole/DeepPCB_valid_01_PCB__1025_defect_9.png
DeepPCB,valid,01_PCB__1033.jpg,01_PCB__1033.txt,1,1,2,Open_circuit,128,126,152,171,640,640,224,224,bbox_crop,/Users/user/Deep-Learning-PCB-Defect-Detection/outputs/stage2/processed_images/valid/Open_circuit/DeepPCB_valid_01_PCB__1033_defect_1.png
DeepPCB,valid,01_PCB__1033.jpg,01_PCB__1033.txt,2,2,3,Short,343,147,398,175,640,640,224,224,bbox_crop,/Users/user/Deep-Learning-PCB-Defect-Detection/outputs/stage2/processed_images/valid/Short/DeepPCB_valid_01_PCB__1033_defect_2.png
DeepPCB,valid,01_PCB__1033.jpg,01_PCB__1033.txt,3,1,2,Open_circuit,61,20,96,67,640,640,224,224,bbox_crop,/Users/user/Deep-Learning-PCB-Defect-Detection/outputs/stage2/processed_images/valid/Open_circuit/DeepPCB_valid_01_PCB__1033_defect_3.png
DeepPCB,valid,01_PCB__1033.jpg,01_PCB__1033.txt,4,3,1,Mouse_bite,307,173,341,208,640,640,224,224,bbox_crop,/Users/user/Deep-Learning-PCB-Defect-Detection/outputs/stage2/processed_images/valid/Mouse_bite/DeepPCB_valid_01_PCB__1033_defect_4.png
DeepPCB,valid,01_PCB__1033.jpg,01_PCB__1033.txt,5,4,4,Spur,530,230,555,268,640,640,224,224,bbox_crop,/Users/user/Deep-Learning-PCB-Defect-Detection/outputs/stage2/processed_images/valid/Spur/DeepPCB_valid_01_PCB__1033_defect_5.png
DeepPCB,valid,01_PCB__1033.jpg,01_PCB__1033.txt,6,5,5,Spurious_copper,399,499,427,528,640,640,224,224,bbox_crop,/Users/user/Deep-Learning-PCB-Defect-Detection/outputs/stage2/processed_images/valid/Spurious_copper/DeepPCB_valid_01_PCB__1033_defect_6.png
DeepPCB,valid,01_PCB__1033.jpg,01_PCB__1033.txt,7,6,0,Missing_hole,527,299,555,325,640,640,224,224,bbox_crop,/Users/user/Deep-Learning-PCB-Defect-Detection/outputs/stage2/processed_images/valid/Missing_hole/DeepPCB_valid_01_PCB__1033_defect_7.png
DeepPCB,valid,01_PCB__1037.jpg,01_PCB__1037.txt,1,1,2,Open_circuit,258,194,294,218,640,640,224,224,bbox_crop,/Users/user/Deep-Learning-PCB-Defect-Detection/outputs/stage2/processed_images/valid/Open_circuit/DeepPCB_valid_01_PCB__1037_defect_1.png
DeepPCB,valid,01_PCB__1037.jpg,01_PCB__1037.txt,2,1,2,Open_circuit,333,411,394,478,640,640,224,224,bbox_crop,/Users/user/Deep-Learning-PCB-Defect-Detection/outputs/stage2/processed_images/valid/Open_circuit/DeepPCB_valid_01_PCB__1037_defect_2.png
DeepPCB,valid,01_PCB__1037.jpg,01_PCB__1037.txt,3,2,3,Short,358,190,382,233,640,640,224,224,bbox_crop,/Users/user/Deep-Learning-PCB-Defect-Detection/outputs/stage2/processed_images/valid/Short/DeepPCB_valid_01_PCB__1037_defect_3.png
DeepPCB,valid,01_PCB__1037.jpg,01_PCB__1037.txt,4,3,1,Mouse_bite,290,38,322,74,640,640,224,224,bbox_crop,/Users/user/Deep-Learning-PCB-Defect-Detection/outputs/stage2/processed_images/valid/Mouse_bite/DeepPCB_valid_01_PCB__1037_defect_4.png
DeepPCB,valid,01_PCB__1037.jpg,01_PCB__1037.txt,5,5,5,Spurious_copper,598,106,629,138,640,640,224,224,bbox_crop,/Users/user/Deep-Learning-PCB-Defect-Detection/outputs/stage2/processed_images/valid/Spurious_copper/DeepPCB_valid_01_PCB__1037_defect_5.png
DeepPCB,valid,01_PCB__1037.jpg,01_PCB__1037.txt,6,6,0,Missing_hole,177,372,204,402,640,640,224,224,bbox_crop,/Users/user/Deep-Learning-PCB-Defect-Detection/outputs/stage2/processed_images/valid/Missing_hole/DeepPCB_valid_01_PCB__1037_defect_6.png
DeepPCB,valid,01_PCB__1037.jpg,01_PCB__1037.txt,7,4,4,Spur,203,266,231,294,640,640,224,224,bbox_crop,/Users/user/Deep-Learning-PCB-Defect-Detection/outputs/stage2/processed_images/valid/Spur/DeepPCB_valid_01_PCB__1037_defect_7.png
DeepPCB,valid,01_PCB__1056.jpg,01_PCB__1056.txt,1,1,2,Open_circuit,22,438,58,477,640,640,224,224,bbox_crop,/Users/user/Deep-Learning-PCB-Defect-Detection/outputs/stage2/processed_images/valid/Open_circuit/DeepPCB_valid_01_PCB__1056_defect_1.png
DeepPCB,valid,01_PCB__1056.jpg,01_PCB__1056.txt,2,1,2,Open_circuit,0,88,53,150,640,640,224,224,bbox_crop,/Users/user/Deep-Learning-PCB-Defect-Detection/outputs/stage2/processed_images/valid/Open_circuit/DeepPCB_valid_01_PCB__1056_defect_2.png
DeepPCB,valid,01_PCB__1056.jpg,01_PCB__1056.txt,3,3,1,Mouse_bite,64,28,95,62,640,640,224,224,bbox_crop,/Users/user/Deep-Learning-PCB-Defect-Detection/outputs/stage2/processed_images/valid/Mouse_bite/DeepPCB_valid_01_PCB__1056_defect_3.png
DeepPCB,valid,01_PCB__1056.jpg,01_PCB__1056.txt,4,4,4,Spur,99,71,134,108,640,640,224,224,bbox_crop,/Users/user/Deep-Learning-PCB-Defect-Detection/outputs/stage2/processed_images/valid/Spur/DeepPCB_valid_01_PCB__1056_defect_4.png
DeepPCB,valid,01_PCB__1056.jpg,01_PCB__1056.txt,5,5,5,Spurious_copper,132,82,161,113,640,640,224,224,bbox_crop,/Users/user/Deep-Learning-PCB-Defect-Detection/outputs/stage2/processed_images/valid/Spurious_copper/DeepPCB_valid_01_PCB__1056_defect_5.png
DeepPCB,valid,01_PCB__1056.jpg,01_PCB__1056.txt,6,6,0,Missing_hole,83,55,107,79,640,640,224,224,bbox_crop,/Users/user/Deep-Learning-PCB-Defect-Detection/outputs/stage2/processed_images/valid/Missing_hole/DeepPCB_valid_01_PCB__1056_defect_6.png
DeepPCB,valid,01_PCB__1091.jpg,01_PCB__1091.txt,1,1,2,Open_circuit,105,144,143,196,640,640,224,224,bbox_crop,/Users/user/Deep-Learning-PCB-Defect-Detection/outputs/stage2/processed_images/valid/Open_circuit/DeepPCB_valid_01_PCB__1091_defect_1.png
DeepPCB,valid,01_PCB__1091.jpg,01_PCB__1091.txt,2,1,2,Open_circuit,220,0,276,39,640,640,224,224,bbox_crop,/Users/user/Deep-Learning-PCB-Defect-Detection/outputs/stage2/processed_images/valid/Open_circuit/DeepPCB_valid_01_PCB__1091_defect_2.png
DeepPCB,valid,01_PCB__1091.jpg,01_PCB__1091.txt,3,3,1,Mouse_bite,250,14,277,49,640,640,224,224,bbox_crop,/Users/user/Deep-Learning-PCB-Defect-Detection/outputs/stage2/processed_images/valid/Mouse_bite/DeepPCB_valid_01_PCB__1091_defect_3.png
DeepPCB,valid,01_PCB__1091.jpg,01_PCB__1091.txt,4,2,3,Short,22,479,69,512,640,640,224,224,bbox_crop,/Users/user/Deep-Learning-PCB-Defect-Detection/outputs/stage2/processed_images/valid/Short/DeepPCB_valid_01_PCB__1091_defect_4.png
DeepPCB,valid,01_PCB__1091.jpg,01_PCB__1091.txt,5,3,1,Mouse_bite,337,435,365,474,640,640,224,224,bbox_crop,/Users/user/Deep-Learning-PCB-Defect-Detection/outputs/stage2/processed_images/valid/Mouse_bite/DeepPCB_valid_01_PCB__1091_defect_5.png
DeepPCB,valid,01_PCB__1091.jpg,01_PCB__1091.txt,6,4,4,Spur,310,126,360,168,640,640,224,224,bbox_crop,/Users/user/Deep-Learning-PCB-Defect-Detection/outputs/stage2/processed_images/valid/Spur/DeepPCB_valid_01_PCB__1091_defect_6.png
DeepPCB,valid,01_PCB__1091.jpg,01_PCB__1091.txt,7,5,5,Spurious_copper,76,133,112,163,640,640,224,224,bbox_crop,/Users/user/Deep-Learning-PCB-Defect-Detection/outputs/stage2/processed_images/valid/Spurious_copper/DeepPCB_valid_01_PCB__1091_defect_7.png
DeepPCB,valid,01_PCB__1091.jpg,01_PCB__1091.txt,8,6,0,Missing_hole,6,376,38,410,640,640,224,224,bbox_crop,/Users/user/Deep-Learning-PCB-Defect-Detection/outputs/stage2/processed_images/valid/Missing_hole/DeepPCB_valid_01_PCB__1091_defect_8.png
DeepPCB,valid,01_PCB__1098.jpg,01_PCB__1098.txt,1,1,2,Open_circuit,74,208,133,243,640,640,224,224,bbox_crop,/Users/user/Deep-Learning-PCB-Defect-Detection/outputs/stage2/processed_images/valid/Open_circuit/DeepPCB_valid_01_PCB__1098_defect_1.png
DeepPCB,valid,01_PCB__1098.jpg,01_PCB__1098.txt,2,1,2,Open_circuit,418,271,445,320,640,640,224,224,bbox_crop,/Users/user/Deep-Learning-PCB-Defect-Detection/outputs/stage2/processed_images/valid/Open_circuit/DeepPCB_valid_01_PCB__1098_defect_2.png
DeepPCB,valid,01_PCB__1098.jpg,01_PCB__1098.txt,3,2,3,Short,509,264,576,298,640,640,224,224,bbox_crop,/Users/user/Deep-Learning-PCB-Defect-Detection/outputs/stage2/processed_images/valid/Short/DeepPCB_valid_01_PCB__1098_defect_3.png
DeepPCB,valid,01_PCB__1098.jpg,01_PCB__1098.txt,4,2,3,Short,550,87,602,137,640,640,224,224,bbox_crop,/Users/user/Deep-Learning-PCB-Defect-Detection/outputs/stage2/processed_images/valid/Short/DeepPCB_valid_01_PCB__1098_defect_4.png
DeepPCB,valid,01_PCB__1098.jpg,01_PCB__1098.txt,5,3,1,Mouse_bite,385,83,418,148,640,640,224,224,bbox_crop,/Users/user/Deep-Learning-PCB-Defect-Detection/outputs/stage2/processed_images/valid/Mouse_bite/DeepPCB_valid_01_PCB__1098_defect_5.png
DeepPCB,valid,01_PCB__1098.jpg,01_PCB__1098.txt,6,3,1,Mouse_bite,480,14,512,45,640,640,224,224,bbox_crop,/Users/user/Deep-Learning-PCB-Defect-Detection/outputs/stage2/processed_images/valid/Mouse_bite/DeepPCB_valid_01_PCB__1098_defect_6.png
DeepPCB,valid,01_PCB__1098.jpg,01_PCB__1098.txt,7,4,4,Spur,100,23,130,92,640,640,224,224,bbox_crop,/Users/user/Deep-Learning-PCB-Defect-Detection/outputs/stage2/processed_images/valid/Spur/DeepPCB_valid_01_PCB__1098_defect_7.png
DeepPCB,valid,01_PCB__1098.jpg,01_PCB__1098.txt,8,5,5,Spurious_copper,275,33,329,78,640,640,224,224,bbox_crop,/Users/user/Deep-Learning-PCB-Defect-Detection/outputs/stage2/processed_images/valid/Spurious_copper/DeepPCB_valid_01_PCB__1098_defect_8.png
DeepPCB,valid,01_PCB__1098.jpg,01_PCB__1098.txt,9,6,0,Missing_hole,449,177,475,210,640,640,224,224,bbox_crop,/Users/user/Deep-Learning-PCB-Defect-Detection/outputs/stage2/processed_images/valid/Missing_hole/DeepPCB_valid_01_PCB__1098_defect_9.png
DeepPCB,valid,01_PCB__1098.jpg,01_PCB__1098.txt,10,6,0,Missing_hole,55,28,84,61,640,640,224,224,bbox_crop,/Users/user/Deep-Learning-PCB-Defect-Detection/outputs/stage2/processed_images/valid/Missing_hole/DeepPCB_valid_01_PCB__1098_defect_10.png
DeepPCB,valid,01_PCB__1104.jpg,01_PCB__1104.txt,1,1,2,Open_circuit,311,290,356,318,640,640,224,224,bbox_crop,/Users/user/Deep-Learning-PCB-Defect-Detection/outputs/stage2/processed_images/valid/Open_circuit/DeepPCB_valid_01_PCB__1104_defect_1.png
DeepPCB,valid,01_PCB__1104.jpg,01_PCB__1104.txt,2,2,3,Short,410,61,465,86,640,640,224,224,bbox_crop,/Users/user/Deep-Learning-PCB-Defect-Detection/outputs/stage2/processed_images/valid/Short/DeepPCB_valid_01_PCB__1104_defect_2.png
DeepPCB,valid,01_PCB__1104.jpg,01_PCB__1104.txt,3,3,1,Mouse_bite,523,89,555,135,640,640,224,224,bbox_crop,/Users/user/Deep-Learning-PCB-Defect-Detection/outputs/stage2/processed_images/valid/Mouse_bite/DeepPCB_valid_01_PCB__1104_defect_3.png
DeepPCB,valid,01_PCB__1104.jpg,01_PCB__1104.txt,4,4,4,Spur,70,58,130,94,640,640,224,224,bbox_crop,/Users/user/Deep-Learning-PCB-Defect-Detection/outputs/stage2/processed_images/valid/Spur/DeepPCB_valid_01_PCB__1104_defect_4.png
DeepPCB,valid,01_PCB__1104.jpg,01_PCB__1104.txt,5,5,5,Spurious_copper,344,160,390,197,640,640,224,224,bbox_crop,/Users/user/Deep-Learning-PCB-Defect-Detection/outputs/stage2/processed_images/valid/Spurious_copper/DeepPCB_valid_01_PCB__1104_defect_5.png
DeepPCB,valid,01_PCB__1104.jpg,01_PCB__1104.txt,6,3,1,Mouse_bite,409,238,432,282,640,640,224,224,bbox_crop,/Users/user/Deep-Learning-PCB-Defect-Detection/outputs/stage2/processed_images/valid/Mouse_bite/DeepPCB_valid_01_PCB__1104_defect_6.png
DeepPCB,valid,01_PCB__1104.jpg,01_PCB__1104.txt,7,6,0,Missing_hole,569,26,596,64,640,640,224,224,bbox_crop,/Users/user/Deep-Learning-PCB-Defect-Detection/outputs/stage2/processed_images/valid/Missing_hole/DeepPCB_valid_01_PCB__1104_defect_7.png
DeepPCB,valid,01_PCB__1105.jpg,01_PCB__1105.txt,1,1,2,Open_circuit,328,35,375,99,640,640,224,224,bbox_crop,/Users/user/Deep-Learning-PCB-Defect-Detection/outputs/stage2/processed_images/valid/Open_circuit/DeepPCB_valid_01_PCB__1105_defect_1.png
DeepPCB,valid,01_PCB__1105.jpg,01_PCB__1105.txt,2,2,3,Short,437,35,478,114,640,640,224,224,bbox_crop,/Users/user/Deep-Learning-PCB-Defect-Detection/outputs/stage2/processed_images/valid/Short/DeepPCB_valid_01_PCB__1105_defect_2.png
DeepPCB,valid,01_PCB__1105.jpg,01_PCB__1105.txt,3,1,2,Open_circuit,594,23,636,75,640,640,224,224,bbox_crop,/Users/user/Deep-Learning-PCB-Defect-Detection/outputs/stage2/processed_images/valid/Open_circuit/DeepPCB_valid_01_PCB__1105_defect_3.png
DeepPCB,valid,01_PCB__1105.jpg,01_PCB__1105.txt,4,4,4,Spur,69,20,113,62,640,640,224,224,bbox_crop,/Users/user/Deep-Learning-PCB-Defect-Detection/outputs/stage2/processed_images/valid/Spur/DeepPCB_valid_01_PCB__1105_defect_4.png
DeepPCB,valid,01_PCB__1105.jpg,01_PCB__1105.txt,5,5,5,Spurious_copper,523,211,555,246,640,640,224,224,bbox_crop,/Users/user/Deep-Learning-PCB-Defect-Detection/outputs/stage2/processed_images/valid/Spurious_copper/DeepPCB_valid_01_PCB__1105_defect_5.png
DeepPCB,valid,01_PCB__1105.jpg,01_PCB__1105.txt,6,6,0,Missing_hole,562,215,594,244,640,640,224,224,bbox_crop,/Users/user/Deep-Learning-PCB-Defect-Detection/outputs/stage2/processed_images/valid/Missing_hole/DeepPCB_valid_01_PCB__1105_defect_6.png
DeepPCB,valid,01_PCB__1106.jpg,01_PCB__1106.txt,1,1,2,Open_circuit,363,160,419,199,640,640,224,224,bbox_crop,/Users/user/Deep-Learning-PCB-Defect-Detection/outputs/stage2/processed_images/valid/Open_circuit/DeepPCB_valid_01_PCB__1106_defect_1.png
DeepPCB,valid,01_PCB__1106.jpg,01_PCB__1106.txt,2,2,3,Short,410,523,467,553,640,640,224,224,bbox_crop,/Users/user/Deep-Learning-PCB-Defect-Detection/outputs/stage2/processed_images/valid/Short/DeepPCB_valid_01_PCB__1106_defect_2.png
DeepPCB,valid,01_PCB__1106.jpg,01_PCB__1106.txt,3,2,3,Short,577,367,607,438,640,640,224,224,bbox_crop,/Users/user/Deep-Learning-PCB-Defect-Detection/outputs/stage2/processed_images/valid/Short/DeepPCB_valid_01_PCB__1106_defect_3.png
DeepPCB,valid,01_PCB__1106.jpg,01_PCB__1106.txt,4,3,1,Mouse_bite,458,23,488,55,640,640,224,224,bbox_crop,/Users/user/Deep-Learning-PCB-Defect-Detection/outputs/stage2/processed_images/valid/Mouse_bite/DeepPCB_valid_01_PCB__1106_defect_4.png
DeepPCB,valid,01_PCB__1106.jpg,01_PCB__1106.txt,5,4,4,Spur,98,186,130,236,640,640,224,224,bbox_crop,/Users/user/Deep-Learning-PCB-Defect-Detection/outputs/stage2/processed_images/valid/Spur/DeepPCB_valid_01_PCB__1106_defect_5.png
DeepPCB,valid,01_PCB__1106.jpg,01_PCB__1106.txt,6,5,5,Spurious_copper,254,14,289,55,640,640,224,224,bbox_crop,/Users/user/Deep-Learning-PCB-Defect-Detection/outputs/stage2/processed_images/valid/Spurious_copper/DeepPCB_valid_01_PCB__1106_defect_6.png
DeepPCB,valid,01_PCB__1106.jpg,01_PCB__1106.txt,7,6,0,Missing_hole,40,330,75,366,640,640,224,224,bbox_crop,/Users/user/Deep-Learning-PCB-Defect-Detection/outputs/stage2/processed_images/valid/Missing_hole/DeepPCB_valid_01_PCB__1106_defect_7.png
DeepPCB,valid,01_PCB__111.jpg,01_PCB__111.txt,1,3,1,Mouse_bite,125,393,162,427,640,640,224,224,bbox_crop,/Users/user/Deep-Learning-PCB-Defect-Detection/outputs/stage2/processed_images/valid/Mouse_bite/DeepPCB_valid_01_PCB__111_defect_1.png
DeepPCB,valid,01_PCB__111.jpg,01_PCB__111.txt,2,2,3,Short,57,581,85,620,640,640,224,224,bbox_crop,/Users/user/Deep-Learning-PCB-Defect-Detection/outputs/stage2/processed_images/valid/Short/DeepPCB_valid_01_PCB__111_defect_2.png
DeepPCB,valid,01_PCB__111.jpg,01_PCB__111.txt,3,2,3,Short,271,577,326,618,640,640,224,224,bbox_crop,/Users/user/Deep-Learning-PCB-Defect-Detection/outputs/stage2/processed_images/valid/Short/DeepPCB_valid_01_PCB__111_defect_3.png
DeepPCB,valid,01_PCB__111.jpg,01_PCB__111.txt,4,3,1,Mouse_bite,312,412,350,447,640,640,224,224,bbox_crop,/Users/user/Deep-Learning-PCB-Defect-Detection/outputs/stage2/processed_images/valid/Mouse_bite/DeepPCB_valid_01_PCB__111_defect_4.png
DeepPCB,valid,01_PCB__111.jpg,01_PCB__111.txt,5,5,5,Spurious_copper,234,279,263,319,640,640,224,224,bbox_crop,/Users/user/Deep-Learning-PCB-Defect-Detection/outputs/stage2/processed_images/valid/Spurious_copper/DeepPCB_valid_01_PCB__111_defect_5.png
DeepPCB,valid,01_PCB__111.jpg,01_PCB__111.txt,6,4,4,Spur,113,140,141,175,640,640,224,224,bbox_crop,/Users/user/Deep-Learning-PCB-Defect-Detection/outputs/stage2/processed_images/valid/Spur/DeepPCB_valid_01_PCB__111_defect_6.png
DeepPCB,valid,01_PCB__111.jpg,01_PCB__111.txt,7,6,0,Missing_hole,354,105,394,140,640,640,224,224,bbox_crop,/Users/user/Deep-Learning-PCB-Defect-Detection/outputs/stage2/processed_images/valid/Missing_hole/DeepPCB_valid_01_PCB__111_defect_7.png
DeepPCB,valid,01_PCB__111.jpg,01_PCB__111.txt,8,3,1,Mouse_bite,316,575,348,609,640,640,224,224,bbox_crop,/Users/user/Deep-Learning-PCB-Defect-Detection/outputs/stage2/processed_images/valid/Mouse_bite/DeepPCB_valid_01_PCB__111_defect_8.png
DeepPCB,valid,01_PCB__111.jpg,01_PCB__111.txt,9,6,0,Missing_hole,375,585,415,610,640,640,224,224,bbox_crop,/Users/user/Deep-Learning-PCB-Defect-Detection/outputs/stage2/processed_images/valid/Missing_hole/DeepPCB_valid_01_PCB__111_defect_9.png
DeepPCB,valid,01_PCB__1116.jpg,01_PCB__1116.txt,1,1,2,Open_circuit,154,80,195,125,640,640,224,224,bbox_crop,/Users/user/Deep-Learning-PCB-Defect-Detection/outputs/stage2/processed_images/valid/Open_circuit/DeepPCB_valid_01_PCB__1116_defect_1.png
DeepPCB,valid,01_PCB__1116.jpg,01_PCB__1116.txt,2,1,2,Open_circuit,315,270,354,324,640,640,224,224,bbox_crop,/Users/user/Deep-Learning-PCB-Defect-Detection/outputs/stage2/processed_images/valid/Open_circuit/DeepPCB_valid_01_PCB__1116_defect_2.png
DeepPCB,valid,01_PCB__1116.jpg,01_PCB__1116.txt,3,2,3,Short,253,287,283,370,640,640,224,224,bbox_crop,/Users/user/Deep-Learning-PCB-Defect-Detection/outputs/stage2/processed_images/valid/Short/DeepPCB_valid_01_PCB__1116_defect_3.png
DeepPCB,valid,01_PCB__1116.jpg,01_PCB__1116.txt,4,3,1,Mouse_bite,207,193,249,228,640,640,224,224,bbox_crop,/Users/user/Deep-Learning-PCB-Defect-Detection/outputs/stage2/processed_images/valid/Mouse_bite/DeepPCB_valid_01_PCB__1116_defect_4.png
DeepPCB,valid,01_PCB__1116.jpg,01_PCB__1116.txt,5,3,1,Mouse_bite,251,7,289,65,640,640,224,224,bbox_crop,/Users/user/Deep-Learning-PCB-Defect-Detection/outputs/stage2/processed_images/valid/Mouse_bite/DeepPCB_valid_01_PCB__1116_defect_5.png
DeepPCB,valid,01_PCB__1116.jpg,01_PCB__1116.txt,6,4,4,Spur,20,82,127,120,640,640,224,224,bbox_crop,/Users/user/Deep-Learning-PCB-Defect-Detection/outputs/stage2/processed_images/valid/Spur/DeepPCB_valid_01_PCB__1116_defect_6.png
DeepPCB,valid,01_PCB__1116.jpg,01_PCB__1116.txt,7,5,5,Spurious_copper,98,14,154,44,640,640,224,224,bbox_crop,/Users/user/Deep-Learning-PCB-Defect-Detection/outputs/stage2/processed_images/valid/Spurious_copper/DeepPCB_valid_01_PCB__1116_defect_7.png
DeepPCB,valid,01_PCB__1116.jpg,01_PCB__1116.txt,8,6,0,Missing_hole,490,77,628,183,640,640,224,224,bbox_crop,/Users/user/Deep-Learning-PCB-Defect-Detection/outputs/stage2/processed_images/valid/Missing_hole/DeepPCB_valid_01_PCB__1116_defect_8.png
DeepPCB,valid,01_PCB__1116.jpg,01_PCB__1116.txt,9,1,2,Open_circuit,288,340,409,396,640,640,224,224,bbox_crop,/Users/user/Deep-Learning-PCB-Defect-Detection/outputs/stage2/processed_images/valid/Open_circuit/DeepPCB_valid_01_PCB__1116_defect_9.png
DeepPCB,valid,01_PCB__1122.jpg,01_PCB__1122.txt,1,1,2,Open_circuit,181,321,219,352,640,640,224,224,bbox_crop,/Users/user/Deep-Learning-PCB-Defect-Detection/outputs/stage2/processed_images/valid/Open_circuit/DeepPCB_valid_01_PCB__1122_defect_1.png
DeepPCB,valid,01_PCB__1122.jpg,01_PCB__1122.txt,2,2,3,Short,283,271,346,301,640,640,224,224,bbox_crop,/Users/user/Deep-Learning-PCB-Defect-Detection/outputs/stage2/processed_images/valid/Short/DeepPCB_valid_01_PCB__1122_defect_2.png
DeepPCB,valid,01_PCB__1122.jpg,01_PCB__1122.txt,3,6,0,Missing_hole,296,223,325,259,640,640,224,224,bbox_crop,/Users/user/Deep-Learning-PCB-Defect-Detection/outputs/stage2/processed_images/valid/Missing_hole/DeepPCB_valid_01_PCB__1122_defect_3.png
DeepPCB,valid,01_PCB__1122.jpg,01_PCB__1122.txt,4,4,4,Spur,189,453,225,481,640,640,224,224,bbox_crop,/Users/user/Deep-Learning-PCB-Defect-Detection/outputs/stage2/processed_images/valid/Spur/DeepPCB_valid_01_PCB__1122_defect_4.png
DeepPCB,valid,01_PCB__1122.jpg,01_PCB__1122.txt,5,5,5,Spurious_copper,201,262,232,296,640,640,224,224,bbox_crop,/Users/user/Deep-Learning-PCB-Defect-Detection/outputs/stage2/processed_images/valid/Spurious_copper/DeepPCB_valid_01_PCB__1122_defect_5.png
DeepPCB,valid,01_PCB__1122.jpg,01_PCB__1122.txt,6,3,1,Mouse_bite,140,516,174,542,640,640,224,224,bbox_crop,/Users/user/Deep-Learning-PCB-Defect-Detection/outputs/stage2/processed_images/valid/Mouse_bite/DeepPCB_valid_01_PCB__1122_defect_6.png
DeepPCB,valid,01_PCB__1125.jpg,01_PCB__1125.txt,1,1,2,Open_circuit,187,250,220,285,640,640,224,224,bbox_crop,/Users/user/Deep-Learning-PCB-Defect-Detection/outputs/stage2/processed_images/valid/Open_circuit/DeepPCB_valid_01_PCB__1125_defect_1.png
DeepPCB,valid,01_PCB__1125.jpg,01_PCB__1125.txt,2,2,3,Short,297,304,331,357,640,640,224,224,bbox_crop,/Users/user/Deep-Learning-PCB-Defect-Detection/outputs/stage2/processed_images/valid/Short/DeepPCB_valid_01_PCB__1125_defect_2.png
DeepPCB,valid,01_PCB__1125.jpg,01_PCB__1125.txt,3,6,0,Missing_hole,73,418,100,447,640,640,224,224,bbox_crop,/Users/user/Deep-Learning-PCB-Defect-Detection/outputs/stage2/processed_images/valid/Missing_hole/DeepPCB_valid_01_PCB__1125_defect_3.png
DeepPCB,valid,01_PCB__1125.jpg,01_PCB__1125.txt,4,3,1,Mouse_bite,148,362,177,390,640,640,224,224,bbox_crop,/Users/user/Deep-Learning-PCB-Defect-Detection/outputs/stage2/processed_images/valid/Mouse_bite/DeepPCB_valid_01_PCB__1125_defect_4.png
DeepPCB,valid,01_PCB__1129.jpg,01_PCB__1129.txt,1,1,2,Open_circuit,251,233,324,340,640,640,224,224,bbox_crop,/Users/user/Deep-Learning-PCB-Defect-Detection/outputs/stage2/processed_images/valid/Open_circuit/DeepPCB_valid_01_PCB__1129_defect_1.png
DeepPCB,valid,01_PCB__1129.jpg,01_PCB__1129.txt,2,6,0,Missing_hole,474,201,505,237,640,640,224,224,bbox_crop,/Users/user/Deep-Learning-PCB-Defect-Detection/outputs/stage2/processed_images/valid/Missing_hole/DeepPCB_valid_01_PCB__1129_defect_2.png
DeepPCB,valid,01_PCB__1129.jpg,01_PCB__1129.txt,3,3,1,Mouse_bite,299,136,332,164,640,640,224,224,bbox_crop,/Users/user/Deep-Learning-PCB-Defect-Detection/outputs/stage2/processed_images/valid/Mouse_bite/DeepPCB_valid_01_PCB__1129_defect_3.png
DeepPCB,valid,01_PCB__1129.jpg,01_PCB__1129.txt,4,5,5,Spurious_copper,80,216,110,249,640,640,224,224,bbox_crop,/Users/user/Deep-Learning-PCB-Defect-Detection/outputs/stage2/processed_images/valid/Spurious_copper/DeepPCB_valid_01_PCB__1129_defect_4.png
DeepPCB,valid,01_PCB__1129.jpg,01_PCB__1129.txt,5,3,1,Mouse_bite,353,441,394,472,640,640,224,224,bbox_crop,/Users/user/Deep-Learning-PCB-Defect-Detection/outputs/stage2/processed_images/valid/Mouse_bite/DeepPCB_valid_01_PCB__1129_defect_5.png
DeepPCB,valid,01_PCB__1137.jpg,01_PCB__1137.txt,1,1,2,Open_circuit,38,314,69,342,640,640,224,224,bbox_crop,/Users/user/Deep-Learning-PCB-Defect-Detection/outputs/stage2/processed_images/valid/Open_circuit/DeepPCB_valid_01_PCB__1137_defect_1.png
DeepPCB,valid,01_PCB__1137.jpg,01_PCB__1137.txt,2,2,3,Short,46,163,84,188,640,640,224,224,bbox_crop,/Users/user/Deep-Learning-PCB-Defect-Detection/outputs/stage2/processed_images/valid/Short/DeepPCB_valid_01_PCB__1137_defect_2.png
DeepPCB,valid,01_PCB__1137.jpg,01_PCB__1137.txt,3,3,1,Mouse_bite,224,173,255,202,640,640,224,224,bbox_crop,/Users/user/Deep-Learning-PCB-Defect-Detection/outputs/stage2/processed_images/valid/Mouse_bite/DeepPCB_valid_01_PCB__1137_defect_3.png
DeepPCB,valid,01_PCB__1137.jpg,01_PCB__1137.txt,4,5,5,Spurious_copper,265,209,305,237,640,640,224,224,bbox_crop,/Users/user/Deep-Learning-PCB-Defect-Detection/outputs/stage2/processed_images/valid/Spurious_copper/DeepPCB_valid_01_PCB__1137_defect_4.png
DeepPCB,valid,01_PCB__1137.jpg,01_PCB__1137.txt,5,6,0,Missing_hole,355,255,382,291,640,640,224,224,bbox_crop,/Users/user/Deep-Learning-PCB-Defect-Detection/outputs/stage2/processed_images/valid/Missing_hole/DeepPCB_valid_01_PCB__1137_defect_5.png
DeepPCB,valid,01_PCB__1156.jpg,01_PCB__1156.txt,1,1,2,Open_circuit,125,369,180,423,640,640,224,224,bbox_crop,/Users/user/Deep-Learning-PCB-Defect-Detection/outputs/stage2/processed_images/valid/Open_circuit/DeepPCB_valid_01_PCB__1156_defect_1.png
DeepPCB,valid,01_PCB__1156.jpg,01_PCB__1156.txt,2,2,3,Short,178,268,216,296,640,640,224,224,bbox_crop,/Users/user/Deep-Learning-PCB-Defect-Detection/outputs/stage2/processed_images/valid/Short/DeepPCB_valid_01_PCB__1156_defect_2.png
DeepPCB,valid,01_PCB__1156.jpg,01_PCB__1156.txt,3,4,4,Spur,215,232,248,259,640,640,224,224,bbox_crop,/Users/user/Deep-Learning-PCB-Defect-Detection/outputs/stage2/processed_images/valid/Spur/DeepPCB_valid_01_PCB__1156_defect_3.png
DeepPCB,valid,01_PCB__1156.jpg,01_PCB__1156.txt,4,6,0,Missing_hole,268,128,301,158,640,640,224,224,bbox_crop,/Users/user/Deep-Learning-PCB-Defect-Detection/outputs/stage2/processed_images/valid/Missing_hole/DeepPCB_valid_01_PCB__1156_defect_4.png
DeepPCB,valid,01_PCB__1156.jpg,01_PCB__1156.txt,5,1,2,Open_circuit,192,487,223,517,640,640,224,224,bbox_crop,/Users/user/Deep-Learning-PCB-Defect-Detection/outputs/stage2/processed_images/valid/Open_circuit/DeepPCB_valid_01_PCB__1156_defect_5.png
DeepPCB,valid,01_PCB__1172.jpg,01_PCB__1172.txt,1,1,2,Open_circuit,22,492,58,520,640,640,224,224,bbox_crop,/Users/user/Deep-Learning-PCB-Defect-Detection/outputs/stage2/processed_images/valid/Open_circuit/DeepPCB_valid_01_PCB__1172_defect_1.png
DeepPCB,valid,01_PCB__1172.jpg,01_PCB__1172.txt,2,2,3,Short,180,308,210,344,640,640,224,224,bbox_crop,/Users/user/Deep-Learning-PCB-Defect-Detection/outputs/stage2/processed_images/valid/Short/DeepPCB_valid_01_PCB__1172_defect_2.png
DeepPCB,valid,01_PCB__1172.jpg,01_PCB__1172.txt,3,3,1,Mouse_bite,224,208,267,236,640,640,224,224,bbox_crop,/Users/user/Deep-Learning-PCB-Defect-Detection/outputs/stage2/processed_images/valid/Mouse_bite/DeepPCB_valid_01_PCB__1172_defect_3.png
DeepPCB,valid,01_PCB__1172.jpg,01_PCB__1172.txt,4,4,4,Spur,213,369,253,397,640,640,224,224,bbox_crop,/Users/user/Deep-Learning-PCB-Defect-Detection/outputs/stage2/processed_images/valid/Spur/DeepPCB_valid_01_PCB__1172_defect_4.png
DeepPCB,valid,01_PCB__1172.jpg,01_PCB__1172.txt,5,5,5,Spurious_copper,211,491,242,524,640,640,224,224,bbox_crop,/Users/user/Deep-Learning-PCB-Defect-Detection/outputs/stage2/processed_images/valid/Spurious_copper/DeepPCB_valid_01_PCB__1172_defect_5.png
DeepPCB,valid,01_PCB__1179.jpg,01_PCB__1179.txt,1,1,2,Open_circuit,152,426,196,478,640,640,224,224,bbox_crop,/Users/user/Deep-Learning-PCB-Defect-Detection/outputs/stage2/processed_images/valid/Open_circuit/DeepPCB_valid_01_PCB__1179_defect_1.png
DeepPCB,valid,01_PCB__1179.jpg,01_PCB__1179.txt,2,2,3,Short,247,312,282,356,640,640,224,224,bbox_crop,/Users/user/Deep-Learning-PCB-Defect-Detection/outputs/stage2/processed_images/valid/Short/DeepPCB_valid_01_PCB__1179_defect_2.png
DeepPCB,valid,01_PCB__1179.jpg,01_PCB__1179.txt,3,4,4,Spur,214,342,246,379,640,640,224,224,bbox_crop,/Users/user/Deep-Learning-PCB-Defect-Detection/outputs/stage2/processed_images/valid/Spur/DeepPCB_valid_01_PCB__1179_defect_3.png
DeepPCB,valid,01_PCB__1179.jpg,01_PCB__1179.txt,4,5,5,Spurious_copper,404,360,443,390,640,640,224,224,bbox_crop,/Users/user/Deep-Learning-PCB-Defect-Detection/outputs/stage2/processed_images/valid/Spurious_copper/DeepPCB_valid_01_PCB__1179_defect_4.png
DeepPCB,valid,01_PCB__1179.jpg,01_PCB__1179.txt,5,6,0,Missing_hole,415,233,440,264,640,640,224,224,bbox_crop,/Users/user/Deep-Learning-PCB-Defect-Detection/outputs/stage2/processed_images/valid/Missing_hole/DeepPCB_valid_01_PCB__1179_defect_5.png
DeepPCB,valid,01_PCB__118.jpg,01_PCB__118.txt,1,1,2,Open_circuit,266,533,303,590,640,640,224,224,bbox_crop,/Users/user/Deep-Learning-PCB-Defect-Detection/outputs/stage2/processed_images/valid/Open_circuit/DeepPCB_valid_01_PCB__118_defect_1.png
DeepPCB,valid,01_PCB__118.jpg,01_PCB__118.txt,2,3,1,Mouse_bite,83,197,115,225,640,640,224,224,bbox_crop,/Users/user/Deep-Learning-PCB-Defect-Detection/outputs/stage2/processed_images/valid/Mouse_bite/DeepPCB_valid_01_PCB__118_defect_2.png
DeepPCB,valid,01_PCB__118.jpg,01_PCB__118.txt,3,5,5,Spurious_copper,254,312,302,349,640,640,224,224,bbox_crop,/Users/user/Deep-Learning-PCB-Defect-Detection/outputs/stage2/processed_images/valid/Spurious_copper/DeepPCB_valid_01_PCB__118_defect_3.png
DeepPCB,valid,01_PCB__118.jpg,01_PCB__118.txt,4,6,0,Missing_hole,385,96,411,137,640,640,224,224,bbox_crop,/Users/user/Deep-Learning-PCB-Defect-Detection/outputs/stage2/processed_images/valid/Missing_hole/DeepPCB_valid_01_PCB__118_defect_4.png
DeepPCB,valid,01_PCB__118.jpg,01_PCB__118.txt,5,5,5,Spurious_copper,249,114,281,146,640,640,224,224,bbox_crop,/Users/user/Deep-Learning-PCB-Defect-Detection/outputs/stage2/processed_images/valid/Spurious_copper/DeepPCB_valid_01_PCB__118_defect_5.png
DeepPCB,valid,01_PCB__118.jpg,01_PCB__118.txt,6,3,1,Mouse_bite,114,274,147,306,640,640,224,224,bbox_crop,/Users/user/Deep-Learning-PCB-Defect-Detection/outputs/stage2/processed_images/valid/Mouse_bite/DeepPCB_valid_01_PCB__118_defect_6.png
DeepPCB,valid,01_PCB__118.jpg,01_PCB__118.txt,7,4,4,Spur,194,193,229,223,640,640,224,224,bbox_crop,/Users/user/Deep-Learning-PCB-Defect-Detection/outputs/stage2/processed_images/valid/Spur/DeepPCB_valid_01_PCB__118_defect_7.png
DeepPCB,valid,01_PCB__118.jpg,01_PCB__118.txt,8,6,0,Missing_hole,361,255,405,284,640,640,224,224,bbox_crop,/Users/user/Deep-Learning-PCB-Defect-Detection/outputs/stage2/processed_images/valid/Missing_hole/DeepPCB_valid_01_PCB__118_defect_8.png
DeepPCB,valid,01_PCB__118.jpg,01_PCB__118.txt,9,4,4,Spur,171,54,208,83,640,640,224,224,bbox_crop,/Users/user/Deep-Learning-PCB-Defect-Detection/outputs/stage2/processed_images/valid/Spur/DeepPCB_valid_01_PCB__118_defect_9.png
DeepPCB,valid,01_PCB__1194.jpg,01_PCB__1194.txt,1,1,2,Open_circuit,222,348,266,402,640,640,224,224,bbox_crop,/Users/user/Deep-Learning-PCB-Defect-Detection/outputs/stage2/processed_images/valid/Open_circuit/DeepPCB_valid_01_PCB__1194_defect_1.png
DeepPCB,valid,01_PCB__1194.jpg,01_PCB__1194.txt,2,2,3,Short,307,244,348,271,640,640,224,224,bbox_crop,/Users/user/Deep-Learning-PCB-Defect-Detection/outputs/stage2/processed_images/valid/Short/DeepPCB_valid_01_PCB__1194_defect_2.png
DeepPCB,valid,01_PCB__1194.jpg,01_PCB__1194.txt,3,3,1,Mouse_bite,464,84,498,117,640,640,224,224,bbox_crop,/Users/user/Deep-Learning-PCB-Defect-Detection/outputs/stage2/processed_images/valid/Mouse_bite/DeepPCB_valid_01_PCB__1194_defect_3.png
DeepPCB,valid,01_PCB__1194.jpg,01_PCB__1194.txt,4,5,5,Spurious_copper,291,180,334,206,640,640,224,224,bbox_crop,/Users/user/Deep-Learning-PCB-Defect-Detection/outputs/stage2/processed_images/valid/Spurious_copper/DeepPCB_valid_01_PCB__1194_defect_4.png
DeepPCB,valid,01_PCB__1194.jpg,01_PCB__1194.txt,5,6,0,Missing_hole,237,114,271,139,640,640,224,224,bbox_crop,/Users/user/Deep-Learning-PCB-Defect-Detection/outputs/stage2/processed_images/valid/Missing_hole/DeepPCB_valid_01_PCB__1194_defect_5.png
DeepPCB,valid,01_PCB__12.jpg,01_PCB__12.txt,1,1,2,Open_circuit,287,386,323,439,640,640,224,224,bbox_crop,/Users/user/Deep-Learning-PCB-Defect-Detection/outputs/stage2/processed_images/valid/Open_circuit/DeepPCB_valid_01_PCB__12_defect_1.png
DeepPCB,valid,01_PCB__12.jpg,01_PCB__12.txt,2,2,3,Short,367,352,395,411,640,640,224,224,bbox_crop,/Users/user/Deep-Learning-PCB-Defect-Detection/outputs/stage2/processed_images/valid/Short/DeepPCB_valid_01_PCB__12_defect_2.png
DeepPCB,valid,01_PCB__12.jpg,01_PCB__12.txt,3,2,3,Short,567,338,600,372,640,640,224,224,bbox_crop,/Users/user/Deep-Learning-PCB-Defect-Detection/outputs/stage2/processed_images/valid/Short/DeepPCB_valid_01_PCB__12_defect_3.png
DeepPCB,valid,01_PCB__12.jpg,01_PCB__12.txt,4,5,5,Spurious_copper,74,209,103,245,640,640,224,224,bbox_crop,/Users/user/Deep-Learning-PCB-Defect-Detection/outputs/stage2/processed_images/valid/Spurious_copper/DeepPCB_valid_01_PCB__12_defect_4.png
DeepPCB,valid,01_PCB__12.jpg,01_PCB__12.txt,5,4,4,Spur,219,318,260,353,640,640,224,224,bbox_crop,/Users/user/Deep-Learning-PCB-Defect-Detection/outputs/stage2/processed_images/valid/Spur/DeepPCB_valid_01_PCB__12_defect_5.png
DeepPCB,valid,01_PCB__12.jpg,01_PCB__12.txt,6,5,5,Spurious_copper,128,502,167,533,640,640,224,224,bbox_crop,/Users/user/Deep-Learning-PCB-Defect-Detection/outputs/stage2/processed_images/valid/Spurious_copper/DeepPCB_valid_01_PCB__12_defect_6.png
DeepPCB,valid,01_PCB__1204.jpg,01_PCB__1204.txt,1,1,2,Open_circuit,552,156,581,242,640,640,224,224,bbox_crop,/Users/user/Deep-Learning-PCB-Defect-Detection/outputs/stage2/processed_images/valid/Open_circuit/DeepPCB_valid_01_PCB__1204_defect_1.png
DeepPCB,valid,01_PCB__1204.jpg,01_PCB__1204.txt,2,1,2,Open_circuit,228,521,323,553,640,640,224,224,bbox_crop,/Users/user/Deep-Learning-PCB-Defect-Detection/outputs/stage2/processed_images/valid/Open_circuit/DeepPCB_valid_01_PCB__1204_defect_2.png
DeepPCB,valid,01_PCB__1204.jpg,01_PCB__1204.txt,3,2,3,Short,418,392,458,445,640,640,224,224,bbox_crop,/Users/user/Deep-Learning-PCB-Defect-Detection/outputs/stage2/processed_images/valid/Short/DeepPCB_valid_01_PCB__1204_defect_3.png
DeepPCB,valid,01_PCB__1204.jpg,01_PCB__1204.txt,4,3,1,Mouse_bite,263,278,308,307,640,640,224,224,bbox_crop,/Users/user/Deep-Learning-PCB-Defect-Detection/outputs/stage2/processed_images/valid/Mouse_bite/DeepPCB_valid_01_PCB__1204_defect_4.png
DeepPCB,valid,01_PCB__1204.jpg,01_PCB__1204.txt,5,6,0,Missing_hole,126,169,171,204,640,640,224,224,bbox_crop,/Users/user/Deep-Learning-PCB-Defect-Detection/outputs/stage2/processed_images/valid/Missing_hole/DeepPCB_valid_01_PCB__1204_defect_5.png
DeepPCB,valid,01_PCB__1204.jpg,01_PCB__1204.txt,6,5,5,Spurious_copper,294,79,338,118,640,640,224,224,bbox_crop,/Users/user/Deep-Learning-PCB-Defect-Detection/outputs/stage2/processed_images/valid/Spurious_copper/DeepPCB_valid_01_PCB__1204_defect_6.png
DeepPCB,valid,01_PCB__1220.jpg,01_PCB__1220.txt,1,3,1,Mouse_bite,329,156,376,186,640,640,224,224,bbox_crop,/Users/user/Deep-Learning-PCB-Defect-Detection/outputs/stage2/processed_images/valid/Mouse_bite/DeepPCB_valid_01_PCB__1220_defect_1.png
DeepPCB,valid,01_PCB__1220.jpg,01_PCB__1220.txt,2,5,5,Spurious_copper,126,349,188,399,640,640,224,224,bbox_crop,/Users/user/Deep-Learning-PCB-Defect-Detection/outputs/stage2/processed_images/valid/Spurious_copper/DeepPCB_valid_01_PCB__1220_defect_2.png
DeepPCB,valid,01_PCB__1220.jpg,01_PCB__1220.txt,3,6,0,Missing_hole,488,274,525,318,640,640,224,224,bbox_crop,/Users/user/Deep-Learning-PCB-Defect-Detection/outputs/stage2/processed_images/valid/Missing_hole/DeepPCB_valid_01_PCB__1220_defect_3.png
DeepPCB,valid,01_PCB__1220.jpg,01_PCB__1220.txt,4,4,4,Spur,170,124,208,164,640,640,224,224,bbox_crop,/Users/user/Deep-Learning-PCB-Defect-Detection/outputs/stage2/processed_images/valid/Spur/DeepPCB_valid_01_PCB__1220_defect_4.png
DeepPCB,valid,01_PCB__1220.jpg,01_PCB__1220.txt,5,2,3,Short,412,46,441,100,640,640,224,224,bbox_crop,/Users/user/Deep-Learning-PCB-Defect-Detection/outputs/stage2/processed_images/valid/Short/DeepPCB_valid_01_PCB__1220_defect_5.png
DeepPCB,valid,01_PCB__1220.jpg,01_PCB__1220.txt,6,1,2,Open_circuit,281,203,327,283,640,640,224,224,bbox_crop,/Users/user/Deep-Learning-PCB-Defect-Detection/outputs/stage2/processed_images/valid/Open_circuit/DeepPCB_valid_01_PCB__1220_defect_6.png
DeepPCB,valid,01_PCB__123.jpg,01_PCB__123.txt,1,1,2,Open_circuit,166,436,202,466,640,640,224,224,bbox_crop,/Users/user/Deep-Learning-PCB-Defect-Detection/outputs/stage2/processed_images/valid/Open_circuit/DeepPCB_valid_01_PCB__123_defect_1.png
DeepPCB,valid,01_PCB__123.jpg,01_PCB__123.txt,2,2,3,Short,111,314,139,374,640,640,224,224,bbox_crop,/Users/user/Deep-Learning-PCB-Defect-Detection/outputs/stage2/processed_images/valid/Short/DeepPCB_valid_01_PCB__123_defect_2.png
DeepPCB,valid,01_PCB__123.jpg,01_PCB__123.txt,3,2,3,Short,404,401,429,442,640,640,224,224,bbox_crop,/Users/user/Deep-Learning-PCB-Defect-Detection/outputs/stage2/processed_images/valid/Short/DeepPCB_valid_01_PCB__123_defect_3.png
DeepPCB,valid,01_PCB__123.jpg,01_PCB__123.txt,4,4,4,Spur,278,523,311,554,640,640,224,224,bbox_crop,/Users/user/Deep-Learning-PCB-Defect-Detection/outputs/stage2/processed_images/valid/Spur/DeepPCB_valid_01_PCB__123_defect_4.png
DeepPCB,valid,01_PCB__123.jpg,01_PCB__123.txt,5,1,2,Open_circuit,163,500,196,533,640,640,224,224,bbox_crop,/Users/user/Deep-Learning-PCB-Defect-Detection/outputs/stage2/processed_images/valid/Open_circuit/DeepPCB_valid_01_PCB__123_defect_5.png
DeepPCB,valid,01_PCB__123.jpg,01_PCB__123.txt,6,1,2,Open_circuit,251,358,282,392,640,640,224,224,bbox_crop,/Users/user/Deep-Learning-PCB-Defect-Detection/outputs/stage2/processed_images/valid/Open_circuit/DeepPCB_valid_01_PCB__123_defect_6.png
DeepPCB,valid,01_PCB__123.jpg,01_PCB__123.txt,7,4,4,Spur,24,341,51,373,640,640,224,224,bbox_crop,/Users/user/Deep-Learning-PCB-Defect-Detection/outputs/stage2/processed_images/valid/Spur/DeepPCB_valid_01_PCB__123_defect_7.png
DeepPCB,valid,01_PCB__123.jpg,01_PCB__123.txt,8,6,0,Missing_hole,68,114,99,147,640,640,224,224,bbox_crop,/Users/user/Deep-Learning-PCB-Defect-Detection/outputs/stage2/processed_images/valid/Missing_hole/DeepPCB_valid_01_PCB__123_defect_8.png
DeepPCB,valid,01_PCB__123.jpg,01_PCB__123.txt,9,4,4,Spur,365,373,399,401,640,640,224,224,bbox_crop,/Users/user/Deep-Learning-PCB-Defect-Detection/outputs/stage2/processed_images/valid/Spur/DeepPCB_valid_01_PCB__123_defect_9.png
DeepPCB,valid,01_PCB__123.jpg,01_PCB__123.txt,10,6,0,Missing_hole,288,588,317,620,640,640,224,224,bbox_crop,/Users/user/Deep-Learning-PCB-Defect-Detection/outputs/stage2/processed_images/valid/Missing_hole/DeepPCB_valid_01_PCB__123_defect_10.png
DeepPCB,valid,01_PCB__1234.jpg,01_PCB__1234.txt,1,2,3,Short,121,75,158,132,640,640,224,224,bbox_crop,/Users/user/Deep-Learning-PCB-Defect-Detection/outputs/stage2/processed_images/valid/Short/DeepPCB_valid_01_PCB__1234_defect_1.png
DeepPCB,valid,01_PCB__1234.jpg,01_PCB__1234.txt,2,6,0,Missing_hole,145,264,188,309,640,640,224,224,bbox_crop,/Users/user/Deep-Learning-PCB-Defect-Detection/outputs/stage2/processed_images/valid/Missing_hole/DeepPCB_valid_01_PCB__1234_defect_2.png
DeepPCB,valid,01_PCB__1234.jpg,01_PCB__1234.txt,3,4,4,Spur,275,382,305,412,640,640,224,224,bbox_crop,/Users/user/Deep-Learning-PCB-Defect-Detection/outputs/stage2/processed_images/valid/Spur/DeepPCB_valid_01_PCB__1234_defect_3.png
DeepPCB,valid,01_PCB__1234.jpg,01_PCB__1234.txt,4,3,1,Mouse_bite,214,505,244,541,640,640,224,224,bbox_crop,/Users/user/Deep-Learning-PCB-Defect-Detection/outputs/stage2/processed_images/valid/Mouse_bite/DeepPCB_valid_01_PCB__1234_defect_4.png
DeepPCB,valid,01_PCB__1234.jpg,01_PCB__1234.txt,5,6,0,Missing_hole,365,142,404,191,640,640,224,224,bbox_crop,/Users/user/Deep-Learning-PCB-Defect-Detection/outputs/stage2/processed_images/valid/Missing_hole/DeepPCB_valid_01_PCB__1234_defect_5.png
DeepPCB,valid,01_PCB__1234.jpg,01_PCB__1234.txt,6,2,3,Short,200,36,241,90,640,640,224,224,bbox_crop,/Users/user/Deep-Learning-PCB-Defect-Detection/outputs/stage2/processed_images/valid/Short/DeepPCB_valid_01_PCB__1234_defect_6.png
DeepPCB,valid,01_PCB__1241.jpg,01_PCB__1241.txt,1,1,2,Open_circuit,65,129,105,177,640,640,224,224,bbox_crop,/Users/user/Deep-Learning-PCB-Defect-Detection/outputs/stage2/processed_images/valid/Open_circuit/DeepPCB_valid_01_PCB__1241_defect_1.png
DeepPCB,valid,01_PCB__1241.jpg,01_PCB__1241.txt,2,4,4,Spur,277,249,320,283,640,640,224,224,bbox_crop,/Users/user/Deep-Learning-PCB-Defect-Detection/outputs/stage2/processed_images/valid/Spur/DeepPCB_valid_01_PCB__1241_defect_2.png
DeepPCB,valid,01_PCB__1241.jpg,01_PCB__1241.txt,3,6,0,Missing_hole,296,290,335,324,640,640,224,224,bbox_crop,/Users/user/Deep-Learning-PCB-Defect-Detection/outputs/stage2/processed_images/valid/Missing_hole/DeepPCB_valid_01_PCB__1241_defect_3.png
DeepPCB,valid,01_PCB__1241.jpg,01_PCB__1241.txt,4,3,1,Mouse_bite,384,205,427,243,640,640,224,224,bbox_crop,/Users/user/Deep-Learning-PCB-Defect-Detection/outputs/stage2/processed_images/valid/Mouse_bite/DeepPCB_valid_01_PCB__1241_defect_4.png
DeepPCB,valid,01_PCB__1241.jpg,01_PCB__1241.txt,5,6,0,Missing_hole,506,182,537,221,640,640,224,224,bbox_crop,/Users/user/Deep-Learning-PCB-Defect-Detection/outputs/stage2/processed_images/valid/Missing_hole/DeepPCB_valid_01_PCB__1241_defect_5.png
DeepPCB,valid,01_PCB__1241.jpg,01_PCB__1241.txt,6,5,5,Spurious_copper,190,134,231,171,640,640,224,224,bbox_crop,/Users/user/Deep-Learning-PCB-Defect-Detection/outputs/stage2/processed_images/valid/Spurious_copper/DeepPCB_valid_01_PCB__1241_defect_6.png
DeepPCB,valid,01_PCB__1241.jpg,01_PCB__1241.txt,7,1,2,Open_circuit,109,291,157,326,640,640,224,224,bbox_crop,/Users/user/Deep-Learning-PCB-Defect-Detection/outputs/stage2/processed_images/valid/Open_circuit/DeepPCB_valid_01_PCB__1241_defect_7.png
DeepPCB,valid,01_PCB__1257.jpg,01_PCB__1257.txt,1,1,2,Open_circuit,282,327,326,421,640,640,224,224,bbox_crop,/Users/user/Deep-Learning-PCB-Defect-Detection/outputs/stage2/processed_images/valid/Open_circuit/DeepPCB_valid_01_PCB__1257_defect_1.png
DeepPCB,valid,01_PCB__1257.jpg,01_PCB__1257.txt,2,3,1,Mouse_bite,342,209,381,236,640,640,224,224,bbox_crop,/Users/user/Deep-Learning-PCB-Defect-Detection/outputs/stage2/processed_images/valid/Mouse_bite/DeepPCB_valid_01_PCB__1257_defect_2.png
DeepPCB,valid,01_PCB__1257.jpg,01_PCB__1257.txt,3,3,1,Mouse_bite,427,536,469,572,640,640,224,224,bbox_crop,/Users/user/Deep-Learning-PCB-Defect-Detection/outputs/stage2/processed_images/valid/Mouse_bite/DeepPCB_valid_01_PCB__1257_defect_3.png
DeepPCB,valid,01_PCB__1284.jpg,01_PCB__1284.txt,1,1,2,Open_circuit,427,344,465,400,640,640,224,224,bbox_crop,/Users/user/Deep-Learning-PCB-Defect-Detection/outputs/stage2/processed_images/valid/Open_circuit/DeepPCB_valid_01_PCB__1284_defect_1.png
DeepPCB,valid,01_PCB__1284.jpg,01_PCB__1284.txt,2,3,1,Mouse_bite,538,252,573,286,640,640,224,224,bbox_crop,/Users/user/Deep-Learning-PCB-Defect-Detection/outputs/stage2/processed_images/valid/Mouse_bite/DeepPCB_valid_01_PCB__1284_defect_2.png
DeepPCB,valid,01_PCB__1284.jpg,01_PCB__1284.txt,3,5,5,Spurious_copper,174,52,218,86,640,640,224,224,bbox_crop,/Users/user/Deep-Learning-PCB-Defect-Detection/outputs/stage2/processed_images/valid/Spurious_copper/DeepPCB_valid_01_PCB__1284_defect_3.png
DeepPCB,valid,01_PCB__1284.jpg,01_PCB__1284.txt,4,6,0,Missing_hole,193,195,228,240,640,640,224,224,bbox_crop,/Users/user/Deep-Learning-PCB-Defect-Detection/outputs/stage2/processed_images/valid/Missing_hole/DeepPCB_valid_01_PCB__1284_defect_4.png
DeepPCB,valid,01_PCB__1284.jpg,01_PCB__1284.txt,5,5,5,Spurious_copper,462,189,512,229,640,640,224,224,bbox_crop,/Users/user/Deep-Learning-PCB-Defect-Detection/outputs/stage2/processed_images/valid/Spurious_copper/DeepPCB_valid_01_PCB__1284_defect_5.png
DeepPCB,valid,01_PCB__1284.jpg,01_PCB__1284.txt,6,6,0,Missing_hole,133,467,161,508,640,640,224,224,bbox_crop,/Users/user/Deep-Learning-PCB-Defect-Detection/outputs/stage2/processed_images/valid/Missing_hole/DeepPCB_valid_01_PCB__1284_defect_6.png
DeepPCB,valid,01_PCB__1284.jpg,01_PCB__1284.txt,7,4,4,Spur,152,310,192,342,640,640,224,224,bbox_crop,/Users/user/Deep-Learning-PCB-Defect-Detection/outputs/stage2/processed_images/valid/Spur/DeepPCB_valid_01_PCB__1284_defect_7.png
DeepPCB,valid,01_PCB__1284.jpg,01_PCB__1284.txt,8,3,1,Mouse_bite,178,405,212,436,640,640,224,224,bbox_crop,/Users/user/Deep-Learning-PCB-Defect-Detection/outputs/stage2/processed_images/valid/Mouse_bite/DeepPCB_valid_01_PCB__1284_defect_8.png
DeepPCB,valid,01_PCB__129.jpg,01_PCB__129.txt,1,1,2,Open_circuit,340,466,370,510,640,640,224,224,bbox_crop,/Users/user/Deep-Learning-PCB-Defect-Detection/outputs/stage2/processed_images/valid/Open_circuit/DeepPCB_valid_01_PCB__129_defect_1.png
DeepPCB,valid,01_PCB__129.jpg,01_PCB__129.txt,2,2,3,Short,375,230,402,277,640,640,224,224,bbox_crop,/Users/user/Deep-Learning-PCB-Defect-Detection/outputs/stage2/processed_images/valid/Short/DeepPCB_valid_01_PCB__129_defect_2.png
DeepPCB,valid,01_PCB__129.jpg,01_PCB__129.txt,3,3,1,Mouse_bite,365,198,400,226,640,640,224,224,bbox_crop,/Users/user/Deep-Learning-PCB-Defect-Detection/outputs/stage2/processed_images/valid/Mouse_bite/DeepPCB_valid_01_PCB__129_defect_3.png
DeepPCB,valid,01_PCB__129.jpg,01_PCB__129.txt,4,4,4,Spur,485,154,517,187,640,640,224,224,bbox_crop,/Users/user/Deep-Learning-PCB-Defect-Detection/outputs/stage2/processed_images/valid/Spur/DeepPCB_valid_01_PCB__129_defect_4.png
DeepPCB,valid,01_PCB__129.jpg,01_PCB__129.txt,5,4,4,Spur,113,64,145,91,640,640,224,224,bbox_crop,/Users/user/Deep-Learning-PCB-Defect-Detection/outputs/stage2/processed_images/valid/Spur/DeepPCB_valid_01_PCB__129_defect_5.png
DeepPCB,valid,01_PCB__129.jpg,01_PCB__129.txt,6,5,5,Spurious_copper,232,37,266,69,640,640,224,224,bbox_crop,/Users/user/Deep-Learning-PCB-Defect-Detection/outputs/stage2/processed_images/valid/Spurious_copper/DeepPCB_valid_01_PCB__129_defect_6.png
DeepPCB,valid,01_PCB__129.jpg,01_PCB__129.txt,7,6,0,Missing_hole,217,288,245,325,640,640,224,224,bbox_crop,/Users/user/Deep-Learning-PCB-Defect-Detection/outputs/stage2/processed_images/valid/Missing_hole/DeepPCB_valid_01_PCB__129_defect_7.png
DeepPCB,valid,01_PCB__1296.jpg,01_PCB__1296.txt,1,1,2,Open_circuit,421,380,492,433,640,640,224,224,bbox_crop,/Users/user/Deep-Learning-PCB-Defect-Detection/outputs/stage2/processed_images/valid/Open_circuit/DeepPCB_valid_01_PCB__1296_defect_1.png
DeepPCB,valid,01_PCB__1296.jpg,01_PCB__1296.txt,2,2,3,Short,273,310,360,370,640,640,224,224,bbox_crop,/Users/user/Deep-Learning-PCB-Defect-Detection/outputs/stage2/processed_images/valid/Short/DeepPCB_valid_01_PCB__1296_defect_2.png
DeepPCB,valid,01_PCB__1296.jpg,01_PCB__1296.txt,3,4,4,Spur,348,229,388,266,640,640,224,224,bbox_crop,/Users/user/Deep-Learning-PCB-Defect-Detection/outputs/stage2/processed_images/valid/Spur/DeepPCB_valid_01_PCB__1296_defect_3.png
DeepPCB,valid,01_PCB__1296.jpg,01_PCB__1296.txt,4,6,0,Missing_hole,306,160,350,204,640,640,224,224,bbox_crop,/Users/user/Deep-Learning-PCB-Defect-Detection/outputs/stage2/processed_images/valid/Missing_hole/DeepPCB_valid_01_PCB__1296_defect_4.png
DeepPCB,valid,01_PCB__1296.jpg,01_PCB__1296.txt,5,5,5,Spurious_copper,83,97,120,132,640,640,224,224,bbox_crop,/Users/user/Deep-Learning-PCB-Defect-Detection/outputs/stage2/processed_images/valid/Spurious_copper/DeepPCB_valid_01_PCB__1296_defect_5.png
DeepPCB,valid,01_PCB__1301.jpg,01_PCB__1301.txt,1,2,3,Short,358,316,453,355,640,640,224,224,bbox_crop,/Users/user/Deep-Learning-PCB-Defect-Detection/outputs/stage2/processed_images/valid/Short/DeepPCB_valid_01_PCB__1301_defect_1.png
DeepPCB,valid,01_PCB__1301.jpg,01_PCB__1301.txt,2,4,4,Spur,276,269,312,301,640,640,224,224,bbox_crop,/Users/user/Deep-Learning-PCB-Defect-Detection/outputs/stage2/processed_images/valid/Spur/DeepPCB_valid_01_PCB__1301_defect_2.png
DeepPCB,valid,01_PCB__1301.jpg,01_PCB__1301.txt,3,5,5,Spurious_copper,340,443,384,493,640,640,224,224,bbox_crop,/Users/user/Deep-Learning-PCB-Defect-Detection/outputs/stage2/processed_images/valid/Spurious_copper/DeepPCB_valid_01_PCB__1301_defect_3.png
DeepPCB,valid,01_PCB__1301.jpg,01_PCB__1301.txt,4,6,0,Missing_hole,323,232,358,263,640,640,224,224,bbox_crop,/Users/user/Deep-Learning-PCB-Defect-Detection/outputs/stage2/processed_images/valid/Missing_hole/DeepPCB_valid_01_PCB__1301_defect_4.png
DeepPCB,valid,01_PCB__1302.jpg,01_PCB__1302.txt,1,1,2,Open_circuit,240,390,278,426,640,640,224,224,bbox_crop,/Users/user/Deep-Learning-PCB-Defect-Detection/outputs/stage2/processed_images/valid/Open_circuit/DeepPCB_valid_01_PCB__1302_defect_1.png
DeepPCB,valid,01_PCB__1302.jpg,01_PCB__1302.txt,2,2,3,Short,188,200,225,247,640,640,224,224,bbox_crop,/Users/user/Deep-Learning-PCB-Defect-Detection/outputs/stage2/processed_images/valid/Short/DeepPCB_valid_01_PCB__1302_defect_2.png
DeepPCB,valid,01_PCB__1302.jpg,01_PCB__1302.txt,3,3,1,Mouse_bite,321,140,354,164,640,640,224,224,bbox_crop,/Users/user/Deep-Learning-PCB-Defect-Detection/outputs/stage2/processed_images/valid/Mouse_bite/DeepPCB_valid_01_PCB__1302_defect_3.png
DeepPCB,valid,01_PCB__1302.jpg,01_PCB__1302.txt,4,5,5,Spurious_copper,545,367,576,413,640,640,224,224,bbox_crop,/Users/user/Deep-Learning-PCB-Defect-Detection/outputs/stage2/processed_images/valid/Spurious_copper/DeepPCB_valid_01_PCB__1302_defect_4.png
DeepPCB,valid,01_PCB__1302.jpg,01_PCB__1302.txt,5,6,0,Missing_hole,481,461,521,504,640,640,224,224,bbox_crop,/Users/user/Deep-Learning-PCB-Defect-Detection/outputs/stage2/processed_images/valid/Missing_hole/DeepPCB_valid_01_PCB__1302_defect_5.png
DeepPCB,valid,01_PCB__1304.jpg,01_PCB__1304.txt,1,3,1,Mouse_bite,322,13,372,41,640,640,224,224,bbox_crop,/Users/user/Deep-Learning-PCB-Defect-Detection/outputs/stage2/processed_images/valid/Mouse_bite/DeepPCB_valid_01_PCB__1304_defect_1.png
DeepPCB,valid,01_PCB__1304.jpg,01_PCB__1304.txt,2,3,1,Mouse_bite,227,182,274,249,640,640,224,224,bbox_crop,/Users/user/Deep-Learning-PCB-Defect-Detection/outputs/stage2/processed_images/valid/Mouse_bite/DeepPCB_valid_01_PCB__1304_defect_2.png
DeepPCB,valid,01_PCB__1304.jpg,01_PCB__1304.txt,3,6,0,Missing_hole,168,5,205,46,640,640,224,224,bbox_crop,/Users/user/Deep-Learning-PCB-Defect-Detection/outputs/stage2/processed_images/valid/Missing_hole/DeepPCB_valid_01_PCB__1304_defect_3.png
DeepPCB,valid,01_PCB__1304.jpg,01_PCB__1304.txt,4,5,5,Spurious_copper,494,130,556,190,640,640,224,224,bbox_crop,/Users/user/Deep-Learning-PCB-Defect-Detection/outputs/stage2/processed_images/valid/Spurious_copper/DeepPCB_valid_01_PCB__1304_defect_4.png
DeepPCB,valid,01_PCB__1327.jpg,01_PCB__1327.txt,1,1,2,Open_circuit,515,360,555,396,640,640,224,224,bbox_crop,/Users/user/Deep-Learning-PCB-Defect-Detection/outputs/stage2/processed_images/valid/Open_circuit/DeepPCB_valid_01_PCB__1327_defect_1.png
DeepPCB,valid,01_PCB__1327.jpg,01_PCB__1327.txt,2,3,1,Mouse_bite,104,283,142,334,640,640,224,224,bbox_crop,/Users/user/Deep-Learning-PCB-Defect-Detection/outputs/stage2/processed_images/valid/Mouse_bite/DeepPCB_valid_01_PCB__1327_defect_2.png
DeepPCB,valid,01_PCB__1327.jpg,01_PCB__1327.txt,3,5,5,Spurious_copper,260,175,291,206,640,640,224,224,bbox_crop,/Users/user/Deep-Learning-PCB-Defect-Detection/outputs/stage2/processed_images/valid/Spurious_copper/DeepPCB_valid_01_PCB__1327_defect_3.png
DeepPCB,valid,01_PCB__1327.jpg,01_PCB__1327.txt,4,6,0,Missing_hole,301,297,332,331,640,640,224,224,bbox_crop,/Users/user/Deep-Learning-PCB-Defect-Detection/outputs/stage2/processed_images/valid/Missing_hole/DeepPCB_valid_01_PCB__1327_defect_4.png
DeepPCB,valid,01_PCB__1327.jpg,01_PCB__1327.txt,5,4,4,Spur,157,225,190,258,640,640,224,224,bbox_crop,/Users/user/Deep-Learning-PCB-Defect-Detection/outputs/stage2/processed_images/valid/Spur/DeepPCB_valid_01_PCB__1327_defect_5.png
DeepPCB,valid,01_PCB__1327.jpg,01_PCB__1327.txt,6,5,5,Spurious_copper,70,448,110,498,640,640,224,224,bbox_crop,/Users/user/Deep-Learning-PCB-Defect-Detection/outputs/stage2/processed_images/valid/Spurious_copper/DeepPCB_valid_01_PCB__1327_defect_6.png
DeepPCB,valid,01_PCB__1336.jpg,01_PCB__1336.txt,1,1,2,Open_circuit,239,454,267,482,640,640,224,224,bbox_crop,/Users/user/Deep-Learning-PCB-Defect-Detection/outputs/stage2/processed_images/valid/Open_circuit/DeepPCB_valid_01_PCB__1336_defect_1.png
DeepPCB,valid,01_PCB__1336.jpg,01_PCB__1336.txt,2,2,3,Short,188,530,228,564,640,640,224,224,bbox_crop,/Users/user/Deep-Learning-PCB-Defect-Detection/outputs/stage2/processed_images/valid/Short/DeepPCB_valid_01_PCB__1336_defect_2.png
DeepPCB,valid,01_PCB__1336.jpg,01_PCB__1336.txt,3,4,4,Spur,351,256,388,295,640,640,224,224,bbox_crop,/Users/user/Deep-Learning-PCB-Defect-Detection/outputs/stage2/processed_images/valid/Spur/DeepPCB_valid_01_PCB__1336_defect_3.png
DeepPCB,valid,01_PCB__1336.jpg,01_PCB__1336.txt,4,6,0,Missing_hole,164,255,191,294,640,640,224,224,bbox_crop,/Users/user/Deep-Learning-PCB-Defect-Detection/outputs/stage2/processed_images/valid/Missing_hole/DeepPCB_valid_01_PCB__1336_defect_4.png
DeepPCB,valid,01_PCB__1336.jpg,01_PCB__1336.txt,5,4,4,Spur,131,137,171,171,640,640,224,224,bbox_crop,/Users/user/Deep-Learning-PCB-Defect-Detection/outputs/stage2/processed_images/valid/Spur/DeepPCB_valid_01_PCB__1336_defect_5.png
DeepPCB,valid,01_PCB__1336.jpg,01_PCB__1336.txt,6,2,3,Short,342,130,389,189,640,640,224,224,bbox_crop,/Users/user/Deep-Learning-PCB-Defect-Detection/outputs/stage2/processed_images/valid/Short/DeepPCB_valid_01_PCB__1336_defect_6.png
DeepPCB,valid,01_PCB__1348.jpg,01_PCB__1348.txt,1,1,2,Open_circuit,363,440,392,472,640,640,224,224,bbox_crop,/Users/user/Deep-Learning-PCB-Defect-Detection/outputs/stage2/processed_images/valid/Open_circuit/DeepPCB_valid_01_PCB__1348_defect_1.png
DeepPCB,valid,01_PCB__1348.jpg,01_PCB__1348.txt,2,3,1,Mouse_bite,218,351,263,392,640,640,224,224,bbox_crop,/Users/user/Deep-Learning-PCB-Defect-Detection/outputs/stage2/processed_images/valid/Mouse_bite/DeepPCB_valid_01_PCB__1348_defect_2.png
DeepPCB,valid,01_PCB__1348.jpg,01_PCB__1348.txt,3,5,5,Spurious_copper,152,150,192,185,640,640,224,224,bbox_crop,/Users/user/Deep-Learning-PCB-Defect-Detection/outputs/stage2/processed_images/valid/Spurious_copper/DeepPCB_valid_01_PCB__1348_defect_3.png
DeepPCB,valid,01_PCB__1348.jpg,01_PCB__1348.txt,4,6,0,Missing_hole,317,327,355,364,640,640,224,224,bbox_crop,/Users/user/Deep-Learning-PCB-Defect-Detection/outputs/stage2/processed_images/valid/Missing_hole/DeepPCB_valid_01_PCB__1348_defect_4.png
DeepPCB,valid,01_PCB__1348.jpg,01_PCB__1348.txt,5,4,4,Spur,457,326,490,362,640,640,224,224,bbox_crop,/Users/user/Deep-Learning-PCB-Defect-Detection/outputs/stage2/processed_images/valid/Spur/DeepPCB_valid_01_PCB__1348_defect_5.png
DeepPCB,valid,01_PCB__1348.jpg,01_PCB__1348.txt,6,1,2,Open_circuit,53,248,88,280,640,640,224,224,bbox_crop,/Users/user/Deep-Learning-PCB-Defect-Detection/outputs/stage2/processed_images/valid/Open_circuit/DeepPCB_valid_01_PCB__1348_defect_6.png
DeepPCB,valid,01_PCB__1349.jpg,01_PCB__1349.txt,1,1,2,Open_circuit,153,359,194,404,640,640,224,224,bbox_crop,/Users/user/Deep-Learning-PCB-Defect-Detection/outputs/stage2/processed_images/valid/Open_circuit/DeepPCB_valid_01_PCB__1349_defect_1.png
DeepPCB,valid,01_PCB__1349.jpg,01_PCB__1349.txt,2,3,1,Mouse_bite,228,269,264,299,640,640,224,224,bbox_crop,/Users/user/Deep-Learning-PCB-Defect-Detection/outputs/stage2/processed_images/valid/Mouse_bite/DeepPCB_valid_01_PCB__1349_defect_2.png
DeepPCB,valid,01_PCB__1349.jpg,01_PCB__1349.txt,3,4,4,Spur,329,299,367,337,640,640,224,224,bbox_crop,/Users/user/Deep-Learning-PCB-Defect-Detection/outputs/stage2/processed_images/valid/Spur/DeepPCB_valid_01_PCB__1349_defect_3.png
DeepPCB,valid,01_PCB__1349.jpg,01_PCB__1349.txt,4,5,5,Spurious_copper,435,408,479,451,640,640,224,224,bbox_crop,/Users/user/Deep-Learning-PCB-Defect-Detection/outputs/stage2/processed_images/valid/Spurious_copper/DeepPCB_valid_01_PCB__1349_defect_4.png
DeepPCB,valid,01_PCB__1349.jpg,01_PCB__1349.txt,5,6,0,Missing_hole,429,268,459,303,640,640,224,224,bbox_crop,/Users/user/Deep-Learning-PCB-Defect-Detection/outputs/stage2/processed_images/valid/Missing_hole/DeepPCB_valid_01_PCB__1349_defect_5.png
DeepPCB,valid,01_PCB__1349.jpg,01_PCB__1349.txt,6,2,3,Short,96,528,125,585,640,640,224,224,bbox_crop,/Users/user/Deep-Learning-PCB-Defect-Detection/outputs/stage2/processed_images/valid/Short/DeepPCB_valid_01_PCB__1349_defect_6.png
DeepPCB,valid,01_PCB__1351.jpg,01_PCB__1351.txt,1,1,2,Open_circuit,226,367,260,397,640,640,224,224,bbox_crop,/Users/user/Deep-Learning-PCB-Defect-Detection/outputs/stage2/processed_images/valid/Open_circuit/DeepPCB_valid_01_PCB__1351_defect_1.png
DeepPCB,valid,01_PCB__1351.jpg,01_PCB__1351.txt,2,2,3,Short,19,324,53,356,640,640,224,224,bbox_crop,/Users/user/Deep-Learning-PCB-Defect-Detection/outputs/stage2/processed_images/valid/Short/DeepPCB_valid_01_PCB__1351_defect_2.png
DeepPCB,valid,01_PCB__1351.jpg,01_PCB__1351.txt,3,2,3,Short,90,532,139,563,640,640,224,224,bbox_crop,/Users/user/Deep-Learning-PCB-Defect-Detection/outputs/stage2/processed_images/valid/Short/DeepPCB_valid_01_PCB__1351_defect_3.png
DeepPCB,valid,01_PCB__1351.jpg,01_PCB__1351.txt,4,4,4,Spur,259,469,296,506,640,640,224,224,bbox_crop,/Users/user/Deep-Learning-PCB-Defect-Detection/outputs/stage2/processed_images/valid/Spur/DeepPCB_valid_01_PCB__1351_defect_4.png
DeepPCB,valid,01_PCB__1351.jpg,01_PCB__1351.txt,5,4,4,Spur,391,418,433,452,640,640,224,224,bbox_crop,/Users/user/Deep-Learning-PCB-Defect-Detection/outputs/stage2/processed_images/valid/Spur/DeepPCB_valid_01_PCB__1351_defect_5.png
DeepPCB,valid,01_PCB__1351.jpg,01_PCB__1351.txt,6,6,0,Missing_hole,129,306,165,334,640,640,224,224,bbox_crop,/Users/user/Deep-Learning-PCB-Defect-Detection/outputs/stage2/processed_images/valid/Missing_hole/DeepPCB_valid_01_PCB__1351_defect_6.png
DeepPCB,valid,01_PCB__1351.jpg,01_PCB__1351.txt,7,3,1,Mouse_bite,154,535,185,568,640,640,224,224,bbox_crop,/Users/user/Deep-Learning-PCB-Defect-Detection/outputs/stage2/processed_images/valid/Mouse_bite/DeepPCB_valid_01_PCB__1351_defect_7.png
DeepPCB,valid,01_PCB__1351.jpg,01_PCB__1351.txt,8,5,5,Spurious_copper,166,54,204,95,640,640,224,224,bbox_crop,/Users/user/Deep-Learning-PCB-Defect-Detection/outputs/stage2/processed_images/valid/Spurious_copper/DeepPCB_valid_01_PCB__1351_defect_8.png
DeepPCB,valid,01_PCB__1369.jpg,01_PCB__1369.txt,1,1,2,Open_circuit,54,303,83,331,640,640,224,224,bbox_crop,/Users/user/Deep-Learning-PCB-Defect-Detection/outputs/stage2/processed_images/valid/Open_circuit/DeepPCB_valid_01_PCB__1369_defect_1.png
DeepPCB,valid,01_PCB__1369.jpg,01_PCB__1369.txt,2,2,3,Short,114,449,191,484,640,640,224,224,bbox_crop,/Users/user/Deep-Learning-PCB-Defect-Detection/outputs/stage2/processed_images/valid/Short/DeepPCB_valid_01_PCB__1369_defect_2.png
DeepPCB,valid,01_PCB__1369.jpg,01_PCB__1369.txt,3,4,4,Spur,272,328,308,359,640,640,224,224,bbox_crop,/Users/user/Deep-Learning-PCB-Defect-Detection/outputs/stage2/processed_images/valid/Spur/DeepPCB_valid_01_PCB__1369_defect_3.png
DeepPCB,valid,01_PCB__1369.jpg,01_PCB__1369.txt,4,5,5,Spurious_copper,235,110,285,145,640,640,224,224,bbox_crop,/Users/user/Deep-Learning-PCB-Defect-Detection/outputs/stage2/processed_images/valid/Spurious_copper/DeepPCB_valid_01_PCB__1369_defect_4.png
DeepPCB,valid,01_PCB__1389.jpg,01_PCB__1389.txt,1,1,2,Open_circuit,157,400,235,437,640,640,224,224,bbox_crop,/Users/user/Deep-Learning-PCB-Defect-Detection/outputs/stage2/processed_images/valid/Open_circuit/DeepPCB_valid_01_PCB__1389_defect_1.png
DeepPCB,valid,01_PCB__1389.jpg,01_PCB__1389.txt,2,2,3,Short,204,294,302,328,640,640,224,224,bbox_crop,/Users/user/Deep-Learning-PCB-Defect-Detection/outputs/stage2/processed_images/valid/Short/DeepPCB_valid_01_PCB__1389_defect_2.png
DeepPCB,valid,01_PCB__1389.jpg,01_PCB__1389.txt,3,3,1,Mouse_bite,358,291,393,330,640,640,224,224,bbox_crop,/Users/user/Deep-Learning-PCB-Defect-Detection/outputs/stage2/processed_images/valid/Mouse_bite/DeepPCB_valid_01_PCB__1389_defect_3.png
DeepPCB,valid,01_PCB__1389.jpg,01_PCB__1389.txt,4,4,4,Spur,295,167,337,207,640,640,224,224,bbox_crop,/Users/user/Deep-Learning-PCB-Defect-Detection/outputs/stage2/processed_images/valid/Spur/DeepPCB_valid_01_PCB__1389_defect_4.png
DeepPCB,valid,01_PCB__1389.jpg,01_PCB__1389.txt,5,6,0,Missing_hole,309,417,354,459,640,640,224,224,bbox_crop,/Users/user/Deep-Learning-PCB-Defect-Detection/outputs/stage2/processed_images/valid/Missing_hole/DeepPCB_valid_01_PCB__1389_defect_5.png
DeepPCB,valid,01_PCB__1389.jpg,01_PCB__1389.txt,6,5,5,Spurious_copper,398,362,440,414,640,640,224,224,bbox_crop,/Users/user/Deep-Learning-PCB-Defect-Detection/outputs/stage2/processed_images/valid/Spurious_copper/DeepPCB_valid_01_PCB__1389_defect_6.png
DeepPCB,valid,01_PCB__1392.jpg,01_PCB__1392.txt,1,1,2,Open_circuit,248,324,330,368,640,640,224,224,bbox_crop,/Users/user/Deep-Learning-PCB-Defect-Detection/outputs/stage2/processed_images/valid/Open_circuit/DeepPCB_valid_01_PCB__1392_defect_1.png
DeepPCB,valid,01_PCB__1392.jpg,01_PCB__1392.txt,2,3,1,Mouse_bite,357,238,423,278,640,640,224,224,bbox_crop,/Users/user/Deep-Learning-PCB-Defect-Detection/outputs/stage2/processed_images/valid/Mouse_bite/DeepPCB_valid_01_PCB__1392_defect_2.png
DeepPCB,valid,01_PCB__1392.jpg,01_PCB__1392.txt,3,6,0,Missing_hole,216,217,260,266,640,640,224,224,bbox_crop,/Users/user/Deep-Learning-PCB-Defect-Detection/outputs/stage2/processed_images/valid/Missing_hole/DeepPCB_valid_01_PCB__1392_defect_3.png
DeepPCB,valid,01_PCB__1392.jpg,01_PCB__1392.txt,4,5,5,Spurious_copper,241,83,291,120,640,640,224,224,bbox_crop,/Users/user/Deep-Learning-PCB-Defect-Detection/outputs/stage2/processed_images/valid/Spurious_copper/DeepPCB_valid_01_PCB__1392_defect_4.png
DeepPCB,valid,01_PCB__1392.jpg,01_PCB__1392.txt,5,3,1,Mouse_bite,157,170,192,198,640,640,224,224,bbox_crop,/Users/user/Deep-Learning-PCB-Defect-Detection/outputs/stage2/processed_images/valid/Mouse_bite/DeepPCB_valid_01_PCB__1392_defect_5.png
DeepPCB,valid,01_PCB__1393.jpg,01_PCB__1393.txt,1,1,2,Open_circuit,202,387,280,425,640,640,224,224,bbox_crop,/Users/user/Deep-Learning-PCB-Defect-Detection/outputs/stage2/processed_images/valid/Open_circuit/DeepPCB_valid_01_PCB__1393_defect_1.png
DeepPCB,valid,01_PCB__1393.jpg,01_PCB__1393.txt,2,1,2,Open_circuit,306,240,379,275,640,640,224,224,bbox_crop,/Users/user/Deep-Learning-PCB-Defect-Detection/outputs/stage2/processed_images/valid/Open_circuit/DeepPCB_valid_01_PCB__1393_defect_2.png
DeepPCB,valid,01_PCB__1393.jpg,01_PCB__1393.txt,3,3,1,Mouse_bite,406,339,459,372,640,640,224,224,bbox_crop,/Users/user/Deep-Learning-PCB-Defect-Detection/outputs/stage2/processed_images/valid/Mouse_bite/DeepPCB_valid_01_PCB__1393_defect_3.png
DeepPCB,valid,01_PCB__1393.jpg,01_PCB__1393.txt,4,4,4,Spur,350,456,388,490,640,640,224,224,bbox_crop,/Users/user/Deep-Learning-PCB-Defect-Detection/outputs/stage2/processed_images/valid/Spur/DeepPCB_valid_01_PCB__1393_defect_4.png
DeepPCB,valid,01_PCB__1393.jpg,01_PCB__1393.txt,5,5,5,Spurious_copper,433,406,501,440,640,640,224,224,bbox_crop,/Users/user/Deep-Learning-PCB-Defect-Detection/outputs/stage2/processed_images/valid/Spurious_copper/DeepPCB_valid_01_PCB__1393_defect_5.png
DeepPCB,valid,01_PCB__1393.jpg,01_PCB__1393.txt,6,6,0,Missing_hole,532,276,569,316,640,640,224,224,bbox_crop,/Users/user/Deep-Learning-PCB-Defect-Detection/outputs/stage2/processed_images/valid/Missing_hole/DeepPCB_valid_01_PCB__1393_defect_6.png
DeepPCB,valid,01_PCB__14.jpg,01_PCB__14.txt,1,1,2,Open_circuit,161,341,226,381,640,640,224,224,bbox_crop,/Users/user/Deep-Learning-PCB-Defect-Detection/outputs/stage2/processed_images/valid/Open_circuit/DeepPCB_valid_01_PCB__14_defect_1.png
DeepPCB,valid,01_PCB__14.jpg,01_PCB__14.txt,2,3,1,Mouse_bite,279,337,317,366,640,640,224,224,bbox_crop,/Users/user/Deep-Learning-PCB-Defect-Detection/outputs/stage2/processed_images/valid/Mouse_bite/DeepPCB_valid_01_PCB__14_defect_2.png
DeepPCB,valid,01_PCB__14.jpg,01_PCB__14.txt,3,5,5,Spurious_copper,306,510,336,548,640,640,224,224,bbox_crop,/Users/user/Deep-Learning-PCB-Defect-Detection/outputs/stage2/processed_images/valid/Spurious_copper/DeepPCB_valid_01_PCB__14_defect_3.png
DeepPCB,valid,01_PCB__14.jpg,01_PCB__14.txt,4,6,0,Missing_hole,340,400,381,433,640,640,224,224,bbox_crop,/Users/user/Deep-Learning-PCB-Defect-Detection/outputs/stage2/processed_images/valid/Missing_hole/DeepPCB_valid_01_PCB__14_defect_4.png
DeepPCB,valid,01_PCB__14.jpg,01_PCB__14.txt,5,4,4,Spur,93,266,124,292,640,640,224,224,bbox_crop,/Users/user/Deep-Learning-PCB-Defect-Detection/outputs/stage2/processed_images/valid/Spur/DeepPCB_valid_01_PCB__14_defect_5.png
DeepPCB,valid,01_PCB__14.jpg,01_PCB__14.txt,6,3,1,Mouse_bite,106,217,138,247,640,640,224,224,bbox_crop,/Users/user/Deep-Learning-PCB-Defect-Detection/outputs/stage2/processed_images/valid/Mouse_bite/DeepPCB_valid_01_PCB__14_defect_6.png
DeepPCB,valid,01_PCB__14.jpg,01_PCB__14.txt,7,2,3,Short,552,359,588,392,640,640,224,224,bbox_crop,/Users/user/Deep-Learning-PCB-Defect-Detection/outputs/stage2/processed_images/valid/Short/DeepPCB_valid_01_PCB__14_defect_7.png
DeepPCB,valid,01_PCB__14.jpg,01_PCB__14.txt,8,5,5,Spurious_copper,483,500,517,528,640,640,224,224,bbox_crop,/Users/user/Deep-Learning-PCB-Defect-Detection/outputs/stage2/processed_images/valid/Spurious_copper/DeepPCB_valid_01_PCB__14_defect_8.png
DeepPCB,valid,01_PCB__14.jpg,01_PCB__14.txt,9,4,4,Spur,322,204,360,236,640,640,224,224,bbox_crop,/Users/user/Deep-Learning-PCB-Defect-Detection/outputs/stage2/processed_images/valid/Spur/DeepPCB_valid_01_PCB__14_defect_9.png
DeepPCB,valid,01_PCB__1412.jpg,01_PCB__1412.txt,1,1,2,Open_circuit,70,152,155,193,640,640,224,224,bbox_crop,/Users/user/Deep-Learning-PCB-Defect-Detection/outputs/stage2/processed_images/valid/Open_circuit/DeepPCB_valid_01_PCB__1412_defect_1.png
DeepPCB,valid,01_PCB__1412.jpg,01_PCB__1412.txt,2,2,3,Short,257,167,375,202,640,640,224,224,bbox_crop,/Users/user/Deep-Learning-PCB-Defect-Detection/outputs/stage2/processed_images/valid/Short/DeepPCB_valid_01_PCB__1412_defect_2.png
DeepPCB,valid,01_PCB__1412.jpg,01_PCB__1412.txt,3,3,1,Mouse_bite,171,287,223,331,640,640,224,224,bbox_crop,/Users/user/Deep-Learning-PCB-Defect-Detection/outputs/stage2/processed_images/valid/Mouse_bite/DeepPCB_valid_01_PCB__1412_defect_3.png
DeepPCB,valid,01_PCB__1412.jpg,01_PCB__1412.txt,4,4,4,Spur,85,536,133,573,640,640,224,224,bbox_crop,/Users/user/Deep-Learning-PCB-Defect-Detection/outputs/stage2/processed_images/valid/Spur/DeepPCB_valid_01_PCB__1412_defect_4.png
DeepPCB,valid,01_PCB__1412.jpg,01_PCB__1412.txt,5,4,4,Spur,304,450,359,485,640,640,224,224,bbox_crop,/Users/user/Deep-Learning-PCB-Defect-Detection/outputs/stage2/processed_images/valid/Spur/DeepPCB_valid_01_PCB__1412_defect_5.png
DeepPCB,valid,01_PCB__1412.jpg,01_PCB__1412.txt,6,3,1,Mouse_bite,484,449,542,483,640,640,224,224,bbox_crop,/Users/user/Deep-Learning-PCB-Defect-Detection/outputs/stage2/processed_images/valid/Mouse_bite/DeepPCB_valid_01_PCB__1412_defect_6.png
DeepPCB,valid,01_PCB__142.jpg,01_PCB__142.txt,1,1,2,Open_circuit,281,227,318,258,640,640,224,224,bbox_crop,/Users/user/Deep-Learning-PCB-Defect-Detection/outputs/stage2/processed_images/valid/Open_circuit/DeepPCB_valid_01_PCB__142_defect_1.png
DeepPCB,valid,01_PCB__142.jpg,01_PCB__142.txt,2,2,3,Short,30,243,83,272,640,640,224,224,bbox_crop,/Users/user/Deep-Learning-PCB-Defect-Detection/outputs/stage2/processed_images/valid/Short/DeepPCB_valid_01_PCB__142_defect_2.png
DeepPCB,valid,01_PCB__142.jpg,01_PCB__142.txt,3,3,1,Mouse_bite,94,241,127,266,640,640,224,224,bbox_crop,/Users/user/Deep-Learning-PCB-Defect-Detection/outputs/stage2/processed_images/valid/Mouse_bite/DeepPCB_valid_01_PCB__142_defect_3.png
DeepPCB,valid,01_PCB__142.jpg,01_PCB__142.txt,4,5,5,Spurious_copper,176,218,209,254,640,640,224,224,bbox_crop,/Users/user/Deep-Learning-PCB-Defect-Detection/outputs/stage2/processed_images/valid/Spurious_copper/DeepPCB_valid_01_PCB__142_defect_4.png
DeepPCB,valid,01_PCB__142.jpg,01_PCB__142.txt,5,6,0,Missing_hole,169,347,201,374,640,640,224,224,bbox_crop,/Users/user/Deep-Learning-PCB-Defect-Detection/outputs/stage2/processed_images/valid/Missing_hole/DeepPCB_valid_01_PCB__142_defect_5.png
DeepPCB,valid,01_PCB__142.jpg,01_PCB__142.txt,6,1,2,Open_circuit,210,497,243,541,640,640,224,224,bbox_crop,/Users/user/Deep-Learning-PCB-Defect-Detection/outputs/stage2/processed_images/valid/Open_circuit/DeepPCB_valid_01_PCB__142_defect_6.png
DeepPCB,valid,01_PCB__1422.jpg,01_PCB__1422.txt,1,1,2,Open_circuit,113,369,190,417,640,640,224,224,bbox_crop,/Users/user/Deep-Learning-PCB-Defect-Detection/outputs/stage2/processed_images/valid/Open_circuit/DeepPCB_valid_01_PCB__1422_defect_1.png
DeepPCB,valid,01_PCB__1422.jpg,01_PCB__1422.txt,2,2,3,Short,257,312,356,354,640,640,224,224,bbox_crop,/Users/user/Deep-Learning-PCB-Defect-Detection/outputs/stage2/processed_images/valid/Short/DeepPCB_valid_01_PCB__1422_defect_2.png
DeepPCB,valid,01_PCB__1422.jpg,01_PCB__1422.txt,3,4,4,Spur,206,243,242,279,640,640,224,224,bbox_crop,/Users/user/Deep-Learning-PCB-Defect-Detection/outputs/stage2/processed_images/valid/Spur/DeepPCB_valid_01_PCB__1422_defect_3.png
DeepPCB,valid,01_PCB__1422.jpg,01_PCB__1422.txt,4,5,5,Spurious_copper,291,468,327,511,640,640,224,224,bbox_crop,/Users/user/Deep-Learning-PCB-Defect-Detection/outputs/stage2/processed_images/valid/Spurious_copper/DeepPCB_valid_01_PCB__1422_defect_4.png
DeepPCB,valid,01_PCB__1422.jpg,01_PCB__1422.txt,5,6,0,Missing_hole,364,422,404,467,640,640,224,224,bbox_crop,/Users/user/Deep-Learning-PCB-Defect-Detection/outputs/stage2/processed_images/valid/Missing_hole/DeepPCB_valid_01_PCB__1422_defect_5.png
DeepPCB,valid,01_PCB__1434.jpg,01_PCB__1434.txt,1,1,2,Open_circuit,145,206,265,241,640,640,224,224,bbox_crop,/Users/user/Deep-Learning-PCB-Defect-Detection/outputs/stage2/processed_images/valid/Open_circuit/DeepPCB_valid_01_PCB__1434_defect_1.png
DeepPCB,valid,01_PCB__1434.jpg,01_PCB__1434.txt,2,3,1,Mouse_bite,462,519,507,556,640,640,224,224,bbox_crop,/Users/user/Deep-Learning-PCB-Defect-Detection/outputs/stage2/processed_images/valid/Mouse_bite/DeepPCB_valid_01_PCB__1434_defect_2.png
DeepPCB,valid,01_PCB__1434.jpg,01_PCB__1434.txt,3,3,1,Mouse_bite,465,231,506,267,640,640,224,224,bbox_crop,/Users/user/Deep-Learning-PCB-Defect-Detection/outputs/stage2/processed_images/valid/Mouse_bite/DeepPCB_valid_01_PCB__1434_defect_3.png
DeepPCB,valid,01_PCB__1434.jpg,01_PCB__1434.txt,4,6,0,Missing_hole,503,349,536,391,640,640,224,224,bbox_crop,/Users/user/Deep-Learning-PCB-Defect-Detection/outputs/stage2/processed_images/valid/Missing_hole/DeepPCB_valid_01_PCB__1434_defect_4.png
DeepPCB,valid,01_PCB__1434.jpg,01_PCB__1434.txt,5,5,5,Spurious_copper,429,342,467,388,640,640,224,224,bbox_crop,/Users/user/Deep-Learning-PCB-Defect-Detection/outputs/stage2/processed_images/valid/Spurious_copper/DeepPCB_valid_01_PCB__1434_defect_5.png
DeepPCB,valid,01_PCB__1437.jpg,01_PCB__1437.txt,1,1,2,Open_circuit,251,407,332,435,640,640,224,224,bbox_crop,/Users/user/Deep-Learning-PCB-Defect-Detection/outputs/stage2/processed_images/valid/Open_circuit/DeepPCB_valid_01_PCB__1437_defect_1.png
DeepPCB,valid,01_PCB__1437.jpg,01_PCB__1437.txt,2,2,3,Short,300,281,380,316,640,640,224,224,bbox_crop,/Users/user/Deep-Learning-PCB-Defect-Detection/outputs/stage2/processed_images/valid/Short/DeepPCB_valid_01_PCB__1437_defect_2.png
DeepPCB,valid,01_PCB__1437.jpg,01_PCB__1437.txt,3,2,3,Short,468,304,502,380,640,640,224,224,bbox_crop,/Users/user/Deep-Learning-PCB-Defect-Detection/outputs/stage2/processed_images/valid/Short/DeepPCB_valid_01_PCB__1437_defect_3.png
DeepPCB,valid,01_PCB__1437.jpg,01_PCB__1437.txt,4,3,1,Mouse_bite,542,410,587,454,640,640,224,224,bbox_crop,/Users/user/Deep-Learning-PCB-Defect-Detection/outputs/stage2/processed_images/valid/Mouse_bite/DeepPCB_valid_01_PCB__1437_defect_4.png
DeepPCB,valid,01_PCB__1437.jpg,01_PCB__1437.txt,5,3,1,Mouse_bite,136,281,194,330,640,640,224,224,bbox_crop,/Users/user/Deep-Learning-PCB-Defect-Detection/outputs/stage2/processed_images/valid/Mouse_bite/DeepPCB_valid_01_PCB__1437_defect_5.png
DeepPCB,valid,01_PCB__1437.jpg,01_PCB__1437.txt,6,5,5,Spurious_copper,71,172,107,208,640,640,224,224,bbox_crop,/Users/user/Deep-Learning-PCB-Defect-Detection/outputs/stage2/processed_images/valid/Spurious_copper/DeepPCB_valid_01_PCB__1437_defect_6.png
DeepPCB,valid,01_PCB__1437.jpg,01_PCB__1437.txt,7,6,0,Missing_hole,212,197,248,246,640,640,224,224,bbox_crop,/Users/user/Deep-Learning-PCB-Defect-Detection/outputs/stage2/processed_images/valid/Missing_hole/DeepPCB_valid_01_PCB__1437_defect_7.png
DeepPCB,valid,01_PCB__1437.jpg,01_PCB__1437.txt,8,4,4,Spur,89,428,125,482,640,640,224,224,bbox_crop,/Users/user/Deep-Learning-PCB-Defect-Detection/outputs/stage2/processed_images/valid/Spur/DeepPCB_valid_01_PCB__1437_defect_8.png
DeepPCB,valid,01_PCB__1437.jpg,01_PCB__1437.txt,9,3,1,Mouse_bite,20,364,58,411,640,640,224,224,bbox_crop,/Users/user/Deep-Learning-PCB-Defect-Detection/outputs/stage2/processed_images/valid/Mouse_bite/DeepPCB_valid_01_PCB__1437_defect_9.png
DeepPCB,valid,01_PCB__144.jpg,01_PCB__144.txt,1,1,2,Open_circuit,238,124,273,158,640,640,224,224,bbox_crop,/Users/user/Deep-Learning-PCB-Defect-Detection/outputs/stage2/processed_images/valid/Open_circuit/DeepPCB_valid_01_PCB__144_defect_1.png
DeepPCB,valid,01_PCB__144.jpg,01_PCB__144.txt,2,3,1,Mouse_bite,131,157,165,188,640,640,224,224,bbox_crop,/Users/user/Deep-Learning-PCB-Defect-Detection/outputs/stage2/processed_images/valid/Mouse_bite/DeepPCB_valid_01_PCB__144_defect_2.png
DeepPCB,valid,01_PCB__144.jpg,01_PCB__144.txt,3,4,4,Spur,113,346,143,382,640,640,224,224,bbox_crop,/Users/user/Deep-Learning-PCB-Defect-Detection/outputs/stage2/processed_images/valid/Spur/DeepPCB_valid_01_PCB__144_defect_3.png
DeepPCB,valid,01_PCB__144.jpg,01_PCB__144.txt,4,5,5,Spurious_copper,337,396,378,430,640,640,224,224,bbox_crop,/Users/user/Deep-Learning-PCB-Defect-Detection/outputs/stage2/processed_images/valid/Spurious_copper/DeepPCB_valid_01_PCB__144_defect_4.png
DeepPCB,valid,01_PCB__144.jpg,01_PCB__144.txt,5,6,0,Missing_hole,94,424,129,463,640,640,224,224,bbox_crop,/Users/user/Deep-Learning-PCB-Defect-Detection/outputs/stage2/processed_images/valid/Missing_hole/DeepPCB_valid_01_PCB__144_defect_5.png
DeepPCB,valid,01_PCB__144.jpg,01_PCB__144.txt,6,4,4,Spur,444,236,482,273,640,640,224,224,bbox_crop,/Users/user/Deep-Learning-PCB-Defect-Detection/outputs/stage2/processed_images/valid/Spur/DeepPCB_valid_01_PCB__144_defect_6.png
DeepPCB,valid,01_PCB__144.jpg,01_PCB__144.txt,7,4,4,Spur,304,115,331,150,640,640,224,224,bbox_crop,/Users/user/Deep-Learning-PCB-Defect-Detection/outputs/stage2/processed_images/valid/Spur/DeepPCB_valid_01_PCB__144_defect_7.png
DeepPCB,valid,01_PCB__1442.jpg,01_PCB__1442.txt,1,1,2,Open_circuit,235,325,354,367,640,640,224,224,bbox_crop,/Users/user/Deep-Learning-PCB-Defect-Detection/outputs/stage2/processed_images/valid/Open_circuit/DeepPCB_valid_01_PCB__1442_defect_1.png
DeepPCB,valid,01_PCB__1442.jpg,01_PCB__1442.txt,2,2,3,Short,167,560,270,598,640,640,224,224,bbox_crop,/Users/user/Deep-Learning-PCB-Defect-Detection/outputs/stage2/processed_images/valid/Short/DeepPCB_valid_01_PCB__1442_defect_2.png
DeepPCB,valid,01_PCB__1442.jpg,01_PCB__1442.txt,3,3,1,Mouse_bite,237,444,285,481,640,640,224,224,bbox_crop,/Users/user/Deep-Learning-PCB-Defect-Detection/outputs/stage2/processed_images/valid/Mouse_bite/DeepPCB_valid_01_PCB__1442_defect_3.png
DeepPCB,valid,01_PCB__1442.jpg,01_PCB__1442.txt,4,5,5,Spurious_copper,190,399,226,443,640,640,224,224,bbox_crop,/Users/user/Deep-Learning-PCB-Defect-Detection/outputs/stage2/processed_images/valid/Spurious_copper/DeepPCB_valid_01_PCB__1442_defect_4.png
DeepPCB,valid,01_PCB__1442.jpg,01_PCB__1442.txt,5,6,0,Missing_hole,279,532,333,567,640,640,224,224,bbox_crop,/Users/user/Deep-Learning-PCB-Defect-Detection/outputs/stage2/processed_images/valid/Missing_hole/DeepPCB_valid_01_PCB__1442_defect_5.png
DeepPCB,valid,01_PCB__1446.jpg,01_PCB__1446.txt,1,1,2,Open_circuit,237,360,360,416,640,640,224,224,bbox_crop,/Users/user/Deep-Learning-PCB-Defect-Detection/outputs/stage2/processed_images/valid/Open_circuit/DeepPCB_valid_01_PCB__1446_defect_1.png
DeepPCB,valid,01_PCB__1446.jpg,01_PCB__1446.txt,2,3,1,Mouse_bite,235,234,280,269,640,640,224,224,bbox_crop,/Users/user/Deep-Learning-PCB-Defect-Detection/outputs/stage2/processed_images/valid/Mouse_bite/DeepPCB_valid_01_PCB__1446_defect_2.png
DeepPCB,valid,01_PCB__1446.jpg,01_PCB__1446.txt,3,4,4,Spur,260,142,299,191,640,640,224,224,bbox_crop,/Users/user/Deep-Learning-PCB-Defect-Detection/outputs/stage2/processed_images/valid/Spur/DeepPCB_valid_01_PCB__1446_defect_3.png
DeepPCB,valid,01_PCB__1446.jpg,01_PCB__1446.txt,4,5,5,Spurious_copper,196,354,236,419,640,640,224,224,bbox_crop,/Users/user/Deep-Learning-PCB-Defect-Detection/outputs/stage2/processed_images/valid/Spurious_copper/DeepPCB_valid_01_PCB__1446_defect_4.png
DeepPCB,valid,01_PCB__1446.jpg,01_PCB__1446.txt,5,6,0,Missing_hole,273,486,308,529,640,640,224,224,bbox_crop,/Users/user/Deep-Learning-PCB-Defect-Detection/outputs/stage2/processed_images/valid/Missing_hole/DeepPCB_valid_01_PCB__1446_defect_5.png
DeepPCB,valid,01_PCB__1455.jpg,01_PCB__1455.txt,1,1,2,Open_circuit,157,275,242,328,640,640,224,224,bbox_crop,/Users/user/Deep-Learning-PCB-Defect-Detection/outputs/stage2/processed_images/valid/Open_circuit/DeepPCB_valid_01_PCB__1455_defect_1.png
DeepPCB,valid,01_PCB__1455.jpg,01_PCB__1455.txt,2,5,5,Spurious_copper,337,265,368,297,640,640,224,224,bbox_crop,/Users/user/Deep-Learning-PCB-Defect-Detection/outputs/stage2/processed_images/valid/Spurious_copper/DeepPCB_valid_01_PCB__1455_defect_2.png
DeepPCB,valid,01_PCB__1455.jpg,01_PCB__1455.txt,3,6,0,Missing_hole,419,305,445,341,640,640,224,224,bbox_crop,/Users/user/Deep-Learning-PCB-Defect-Detection/outputs/stage2/processed_images/valid/Missing_hole/DeepPCB_valid_01_PCB__1455_defect_3.png
DeepPCB,valid,01_PCB__1455.jpg,01_PCB__1455.txt,4,5,5,Spurious_copper,495,157,532,190,640,640,224,224,bbox_crop,/Users/user/Deep-Learning-PCB-Defect-Detection/outputs/stage2/processed_images/valid/Spurious_copper/DeepPCB_valid_01_PCB__1455_defect_4.png
DeepPCB,valid,01_PCB__1455.jpg,01_PCB__1455.txt,5,3,1,Mouse_bite,308,142,337,181,640,640,224,224,bbox_crop,/Users/user/Deep-Learning-PCB-Defect-Detection/outputs/stage2/processed_images/valid/Mouse_bite/DeepPCB_valid_01_PCB__1455_defect_5.png
DeepPCB,valid,01_PCB__1455.jpg,01_PCB__1455.txt,6,4,4,Spur,369,482,412,535,640,640,224,224,bbox_crop,/Users/user/Deep-Learning-PCB-Defect-Detection/outputs/stage2/processed_images/valid/Spur/DeepPCB_valid_01_PCB__1455_defect_6.png
DeepPCB,valid,01_PCB__1455.jpg,01_PCB__1455.txt,7,6,0,Missing_hole,64,522,97,554,640,640,224,224,bbox_crop,/Users/user/Deep-Learning-PCB-Defect-Detection/outputs/stage2/processed_images/valid/Missing_hole/DeepPCB_valid_01_PCB__1455_defect_7.png
DeepPCB,valid,01_PCB__1457.jpg,01_PCB__1457.txt,1,1,2,Open_circuit,155,364,240,399,640,640,224,224,bbox_crop,/Users/user/Deep-Learning-PCB-Defect-Detection/outputs/stage2/processed_images/valid/Open_circuit/DeepPCB_valid_01_PCB__1457_defect_1.png
DeepPCB,valid,01_PCB__1457.jpg,01_PCB__1457.txt,2,1,2,Open_circuit,257,413,339,466,640,640,224,224,bbox_crop,/Users/user/Deep-Learning-PCB-Defect-Detection/outputs/stage2/processed_images/valid/Open_circuit/DeepPCB_valid_01_PCB__1457_defect_2.png
DeepPCB,valid,01_PCB__1457.jpg,01_PCB__1457.txt,3,2,3,Short,375,339,417,444,640,640,224,224,bbox_crop,/Users/user/Deep-Learning-PCB-Defect-Detection/outputs/stage2/processed_images/valid/Short/DeepPCB_valid_01_PCB__1457_defect_3.png
DeepPCB,valid,01_PCB__1457.jpg,01_PCB__1457.txt,4,3,1,Mouse_bite,454,394,498,440,640,640,224,224,bbox_crop,/Users/user/Deep-Learning-PCB-Defect-Detection/outputs/stage2/processed_images/valid/Mouse_bite/DeepPCB_valid_01_PCB__1457_defect_4.png
DeepPCB,valid,01_PCB__1457.jpg,01_PCB__1457.txt,5,5,5,Spurious_copper,375,173,412,216,640,640,224,224,bbox_crop,/Users/user/Deep-Learning-PCB-Defect-Detection/outputs/stage2/processed_images/valid/Spurious_copper/DeepPCB_valid_01_PCB__1457_defect_5.png
DeepPCB,valid,01_PCB__1457.jpg,01_PCB__1457.txt,6,6,0,Missing_hole,479,244,522,275,640,640,224,224,bbox_crop,/Users/user/Deep-Learning-PCB-Defect-Detection/outputs/stage2/processed_images/valid/Missing_hole/DeepPCB_valid_01_PCB__1457_defect_6.png
DeepPCB,valid,01_PCB__1459.jpg,01_PCB__1459.txt,1,1,2,Open_circuit,157,215,241,274,640,640,224,224,bbox_crop,/Users/user/Deep-Learning-PCB-Defect-Detection/outputs/stage2/processed_images/valid/Open_circuit/DeepPCB_valid_01_PCB__1459_defect_1.png
DeepPCB,valid,01_PCB__1459.jpg,01_PCB__1459.txt,2,2,3,Short,309,297,406,336,640,640,224,224,bbox_crop,/Users/user/Deep-Learning-PCB-Defect-Detection/outputs/stage2/processed_images/valid/Short/DeepPCB_valid_01_PCB__1459_defect_2.png
DeepPCB,valid,01_PCB__1459.jpg,01_PCB__1459.txt,3,4,4,Spur,470,448,507,483,640,640,224,224,bbox_crop,/Users/user/Deep-Learning-PCB-Defect-Detection/outputs/stage2/processed_images/valid/Spur/DeepPCB_valid_01_PCB__1459_defect_3.png
DeepPCB,valid,01_PCB__1459.jpg,01_PCB__1459.txt,4,3,1,Mouse_bite,534,245,573,283,640,640,224,224,bbox_crop,/Users/user/Deep-Learning-PCB-Defect-Detection/outputs/stage2/processed_images/valid/Mouse_bite/DeepPCB_valid_01_PCB__1459_defect_4.png
DeepPCB,valid,01_PCB__1459.jpg,01_PCB__1459.txt,5,6,0,Missing_hole,423,123,466,184,640,640,224,224,bbox_crop,/Users/user/Deep-Learning-PCB-Defect-Detection/outputs/stage2/processed_images/valid/Missing_hole/DeepPCB_valid_01_PCB__1459_defect_5.png
DeepPCB,valid,01_PCB__1484.jpg,01_PCB__1484.txt,1,1,2,Open_circuit,73,135,149,176,640,640,224,224,bbox_crop,/Users/user/Deep-Learning-PCB-Defect-Detection/outputs/stage2/processed_images/valid/Open_circuit/DeepPCB_valid_01_PCB__1484_defect_1.png
DeepPCB,valid,01_PCB__1484.jpg,01_PCB__1484.txt,2,2,3,Short,291,113,331,196,640,640,224,224,bbox_crop,/Users/user/Deep-Learning-PCB-Defect-Detection/outputs/stage2/processed_images/valid/Short/DeepPCB_valid_01_PCB__1484_defect_2.png
DeepPCB,valid,01_PCB__1484.jpg,01_PCB__1484.txt,3,4,4,Spur,295,319,338,355,640,640,224,224,bbox_crop,/Users/user/Deep-Learning-PCB-Defect-Detection/outputs/stage2/processed_images/valid/Spur/DeepPCB_valid_01_PCB__1484_defect_3.png
DeepPCB,valid,01_PCB__1484.jpg,01_PCB__1484.txt,4,4,4,Spur,120,394,160,434,640,640,224,224,bbox_crop,/Users/user/Deep-Learning-PCB-Defect-Detection/outputs/stage2/processed_images/valid/Spur/DeepPCB_valid_01_PCB__1484_defect_4.png
DeepPCB,valid,01_PCB__1488.jpg,01_PCB__1488.txt,1,1,2,Open_circuit,170,105,257,142,640,640,224,224,bbox_crop,/Users/user/Deep-Learning-PCB-Defect-Detection/outputs/stage2/processed_images/valid/Open_circuit/DeepPCB_valid_01_PCB__1488_defect_1.png
DeepPCB,valid,01_PCB__1488.jpg,01_PCB__1488.txt,2,2,3,Short,122,226,202,269,640,640,224,224,bbox_crop,/Users/user/Deep-Learning-PCB-Defect-Detection/outputs/stage2/processed_images/valid/Short/DeepPCB_valid_01_PCB__1488_defect_2.png
DeepPCB,valid,01_PCB__1488.jpg,01_PCB__1488.txt,3,2,3,Short,295,70,328,154,640,640,224,224,bbox_crop,/Users/user/Deep-Learning-PCB-Defect-Detection/outputs/stage2/processed_images/valid/Short/DeepPCB_valid_01_PCB__1488_defect_3.png
DeepPCB,valid,01_PCB__1488.jpg,01_PCB__1488.txt,4,6,0,Missing_hole,227,218,259,263,640,640,224,224,bbox_crop,/Users/user/Deep-Learning-PCB-Defect-Detection/outputs/stage2/processed_images/valid/Missing_hole/DeepPCB_valid_01_PCB__1488_defect_4.png
DeepPCB,valid,01_PCB__1488.jpg,01_PCB__1488.txt,5,5,5,Spurious_copper,149,467,208,527,640,640,224,224,bbox_crop,/Users/user/Deep-Learning-PCB-Defect-Detection/outputs/stage2/processed_images/valid/Spurious_copper/DeepPCB_valid_01_PCB__1488_defect_5.png
DeepPCB,valid,01_PCB__1488.jpg,01_PCB__1488.txt,6,2,3,Short,481,390,575,434,640,640,224,224,bbox_crop,/Users/user/Deep-Learning-PCB-Defect-Detection/outputs/stage2/processed_images/valid/Short/DeepPCB_valid_01_PCB__1488_defect_6.png
DeepPCB,valid,01_PCB__161.jpg,01_PCB__161.txt,1,1,2,Open_circuit,95,100,156,128,640,640,224,224,bbox_crop,/Users/user/Deep-Learning-PCB-Defect-Detection/outputs/stage2/processed_images/valid/Open_circuit/DeepPCB_valid_01_PCB__161_defect_1.png
DeepPCB,valid,01_PCB__161.jpg,01_PCB__161.txt,2,2,3,Short,394,180,420,233,640,640,224,224,bbox_crop,/Users/user/Deep-Learning-PCB-Defect-Detection/outputs/stage2/processed_images/valid/Short/DeepPCB_valid_01_PCB__161_defect_2.png
DeepPCB,valid,01_PCB__161.jpg,01_PCB__161.txt,3,2,3,Short,481,179,509,238,640,640,224,224,bbox_crop,/Users/user/Deep-Learning-PCB-Defect-Detection/outputs/stage2/processed_images/valid/Short/DeepPCB_valid_01_PCB__161_defect_3.png
DeepPCB,valid,01_PCB__161.jpg,01_PCB__161.txt,4,4,4,Spur,161,416,197,448,640,640,224,224,bbox_crop,/Users/user/Deep-Learning-PCB-Defect-Detection/outputs/stage2/processed_images/valid/Spur/DeepPCB_valid_01_PCB__161_defect_4.png
DeepPCB,valid,01_PCB__161.jpg,01_PCB__161.txt,5,2,3,Short,472,462,503,518,640,640,224,224,bbox_crop,/Users/user/Deep-Learning-PCB-Defect-Detection/outputs/stage2/processed_images/valid/Short/DeepPCB_valid_01_PCB__161_defect_5.png
DeepPCB,valid,01_PCB__161.jpg,01_PCB__161.txt,6,3,1,Mouse_bite,480,401,510,428,640,640,224,224,bbox_crop,/Users/user/Deep-Learning-PCB-Defect-Detection/outputs/stage2/processed_images/valid/Mouse_bite/DeepPCB_valid_01_PCB__161_defect_6.png
DeepPCB,valid,01_PCB__161.jpg,01_PCB__161.txt,7,5,5,Spurious_copper,203,241,240,277,640,640,224,224,bbox_crop,/Users/user/Deep-Learning-PCB-Defect-Detection/outputs/stage2/processed_images/valid/Spurious_copper/DeepPCB_valid_01_PCB__161_defect_7.png
DeepPCB,valid,01_PCB__161.jpg,01_PCB__161.txt,8,6,0,Missing_hole,148,369,178,407,640,640,224,224,bbox_crop,/Users/user/Deep-Learning-PCB-Defect-Detection/outputs/stage2/processed_images/valid/Missing_hole/DeepPCB_valid_01_PCB__161_defect_8.png
DeepPCB,valid,01_PCB__161.jpg,01_PCB__161.txt,9,1,2,Open_circuit,321,272,368,317,640,640,224,224,bbox_crop,/Users/user/Deep-Learning-PCB-Defect-Detection/outputs/stage2/processed_images/valid/Open_circuit/DeepPCB_valid_01_PCB__161_defect_9.png
DeepPCB,valid,01_PCB__174.jpg,01_PCB__174.txt,1,1,2,Open_circuit,290,172,330,208,640,640,224,224,bbox_crop,/Users/user/Deep-Learning-PCB-Defect-Detection/outputs/stage2/processed_images/valid/Open_circuit/DeepPCB_valid_01_PCB__174_defect_1.png
DeepPCB,valid,01_PCB__174.jpg,01_PCB__174.txt,2,2,3,Short,192,118,229,153,640,640,224,224,bbox_crop,/Users/user/Deep-Learning-PCB-Defect-Detection/outputs/stage2/processed_images/valid/Short/DeepPCB_valid_01_PCB__174_defect_2.png
DeepPCB,valid,01_PCB__174.jpg,01_PCB__174.txt,3,4,4,Spur,207,84,256,113,640,640,224,224,bbox_crop,/Users/user/Deep-Learning-PCB-Defect-Detection/outputs/stage2/processed_images/valid/Spur/DeepPCB_valid_01_PCB__174_defect_3.png
DeepPCB,valid,01_PCB__174.jpg,01_PCB__174.txt,4,5,5,Spurious_copper,358,127,398,158,640,640,224,224,bbox_crop,/Users/user/Deep-Learning-PCB-Defect-Detection/outputs/stage2/processed_images/valid/Spurious_copper/DeepPCB_valid_01_PCB__174_defect_4.png
DeepPCB,valid,01_PCB__174.jpg,01_PCB__174.txt,5,6,0,Missing_hole,116,42,153,68,640,640,224,224,bbox_crop,/Users/user/Deep-Learning-PCB-Defect-Detection/outputs/stage2/processed_images/valid/Missing_hole/DeepPCB_valid_01_PCB__174_defect_5.png
DeepPCB,valid,01_PCB__174.jpg,01_PCB__174.txt,6,1,2,Open_circuit,278,408,340,456,640,640,224,224,bbox_crop,/Users/user/Deep-Learning-PCB-Defect-Detection/outputs/stage2/processed_images/valid/Open_circuit/DeepPCB_valid_01_PCB__174_defect_6.png
DeepPCB,valid,01_PCB__19.jpg,01_PCB__19.txt,1,1,2,Open_circuit,230,148,276,180,640,640,224,224,bbox_crop,/Users/user/Deep-Learning-PCB-Defect-Detection/outputs/stage2/processed_images/valid/Open_circuit/DeepPCB_valid_01_PCB__19_defect_1.png
DeepPCB,valid,01_PCB__19.jpg,01_PCB__19.txt,2,2,3,Short,76,461,121,491,640,640,224,224,bbox_crop,/Users/user/Deep-Learning-PCB-Defect-Detection/outputs/stage2/processed_images/valid/Short/DeepPCB_valid_01_PCB__19_defect_2.png
DeepPCB,valid,01_PCB__19.jpg,01_PCB__19.txt,3,3,1,Mouse_bite,265,558,308,590,640,640,224,224,bbox_crop,/Users/user/Deep-Learning-PCB-Defect-Detection/outputs/stage2/processed_images/valid/Mouse_bite/DeepPCB_valid_01_PCB__19_defect_3.png
DeepPCB,valid,01_PCB__19.jpg,01_PCB__19.txt,4,4,4,Spur,88,159,122,188,640,640,224,224,bbox_crop,/Users/user/Deep-Learning-PCB-Defect-Detection/outputs/stage2/processed_images/valid/Spur/DeepPCB_valid_01_PCB__19_defect_4.png
DeepPCB,valid,01_PCB__19.jpg,01_PCB__19.txt,5,5,5,Spurious_copper,180,224,244,249,640,640,224,224,bbox_crop,/Users/user/Deep-Learning-PCB-Defect-Detection/outputs/stage2/processed_images/valid/Spurious_copper/DeepPCB_valid_01_PCB__19_defect_5.png
DeepPCB,valid,01_PCB__19.jpg,01_PCB__19.txt,6,6,0,Missing_hole,309,302,367,331,640,640,224,224,bbox_crop,/Users/user/Deep-Learning-PCB-Defect-Detection/outputs/stage2/processed_images/valid/Missing_hole/DeepPCB_valid_01_PCB__19_defect_6.png
DeepPCB,valid,01_PCB__19.jpg,01_PCB__19.txt,7,5,5,Spurious_copper,284,79,331,113,640,640,224,224,bbox_crop,/Users/user/Deep-Learning-PCB-Defect-Detection/outputs/stage2/processed_images/valid/Spurious_copper/DeepPCB_valid_01_PCB__19_defect_7.png
DeepPCB,valid,01_PCB__195.jpg,01_PCB__195.txt,1,1,2,Open_circuit,205,248,259,305,640,640,224,224,bbox_crop,/Users/user/Deep-Learning-PCB-Defect-Detection/outputs/stage2/processed_images/valid/Open_circuit/DeepPCB_valid_01_PCB__195_defect_1.png
DeepPCB,valid,01_PCB__195.jpg,01_PCB__195.txt,2,3,1,Mouse_bite,300,264,352,305,640,640,224,224,bbox_crop,/Users/user/Deep-Learning-PCB-Defect-Detection/outputs/stage2/processed_images/valid/Mouse_bite/DeepPCB_valid_01_PCB__195_defect_2.png
DeepPCB,valid,01_PCB__195.jpg,01_PCB__195.txt,3,3,1,Mouse_bite,399,270,469,305,640,640,224,224,bbox_crop,/Users/user/Deep-Learning-PCB-Defect-Detection/outputs/stage2/processed_images/valid/Mouse_bite/DeepPCB_valid_01_PCB__195_defect_3.png
DeepPCB,valid,01_PCB__195.jpg,01_PCB__195.txt,4,5,5,Spurious_copper,181,154,216,189,640,640,224,224,bbox_crop,/Users/user/Deep-Learning-PCB-Defect-Detection/outputs/stage2/processed_images/valid/Spurious_copper/DeepPCB_valid_01_PCB__195_defect_4.png
DeepPCB,valid,01_PCB__199.jpg,01_PCB__199.txt,1,1,2,Open_circuit,135,346,186,419,640,640,224,224,bbox_crop,/Users/user/Deep-Learning-PCB-Defect-Detection/outputs/stage2/processed_images/valid/Open_circuit/DeepPCB_valid_01_PCB__199_defect_1.png
DeepPCB,valid,01_PCB__199.jpg,01_PCB__199.txt,2,3,1,Mouse_bite,411,373,443,408,640,640,224,224,bbox_crop,/Users/user/Deep-Learning-PCB-Defect-Detection/outputs/stage2/processed_images/valid/Mouse_bite/DeepPCB_valid_01_PCB__199_defect_2.png
DeepPCB,valid,01_PCB__199.jpg,01_PCB__199.txt,3,5,5,Spurious_copper,281,260,313,293,640,640,224,224,bbox_crop,/Users/user/Deep-Learning-PCB-Defect-Detection/outputs/stage2/processed_images/valid/Spurious_copper/DeepPCB_valid_01_PCB__199_defect_3.png
DeepPCB,valid,01_PCB__199.jpg,01_PCB__199.txt,4,6,0,Missing_hole,146,37,183,61,640,640,224,224,bbox_crop,/Users/user/Deep-Learning-PCB-Defect-Detection/outputs/stage2/processed_images/valid/Missing_hole/DeepPCB_valid_01_PCB__199_defect_4.png
DeepPCB,valid,01_PCB__214.jpg,01_PCB__214.txt,1,1,2,Open_circuit,275,293,315,345,640,640,224,224,bbox_crop,/Users/user/Deep-Learning-PCB-Defect-Detection/outputs/stage2/processed_images/valid/Open_circuit/DeepPCB_valid_01_PCB__214_defect_1.png
DeepPCB,valid,01_PCB__214.jpg,01_PCB__214.txt,2,2,3,Short,210,207,246,305,640,640,224,224,bbox_crop,/Users/user/Deep-Learning-PCB-Defect-Detection/outputs/stage2/processed_images/valid/Short/DeepPCB_valid_01_PCB__214_defect_2.png
DeepPCB,valid,01_PCB__214.jpg,01_PCB__214.txt,3,4,4,Spur,139,281,174,316,640,640,224,224,bbox_crop,/Users/user/Deep-Learning-PCB-Defect-Detection/outputs/stage2/processed_images/valid/Spur/DeepPCB_valid_01_PCB__214_defect_3.png
DeepPCB,valid,01_PCB__214.jpg,01_PCB__214.txt,4,6,0,Missing_hole,421,239,460,275,640,640,224,224,bbox_crop,/Users/user/Deep-Learning-PCB-Defect-Detection/outputs/stage2/processed_images/valid/Missing_hole/DeepPCB_valid_01_PCB__214_defect_4.png
DeepPCB,valid,01_PCB__214.jpg,01_PCB__214.txt,5,5,5,Spurious_copper,278,425,327,470,640,640,224,224,bbox_crop,/Users/user/Deep-Learning-PCB-Defect-Detection/outputs/stage2/processed_images/valid/Spurious_copper/DeepPCB_valid_01_PCB__214_defect_5.png
DeepPCB,valid,01_PCB__222.jpg,01_PCB__222.txt,1,1,2,Open_circuit,80,284,114,317,640,640,224,224,bbox_crop,/Users/user/Deep-Learning-PCB-Defect-Detection/outputs/stage2/processed_images/valid/Open_circuit/DeepPCB_valid_01_PCB__222_defect_1.png
DeepPCB,valid,01_PCB__222.jpg,01_PCB__222.txt,2,2,3,Short,291,273,336,304,640,640,224,224,bbox_crop,/Users/user/Deep-Learning-PCB-Defect-Detection/outputs/stage2/processed_images/valid/Short/DeepPCB_valid_01_PCB__222_defect_2.png
DeepPCB,valid,01_PCB__222.jpg,01_PCB__222.txt,3,4,4,Spur,218,185,257,215,640,640,224,224,bbox_crop,/Users/user/Deep-Learning-PCB-Defect-Detection/outputs/stage2/processed_images/valid/Spur/DeepPCB_valid_01_PCB__222_defect_3.png
DeepPCB,valid,01_PCB__222.jpg,01_PCB__222.txt,4,6,0,Missing_hole,248,143,274,170,640,640,224,224,bbox_crop,/Users/user/Deep-Learning-PCB-Defect-Detection/outputs/stage2/processed_images/valid/Missing_hole/DeepPCB_valid_01_PCB__222_defect_4.png
DeepPCB,valid,01_PCB__222.jpg,01_PCB__222.txt,5,5,5,Spurious_copper,29,218,62,251,640,640,224,224,bbox_crop,/Users/user/Deep-Learning-PCB-Defect-Detection/outputs/stage2/processed_images/valid/Spurious_copper/DeepPCB_valid_01_PCB__222_defect_5.png
DeepPCB,valid,01_PCB__222.jpg,01_PCB__222.txt,6,3,1,Mouse_bite,210,66,236,99,640,640,224,224,bbox_crop,/Users/user/Deep-Learning-PCB-Defect-Detection/outputs/stage2/processed_images/valid/Mouse_bite/DeepPCB_valid_01_PCB__222_defect_6.png
DeepPCB,valid,01_PCB__222.jpg,01_PCB__222.txt,7,3,1,Mouse_bite,391,71,419,99,640,640,224,224,bbox_crop,/Users/user/Deep-Learning-PCB-Defect-Detection/outputs/stage2/processed_images/valid/Mouse_bite/DeepPCB_valid_01_PCB__222_defect_7.png
DeepPCB,valid,01_PCB__222.jpg,01_PCB__222.txt,8,2,3,Short,574,402,607,440,640,640,224,224,bbox_crop,/Users/user/Deep-Learning-PCB-Defect-Detection/outputs/stage2/processed_images/valid/Short/DeepPCB_valid_01_PCB__222_defect_8.png
DeepPCB,valid,01_PCB__222.jpg,01_PCB__222.txt,9,1,2,Open_circuit,466,324,495,366,640,640,224,224,bbox_crop,/Users/user/Deep-Learning-PCB-Defect-Detection/outputs/stage2/processed_images/valid/Open_circuit/DeepPCB_valid_01_PCB__222_defect_9.png
DeepPCB,valid,01_PCB__245.jpg,01_PCB__245.txt,1,1,2,Open_circuit,318,202,352,233,640,640,224,224,bbox_crop,/Users/user/Deep-Learning-PCB-Defect-Detection/outputs/stage2/processed_images/valid/Open_circuit/DeepPCB_valid_01_PCB__245_defect_1.png
DeepPCB,valid,01_PCB__245.jpg,01_PCB__245.txt,2,3,1,Mouse_bite,187,189,218,218,640,640,224,224,bbox_crop,/Users/user/Deep-Learning-PCB-Defect-Detection/outputs/stage2/processed_images/valid/Mouse_bite/DeepPCB_valid_01_PCB__245_defect_2.png
DeepPCB,valid,01_PCB__245.jpg,01_PCB__245.txt,3,4,4,Spur,407,577,439,608,640,640,224,224,bbox_crop,/Users/user/Deep-Learning-PCB-Defect-Detection/outputs/stage2/processed_images/valid/Spur/DeepPCB_valid_01_PCB__245_defect_3.png
DeepPCB,valid,01_PCB__245.jpg,01_PCB__245.txt,4,6,0,Missing_hole,365,294,394,321,640,640,224,224,bbox_crop,/Users/user/Deep-Learning-PCB-Defect-Detection/outputs/stage2/processed_images/valid/Missing_hole/DeepPCB_valid_01_PCB__245_defect_4.png
DeepPCB,valid,01_PCB__245.jpg,01_PCB__245.txt,5,5,5,Spurious_copper,107,191,142,222,640,640,224,224,bbox_crop,/Users/user/Deep-Learning-PCB-Defect-Detection/outputs/stage2/processed_images/valid/Spurious_copper/DeepPCB_valid_01_PCB__245_defect_5.png
DeepPCB,valid,01_PCB__245.jpg,01_PCB__245.txt,6,4,4,Spur,183,405,214,434,640,640,224,224,bbox_crop,/Users/user/Deep-Learning-PCB-Defect-Detection/outputs/stage2/processed_images/valid/Spur/DeepPCB_valid_01_PCB__245_defect_6.png
DeepPCB,valid,01_PCB__257.jpg,01_PCB__257.txt,1,1,2,Open_circuit,229,535,257,564,640,640,224,224,bbox_crop,/Users/user/Deep-Learning-PCB-Defect-Detection/outputs/stage2/processed_images/valid/Open_circuit/DeepPCB_valid_01_PCB__257_defect_1.png
DeepPCB,valid,01_PCB__257.jpg,01_PCB__257.txt,2,2,3,Short,81,467,117,506,640,640,224,224,bbox_crop,/Users/user/Deep-Learning-PCB-Defect-Detection/outputs/stage2/processed_images/valid/Short/DeepPCB_valid_01_PCB__257_defect_2.png
DeepPCB,valid,01_PCB__257.jpg,01_PCB__257.txt,3,3,1,Mouse_bite,250,269,288,301,640,640,224,224,bbox_crop,/Users/user/Deep-Learning-PCB-Defect-Detection/outputs/stage2/processed_images/valid/Mouse_bite/DeepPCB_valid_01_PCB__257_defect_3.png
DeepPCB,valid,01_PCB__257.jpg,01_PCB__257.txt,4,4,4,Spur,92,266,124,302,640,640,224,224,bbox_crop,/Users/user/Deep-Learning-PCB-Defect-Detection/outputs/stage2/processed_images/valid/Spur/DeepPCB_valid_01_PCB__257_defect_4.png
DeepPCB,valid,01_PCB__257.jpg,01_PCB__257.txt,5,6,0,Missing_hole,39,76,73,109,640,640,224,224,bbox_crop,/Users/user/Deep-Learning-PCB-Defect-Detection/outputs/stage2/processed_images/valid/Missing_hole/DeepPCB_valid_01_PCB__257_defect_5.png
DeepPCB,valid,01_PCB__257.jpg,01_PCB__257.txt,6,5,5,Spurious_copper,219,181,250,214,640,640,224,224,bbox_crop,/Users/user/Deep-Learning-PCB-Defect-Detection/outputs/stage2/processed_images/valid/Spurious_copper/DeepPCB_valid_01_PCB__257_defect_6.png
DeepPCB,valid,01_PCB__257.jpg,01_PCB__257.txt,7,4,4,Spur,155,223,189,255,640,640,224,224,bbox_crop,/Users/user/Deep-Learning-PCB-Defect-Detection/outputs/stage2/processed_images/valid/Spur/DeepPCB_valid_01_PCB__257_defect_7.png
DeepPCB,valid,01_PCB__271.jpg,01_PCB__271.txt,1,2,3,Short,337,356,373,380,640,640,224,224,bbox_crop,/Users/user/Deep-Learning-PCB-Defect-Detection/outputs/stage2/processed_images/valid/Short/DeepPCB_valid_01_PCB__271_defect_1.png
DeepPCB,valid,01_PCB__271.jpg,01_PCB__271.txt,2,1,2,Open_circuit,179,367,208,393,640,640,224,224,bbox_crop,/Users/user/Deep-Learning-PCB-Defect-Detection/outputs/stage2/processed_images/valid/Open_circuit/DeepPCB_valid_01_PCB__271_defect_2.png
DeepPCB,valid,01_PCB__271.jpg,01_PCB__271.txt,3,6,0,Missing_hole,151,214,185,243,640,640,224,224,bbox_crop,/Users/user/Deep-Learning-PCB-Defect-Detection/outputs/stage2/processed_images/valid/Missing_hole/DeepPCB_valid_01_PCB__271_defect_3.png
DeepPCB,valid,01_PCB__271.jpg,01_PCB__271.txt,4,4,4,Spur,68,396,102,427,640,640,224,224,bbox_crop,/Users/user/Deep-Learning-PCB-Defect-Detection/outputs/stage2/processed_images/valid/Spur/DeepPCB_valid_01_PCB__271_defect_4.png
DeepPCB,valid,01_PCB__271.jpg,01_PCB__271.txt,5,5,5,Spurious_copper,378,446,419,484,640,640,224,224,bbox_crop,/Users/user/Deep-Learning-PCB-Defect-Detection/outputs/stage2/processed_images/valid/Spurious_copper/DeepPCB_valid_01_PCB__271_defect_5.png
DeepPCB,valid,01_PCB__271.jpg,01_PCB__271.txt,6,4,4,Spur,522,367,556,397,640,640,224,224,bbox_crop,/Users/user/Deep-Learning-PCB-Defect-Detection/outputs/stage2/processed_images/valid/Spur/DeepPCB_valid_01_PCB__271_defect_6.png
DeepPCB,valid,01_PCB__271.jpg,01_PCB__271.txt,7,3,1,Mouse_bite,453,528,484,559,640,640,224,224,bbox_crop,/Users/user/Deep-Learning-PCB-Defect-Detection/outputs/stage2/processed_images/valid/Mouse_bite/DeepPCB_valid_01_PCB__271_defect_7.png
DeepPCB,valid,01_PCB__273.jpg,01_PCB__273.txt,1,1,2,Open_circuit,72,300,127,360,640,640,224,224,bbox_crop,/Users/user/Deep-Learning-PCB-Defect-Detection/outputs/stage2/processed_images/valid/Open_circuit/DeepPCB_valid_01_PCB__273_defect_1.png
DeepPCB,valid,01_PCB__273.jpg,01_PCB__273.txt,2,2,3,Short,467,487,524,564,640,640,224,224,bbox_crop,/Users/user/Deep-Learning-PCB-Defect-Detection/outputs/stage2/processed_images/valid/Short/DeepPCB_valid_01_PCB__273_defect_2.png
DeepPCB,valid,01_PCB__273.jpg,01_PCB__273.txt,3,4,4,Spur,534,406,566,436,640,640,224,224,bbox_crop,/Users/user/Deep-Learning-PCB-Defect-Detection/outputs/stage2/processed_images/valid/Spur/DeepPCB_valid_01_PCB__273_defect_3.png
DeepPCB,valid,01_PCB__273.jpg,01_PCB__273.txt,4,6,0,Missing_hole,313,133,356,172,640,640,224,224,bbox_crop,/Users/user/Deep-Learning-PCB-Defect-Detection/outputs/stage2/processed_images/valid/Missing_hole/DeepPCB_valid_01_PCB__273_defect_4.png
DeepPCB,valid,01_PCB__273.jpg,01_PCB__273.txt,5,3,1,Mouse_bite,500,124,536,157,640,640,224,224,bbox_crop,/Users/user/Deep-Learning-PCB-Defect-Detection/outputs/stage2/processed_images/valid/Mouse_bite/DeepPCB_valid_01_PCB__273_defect_5.png
DeepPCB,valid,01_PCB__300.jpg,01_PCB__300.txt,1,1,2,Open_circuit,135,324,167,352,640,640,224,224,bbox_crop,/Users/user/Deep-Learning-PCB-Defect-Detection/outputs/stage2/processed_images/valid/Open_circuit/DeepPCB_valid_01_PCB__300_defect_1.png
DeepPCB,valid,01_PCB__300.jpg,01_PCB__300.txt,2,2,3,Short,80,234,119,269,640,640,224,224,bbox_crop,/Users/user/Deep-Learning-PCB-Defect-Detection/outputs/stage2/processed_images/valid/Short/DeepPCB_valid_01_PCB__300_defect_2.png
DeepPCB,valid,01_PCB__300.jpg,01_PCB__300.txt,3,3,1,Mouse_bite,464,146,496,172,640,640,224,224,bbox_crop,/Users/user/Deep-Learning-PCB-Defect-Detection/outputs/stage2/processed_images/valid/Mouse_bite/DeepPCB_valid_01_PCB__300_defect_3.png
DeepPCB,valid,01_PCB__300.jpg,01_PCB__300.txt,4,4,4,Spur,402,52,439,90,640,640,224,224,bbox_crop,/Users/user/Deep-Learning-PCB-Defect-Detection/outputs/stage2/processed_images/valid/Spur/DeepPCB_valid_01_PCB__300_defect_4.png
DeepPCB,valid,01_PCB__300.jpg,01_PCB__300.txt,5,5,5,Spurious_copper,234,121,283,163,640,640,224,224,bbox_crop,/Users/user/Deep-Learning-PCB-Defect-Detection/outputs/stage2/processed_images/valid/Spurious_copper/DeepPCB_valid_01_PCB__300_defect_5.png
DeepPCB,valid,01_PCB__317.jpg,01_PCB__317.txt,1,1,2,Open_circuit,489,357,525,391,640,640,224,224,bbox_crop,/Users/user/Deep-Learning-PCB-Defect-Detection/outputs/stage2/processed_images/valid/Open_circuit/DeepPCB_valid_01_PCB__317_defect_1.png
DeepPCB,valid,01_PCB__317.jpg,01_PCB__317.txt,2,2,3,Short,591,338,621,380,640,640,224,224,bbox_crop,/Users/user/Deep-Learning-PCB-Defect-Detection/outputs/stage2/processed_images/valid/Short/DeepPCB_valid_01_PCB__317_defect_2.png
DeepPCB,valid,01_PCB__317.jpg,01_PCB__317.txt,3,3,1,Mouse_bite,110,276,148,303,640,640,224,224,bbox_crop,/Users/user/Deep-Learning-PCB-Defect-Detection/outputs/stage2/processed_images/valid/Mouse_bite/DeepPCB_valid_01_PCB__317_defect_3.png
DeepPCB,valid,01_PCB__317.jpg,01_PCB__317.txt,4,5,5,Spurious_copper,189,372,232,410,640,640,224,224,bbox_crop,/Users/user/Deep-Learning-PCB-Defect-Detection/outputs/stage2/processed_images/valid/Spurious_copper/DeepPCB_valid_01_PCB__317_defect_4.png
DeepPCB,valid,01_PCB__317.jpg,01_PCB__317.txt,5,6,0,Missing_hole,335,225,366,265,640,640,224,224,bbox_crop,/Users/user/Deep-Learning-PCB-Defect-Detection/outputs/stage2/processed_images/valid/Missing_hole/DeepPCB_valid_01_PCB__317_defect_5.png
DeepPCB,valid,01_PCB__317.jpg,01_PCB__317.txt,6,2,3,Short,498,159,545,202,640,640,224,224,bbox_crop,/Users/user/Deep-Learning-PCB-Defect-Detection/outputs/stage2/processed_images/valid/Short/DeepPCB_valid_01_PCB__317_defect_6.png
DeepPCB,valid,01_PCB__317.jpg,01_PCB__317.txt,7,6,0,Missing_hole,221,129,254,158,640,640,224,224,bbox_crop,/Users/user/Deep-Learning-PCB-Defect-Detection/outputs/stage2/processed_images/valid/Missing_hole/DeepPCB_valid_01_PCB__317_defect_7.png
DeepPCB,valid,01_PCB__336.jpg,01_PCB__336.txt,1,1,2,Open_circuit,197,274,227,302,640,640,224,224,bbox_crop,/Users/user/Deep-Learning-PCB-Defect-Detection/outputs/stage2/processed_images/valid/Open_circuit/DeepPCB_valid_01_PCB__336_defect_1.png
DeepPCB,valid,01_PCB__336.jpg,01_PCB__336.txt,2,1,2,Open_circuit,430,171,462,201,640,640,224,224,bbox_crop,/Users/user/Deep-Learning-PCB-Defect-Detection/outputs/stage2/processed_images/valid/Open_circuit/DeepPCB_valid_01_PCB__336_defect_2.png
DeepPCB,valid,01_PCB__336.jpg,01_PCB__336.txt,3,3,1,Mouse_bite,305,358,338,398,640,640,224,224,bbox_crop,/Users/user/Deep-Learning-PCB-Defect-Detection/outputs/stage2/processed_images/valid/Mouse_bite/DeepPCB_valid_01_PCB__336_defect_3.png
DeepPCB,valid,01_PCB__336.jpg,01_PCB__336.txt,4,4,4,Spur,114,113,151,151,640,640,224,224,bbox_crop,/Users/user/Deep-Learning-PCB-Defect-Detection/outputs/stage2/processed_images/valid/Spur/DeepPCB_valid_01_PCB__336_defect_4.png
DeepPCB,valid,01_PCB__336.jpg,01_PCB__336.txt,5,4,4,Spur,71,350,98,375,640,640,224,224,bbox_crop,/Users/user/Deep-Learning-PCB-Defect-Detection/outputs/stage2/processed_images/valid/Spur/DeepPCB_valid_01_PCB__336_defect_5.png
DeepPCB,valid,01_PCB__337.jpg,01_PCB__337.txt,1,1,2,Open_circuit,70,383,118,408,640,640,224,224,bbox_crop,/Users/user/Deep-Learning-PCB-Defect-Detection/outputs/stage2/processed_images/valid/Open_circuit/DeepPCB_valid_01_PCB__337_defect_1.png
DeepPCB,valid,01_PCB__337.jpg,01_PCB__337.txt,2,3,1,Mouse_bite,279,540,317,570,640,640,224,224,bbox_crop,/Users/user/Deep-Learning-PCB-Defect-Detection/outputs/stage2/processed_images/valid/Mouse_bite/DeepPCB_valid_01_PCB__337_defect_2.png
DeepPCB,valid,01_PCB__337.jpg,01_PCB__337.txt,3,4,4,Spur,159,402,193,428,640,640,224,224,bbox_crop,/Users/user/Deep-Learning-PCB-Defect-Detection/outputs/stage2/processed_images/valid/Spur/DeepPCB_valid_01_PCB__337_defect_3.png
DeepPCB,valid,01_PCB__337.jpg,01_PCB__337.txt,4,6,0,Missing_hole,205,555,238,586,640,640,224,224,bbox_crop,/Users/user/Deep-Learning-PCB-Defect-Detection/outputs/stage2/processed_images/valid/Missing_hole/DeepPCB_valid_01_PCB__337_defect_4.png
DeepPCB,valid,01_PCB__337.jpg,01_PCB__337.txt,5,5,5,Spurious_copper,158,200,188,239,640,640,224,224,bbox_crop,/Users/user/Deep-Learning-PCB-Defect-Detection/outputs/stage2/processed_images/valid/Spurious_copper/DeepPCB_valid_01_PCB__337_defect_5.png
DeepPCB,valid,01_PCB__347.jpg,01_PCB__347.txt,1,1,2,Open_circuit,259,210,292,242,640,640,224,224,bbox_crop,/Users/user/Deep-Learning-PCB-Defect-Detection/outputs/stage2/processed_images/valid/Open_circuit/DeepPCB_valid_01_PCB__347_defect_1.png
DeepPCB,valid,01_PCB__347.jpg,01_PCB__347.txt,2,2,3,Short,178,129,216,161,640,640,224,224,bbox_crop,/Users/user/Deep-Learning-PCB-Defect-Detection/outputs/stage2/processed_images/valid/Short/DeepPCB_valid_01_PCB__347_defect_2.png
DeepPCB,valid,01_PCB__347.jpg,01_PCB__347.txt,3,3,1,Mouse_bite,290,173,323,204,640,640,224,224,bbox_crop,/Users/user/Deep-Learning-PCB-Defect-Detection/outputs/stage2/processed_images/valid/Mouse_bite/DeepPCB_valid_01_PCB__347_defect_3.png
DeepPCB,valid,01_PCB__347.jpg,01_PCB__347.txt,4,3,1,Mouse_bite,353,237,389,267,640,640,224,224,bbox_crop,/Users/user/Deep-Learning-PCB-Defect-Detection/outputs/stage2/processed_images/valid/Mouse_bite/DeepPCB_valid_01_PCB__347_defect_4.png
DeepPCB,valid,01_PCB__347.jpg,01_PCB__347.txt,5,5,5,Spurious_copper,325,122,363,157,640,640,224,224,bbox_crop,/Users/user/Deep-Learning-PCB-Defect-Detection/outputs/stage2/processed_images/valid/Spurious_copper/DeepPCB_valid_01_PCB__347_defect_5.png
DeepPCB,valid,01_PCB__347.jpg,01_PCB__347.txt,6,6,0,Missing_hole,475,425,509,477,640,640,224,224,bbox_crop,/Users/user/Deep-Learning-PCB-Defect-Detection/outputs/stage2/processed_images/valid/Missing_hole/DeepPCB_valid_01_PCB__347_defect_6.png
DeepPCB,valid,01_PCB__368.jpg,01_PCB__368.txt,1,1,2,Open_circuit,232,132,266,159,640,640,224,224,bbox_crop,/Users/user/Deep-Learning-PCB-Defect-Detection/outputs/stage2/processed_images/valid/Open_circuit/DeepPCB_valid_01_PCB__368_defect_1.png
DeepPCB,valid,01_PCB__368.jpg,01_PCB__368.txt,2,2,3,Short,271,173,300,220,640,640,224,224,bbox_crop,/Users/user/Deep-Learning-PCB-Defect-Detection/outputs/stage2/processed_images/valid/Short/DeepPCB_valid_01_PCB__368_defect_2.png
DeepPCB,valid,01_PCB__368.jpg,01_PCB__368.txt,3,5,5,Spurious_copper,207,260,244,300,640,640,224,224,bbox_crop,/Users/user/Deep-Learning-PCB-Defect-Detection/outputs/stage2/processed_images/valid/Spurious_copper/DeepPCB_valid_01_PCB__368_defect_3.png
DeepPCB,valid,01_PCB__368.jpg,01_PCB__368.txt,4,6,0,Missing_hole,356,378,392,420,640,640,224,224,bbox_crop,/Users/user/Deep-Learning-PCB-Defect-Detection/outputs/stage2/processed_images/valid/Missing_hole/DeepPCB_valid_01_PCB__368_defect_4.png
DeepPCB,valid,01_PCB__368.jpg,01_PCB__368.txt,5,6,0,Missing_hole,265,588,307,621,640,640,224,224,bbox_crop,/Users/user/Deep-Learning-PCB-Defect-Detection/outputs/stage2/processed_images/valid/Missing_hole/DeepPCB_valid_01_PCB__368_defect_5.png
DeepPCB,valid,01_PCB__368.jpg,01_PCB__368.txt,6,5,5,Spurious_copper,394,280,424,319,640,640,224,224,bbox_crop,/Users/user/Deep-Learning-PCB-Defect-Detection/outputs/stage2/processed_images/valid/Spurious_copper/DeepPCB_valid_01_PCB__368_defect_6.png
DeepPCB,valid,01_PCB__368.jpg,01_PCB__368.txt,7,2,3,Short,410,150,443,190,640,640,224,224,bbox_crop,/Users/user/Deep-Learning-PCB-Defect-Detection/outputs/stage2/processed_images/valid/Short/DeepPCB_valid_01_PCB__368_defect_7.png
DeepPCB,valid,01_PCB__390.jpg,01_PCB__390.txt,1,3,1,Mouse_bite,341,398,378,424,640,640,224,224,bbox_crop,/Users/user/Deep-Learning-PCB-Defect-Detection/outputs/stage2/processed_images/valid/Mouse_bite/DeepPCB_valid_01_PCB__390_defect_1.png
DeepPCB,valid,01_PCB__390.jpg,01_PCB__390.txt,2,4,4,Spur,236,492,271,521,640,640,224,224,bbox_crop,/Users/user/Deep-Learning-PCB-Defect-Detection/outputs/stage2/processed_images/valid/Spur/DeepPCB_valid_01_PCB__390_defect_2.png
DeepPCB,valid,01_PCB__390.jpg,01_PCB__390.txt,3,1,2,Open_circuit,369,510,413,538,640,640,224,224,bbox_crop,/Users/user/Deep-Learning-PCB-Defect-Detection/outputs/stage2/processed_images/valid/Open_circuit/DeepPCB_valid_01_PCB__390_defect_3.png
DeepPCB,valid,01_PCB__390.jpg,01_PCB__390.txt,4,5,5,Spurious_copper,223,229,261,264,640,640,224,224,bbox_crop,/Users/user/Deep-Learning-PCB-Defect-Detection/outputs/stage2/processed_images/valid/Spurious_copper/DeepPCB_valid_01_PCB__390_defect_4.png
DeepPCB,valid,01_PCB__390.jpg,01_PCB__390.txt,5,6,0,Missing_hole,448,336,490,368,640,640,224,224,bbox_crop,/Users/user/Deep-Learning-PCB-Defect-Detection/outputs/stage2/processed_images/valid/Missing_hole/DeepPCB_valid_01_PCB__390_defect_5.png
DeepPCB,valid,01_PCB__398.jpg,01_PCB__398.txt,1,1,2,Open_circuit,471,591,509,626,640,640,224,224,bbox_crop,/Users/user/Deep-Learning-PCB-Defect-Detection/outputs/stage2/processed_images/valid/Open_circuit/DeepPCB_valid_01_PCB__398_defect_1.png
DeepPCB,valid,01_PCB__398.jpg,01_PCB__398.txt,2,1,2,Open_circuit,158,117,191,144,640,640,224,224,bbox_crop,/Users/user/Deep-Learning-PCB-Defect-Detection/outputs/stage2/processed_images/valid/Open_circuit/DeepPCB_valid_01_PCB__398_defect_2.png
DeepPCB,valid,01_PCB__398.jpg,01_PCB__398.txt,3,2,3,Short,432,429,470,504,640,640,224,224,bbox_crop,/Users/user/Deep-Learning-PCB-Defect-Detection/outputs/stage2/processed_images/valid/Short/DeepPCB_valid_01_PCB__398_defect_3.png
DeepPCB,valid,01_PCB__398.jpg,01_PCB__398.txt,4,5,5,Spurious_copper,210,299,251,334,640,640,224,224,bbox_crop,/Users/user/Deep-Learning-PCB-Defect-Detection/outputs/stage2/processed_images/valid/Spurious_copper/DeepPCB_valid_01_PCB__398_defect_4.png
DeepPCB,valid,01_PCB__398.jpg,01_PCB__398.txt,5,6,0,Missing_hole,374,126,406,166,640,640,224,224,bbox_crop,/Users/user/Deep-Learning-PCB-Defect-Detection/outputs/stage2/processed_images/valid/Missing_hole/DeepPCB_valid_01_PCB__398_defect_5.png
DeepPCB,valid,01_PCB__399.jpg,01_PCB__399.txt,1,1,2,Open_circuit,144,477,178,508,640,640,224,224,bbox_crop,/Users/user/Deep-Learning-PCB-Defect-Detection/outputs/stage2/processed_images/valid/Open_circuit/DeepPCB_valid_01_PCB__399_defect_1.png
DeepPCB,valid,01_PCB__399.jpg,01_PCB__399.txt,2,2,3,Short,188,229,227,322,640,640,224,224,bbox_crop,/Users/user/Deep-Learning-PCB-Defect-Detection/outputs/stage2/processed_images/valid/Short/DeepPCB_valid_01_PCB__399_defect_2.png
DeepPCB,valid,01_PCB__399.jpg,01_PCB__399.txt,3,5,5,Spurious_copper,353,395,390,427,640,640,224,224,bbox_crop,/Users/user/Deep-Learning-PCB-Defect-Detection/outputs/stage2/processed_images/valid/Spurious_copper/DeepPCB_valid_01_PCB__399_defect_3.png
DeepPCB,valid,01_PCB__405.jpg,01_PCB__405.txt,1,1,2,Open_circuit,343,248,373,288,640,640,224,224,bbox_crop,/Users/user/Deep-Learning-PCB-Defect-Detection/outputs/stage2/processed_images/valid/Open_circuit/DeepPCB_valid_01_PCB__405_defect_1.png
DeepPCB,valid,01_PCB__405.jpg,01_PCB__405.txt,2,2,3,Short,245,212,282,238,640,640,224,224,bbox_crop,/Users/user/Deep-Learning-PCB-Defect-Detection/outputs/stage2/processed_images/valid/Short/DeepPCB_valid_01_PCB__405_defect_2.png
DeepPCB,valid,01_PCB__405.jpg,01_PCB__405.txt,3,3,1,Mouse_bite,113,219,146,252,640,640,224,224,bbox_crop,/Users/user/Deep-Learning-PCB-Defect-Detection/outputs/stage2/processed_images/valid/Mouse_bite/DeepPCB_valid_01_PCB__405_defect_3.png
DeepPCB,valid,01_PCB__405.jpg,01_PCB__405.txt,4,3,1,Mouse_bite,144,338,170,380,640,640,224,224,bbox_crop,/Users/user/Deep-Learning-PCB-Defect-Detection/outputs/stage2/processed_images/valid/Mouse_bite/DeepPCB_valid_01_PCB__405_defect_4.png
DeepPCB,valid,01_PCB__405.jpg,01_PCB__405.txt,5,5,5,Spurious_copper,186,402,217,435,640,640,224,224,bbox_crop,/Users/user/Deep-Learning-PCB-Defect-Detection/outputs/stage2/processed_images/valid/Spurious_copper/DeepPCB_valid_01_PCB__405_defect_5.png
DeepPCB,valid,01_PCB__405.jpg,01_PCB__405.txt,6,6,0,Missing_hole,221,536,249,569,640,640,224,224,bbox_crop,/Users/user/Deep-Learning-PCB-Defect-Detection/outputs/stage2/processed_images/valid/Missing_hole/DeepPCB_valid_01_PCB__405_defect_6.png
DeepPCB,valid,01_PCB__428.jpg,01_PCB__428.txt,1,1,2,Open_circuit,381,232,418,265,640,640,224,224,bbox_crop,/Users/user/Deep-Learning-PCB-Defect-Detection/outputs/stage2/processed_images/valid/Open_circuit/DeepPCB_valid_01_PCB__428_defect_1.png
DeepPCB,valid,01_PCB__428.jpg,01_PCB__428.txt,2,2,3,Short,223,208,258,239,640,640,224,224,bbox_crop,/Users/user/Deep-Learning-PCB-Defect-Detection/outputs/stage2/processed_images/valid/Short/DeepPCB_valid_01_PCB__428_defect_2.png
DeepPCB,valid,01_PCB__428.jpg,01_PCB__428.txt,3,3,1,Mouse_bite,355,342,391,378,640,640,224,224,bbox_crop,/Users/user/Deep-Learning-PCB-Defect-Detection/outputs/stage2/processed_images/valid/Mouse_bite/DeepPCB_valid_01_PCB__428_defect_3.png
DeepPCB,valid,01_PCB__428.jpg,01_PCB__428.txt,4,3,1,Mouse_bite,367,425,410,455,640,640,224,224,bbox_crop,/Users/user/Deep-Learning-PCB-Defect-Detection/outputs/stage2/processed_images/valid/Mouse_bite/DeepPCB_valid_01_PCB__428_defect_4.png
DeepPCB,valid,01_PCB__428.jpg,01_PCB__428.txt,5,5,5,Spurious_copper,364,55,395,84,640,640,224,224,bbox_crop,/Users/user/Deep-Learning-PCB-Defect-Detection/outputs/stage2/processed_images/valid/Spurious_copper/DeepPCB_valid_01_PCB__428_defect_5.png
DeepPCB,valid,01_PCB__428.jpg,01_PCB__428.txt,6,6,0,Missing_hole,457,486,490,517,640,640,224,224,bbox_crop,/Users/user/Deep-Learning-PCB-Defect-Detection/outputs/stage2/processed_images/valid/Missing_hole/DeepPCB_valid_01_PCB__428_defect_6.png
DeepPCB,valid,01_PCB__429.jpg,01_PCB__429.txt,1,1,2,Open_circuit,254,280,289,306,640,640,224,224,bbox_crop,/Users/user/Deep-Learning-PCB-Defect-Detection/outputs/stage2/processed_images/valid/Open_circuit/DeepPCB_valid_01_PCB__429_defect_1.png
DeepPCB,valid,01_PCB__429.jpg,01_PCB__429.txt,2,2,3,Short,191,241,226,279,640,640,224,224,bbox_crop,/Users/user/Deep-Learning-PCB-Defect-Detection/outputs/stage2/processed_images/valid/Short/DeepPCB_valid_01_PCB__429_defect_2.png
DeepPCB,valid,01_PCB__429.jpg,01_PCB__429.txt,3,3,1,Mouse_bite,389,276,426,307,640,640,224,224,bbox_crop,/Users/user/Deep-Learning-PCB-Defect-Detection/outputs/stage2/processed_images/valid/Mouse_bite/DeepPCB_valid_01_PCB__429_defect_3.png
DeepPCB,valid,01_PCB__429.jpg,01_PCB__429.txt,4,6,0,Missing_hole,448,229,477,260,640,640,224,224,bbox_crop,/Users/user/Deep-Learning-PCB-Defect-Detection/outputs/stage2/processed_images/valid/Missing_hole/DeepPCB_valid_01_PCB__429_defect_4.png
DeepPCB,valid,01_PCB__429.jpg,01_PCB__429.txt,5,5,5,Spurious_copper,312,456,354,496,640,640,224,224,bbox_crop,/Users/user/Deep-Learning-PCB-Defect-Detection/outputs/stage2/processed_images/valid/Spurious_copper/DeepPCB_valid_01_PCB__429_defect_5.png
DeepPCB,valid,01_PCB__442.jpg,01_PCB__442.txt,1,1,2,Open_circuit,178,264,213,295,640,640,224,224,bbox_crop,/Users/user/Deep-Learning-PCB-Defect-Detection/outputs/stage2/processed_images/valid/Open_circuit/DeepPCB_valid_01_PCB__442_defect_1.png
DeepPCB,valid,01_PCB__442.jpg,01_PCB__442.txt,2,2,3,Short,84,392,127,421,640,640,224,224,bbox_crop,/Users/user/Deep-Learning-PCB-Defect-Detection/outputs/stage2/processed_images/valid/Short/DeepPCB_valid_01_PCB__442_defect_2.png
DeepPCB,valid,01_PCB__442.jpg,01_PCB__442.txt,3,3,1,Mouse_bite,150,443,195,470,640,640,224,224,bbox_crop,/Users/user/Deep-Learning-PCB-Defect-Detection/outputs/stage2/processed_images/valid/Mouse_bite/DeepPCB_valid_01_PCB__442_defect_3.png
DeepPCB,valid,01_PCB__442.jpg,01_PCB__442.txt,4,4,4,Spur,352,308,381,343,640,640,224,224,bbox_crop,/Users/user/Deep-Learning-PCB-Defect-Detection/outputs/stage2/processed_images/valid/Spur/DeepPCB_valid_01_PCB__442_defect_4.png
DeepPCB,valid,01_PCB__442.jpg,01_PCB__442.txt,5,5,5,Spurious_copper,366,210,409,250,640,640,224,224,bbox_crop,/Users/user/Deep-Learning-PCB-Defect-Detection/outputs/stage2/processed_images/valid/Spurious_copper/DeepPCB_valid_01_PCB__442_defect_5.png
DeepPCB,valid,01_PCB__442.jpg,01_PCB__442.txt,6,6,0,Missing_hole,389,467,431,497,640,640,224,224,bbox_crop,/Users/user/Deep-Learning-PCB-Defect-Detection/outputs/stage2/processed_images/valid/Missing_hole/DeepPCB_valid_01_PCB__442_defect_6.png
DeepPCB,valid,01_PCB__442.jpg,01_PCB__442.txt,7,4,4,Spur,113,205,147,238,640,640,224,224,bbox_crop,/Users/user/Deep-Learning-PCB-Defect-Detection/outputs/stage2/processed_images/valid/Spur/DeepPCB_valid_01_PCB__442_defect_7.png
DeepPCB,valid,01_PCB__45.jpg,01_PCB__45.txt,1,1,2,Open_circuit,162,240,194,271,640,640,224,224,bbox_crop,/Users/user/Deep-Learning-PCB-Defect-Detection/outputs/stage2/processed_images/valid/Open_circuit/DeepPCB_valid_01_PCB__45_defect_1.png
DeepPCB,valid,01_PCB__45.jpg,01_PCB__45.txt,2,2,3,Short,93,220,126,247,640,640,224,224,bbox_crop,/Users/user/Deep-Learning-PCB-Defect-Detection/outputs/stage2/processed_images/valid/Short/DeepPCB_valid_01_PCB__45_defect_2.png
DeepPCB,valid,01_PCB__45.jpg,01_PCB__45.txt,3,3,1,Mouse_bite,131,461,168,487,640,640,224,224,bbox_crop,/Users/user/Deep-Learning-PCB-Defect-Detection/outputs/stage2/processed_images/valid/Mouse_bite/DeepPCB_valid_01_PCB__45_defect_3.png
DeepPCB,valid,01_PCB__45.jpg,01_PCB__45.txt,4,4,4,Spur,198,317,227,350,640,640,224,224,bbox_crop,/Users/user/Deep-Learning-PCB-Defect-Detection/outputs/stage2/processed_images/valid/Spur/DeepPCB_valid_01_PCB__45_defect_4.png
DeepPCB,valid,01_PCB__45.jpg,01_PCB__45.txt,5,6,0,Missing_hole,416,225,453,262,640,640,224,224,bbox_crop,/Users/user/Deep-Learning-PCB-Defect-Detection/outputs/stage2/processed_images/valid/Missing_hole/DeepPCB_valid_01_PCB__45_defect_5.png
DeepPCB,valid,01_PCB__45.jpg,01_PCB__45.txt,6,5,5,Spurious_copper,162,126,195,160,640,640,224,224,bbox_crop,/Users/user/Deep-Learning-PCB-Defect-Detection/outputs/stage2/processed_images/valid/Spurious_copper/DeepPCB_valid_01_PCB__45_defect_6.png
DeepPCB,valid,01_PCB__45.jpg,01_PCB__45.txt,7,3,1,Mouse_bite,401,69,437,93,640,640,224,224,bbox_crop,/Users/user/Deep-Learning-PCB-Defect-Detection/outputs/stage2/processed_images/valid/Mouse_bite/DeepPCB_valid_01_PCB__45_defect_7.png
DeepPCB,valid,01_PCB__45.jpg,01_PCB__45.txt,8,4,4,Spur,240,317,278,345,640,640,224,224,bbox_crop,/Users/user/Deep-Learning-PCB-Defect-Detection/outputs/stage2/processed_images/valid/Spur/DeepPCB_valid_01_PCB__45_defect_8.png
DeepPCB,valid,01_PCB__456.jpg,01_PCB__456.txt,1,1,2,Open_circuit,320,253,355,277,640,640,224,224,bbox_crop,/Users/user/Deep-Learning-PCB-Defect-Detection/outputs/stage2/processed_images/valid/Open_circuit/DeepPCB_valid_01_PCB__456_defect_1.png
DeepPCB,valid,01_PCB__456.jpg,01_PCB__456.txt,2,2,3,Short,366,191,397,223,640,640,224,224,bbox_crop,/Users/user/Deep-Learning-PCB-Defect-Detection/outputs/stage2/processed_images/valid/Short/DeepPCB_valid_01_PCB__456_defect_2.png
DeepPCB,valid,01_PCB__456.jpg,01_PCB__456.txt,3,5,5,Spurious_copper,173,360,210,401,640,640,224,224,bbox_crop,/Users/user/Deep-Learning-PCB-Defect-Detection/outputs/stage2/processed_images/valid/Spurious_copper/DeepPCB_valid_01_PCB__456_defect_3.png
DeepPCB,valid,01_PCB__456.jpg,01_PCB__456.txt,4,6,0,Missing_hole,127,256,161,295,640,640,224,224,bbox_crop,/Users/user/Deep-Learning-PCB-Defect-Detection/outputs/stage2/processed_images/valid/Missing_hole/DeepPCB_valid_01_PCB__456_defect_4.png
DeepPCB,valid,01_PCB__456.jpg,01_PCB__456.txt,5,3,1,Mouse_bite,182,245,217,282,640,640,224,224,bbox_crop,/Users/user/Deep-Learning-PCB-Defect-Detection/outputs/stage2/processed_images/valid/Mouse_bite/DeepPCB_valid_01_PCB__456_defect_5.png
DeepPCB,valid,01_PCB__465.jpg,01_PCB__465.txt,1,1,2,Open_circuit,73,340,117,368,640,640,224,224,bbox_crop,/Users/user/Deep-Learning-PCB-Defect-Detection/outputs/stage2/processed_images/valid/Open_circuit/DeepPCB_valid_01_PCB__465_defect_1.png
DeepPCB,valid,01_PCB__465.jpg,01_PCB__465.txt,2,2,3,Short,568,191,629,228,640,640,224,224,bbox_crop,/Users/user/Deep-Learning-PCB-Defect-Detection/outputs/stage2/processed_images/valid/Short/DeepPCB_valid_01_PCB__465_defect_2.png
DeepPCB,valid,01_PCB__465.jpg,01_PCB__465.txt,3,2,3,Short,60,281,91,320,640,640,224,224,bbox_crop,/Users/user/Deep-Learning-PCB-Defect-Detection/outputs/stage2/processed_images/valid/Short/DeepPCB_valid_01_PCB__465_defect_3.png
DeepPCB,valid,01_PCB__465.jpg,01_PCB__465.txt,4,3,1,Mouse_bite,229,268,263,310,640,640,224,224,bbox_crop,/Users/user/Deep-Learning-PCB-Defect-Detection/outputs/stage2/processed_images/valid/Mouse_bite/DeepPCB_valid_01_PCB__465_defect_4.png
DeepPCB,valid,01_PCB__465.jpg,01_PCB__465.txt,5,4,4,Spur,274,199,313,237,640,640,224,224,bbox_crop,/Users/user/Deep-Learning-PCB-Defect-Detection/outputs/stage2/processed_images/valid/Spur/DeepPCB_valid_01_PCB__465_defect_5.png
DeepPCB,valid,01_PCB__475.jpg,01_PCB__475.txt,1,1,2,Open_circuit,248,232,288,258,640,640,224,224,bbox_crop,/Users/user/Deep-Learning-PCB-Defect-Detection/outputs/stage2/processed_images/valid/Open_circuit/DeepPCB_valid_01_PCB__475_defect_1.png
DeepPCB,valid,01_PCB__475.jpg,01_PCB__475.txt,2,3,1,Mouse_bite,157,148,193,177,640,640,224,224,bbox_crop,/Users/user/Deep-Learning-PCB-Defect-Detection/outputs/stage2/processed_images/valid/Mouse_bite/DeepPCB_valid_01_PCB__475_defect_2.png
DeepPCB,valid,01_PCB__475.jpg,01_PCB__475.txt,3,6,0,Missing_hole,198,122,228,147,640,640,224,224,bbox_crop,/Users/user/Deep-Learning-PCB-Defect-Detection/outputs/stage2/processed_images/valid/Missing_hole/DeepPCB_valid_01_PCB__475_defect_3.png
DeepPCB,valid,01_PCB__475.jpg,01_PCB__475.txt,4,5,5,Spurious_copper,513,302,553,337,640,640,224,224,bbox_crop,/Users/user/Deep-Learning-PCB-Defect-Detection/outputs/stage2/processed_images/valid/Spurious_copper/DeepPCB_valid_01_PCB__475_defect_4.png
DeepPCB,valid,01_PCB__475.jpg,01_PCB__475.txt,5,4,4,Spur,532,455,572,491,640,640,224,224,bbox_crop,/Users/user/Deep-Learning-PCB-Defect-Detection/outputs/stage2/processed_images/valid/Spur/DeepPCB_valid_01_PCB__475_defect_5.png
DeepPCB,valid,01_PCB__480.jpg,01_PCB__480.txt,1,5,5,Spurious_copper,120,450,180,499,640,640,224,224,bbox_crop,/Users/user/Deep-Learning-PCB-Defect-Detection/outputs/stage2/processed_images/valid/Spurious_copper/DeepPCB_valid_01_PCB__480_defect_1.png
DeepPCB,valid,01_PCB__480.jpg,01_PCB__480.txt,2,1,2,Open_circuit,8,63,45,89,640,640,224,224,bbox_crop,/Users/user/Deep-Learning-PCB-Defect-Detection/outputs/stage2/processed_images/valid/Open_circuit/DeepPCB_valid_01_PCB__480_defect_2.png
DeepPCB,valid,01_PCB__480.jpg,01_PCB__480.txt,3,3,1,Mouse_bite,518,432,569,460,640,640,224,224,bbox_crop,/Users/user/Deep-Learning-PCB-Defect-Detection/outputs/stage2/processed_images/valid/Mouse_bite/DeepPCB_valid_01_PCB__480_defect_3.png
DeepPCB,valid,01_PCB__480.jpg,01_PCB__480.txt,4,4,4,Spur,80,21,114,50,640,640,224,224,bbox_crop,/Users/user/Deep-Learning-PCB-Defect-Detection/outputs/stage2/processed_images/valid/Spur/DeepPCB_valid_01_PCB__480_defect_4.png
DeepPCB,valid,01_PCB__480.jpg,01_PCB__480.txt,5,5,5,Spurious_copper,347,305,384,333,640,640,224,224,bbox_crop,/Users/user/Deep-Learning-PCB-Defect-Detection/outputs/stage2/processed_images/valid/Spurious_copper/DeepPCB_valid_01_PCB__480_defect_5.png
DeepPCB,valid,01_PCB__480.jpg,01_PCB__480.txt,6,6,0,Missing_hole,515,490,548,521,640,640,224,224,bbox_crop,/Users/user/Deep-Learning-PCB-Defect-Detection/outputs/stage2/processed_images/valid/Missing_hole/DeepPCB_valid_01_PCB__480_defect_6.png
DeepPCB,valid,01_PCB__480.jpg,01_PCB__480.txt,7,6,0,Missing_hole,531,558,567,589,640,640,224,224,bbox_crop,/Users/user/Deep-Learning-PCB-Defect-Detection/outputs/stage2/processed_images/valid/Missing_hole/DeepPCB_valid_01_PCB__480_defect_7.png
DeepPCB,valid,01_PCB__485.jpg,01_PCB__485.txt,1,1,2,Open_circuit,308,219,338,259,640,640,224,224,bbox_crop,/Users/user/Deep-Learning-PCB-Defect-Detection/outputs/stage2/processed_images/valid/Open_circuit/DeepPCB_valid_01_PCB__485_defect_1.png
DeepPCB,valid,01_PCB__485.jpg,01_PCB__485.txt,2,2,3,Short,453,377,508,405,640,640,224,224,bbox_crop,/Users/user/Deep-Learning-PCB-Defect-Detection/outputs/stage2/processed_images/valid/Short/DeepPCB_valid_01_PCB__485_defect_2.png
DeepPCB,valid,01_PCB__485.jpg,01_PCB__485.txt,3,3,1,Mouse_bite,246,212,274,240,640,640,224,224,bbox_crop,/Users/user/Deep-Learning-PCB-Defect-Detection/outputs/stage2/processed_images/valid/Mouse_bite/DeepPCB_valid_01_PCB__485_defect_3.png
DeepPCB,valid,01_PCB__485.jpg,01_PCB__485.txt,4,4,4,Spur,346,230,384,260,640,640,224,224,bbox_crop,/Users/user/Deep-Learning-PCB-Defect-Detection/outputs/stage2/processed_images/valid/Spur/DeepPCB_valid_01_PCB__485_defect_4.png
DeepPCB,valid,01_PCB__485.jpg,01_PCB__485.txt,5,5,5,Spurious_copper,280,181,313,211,640,640,224,224,bbox_crop,/Users/user/Deep-Learning-PCB-Defect-Detection/outputs/stage2/processed_images/valid/Spurious_copper/DeepPCB_valid_01_PCB__485_defect_5.png
DeepPCB,valid,01_PCB__485.jpg,01_PCB__485.txt,6,6,0,Missing_hole,259,72,295,99,640,640,224,224,bbox_crop,/Users/user/Deep-Learning-PCB-Defect-Detection/outputs/stage2/processed_images/valid/Missing_hole/DeepPCB_valid_01_PCB__485_defect_6.png
DeepPCB,valid,01_PCB__485.jpg,01_PCB__485.txt,7,3,1,Mouse_bite,409,115,440,144,640,640,224,224,bbox_crop,/Users/user/Deep-Learning-PCB-Defect-Detection/outputs/stage2/processed_images/valid/Mouse_bite/DeepPCB_valid_01_PCB__485_defect_7.png
DeepPCB,valid,01_PCB__485.jpg,01_PCB__485.txt,8,2,3,Short,212,253,246,277,640,640,224,224,bbox_crop,/Users/user/Deep-Learning-PCB-Defect-Detection/outputs/stage2/processed_images/valid/Short/DeepPCB_valid_01_PCB__485_defect_8.png
DeepPCB,valid,01_PCB__487.jpg,01_PCB__487.txt,1,1,2,Open_circuit,201,244,239,272,640,640,224,224,bbox_crop,/Users/user/Deep-Learning-PCB-Defect-Detection/outputs/stage2/processed_images/valid/Open_circuit/DeepPCB_valid_01_PCB__487_defect_1.png
DeepPCB,valid,01_PCB__487.jpg,01_PCB__487.txt,2,2,3,Short,77,262,110,286,640,640,224,224,bbox_crop,/Users/user/Deep-Learning-PCB-Defect-Detection/outputs/stage2/processed_images/valid/Short/DeepPCB_valid_01_PCB__487_defect_2.png
DeepPCB,valid,01_PCB__487.jpg,01_PCB__487.txt,3,3,1,Mouse_bite,498,499,531,523,640,640,224,224,bbox_crop,/Users/user/Deep-Learning-PCB-Defect-Detection/outputs/stage2/processed_images/valid/Mouse_bite/DeepPCB_valid_01_PCB__487_defect_3.png
DeepPCB,valid,01_PCB__487.jpg,01_PCB__487.txt,4,4,4,Spur,304,321,336,347,640,640,224,224,bbox_crop,/Users/user/Deep-Learning-PCB-Defect-Detection/outputs/stage2/processed_images/valid/Spur/DeepPCB_valid_01_PCB__487_defect_4.png
DeepPCB,valid,01_PCB__487.jpg,01_PCB__487.txt,5,5,5,Spurious_copper,21,352,55,385,640,640,224,224,bbox_crop,/Users/user/Deep-Learning-PCB-Defect-Detection/outputs/stage2/processed_images/valid/Spurious_copper/DeepPCB_valid_01_PCB__487_defect_5.png
DeepPCB,valid,01_PCB__487.jpg,01_PCB__487.txt,6,6,0,Missing_hole,415,229,446,254,640,640,224,224,bbox_crop,/Users/user/Deep-Learning-PCB-Defect-Detection/outputs/stage2/processed_images/valid/Missing_hole/DeepPCB_valid_01_PCB__487_defect_6.png
DeepPCB,valid,01_PCB__487.jpg,01_PCB__487.txt,7,4,4,Spur,250,122,282,146,640,640,224,224,bbox_crop,/Users/user/Deep-Learning-PCB-Defect-Detection/outputs/stage2/processed_images/valid/Spur/DeepPCB_valid_01_PCB__487_defect_7.png
DeepPCB,valid,01_PCB__500.jpg,01_PCB__500.txt,1,1,2,Open_circuit,98,176,130,210,640,640,224,224,bbox_crop,/Users/user/Deep-Learning-PCB-Defect-Detection/outputs/stage2/processed_images/valid/Open_circuit/DeepPCB_valid_01_PCB__500_defect_1.png
DeepPCB,valid,01_PCB__500.jpg,01_PCB__500.txt,2,1,2,Open_circuit,251,136,275,168,640,640,224,224,bbox_crop,/Users/user/Deep-Learning-PCB-Defect-Detection/outputs/stage2/processed_images/valid/Open_circuit/DeepPCB_valid_01_PCB__500_defect_2.png
DeepPCB,valid,01_PCB__500.jpg,01_PCB__500.txt,3,2,3,Short,328,111,361,145,640,640,224,224,bbox_crop,/Users/user/Deep-Learning-PCB-Defect-Detection/outputs/stage2/processed_images/valid/Short/DeepPCB_valid_01_PCB__500_defect_3.png
DeepPCB,valid,01_PCB__500.jpg,01_PCB__500.txt,4,2,3,Short,59,107,83,144,640,640,224,224,bbox_crop,/Users/user/Deep-Learning-PCB-Defect-Detection/outputs/stage2/processed_images/valid/Short/DeepPCB_valid_01_PCB__500_defect_4.png
DeepPCB,valid,01_PCB__500.jpg,01_PCB__500.txt,5,2,3,Short,388,166,418,206,640,640,224,224,bbox_crop,/Users/user/Deep-Learning-PCB-Defect-Detection/outputs/stage2/processed_images/valid/Short/DeepPCB_valid_01_PCB__500_defect_5.png
DeepPCB,valid,01_PCB__500.jpg,01_PCB__500.txt,6,3,1,Mouse_bite,415,253,451,277,640,640,224,224,bbox_crop,/Users/user/Deep-Learning-PCB-Defect-Detection/outputs/stage2/processed_images/valid/Mouse_bite/DeepPCB_valid_01_PCB__500_defect_6.png
DeepPCB,valid,01_PCB__500.jpg,01_PCB__500.txt,7,3,1,Mouse_bite,264,290,295,316,640,640,224,224,bbox_crop,/Users/user/Deep-Learning-PCB-Defect-Detection/outputs/stage2/processed_images/valid/Mouse_bite/DeepPCB_valid_01_PCB__500_defect_7.png
DeepPCB,valid,01_PCB__500.jpg,01_PCB__500.txt,8,3,1,Mouse_bite,337,51,369,80,640,640,224,224,bbox_crop,/Users/user/Deep-Learning-PCB-Defect-Detection/outputs/stage2/processed_images/valid/Mouse_bite/DeepPCB_valid_01_PCB__500_defect_8.png
DeepPCB,valid,01_PCB__500.jpg,01_PCB__500.txt,9,5,5,Spurious_copper,128,38,160,65,640,640,224,224,bbox_crop,/Users/user/Deep-Learning-PCB-Defect-Detection/outputs/stage2/processed_images/valid/Spurious_copper/DeepPCB_valid_01_PCB__500_defect_9.png
DeepPCB,valid,01_PCB__500.jpg,01_PCB__500.txt,10,5,5,Spurious_copper,386,331,411,363,640,640,224,224,bbox_crop,/Users/user/Deep-Learning-PCB-Defect-Detection/outputs/stage2/processed_images/valid/Spurious_copper/DeepPCB_valid_01_PCB__500_defect_10.png
DeepPCB,valid,01_PCB__500.jpg,01_PCB__500.txt,11,6,0,Missing_hole,378,256,407,286,640,640,224,224,bbox_crop,/Users/user/Deep-Learning-PCB-Defect-Detection/outputs/stage2/processed_images/valid/Missing_hole/DeepPCB_valid_01_PCB__500_defect_11.png
DeepPCB,valid,01_PCB__500.jpg,01_PCB__500.txt,12,6,0,Missing_hole,435,124,466,160,640,640,224,224,bbox_crop,/Users/user/Deep-Learning-PCB-Defect-Detection/outputs/stage2/processed_images/valid/Missing_hole/DeepPCB_valid_01_PCB__500_defect_12.png
DeepPCB,valid,01_PCB__509.jpg,01_PCB__509.txt,1,1,2,Open_circuit,295,136,329,161,640,640,224,224,bbox_crop,/Users/user/Deep-Learning-PCB-Defect-Detection/outputs/stage2/processed_images/valid/Open_circuit/DeepPCB_valid_01_PCB__509_defect_1.png
DeepPCB,valid,01_PCB__509.jpg,01_PCB__509.txt,2,1,2,Open_circuit,247,246,282,281,640,640,224,224,bbox_crop,/Users/user/Deep-Learning-PCB-Defect-Detection/outputs/stage2/processed_images/valid/Open_circuit/DeepPCB_valid_01_PCB__509_defect_2.png
DeepPCB,valid,01_PCB__509.jpg,01_PCB__509.txt,3,2,3,Short,344,379,368,413,640,640,224,224,bbox_crop,/Users/user/Deep-Learning-PCB-Defect-Detection/outputs/stage2/processed_images/valid/Short/DeepPCB_valid_01_PCB__509_defect_3.png
DeepPCB,valid,01_PCB__509.jpg,01_PCB__509.txt,4,2,3,Short,516,145,552,174,640,640,224,224,bbox_crop,/Users/user/Deep-Learning-PCB-Defect-Detection/outputs/stage2/processed_images/valid/Short/DeepPCB_valid_01_PCB__509_defect_4.png
DeepPCB,valid,01_PCB__509.jpg,01_PCB__509.txt,5,3,1,Mouse_bite,175,207,203,231,640,640,224,224,bbox_crop,/Users/user/Deep-Learning-PCB-Defect-Detection/outputs/stage2/processed_images/valid/Mouse_bite/DeepPCB_valid_01_PCB__509_defect_5.png
DeepPCB,valid,01_PCB__509.jpg,01_PCB__509.txt,6,3,1,Mouse_bite,218,93,254,117,640,640,224,224,bbox_crop,/Users/user/Deep-Learning-PCB-Defect-Detection/outputs/stage2/processed_images/valid/Mouse_bite/DeepPCB_valid_01_PCB__509_defect_6.png
DeepPCB,valid,01_PCB__509.jpg,01_PCB__509.txt,7,4,4,Spur,91,96,117,128,640,640,224,224,bbox_crop,/Users/user/Deep-Learning-PCB-Defect-Detection/outputs/stage2/processed_images/valid/Spur/DeepPCB_valid_01_PCB__509_defect_7.png
DeepPCB,valid,01_PCB__509.jpg,01_PCB__509.txt,8,4,4,Spur,383,98,414,122,640,640,224,224,bbox_crop,/Users/user/Deep-Learning-PCB-Defect-Detection/outputs/stage2/processed_images/valid/Spur/DeepPCB_valid_01_PCB__509_defect_8.png
DeepPCB,valid,01_PCB__509.jpg,01_PCB__509.txt,9,5,5,Spurious_copper,228,39,257,64,640,640,224,224,bbox_crop,/Users/user/Deep-Learning-PCB-Defect-Detection/outputs/stage2/processed_images/valid/Spurious_copper/DeepPCB_valid_01_PCB__509_defect_9.png
DeepPCB,valid,01_PCB__509.jpg,01_PCB__509.txt,10,5,5,Spurious_copper,89,311,114,341,640,640,224,224,bbox_crop,/Users/user/Deep-Learning-PCB-Defect-Detection/outputs/stage2/processed_images/valid/Spurious_copper/DeepPCB_valid_01_PCB__509_defect_10.png
DeepPCB,valid,01_PCB__509.jpg,01_PCB__509.txt,11,6,0,Missing_hole,351,512,380,545,640,640,224,224,bbox_crop,/Users/user/Deep-Learning-PCB-Defect-Detection/outputs/stage2/processed_images/valid/Missing_hole/DeepPCB_valid_01_PCB__509_defect_11.png
DeepPCB,valid,01_PCB__509.jpg,01_PCB__509.txt,12,6,0,Missing_hole,330,24,357,50,640,640,224,224,bbox_crop,/Users/user/Deep-Learning-PCB-Defect-Detection/outputs/stage2/processed_images/valid/Missing_hole/DeepPCB_valid_01_PCB__509_defect_12.png
DeepPCB,valid,01_PCB__52.jpg,01_PCB__52.txt,1,1,2,Open_circuit,346,246,387,294,640,640,224,224,bbox_crop,/Users/user/Deep-Learning-PCB-Defect-Detection/outputs/stage2/processed_images/valid/Open_circuit/DeepPCB_valid_01_PCB__52_defect_1.png
DeepPCB,valid,01_PCB__52.jpg,01_PCB__52.txt,2,3,1,Mouse_bite,114,300,155,330,640,640,224,224,bbox_crop,/Users/user/Deep-Learning-PCB-Defect-Detection/outputs/stage2/processed_images/valid/Mouse_bite/DeepPCB_valid_01_PCB__52_defect_2.png
DeepPCB,valid,01_PCB__52.jpg,01_PCB__52.txt,3,3,1,Mouse_bite,458,172,491,207,640,640,224,224,bbox_crop,/Users/user/Deep-Learning-PCB-Defect-Detection/outputs/stage2/processed_images/valid/Mouse_bite/DeepPCB_valid_01_PCB__52_defect_3.png
DeepPCB,valid,01_PCB__52.jpg,01_PCB__52.txt,4,2,3,Short,56,139,101,172,640,640,224,224,bbox_crop,/Users/user/Deep-Learning-PCB-Defect-Detection/outputs/stage2/processed_images/valid/Short/DeepPCB_valid_01_PCB__52_defect_4.png
DeepPCB,valid,01_PCB__52.jpg,01_PCB__52.txt,5,5,5,Spurious_copper,181,200,218,243,640,640,224,224,bbox_crop,/Users/user/Deep-Learning-PCB-Defect-Detection/outputs/stage2/processed_images/valid/Spurious_copper/DeepPCB_valid_01_PCB__52_defect_5.png
DeepPCB,valid,01_PCB__52.jpg,01_PCB__52.txt,6,6,0,Missing_hole,259,180,299,220,640,640,224,224,bbox_crop,/Users/user/Deep-Learning-PCB-Defect-Detection/outputs/stage2/processed_images/valid/Missing_hole/DeepPCB_valid_01_PCB__52_defect_6.png
DeepPCB,valid,01_PCB__52.jpg,01_PCB__52.txt,7,3,1,Mouse_bite,268,295,296,330,640,640,224,224,bbox_crop,/Users/user/Deep-Learning-PCB-Defect-Detection/outputs/stage2/processed_images/valid/Mouse_bite/DeepPCB_valid_01_PCB__52_defect_7.png
DeepPCB,valid,01_PCB__524.jpg,01_PCB__524.txt,1,1,2,Open_circuit,40,281,77,309,640,640,224,224,bbox_crop,/Users/user/Deep-Learning-PCB-Defect-Detection/outputs/stage2/processed_images/valid/Open_circuit/DeepPCB_valid_01_PCB__524_defect_1.png
DeepPCB,valid,01_PCB__524.jpg,01_PCB__524.txt,2,2,3,Short,284,263,319,289,640,640,224,224,bbox_crop,/Users/user/Deep-Learning-PCB-Defect-Detection/outputs/stage2/processed_images/valid/Short/DeepPCB_valid_01_PCB__524_defect_2.png
DeepPCB,valid,01_PCB__524.jpg,01_PCB__524.txt,3,4,4,Spur,126,157,159,188,640,640,224,224,bbox_crop,/Users/user/Deep-Learning-PCB-Defect-Detection/outputs/stage2/processed_images/valid/Spur/DeepPCB_valid_01_PCB__524_defect_3.png
DeepPCB,valid,01_PCB__524.jpg,01_PCB__524.txt,4,6,0,Missing_hole,67,200,100,228,640,640,224,224,bbox_crop,/Users/user/Deep-Learning-PCB-Defect-Detection/outputs/stage2/processed_images/valid/Missing_hole/DeepPCB_valid_01_PCB__524_defect_4.png
DeepPCB,valid,01_PCB__524.jpg,01_PCB__524.txt,5,5,5,Spurious_copper,322,232,357,272,640,640,224,224,bbox_crop,/Users/user/Deep-Learning-PCB-Defect-Detection/outputs/stage2/processed_images/valid/Spurious_copper/DeepPCB_valid_01_PCB__524_defect_5.png
DeepPCB,valid,01_PCB__524.jpg,01_PCB__524.txt,6,4,4,Spur,407,149,440,176,640,640,224,224,bbox_crop,/Users/user/Deep-Learning-PCB-Defect-Detection/outputs/stage2/processed_images/valid/Spur/DeepPCB_valid_01_PCB__524_defect_6.png
DeepPCB,valid,01_PCB__524.jpg,01_PCB__524.txt,7,3,1,Mouse_bite,557,538,588,570,640,640,224,224,bbox_crop,/Users/user/Deep-Learning-PCB-Defect-Detection/outputs/stage2/processed_images/valid/Mouse_bite/DeepPCB_valid_01_PCB__524_defect_7.png
DeepPCB,valid,01_PCB__524.jpg,01_PCB__524.txt,8,4,4,Spur,416,331,450,361,640,640,224,224,bbox_crop,/Users/user/Deep-Learning-PCB-Defect-Detection/outputs/stage2/processed_images/valid/Spur/DeepPCB_valid_01_PCB__524_defect_8.png
DeepPCB,valid,01_PCB__524.jpg,01_PCB__524.txt,9,6,0,Missing_hole,419,265,453,294,640,640,224,224,bbox_crop,/Users/user/Deep-Learning-PCB-Defect-Detection/outputs/stage2/processed_images/valid/Missing_hole/DeepPCB_valid_01_PCB__524_defect_9.png
DeepPCB,valid,01_PCB__535.jpg,01_PCB__535.txt,1,1,2,Open_circuit,257,383,292,410,640,640,224,224,bbox_crop,/Users/user/Deep-Learning-PCB-Defect-Detection/outputs/stage2/processed_images/valid/Open_circuit/DeepPCB_valid_01_PCB__535_defect_1.png
DeepPCB,valid,01_PCB__535.jpg,01_PCB__535.txt,2,2,3,Short,269,307,322,342,640,640,224,224,bbox_crop,/Users/user/Deep-Learning-PCB-Defect-Detection/outputs/stage2/processed_images/valid/Short/DeepPCB_valid_01_PCB__535_defect_2.png
DeepPCB,valid,01_PCB__535.jpg,01_PCB__535.txt,3,4,4,Spur,231,176,275,209,640,640,224,224,bbox_crop,/Users/user/Deep-Learning-PCB-Defect-Detection/outputs/stage2/processed_images/valid/Spur/DeepPCB_valid_01_PCB__535_defect_3.png
DeepPCB,valid,01_PCB__535.jpg,01_PCB__535.txt,4,5,5,Spurious_copper,496,325,527,352,640,640,224,224,bbox_crop,/Users/user/Deep-Learning-PCB-Defect-Detection/outputs/stage2/processed_images/valid/Spurious_copper/DeepPCB_valid_01_PCB__535_defect_4.png
DeepPCB,valid,01_PCB__535.jpg,01_PCB__535.txt,5,6,0,Missing_hole,413,135,446,167,640,640,224,224,bbox_crop,/Users/user/Deep-Learning-PCB-Defect-Detection/outputs/stage2/processed_images/valid/Missing_hole/DeepPCB_valid_01_PCB__535_defect_5.png
DeepPCB,valid,01_PCB__543.jpg,01_PCB__543.txt,1,1,2,Open_circuit,88,294,127,322,640,640,224,224,bbox_crop,/Users/user/Deep-Learning-PCB-Defect-Detection/outputs/stage2/processed_images/valid/Open_circuit/DeepPCB_valid_01_PCB__543_defect_1.png
DeepPCB,valid,01_PCB__543.jpg,01_PCB__543.txt,2,1,2,Open_circuit,248,200,283,235,640,640,224,224,bbox_crop,/Users/user/Deep-Learning-PCB-Defect-Detection/outputs/stage2/processed_images/valid/Open_circuit/DeepPCB_valid_01_PCB__543_defect_2.png
DeepPCB,valid,01_PCB__543.jpg,01_PCB__543.txt,3,3,1,Mouse_bite,347,147,385,182,640,640,224,224,bbox_crop,/Users/user/Deep-Learning-PCB-Defect-Detection/outputs/stage2/processed_images/valid/Mouse_bite/DeepPCB_valid_01_PCB__543_defect_3.png
DeepPCB,valid,01_PCB__543.jpg,01_PCB__543.txt,4,3,1,Mouse_bite,101,408,132,434,640,640,224,224,bbox_crop,/Users/user/Deep-Learning-PCB-Defect-Detection/outputs/stage2/processed_images/valid/Mouse_bite/DeepPCB_valid_01_PCB__543_defect_4.png
DeepPCB,valid,01_PCB__543.jpg,01_PCB__543.txt,5,6,0,Missing_hole,265,388,300,428,640,640,224,224,bbox_crop,/Users/user/Deep-Learning-PCB-Defect-Detection/outputs/stage2/processed_images/valid/Missing_hole/DeepPCB_valid_01_PCB__543_defect_5.png
DeepPCB,valid,01_PCB__543.jpg,01_PCB__543.txt,6,3,1,Mouse_bite,350,209,383,236,640,640,224,224,bbox_crop,/Users/user/Deep-Learning-PCB-Defect-Detection/outputs/stage2/processed_images/valid/Mouse_bite/DeepPCB_valid_01_PCB__543_defect_6.png
DeepPCB,valid,01_PCB__543.jpg,01_PCB__543.txt,7,4,4,Spur,412,177,444,207,640,640,224,224,bbox_crop,/Users/user/Deep-Learning-PCB-Defect-Detection/outputs/stage2/processed_images/valid/Spur/DeepPCB_valid_01_PCB__543_defect_7.png
DeepPCB,valid,01_PCB__543.jpg,01_PCB__543.txt,8,6,0,Missing_hole,458,261,499,297,640,640,224,224,bbox_crop,/Users/user/Deep-Learning-PCB-Defect-Detection/outputs/stage2/processed_images/valid/Missing_hole/DeepPCB_valid_01_PCB__543_defect_8.png
DeepPCB,valid,01_PCB__543.jpg,01_PCB__543.txt,9,1,2,Open_circuit,483,111,523,140,640,640,224,224,bbox_crop,/Users/user/Deep-Learning-PCB-Defect-Detection/outputs/stage2/processed_images/valid/Open_circuit/DeepPCB_valid_01_PCB__543_defect_9.png
DeepPCB,valid,01_PCB__543.jpg,01_PCB__543.txt,10,2,3,Short,54,509,105,537,640,640,224,224,bbox_crop,/Users/user/Deep-Learning-PCB-Defect-Detection/outputs/stage2/processed_images/valid/Short/DeepPCB_valid_01_PCB__543_defect_10.png
DeepPCB,valid,01_PCB__544.jpg,01_PCB__544.txt,1,1,2,Open_circuit,275,337,308,366,640,640,224,224,bbox_crop,/Users/user/Deep-Learning-PCB-Defect-Detection/outputs/stage2/processed_images/valid/Open_circuit/DeepPCB_valid_01_PCB__544_defect_1.png
DeepPCB,valid,01_PCB__544.jpg,01_PCB__544.txt,2,2,3,Short,301,347,338,374,640,640,224,224,bbox_crop,/Users/user/Deep-Learning-PCB-Defect-Detection/outputs/stage2/processed_images/valid/Short/DeepPCB_valid_01_PCB__544_defect_2.png
DeepPCB,valid,01_PCB__544.jpg,01_PCB__544.txt,3,4,4,Spur,404,372,444,401,640,640,224,224,bbox_crop,/Users/user/Deep-Learning-PCB-Defect-Detection/outputs/stage2/processed_images/valid/Spur/DeepPCB_valid_01_PCB__544_defect_3.png
DeepPCB,valid,01_PCB__544.jpg,01_PCB__544.txt,4,5,5,Spurious_copper,151,227,188,259,640,640,224,224,bbox_crop,/Users/user/Deep-Learning-PCB-Defect-Detection/outputs/stage2/processed_images/valid/Spurious_copper/DeepPCB_valid_01_PCB__544_defect_4.png
DeepPCB,valid,01_PCB__544.jpg,01_PCB__544.txt,5,6,0,Missing_hole,83,272,119,302,640,640,224,224,bbox_crop,/Users/user/Deep-Learning-PCB-Defect-Detection/outputs/stage2/processed_images/valid/Missing_hole/DeepPCB_valid_01_PCB__544_defect_5.png
DeepPCB,valid,01_PCB__544.jpg,01_PCB__544.txt,6,5,5,Spurious_copper,408,540,444,572,640,640,224,224,bbox_crop,/Users/user/Deep-Learning-PCB-Defect-Detection/outputs/stage2/processed_images/valid/Spurious_copper/DeepPCB_valid_01_PCB__544_defect_6.png
DeepPCB,valid,01_PCB__544.jpg,01_PCB__544.txt,7,3,1,Mouse_bite,77,508,108,536,640,640,224,224,bbox_crop,/Users/user/Deep-Learning-PCB-Defect-Detection/outputs/stage2/processed_images/valid/Mouse_bite/DeepPCB_valid_01_PCB__544_defect_7.png
DeepPCB,valid,01_PCB__544.jpg,01_PCB__544.txt,8,1,2,Open_circuit,141,373,188,408,640,640,224,224,bbox_crop,/Users/user/Deep-Learning-PCB-Defect-Detection/outputs/stage2/processed_images/valid/Open_circuit/DeepPCB_valid_01_PCB__544_defect_8.png
DeepPCB,valid,01_PCB__545.jpg,01_PCB__545.txt,1,1,2,Open_circuit,167,336,211,375,640,640,224,224,bbox_crop,/Users/user/Deep-Learning-PCB-Defect-Detection/outputs/stage2/processed_images/valid/Open_circuit/DeepPCB_valid_01_PCB__545_defect_1.png
DeepPCB,valid,01_PCB__545.jpg,01_PCB__545.txt,2,2,3,Short,292,244,326,281,640,640,224,224,bbox_crop,/Users/user/Deep-Learning-PCB-Defect-Detection/outputs/stage2/processed_images/valid/Short/DeepPCB_valid_01_PCB__545_defect_2.png
DeepPCB,valid,01_PCB__545.jpg,01_PCB__545.txt,3,3,1,Mouse_bite,339,156,369,187,640,640,224,224,bbox_crop,/Users/user/Deep-Learning-PCB-Defect-Detection/outputs/stage2/processed_images/valid/Mouse_bite/DeepPCB_valid_01_PCB__545_defect_3.png
DeepPCB,valid,01_PCB__545.jpg,01_PCB__545.txt,4,4,4,Spur,277,295,305,326,640,640,224,224,bbox_crop,/Users/user/Deep-Learning-PCB-Defect-Detection/outputs/stage2/processed_images/valid/Spur/DeepPCB_valid_01_PCB__545_defect_4.png
DeepPCB,valid,01_PCB__545.jpg,01_PCB__545.txt,5,5,5,Spurious_copper,238,406,270,435,640,640,224,224,bbox_crop,/Users/user/Deep-Learning-PCB-Defect-Detection/outputs/stage2/processed_images/valid/Spurious_copper/DeepPCB_valid_01_PCB__545_defect_5.png
DeepPCB,valid,01_PCB__545.jpg,01_PCB__545.txt,6,6,0,Missing_hole,58,464,92,492,640,640,224,224,bbox_crop,/Users/user/Deep-Learning-PCB-Defect-Detection/outputs/stage2/processed_images/valid/Missing_hole/DeepPCB_valid_01_PCB__545_defect_6.png
DeepPCB,valid,01_PCB__545.jpg,01_PCB__545.txt,7,1,2,Open_circuit,337,340,380,374,640,640,224,224,bbox_crop,/Users/user/Deep-Learning-PCB-Defect-Detection/outputs/stage2/processed_images/valid/Open_circuit/DeepPCB_valid_01_PCB__545_defect_7.png
DeepPCB,valid,01_PCB__549.jpg,01_PCB__549.txt,1,1,2,Open_circuit,251,322,284,361,640,640,224,224,bbox_crop,/Users/user/Deep-Learning-PCB-Defect-Detection/outputs/stage2/processed_images/valid/Open_circuit/DeepPCB_valid_01_PCB__549_defect_1.png
DeepPCB,valid,01_PCB__549.jpg,01_PCB__549.txt,2,2,3,Short,367,335,396,371,640,640,224,224,bbox_crop,/Users/user/Deep-Learning-PCB-Defect-Detection/outputs/stage2/processed_images/valid/Short/DeepPCB_valid_01_PCB__549_defect_2.png
DeepPCB,valid,01_PCB__549.jpg,01_PCB__549.txt,3,3,1,Mouse_bite,501,349,532,373,640,640,224,224,bbox_crop,/Users/user/Deep-Learning-PCB-Defect-Detection/outputs/stage2/processed_images/valid/Mouse_bite/DeepPCB_valid_01_PCB__549_defect_3.png
DeepPCB,valid,01_PCB__549.jpg,01_PCB__549.txt,4,4,4,Spur,278,428,318,465,640,640,224,224,bbox_crop,/Users/user/Deep-Learning-PCB-Defect-Detection/outputs/stage2/processed_images/valid/Spur/DeepPCB_valid_01_PCB__549_defect_4.png
DeepPCB,valid,01_PCB__549.jpg,01_PCB__549.txt,5,6,0,Missing_hole,286,532,318,562,640,640,224,224,bbox_crop,/Users/user/Deep-Learning-PCB-Defect-Detection/outputs/stage2/processed_images/valid/Missing_hole/DeepPCB_valid_01_PCB__549_defect_5.png
DeepPCB,valid,01_PCB__549.jpg,01_PCB__549.txt,6,5,5,Spurious_copper,116,478,157,513,640,640,224,224,bbox_crop,/Users/user/Deep-Learning-PCB-Defect-Detection/outputs/stage2/processed_images/valid/Spurious_copper/DeepPCB_valid_01_PCB__549_defect_6.png
DeepPCB,valid,01_PCB__549.jpg,01_PCB__549.txt,7,2,3,Short,543,202,584,231,640,640,224,224,bbox_crop,/Users/user/Deep-Learning-PCB-Defect-Detection/outputs/stage2/processed_images/valid/Short/DeepPCB_valid_01_PCB__549_defect_7.png
DeepPCB,valid,01_PCB__571.jpg,01_PCB__571.txt,1,1,2,Open_circuit,220,304,264,351,640,640,224,224,bbox_crop,/Users/user/Deep-Learning-PCB-Defect-Detection/outputs/stage2/processed_images/valid/Open_circuit/DeepPCB_valid_01_PCB__571_defect_1.png
DeepPCB,valid,01_PCB__571.jpg,01_PCB__571.txt,2,1,2,Open_circuit,268,222,317,251,640,640,224,224,bbox_crop,/Users/user/Deep-Learning-PCB-Defect-Detection/outputs/stage2/processed_images/valid/Open_circuit/DeepPCB_valid_01_PCB__571_defect_2.png
DeepPCB,valid,01_PCB__571.jpg,01_PCB__571.txt,3,3,1,Mouse_bite,421,275,457,304,640,640,224,224,bbox_crop,/Users/user/Deep-Learning-PCB-Defect-Detection/outputs/stage2/processed_images/valid/Mouse_bite/DeepPCB_valid_01_PCB__571_defect_3.png
DeepPCB,valid,01_PCB__571.jpg,01_PCB__571.txt,4,5,5,Spurious_copper,195,231,232,264,640,640,224,224,bbox_crop,/Users/user/Deep-Learning-PCB-Defect-Detection/outputs/stage2/processed_images/valid/Spurious_copper/DeepPCB_valid_01_PCB__571_defect_4.png
DeepPCB,valid,01_PCB__571.jpg,01_PCB__571.txt,5,6,0,Missing_hole,309,423,346,464,640,640,224,224,bbox_crop,/Users/user/Deep-Learning-PCB-Defect-Detection/outputs/stage2/processed_images/valid/Missing_hole/DeepPCB_valid_01_PCB__571_defect_5.png
DeepPCB,valid,01_PCB__571.jpg,01_PCB__571.txt,6,4,4,Spur,163,287,199,314,640,640,224,224,bbox_crop,/Users/user/Deep-Learning-PCB-Defect-Detection/outputs/stage2/processed_images/valid/Spur/DeepPCB_valid_01_PCB__571_defect_6.png
DeepPCB,valid,01_PCB__571.jpg,01_PCB__571.txt,7,3,1,Mouse_bite,309,372,352,399,640,640,224,224,bbox_crop,/Users/user/Deep-Learning-PCB-Defect-Detection/outputs/stage2/processed_images/valid/Mouse_bite/DeepPCB_valid_01_PCB__571_defect_7.png
DeepPCB,valid,01_PCB__571.jpg,01_PCB__571.txt,8,5,5,Spurious_copper,499,338,532,382,640,640,224,224,bbox_crop,/Users/user/Deep-Learning-PCB-Defect-Detection/outputs/stage2/processed_images/valid/Spurious_copper/DeepPCB_valid_01_PCB__571_defect_8.png
DeepPCB,valid,01_PCB__584.jpg,01_PCB__584.txt,1,1,2,Open_circuit,337,305,376,346,640,640,224,224,bbox_crop,/Users/user/Deep-Learning-PCB-Defect-Detection/outputs/stage2/processed_images/valid/Open_circuit/DeepPCB_valid_01_PCB__584_defect_1.png
DeepPCB,valid,01_PCB__584.jpg,01_PCB__584.txt,2,2,3,Short,217,494,246,530,640,640,224,224,bbox_crop,/Users/user/Deep-Learning-PCB-Defect-Detection/outputs/stage2/processed_images/valid/Short/DeepPCB_valid_01_PCB__584_defect_2.png
DeepPCB,valid,01_PCB__584.jpg,01_PCB__584.txt,3,3,1,Mouse_bite,250,418,288,450,640,640,224,224,bbox_crop,/Users/user/Deep-Learning-PCB-Defect-Detection/outputs/stage2/processed_images/valid/Mouse_bite/DeepPCB_valid_01_PCB__584_defect_3.png
DeepPCB,valid,01_PCB__584.jpg,01_PCB__584.txt,4,3,1,Mouse_bite,67,276,113,311,640,640,224,224,bbox_crop,/Users/user/Deep-Learning-PCB-Defect-Detection/outputs/stage2/processed_images/valid/Mouse_bite/DeepPCB_valid_01_PCB__584_defect_4.png
DeepPCB,valid,01_PCB__584.jpg,01_PCB__584.txt,5,5,5,Spurious_copper,107,335,165,375,640,640,224,224,bbox_crop,/Users/user/Deep-Learning-PCB-Defect-Detection/outputs/stage2/processed_images/valid/Spurious_copper/DeepPCB_valid_01_PCB__584_defect_5.png
DeepPCB,valid,01_PCB__584.jpg,01_PCB__584.txt,6,6,0,Missing_hole,170,404,208,437,640,640,224,224,bbox_crop,/Users/user/Deep-Learning-PCB-Defect-Detection/outputs/stage2/processed_images/valid/Missing_hole/DeepPCB_valid_01_PCB__584_defect_6.png
DeepPCB,valid,01_PCB__584.jpg,01_PCB__584.txt,7,4,4,Spur,353,164,388,197,640,640,224,224,bbox_crop,/Users/user/Deep-Learning-PCB-Defect-Detection/outputs/stage2/processed_images/valid/Spur/DeepPCB_valid_01_PCB__584_defect_7.png
DeepPCB,valid,01_PCB__596.jpg,01_PCB__596.txt,1,2,3,Short,396,313,426,372,640,640,224,224,bbox_crop,/Users/user/Deep-Learning-PCB-Defect-Detection/outputs/stage2/processed_images/valid/Short/DeepPCB_valid_01_PCB__596_defect_1.png
DeepPCB,valid,01_PCB__596.jpg,01_PCB__596.txt,2,3,1,Mouse_bite,296,308,342,338,640,640,224,224,bbox_crop,/Users/user/Deep-Learning-PCB-Defect-Detection/outputs/stage2/processed_images/valid/Mouse_bite/DeepPCB_valid_01_PCB__596_defect_2.png
DeepPCB,valid,01_PCB__596.jpg,01_PCB__596.txt,3,5,5,Spurious_copper,460,142,507,184,640,640,224,224,bbox_crop,/Users/user/Deep-Learning-PCB-Defect-Detection/outputs/stage2/processed_images/valid/Spurious_copper/DeepPCB_valid_01_PCB__596_defect_3.png
DeepPCB,valid,01_PCB__596.jpg,01_PCB__596.txt,4,6,0,Missing_hole,169,158,203,192,640,640,224,224,bbox_crop,/Users/user/Deep-Learning-PCB-Defect-Detection/outputs/stage2/processed_images/valid/Missing_hole/DeepPCB_valid_01_PCB__596_defect_4.png
DeepPCB,valid,01_PCB__596.jpg,01_PCB__596.txt,5,5,5,Spurious_copper,219,533,258,573,640,640,224,224,bbox_crop,/Users/user/Deep-Learning-PCB-Defect-Detection/outputs/stage2/processed_images/valid/Spurious_copper/DeepPCB_valid_01_PCB__596_defect_5.png
DeepPCB,valid,01_PCB__601.jpg,01_PCB__601.txt,1,1,2,Open_circuit,129,411,174,439,640,640,224,224,bbox_crop,/Users/user/Deep-Learning-PCB-Defect-Detection/outputs/stage2/processed_images/valid/Open_circuit/DeepPCB_valid_01_PCB__601_defect_1.png
DeepPCB,valid,01_PCB__601.jpg,01_PCB__601.txt,2,2,3,Short,191,247,228,278,640,640,224,224,bbox_crop,/Users/user/Deep-Learning-PCB-Defect-Detection/outputs/stage2/processed_images/valid/Short/DeepPCB_valid_01_PCB__601_defect_2.png
DeepPCB,valid,01_PCB__601.jpg,01_PCB__601.txt,3,3,1,Mouse_bite,143,220,174,246,640,640,224,224,bbox_crop,/Users/user/Deep-Learning-PCB-Defect-Detection/outputs/stage2/processed_images/valid/Mouse_bite/DeepPCB_valid_01_PCB__601_defect_3.png
DeepPCB,valid,01_PCB__601.jpg,01_PCB__601.txt,4,4,4,Spur,235,155,273,184,640,640,224,224,bbox_crop,/Users/user/Deep-Learning-PCB-Defect-Detection/outputs/stage2/processed_images/valid/Spur/DeepPCB_valid_01_PCB__601_defect_4.png
DeepPCB,valid,01_PCB__601.jpg,01_PCB__601.txt,5,6,0,Missing_hole,474,162,507,203,640,640,224,224,bbox_crop,/Users/user/Deep-Learning-PCB-Defect-Detection/outputs/stage2/processed_images/valid/Missing_hole/DeepPCB_valid_01_PCB__601_defect_5.png
DeepPCB,valid,01_PCB__620.jpg,01_PCB__620.txt,1,1,2,Open_circuit,127,127,173,155,640,640,224,224,bbox_crop,/Users/user/Deep-Learning-PCB-Defect-Detection/outputs/stage2/processed_images/valid/Open_circuit/DeepPCB_valid_01_PCB__620_defect_1.png
DeepPCB,valid,01_PCB__620.jpg,01_PCB__620.txt,2,2,3,Short,113,204,154,238,640,640,224,224,bbox_crop,/Users/user/Deep-Learning-PCB-Defect-Detection/outputs/stage2/processed_images/valid/Short/DeepPCB_valid_01_PCB__620_defect_2.png
DeepPCB,valid,01_PCB__620.jpg,01_PCB__620.txt,3,4,4,Spur,169,120,197,154,640,640,224,224,bbox_crop,/Users/user/Deep-Learning-PCB-Defect-Detection/outputs/stage2/processed_images/valid/Spur/DeepPCB_valid_01_PCB__620_defect_3.png
DeepPCB,valid,01_PCB__620.jpg,01_PCB__620.txt,4,3,1,Mouse_bite,274,215,313,241,640,640,224,224,bbox_crop,/Users/user/Deep-Learning-PCB-Defect-Detection/outputs/stage2/processed_images/valid/Mouse_bite/DeepPCB_valid_01_PCB__620_defect_4.png
DeepPCB,valid,01_PCB__620.jpg,01_PCB__620.txt,5,6,0,Missing_hole,478,182,518,222,640,640,224,224,bbox_crop,/Users/user/Deep-Learning-PCB-Defect-Detection/outputs/stage2/processed_images/valid/Missing_hole/DeepPCB_valid_01_PCB__620_defect_5.png
DeepPCB,valid,01_PCB__620.jpg,01_PCB__620.txt,6,5,5,Spurious_copper,301,87,337,128,640,640,224,224,bbox_crop,/Users/user/Deep-Learning-PCB-Defect-Detection/outputs/stage2/processed_images/valid/Spurious_copper/DeepPCB_valid_01_PCB__620_defect_6.png
DeepPCB,valid,01_PCB__620.jpg,01_PCB__620.txt,7,4,4,Spur,150,340,198,376,640,640,224,224,bbox_crop,/Users/user/Deep-Learning-PCB-Defect-Detection/outputs/stage2/processed_images/valid/Spur/DeepPCB_valid_01_PCB__620_defect_7.png
DeepPCB,valid,01_PCB__626.jpg,01_PCB__626.txt,1,6,0,Missing_hole,148,206,185,253,640,640,224,224,bbox_crop,/Users/user/Deep-Learning-PCB-Defect-Detection/outputs/stage2/processed_images/valid/Missing_hole/DeepPCB_valid_01_PCB__626_defect_1.png
DeepPCB,valid,01_PCB__626.jpg,01_PCB__626.txt,2,4,4,Spur,244,171,279,199,640,640,224,224,bbox_crop,/Users/user/Deep-Learning-PCB-Defect-Detection/outputs/stage2/processed_images/valid/Spur/DeepPCB_valid_01_PCB__626_defect_2.png
DeepPCB,valid,01_PCB__626.jpg,01_PCB__626.txt,3,6,0,Missing_hole,549,188,582,220,640,640,224,224,bbox_crop,/Users/user/Deep-Learning-PCB-Defect-Detection/outputs/stage2/processed_images/valid/Missing_hole/DeepPCB_valid_01_PCB__626_defect_3.png
DeepPCB,valid,01_PCB__626.jpg,01_PCB__626.txt,4,4,4,Spur,344,117,379,149,640,640,224,224,bbox_crop,/Users/user/Deep-Learning-PCB-Defect-Detection/outputs/stage2/processed_images/valid/Spur/DeepPCB_valid_01_PCB__626_defect_4.png
DeepPCB,valid,01_PCB__63.jpg,01_PCB__63.txt,1,1,2,Open_circuit,205,61,234,91,640,640,224,224,bbox_crop,/Users/user/Deep-Learning-PCB-Defect-Detection/outputs/stage2/processed_images/valid/Open_circuit/DeepPCB_valid_01_PCB__63_defect_1.png
DeepPCB,valid,01_PCB__63.jpg,01_PCB__63.txt,2,3,1,Mouse_bite,121,279,159,309,640,640,224,224,bbox_crop,/Users/user/Deep-Learning-PCB-Defect-Detection/outputs/stage2/processed_images/valid/Mouse_bite/DeepPCB_valid_01_PCB__63_defect_2.png
DeepPCB,valid,01_PCB__63.jpg,01_PCB__63.txt,3,3,1,Mouse_bite,232,231,269,256,640,640,224,224,bbox_crop,/Users/user/Deep-Learning-PCB-Defect-Detection/outputs/stage2/processed_images/valid/Mouse_bite/DeepPCB_valid_01_PCB__63_defect_3.png
DeepPCB,valid,01_PCB__63.jpg,01_PCB__63.txt,4,5,5,Spurious_copper,392,307,421,354,640,640,224,224,bbox_crop,/Users/user/Deep-Learning-PCB-Defect-Detection/outputs/stage2/processed_images/valid/Spurious_copper/DeepPCB_valid_01_PCB__63_defect_4.png
DeepPCB,valid,01_PCB__63.jpg,01_PCB__63.txt,5,6,0,Missing_hole,324,409,367,433,640,640,224,224,bbox_crop,/Users/user/Deep-Learning-PCB-Defect-Detection/outputs/stage2/processed_images/valid/Missing_hole/DeepPCB_valid_01_PCB__63_defect_5.png
DeepPCB,valid,01_PCB__63.jpg,01_PCB__63.txt,6,5,5,Spurious_copper,434,336,468,370,640,640,224,224,bbox_crop,/Users/user/Deep-Learning-PCB-Defect-Detection/outputs/stage2/processed_images/valid/Spurious_copper/DeepPCB_valid_01_PCB__63_defect_6.png
DeepPCB,valid,01_PCB__63.jpg,01_PCB__63.txt,7,3,1,Mouse_bite,101,510,132,544,640,640,224,224,bbox_crop,/Users/user/Deep-Learning-PCB-Defect-Detection/outputs/stage2/processed_images/valid/Mouse_bite/DeepPCB_valid_01_PCB__63_defect_7.png
DeepPCB,valid,01_PCB__642.jpg,01_PCB__642.txt,1,1,2,Open_circuit,145,513,190,554,640,640,224,224,bbox_crop,/Users/user/Deep-Learning-PCB-Defect-Detection/outputs/stage2/processed_images/valid/Open_circuit/DeepPCB_valid_01_PCB__642_defect_1.png
DeepPCB,valid,01_PCB__642.jpg,01_PCB__642.txt,2,2,3,Short,29,409,71,439,640,640,224,224,bbox_crop,/Users/user/Deep-Learning-PCB-Defect-Detection/outputs/stage2/processed_images/valid/Short/DeepPCB_valid_01_PCB__642_defect_2.png
DeepPCB,valid,01_PCB__642.jpg,01_PCB__642.txt,3,3,1,Mouse_bite,36,314,69,346,640,640,224,224,bbox_crop,/Users/user/Deep-Learning-PCB-Defect-Detection/outputs/stage2/processed_images/valid/Mouse_bite/DeepPCB_valid_01_PCB__642_defect_3.png
DeepPCB,valid,01_PCB__642.jpg,01_PCB__642.txt,4,4,4,Spur,54,132,90,161,640,640,224,224,bbox_crop,/Users/user/Deep-Learning-PCB-Defect-Detection/outputs/stage2/processed_images/valid/Spur/DeepPCB_valid_01_PCB__642_defect_4.png
DeepPCB,valid,01_PCB__642.jpg,01_PCB__642.txt,5,2,3,Short,0,565,54,595,640,640,224,224,bbox_crop,/Users/user/Deep-Learning-PCB-Defect-Detection/outputs/stage2/processed_images/valid/Short/DeepPCB_valid_01_PCB__642_defect_5.png
DeepPCB,valid,01_PCB__645.jpg,01_PCB__645.txt,1,3,1,Mouse_bite,81,220,119,252,640,640,224,224,bbox_crop,/Users/user/Deep-Learning-PCB-Defect-Detection/outputs/stage2/processed_images/valid/Mouse_bite/DeepPCB_valid_01_PCB__645_defect_1.png
DeepPCB,valid,01_PCB__645.jpg,01_PCB__645.txt,2,4,4,Spur,230,159,266,188,640,640,224,224,bbox_crop,/Users/user/Deep-Learning-PCB-Defect-Detection/outputs/stage2/processed_images/valid/Spur/DeepPCB_valid_01_PCB__645_defect_2.png
DeepPCB,valid,01_PCB__645.jpg,01_PCB__645.txt,3,6,0,Missing_hole,244,407,279,447,640,640,224,224,bbox_crop,/Users/user/Deep-Learning-PCB-Defect-Detection/outputs/stage2/processed_images/valid/Missing_hole/DeepPCB_valid_01_PCB__645_defect_3.png
DeepPCB,valid,01_PCB__645.jpg,01_PCB__645.txt,4,5,5,Spurious_copper,121,269,170,306,640,640,224,224,bbox_crop,/Users/user/Deep-Learning-PCB-Defect-Detection/outputs/stage2/processed_images/valid/Spurious_copper/DeepPCB_valid_01_PCB__645_defect_4.png
DeepPCB,valid,01_PCB__645.jpg,01_PCB__645.txt,5,4,4,Spur,89,366,116,406,640,640,224,224,bbox_crop,/Users/user/Deep-Learning-PCB-Defect-Detection/outputs/stage2/processed_images/valid/Spur/DeepPCB_valid_01_PCB__645_defect_5.png
DeepPCB,valid,01_PCB__645.jpg,01_PCB__645.txt,6,3,1,Mouse_bite,238,236,271,264,640,640,224,224,bbox_crop,/Users/user/Deep-Learning-PCB-Defect-Detection/outputs/stage2/processed_images/valid/Mouse_bite/DeepPCB_valid_01_PCB__645_defect_6.png
DeepPCB,valid,01_PCB__648.jpg,01_PCB__648.txt,1,3,1,Mouse_bite,211,438,245,466,640,640,224,224,bbox_crop,/Users/user/Deep-Learning-PCB-Defect-Detection/outputs/stage2/processed_images/valid/Mouse_bite/DeepPCB_valid_01_PCB__648_defect_1.png
DeepPCB,valid,01_PCB__648.jpg,01_PCB__648.txt,2,4,4,Spur,224,461,257,491,640,640,224,224,bbox_crop,/Users/user/Deep-Learning-PCB-Defect-Detection/outputs/stage2/processed_images/valid/Spur/DeepPCB_valid_01_PCB__648_defect_2.png
DeepPCB,valid,01_PCB__648.jpg,01_PCB__648.txt,3,6,0,Missing_hole,345,235,379,274,640,640,224,224,bbox_crop,/Users/user/Deep-Learning-PCB-Defect-Detection/outputs/stage2/processed_images/valid/Missing_hole/DeepPCB_valid_01_PCB__648_defect_3.png
DeepPCB,valid,01_PCB__648.jpg,01_PCB__648.txt,4,6,0,Missing_hole,65,266,99,307,640,640,224,224,bbox_crop,/Users/user/Deep-Learning-PCB-Defect-Detection/outputs/stage2/processed_images/valid/Missing_hole/DeepPCB_valid_01_PCB__648_defect_4.png
DeepPCB,valid,01_PCB__661.jpg,01_PCB__661.txt,1,1,2,Open_circuit,205,213,261,249,640,640,224,224,bbox_crop,/Users/user/Deep-Learning-PCB-Defect-Detection/outputs/stage2/processed_images/valid/Open_circuit/DeepPCB_valid_01_PCB__661_defect_1.png
DeepPCB,valid,01_PCB__661.jpg,01_PCB__661.txt,2,3,1,Mouse_bite,205,375,241,404,640,640,224,224,bbox_crop,/Users/user/Deep-Learning-PCB-Defect-Detection/outputs/stage2/processed_images/valid/Mouse_bite/DeepPCB_valid_01_PCB__661_defect_2.png
DeepPCB,valid,01_PCB__661.jpg,01_PCB__661.txt,3,5,5,Spurious_copper,354,99,389,133,640,640,224,224,bbox_crop,/Users/user/Deep-Learning-PCB-Defect-Detection/outputs/stage2/processed_images/valid/Spurious_copper/DeepPCB_valid_01_PCB__661_defect_3.png
DeepPCB,valid,01_PCB__661.jpg,01_PCB__661.txt,4,6,0,Missing_hole,383,298,423,330,640,640,224,224,bbox_crop,/Users/user/Deep-Learning-PCB-Defect-Detection/outputs/stage2/processed_images/valid/Missing_hole/DeepPCB_valid_01_PCB__661_defect_4.png
DeepPCB,valid,01_PCB__661.jpg,01_PCB__661.txt,5,4,4,Spur,304,181,334,208,640,640,224,224,bbox_crop,/Users/user/Deep-Learning-PCB-Defect-Detection/outputs/stage2/processed_images/valid/Spur/DeepPCB_valid_01_PCB__661_defect_5.png
DeepPCB,valid,01_PCB__661.jpg,01_PCB__661.txt,6,4,4,Spur,428,180,472,212,640,640,224,224,bbox_crop,/Users/user/Deep-Learning-PCB-Defect-Detection/outputs/stage2/processed_images/valid/Spur/DeepPCB_valid_01_PCB__661_defect_6.png
DeepPCB,valid,01_PCB__661.jpg,01_PCB__661.txt,7,3,1,Mouse_bite,513,347,549,374,640,640,224,224,bbox_crop,/Users/user/Deep-Learning-PCB-Defect-Detection/outputs/stage2/processed_images/valid/Mouse_bite/DeepPCB_valid_01_PCB__661_defect_7.png
DeepPCB,valid,01_PCB__663.jpg,01_PCB__663.txt,1,1,2,Open_circuit,158,390,222,442,640,640,224,224,bbox_crop,/Users/user/Deep-Learning-PCB-Defect-Detection/outputs/stage2/processed_images/valid/Open_circuit/DeepPCB_valid_01_PCB__663_defect_1.png
DeepPCB,valid,01_PCB__663.jpg,01_PCB__663.txt,2,3,1,Mouse_bite,207,278,257,310,640,640,224,224,bbox_crop,/Users/user/Deep-Learning-PCB-Defect-Detection/outputs/stage2/processed_images/valid/Mouse_bite/DeepPCB_valid_01_PCB__663_defect_2.png
DeepPCB,valid,01_PCB__663.jpg,01_PCB__663.txt,3,5,5,Spurious_copper,244,153,289,189,640,640,224,224,bbox_crop,/Users/user/Deep-Learning-PCB-Defect-Detection/outputs/stage2/processed_images/valid/Spurious_copper/DeepPCB_valid_01_PCB__663_defect_3.png
DeepPCB,valid,01_PCB__663.jpg,01_PCB__663.txt,4,6,0,Missing_hole,470,270,514,314,640,640,224,224,bbox_crop,/Users/user/Deep-Learning-PCB-Defect-Detection/outputs/stage2/processed_images/valid/Missing_hole/DeepPCB_valid_01_PCB__663_defect_4.png
DeepPCB,valid,01_PCB__663.jpg,01_PCB__663.txt,5,4,4,Spur,88,144,136,183,640,640,224,224,bbox_crop,/Users/user/Deep-Learning-PCB-Defect-Detection/outputs/stage2/processed_images/valid/Spur/DeepPCB_valid_01_PCB__663_defect_5.png
DeepPCB,valid,01_PCB__663.jpg,01_PCB__663.txt,6,3,1,Mouse_bite,290,127,333,151,640,640,224,224,bbox_crop,/Users/user/Deep-Learning-PCB-Defect-Detection/outputs/stage2/processed_images/valid/Mouse_bite/DeepPCB_valid_01_PCB__663_defect_6.png
DeepPCB,valid,01_PCB__663.jpg,01_PCB__663.txt,7,5,5,Spurious_copper,284,255,321,295,640,640,224,224,bbox_crop,/Users/user/Deep-Learning-PCB-Defect-Detection/outputs/stage2/processed_images/valid/Spurious_copper/DeepPCB_valid_01_PCB__663_defect_7.png
DeepPCB,valid,01_PCB__67.jpg,01_PCB__67.txt,1,1,2,Open_circuit,295,107,353,142,640,640,224,224,bbox_crop,/Users/user/Deep-Learning-PCB-Defect-Detection/outputs/stage2/processed_images/valid/Open_circuit/DeepPCB_valid_01_PCB__67_defect_1.png
DeepPCB,valid,01_PCB__67.jpg,01_PCB__67.txt,2,2,3,Short,160,244,186,303,640,640,224,224,bbox_crop,/Users/user/Deep-Learning-PCB-Defect-Detection/outputs/stage2/processed_images/valid/Short/DeepPCB_valid_01_PCB__67_defect_2.png
DeepPCB,valid,01_PCB__67.jpg,01_PCB__67.txt,3,4,4,Spur,180,165,218,191,640,640,224,224,bbox_crop,/Users/user/Deep-Learning-PCB-Defect-Detection/outputs/stage2/processed_images/valid/Spur/DeepPCB_valid_01_PCB__67_defect_3.png
DeepPCB,valid,01_PCB__67.jpg,01_PCB__67.txt,4,5,5,Spurious_copper,386,326,429,361,640,640,224,224,bbox_crop,/Users/user/Deep-Learning-PCB-Defect-Detection/outputs/stage2/processed_images/valid/Spurious_copper/DeepPCB_valid_01_PCB__67_defect_4.png
DeepPCB,valid,01_PCB__67.jpg,01_PCB__67.txt,5,6,0,Missing_hole,367,183,407,211,640,640,224,224,bbox_crop,/Users/user/Deep-Learning-PCB-Defect-Detection/outputs/stage2/processed_images/valid/Missing_hole/DeepPCB_valid_01_PCB__67_defect_5.png
DeepPCB,valid,01_PCB__67.jpg,01_PCB__67.txt,6,4,4,Spur,83,243,118,280,640,640,224,224,bbox_crop,/Users/user/Deep-Learning-PCB-Defect-Detection/outputs/stage2/processed_images/valid/Spur/DeepPCB_valid_01_PCB__67_defect_6.png
DeepPCB,valid,01_PCB__67.jpg,01_PCB__67.txt,7,2,3,Short,132,86,182,114,640,640,224,224,bbox_crop,/Users/user/Deep-Learning-PCB-Defect-Detection/outputs/stage2/processed_images/valid/Short/DeepPCB_valid_01_PCB__67_defect_7.png
DeepPCB,valid,01_PCB__673.jpg,01_PCB__673.txt,1,1,2,Open_circuit,130,329,196,360,640,640,224,224,bbox_crop,/Users/user/Deep-Learning-PCB-Defect-Detection/outputs/stage2/processed_images/valid/Open_circuit/DeepPCB_valid_01_PCB__673_defect_1.png
DeepPCB,valid,01_PCB__673.jpg,01_PCB__673.txt,2,3,1,Mouse_bite,159,244,197,272,640,640,224,224,bbox_crop,/Users/user/Deep-Learning-PCB-Defect-Detection/outputs/stage2/processed_images/valid/Mouse_bite/DeepPCB_valid_01_PCB__673_defect_2.png
DeepPCB,valid,01_PCB__673.jpg,01_PCB__673.txt,3,4,4,Spur,170,159,209,186,640,640,224,224,bbox_crop,/Users/user/Deep-Learning-PCB-Defect-Detection/outputs/stage2/processed_images/valid/Spur/DeepPCB_valid_01_PCB__673_defect_3.png
DeepPCB,valid,01_PCB__673.jpg,01_PCB__673.txt,4,6,0,Missing_hole,114,181,150,217,640,640,224,224,bbox_crop,/Users/user/Deep-Learning-PCB-Defect-Detection/outputs/stage2/processed_images/valid/Missing_hole/DeepPCB_valid_01_PCB__673_defect_4.png
DeepPCB,valid,01_PCB__700.jpg,01_PCB__700.txt,1,3,1,Mouse_bite,178,202,212,225,640,640,224,224,bbox_crop,/Users/user/Deep-Learning-PCB-Defect-Detection/outputs/stage2/processed_images/valid/Mouse_bite/DeepPCB_valid_01_PCB__700_defect_1.png
DeepPCB,valid,01_PCB__700.jpg,01_PCB__700.txt,2,4,4,Spur,289,94,313,130,640,640,224,224,bbox_crop,/Users/user/Deep-Learning-PCB-Defect-Detection/outputs/stage2/processed_images/valid/Spur/DeepPCB_valid_01_PCB__700_defect_2.png
DeepPCB,valid,01_PCB__700.jpg,01_PCB__700.txt,3,5,5,Spurious_copper,24,453,48,480,640,640,224,224,bbox_crop,/Users/user/Deep-Learning-PCB-Defect-Detection/outputs/stage2/processed_images/valid/Spurious_copper/DeepPCB_valid_01_PCB__700_defect_3.png
DeepPCB,valid,01_PCB__700.jpg,01_PCB__700.txt,4,6,0,Missing_hole,200,593,226,616,640,640,224,224,bbox_crop,/Users/user/Deep-Learning-PCB-Defect-Detection/outputs/stage2/processed_images/valid/Missing_hole/DeepPCB_valid_01_PCB__700_defect_4.png
DeepPCB,valid,01_PCB__700.jpg,01_PCB__700.txt,5,6,0,Missing_hole,570,65,598,89,640,640,224,224,bbox_crop,/Users/user/Deep-Learning-PCB-Defect-Detection/outputs/stage2/processed_images/valid/Missing_hole/DeepPCB_valid_01_PCB__700_defect_5.png
DeepPCB,valid,01_PCB__700.jpg,01_PCB__700.txt,6,4,4,Spur,370,216,405,241,640,640,224,224,bbox_crop,/Users/user/Deep-Learning-PCB-Defect-Detection/outputs/stage2/processed_images/valid/Spur/DeepPCB_valid_01_PCB__700_defect_6.png
DeepPCB,valid,01_PCB__700.jpg,01_PCB__700.txt,7,5,5,Spurious_copper,164,40,195,64,640,640,224,224,bbox_crop,/Users/user/Deep-Learning-PCB-Defect-Detection/outputs/stage2/processed_images/valid/Spurious_copper/DeepPCB_valid_01_PCB__700_defect_7.png
DeepPCB,valid,01_PCB__710.jpg,01_PCB__710.txt,1,1,2,Open_circuit,575,388,601,408,640,640,224,224,bbox_crop,/Users/user/Deep-Learning-PCB-Defect-Detection/outputs/stage2/processed_images/valid/Open_circuit/DeepPCB_valid_01_PCB__710_defect_1.png
DeepPCB,valid,01_PCB__710.jpg,01_PCB__710.txt,2,2,3,Short,581,487,616,508,640,640,224,224,bbox_crop,/Users/user/Deep-Learning-PCB-Defect-Detection/outputs/stage2/processed_images/valid/Short/DeepPCB_valid_01_PCB__710_defect_2.png
DeepPCB,valid,01_PCB__710.jpg,01_PCB__710.txt,3,3,1,Mouse_bite,217,135,246,159,640,640,224,224,bbox_crop,/Users/user/Deep-Learning-PCB-Defect-Detection/outputs/stage2/processed_images/valid/Mouse_bite/DeepPCB_valid_01_PCB__710_defect_3.png
DeepPCB,valid,01_PCB__710.jpg,01_PCB__710.txt,4,4,4,Spur,152,213,177,241,640,640,224,224,bbox_crop,/Users/user/Deep-Learning-PCB-Defect-Detection/outputs/stage2/processed_images/valid/Spur/DeepPCB_valid_01_PCB__710_defect_4.png
DeepPCB,valid,01_PCB__710.jpg,01_PCB__710.txt,5,5,5,Spurious_copper,59,437,89,460,640,640,224,224,bbox_crop,/Users/user/Deep-Learning-PCB-Defect-Detection/outputs/stage2/processed_images/valid/Spurious_copper/DeepPCB_valid_01_PCB__710_defect_5.png
DeepPCB,valid,01_PCB__710.jpg,01_PCB__710.txt,6,6,0,Missing_hole,26,188,59,214,640,640,224,224,bbox_crop,/Users/user/Deep-Learning-PCB-Defect-Detection/outputs/stage2/processed_images/valid/Missing_hole/DeepPCB_valid_01_PCB__710_defect_6.png
DeepPCB,valid,01_PCB__716.jpg,01_PCB__716.txt,1,1,2,Open_circuit,399,265,421,288,640,640,224,224,bbox_crop,/Users/user/Deep-Learning-PCB-Defect-Detection/outputs/stage2/processed_images/valid/Open_circuit/DeepPCB_valid_01_PCB__716_defect_1.png
DeepPCB,valid,01_PCB__716.jpg,01_PCB__716.txt,2,2,3,Short,403,131,442,151,640,640,224,224,bbox_crop,/Users/user/Deep-Learning-PCB-Defect-Detection/outputs/stage2/processed_images/valid/Short/DeepPCB_valid_01_PCB__716_defect_2.png
DeepPCB,valid,01_PCB__716.jpg,01_PCB__716.txt,3,2,3,Short,582,360,607,390,640,640,224,224,bbox_crop,/Users/user/Deep-Learning-PCB-Defect-Detection/outputs/stage2/processed_images/valid/Short/DeepPCB_valid_01_PCB__716_defect_3.png
DeepPCB,valid,01_PCB__716.jpg,01_PCB__716.txt,4,3,1,Mouse_bite,363,521,392,541,640,640,224,224,bbox_crop,/Users/user/Deep-Learning-PCB-Defect-Detection/outputs/stage2/processed_images/valid/Mouse_bite/DeepPCB_valid_01_PCB__716_defect_4.png
DeepPCB,valid,01_PCB__716.jpg,01_PCB__716.txt,5,4,4,Spur,278,442,311,467,640,640,224,224,bbox_crop,/Users/user/Deep-Learning-PCB-Defect-Detection/outputs/stage2/processed_images/valid/Spur/DeepPCB_valid_01_PCB__716_defect_5.png
DeepPCB,valid,01_PCB__716.jpg,01_PCB__716.txt,6,5,5,Spurious_copper,95,218,126,244,640,640,224,224,bbox_crop,/Users/user/Deep-Learning-PCB-Defect-Detection/outputs/stage2/processed_images/valid/Spurious_copper/DeepPCB_valid_01_PCB__716_defect_6.png
DeepPCB,valid,01_PCB__716.jpg,01_PCB__716.txt,7,6,0,Missing_hole,124,460,155,488,640,640,224,224,bbox_crop,/Users/user/Deep-Learning-PCB-Defect-Detection/outputs/stage2/processed_images/valid/Missing_hole/DeepPCB_valid_01_PCB__716_defect_7.png
DeepPCB,valid,01_PCB__716.jpg,01_PCB__716.txt,8,6,0,Missing_hole,324,105,354,131,640,640,224,224,bbox_crop,/Users/user/Deep-Learning-PCB-Defect-Detection/outputs/stage2/processed_images/valid/Missing_hole/DeepPCB_valid_01_PCB__716_defect_8.png
DeepPCB,valid,01_PCB__732.jpg,01_PCB__732.txt,1,1,2,Open_circuit,337,382,367,413,640,640,224,224,bbox_crop,/Users/user/Deep-Learning-PCB-Defect-Detection/outputs/stage2/processed_images/valid/Open_circuit/DeepPCB_valid_01_PCB__732_defect_1.png
DeepPCB,valid,01_PCB__732.jpg,01_PCB__732.txt,2,2,3,Short,499,240,534,279,640,640,224,224,bbox_crop,/Users/user/Deep-Learning-PCB-Defect-Detection/outputs/stage2/processed_images/valid/Short/DeepPCB_valid_01_PCB__732_defect_2.png
DeepPCB,valid,01_PCB__732.jpg,01_PCB__732.txt,3,2,3,Short,234,103,300,127,640,640,224,224,bbox_crop,/Users/user/Deep-Learning-PCB-Defect-Detection/outputs/stage2/processed_images/valid/Short/DeepPCB_valid_01_PCB__732_defect_3.png
DeepPCB,valid,01_PCB__732.jpg,01_PCB__732.txt,4,4,4,Spur,329,494,361,520,640,640,224,224,bbox_crop,/Users/user/Deep-Learning-PCB-Defect-Detection/outputs/stage2/processed_images/valid/Spur/DeepPCB_valid_01_PCB__732_defect_4.png
DeepPCB,valid,01_PCB__732.jpg,01_PCB__732.txt,5,5,5,Spurious_copper,440,450,481,486,640,640,224,224,bbox_crop,/Users/user/Deep-Learning-PCB-Defect-Detection/outputs/stage2/processed_images/valid/Spurious_copper/DeepPCB_valid_01_PCB__732_defect_5.png
DeepPCB,valid,01_PCB__732.jpg,01_PCB__732.txt,6,6,0,Missing_hole,575,11,608,40,640,640,224,224,bbox_crop,/Users/user/Deep-Learning-PCB-Defect-Detection/outputs/stage2/processed_images/valid/Missing_hole/DeepPCB_valid_01_PCB__732_defect_6.png
DeepPCB,valid,01_PCB__732.jpg,01_PCB__732.txt,7,1,2,Open_circuit,389,180,430,217,640,640,224,224,bbox_crop,/Users/user/Deep-Learning-PCB-Defect-Detection/outputs/stage2/processed_images/valid/Open_circuit/DeepPCB_valid_01_PCB__732_defect_7.png
DeepPCB,valid,01_PCB__733.jpg,01_PCB__733.txt,1,1,2,Open_circuit,334,224,367,252,640,640,224,224,bbox_crop,/Users/user/Deep-Learning-PCB-Defect-Detection/outputs/stage2/processed_images/valid/Open_circuit/DeepPCB_valid_01_PCB__733_defect_1.png
DeepPCB,valid,01_PCB__733.jpg,01_PCB__733.txt,2,2,3,Short,396,492,446,524,640,640,224,224,bbox_crop,/Users/user/Deep-Learning-PCB-Defect-Detection/outputs/stage2/processed_images/valid/Short/DeepPCB_valid_01_PCB__733_defect_2.png
DeepPCB,valid,01_PCB__733.jpg,01_PCB__733.txt,3,3,1,Mouse_bite,380,292,407,316,640,640,224,224,bbox_crop,/Users/user/Deep-Learning-PCB-Defect-Detection/outputs/stage2/processed_images/valid/Mouse_bite/DeepPCB_valid_01_PCB__733_defect_3.png
DeepPCB,valid,01_PCB__733.jpg,01_PCB__733.txt,4,4,4,Spur,539,176,572,201,640,640,224,224,bbox_crop,/Users/user/Deep-Learning-PCB-Defect-Detection/outputs/stage2/processed_images/valid/Spur/DeepPCB_valid_01_PCB__733_defect_4.png
DeepPCB,valid,01_PCB__733.jpg,01_PCB__733.txt,5,6,0,Missing_hole,232,213,261,241,640,640,224,224,bbox_crop,/Users/user/Deep-Learning-PCB-Defect-Detection/outputs/stage2/processed_images/valid/Missing_hole/DeepPCB_valid_01_PCB__733_defect_5.png
DeepPCB,valid,01_PCB__752.jpg,01_PCB__752.txt,1,1,2,Open_circuit,184,118,213,144,640,640,224,224,bbox_crop,/Users/user/Deep-Learning-PCB-Defect-Detection/outputs/stage2/processed_images/valid/Open_circuit/DeepPCB_valid_01_PCB__752_defect_1.png
DeepPCB,valid,01_PCB__752.jpg,01_PCB__752.txt,2,2,3,Short,261,221,297,247,640,640,224,224,bbox_crop,/Users/user/Deep-Learning-PCB-Defect-Detection/outputs/stage2/processed_images/valid/Short/DeepPCB_valid_01_PCB__752_defect_2.png
DeepPCB,valid,01_PCB__752.jpg,01_PCB__752.txt,3,4,4,Spur,131,425,165,452,640,640,224,224,bbox_crop,/Users/user/Deep-Learning-PCB-Defect-Detection/outputs/stage2/processed_images/valid/Spur/DeepPCB_valid_01_PCB__752_defect_3.png
DeepPCB,valid,01_PCB__752.jpg,01_PCB__752.txt,4,2,3,Short,328,340,382,367,640,640,224,224,bbox_crop,/Users/user/Deep-Learning-PCB-Defect-Detection/outputs/stage2/processed_images/valid/Short/DeepPCB_valid_01_PCB__752_defect_4.png
DeepPCB,valid,01_PCB__752.jpg,01_PCB__752.txt,5,5,5,Spurious_copper,199,189,233,219,640,640,224,224,bbox_crop,/Users/user/Deep-Learning-PCB-Defect-Detection/outputs/stage2/processed_images/valid/Spurious_copper/DeepPCB_valid_01_PCB__752_defect_5.png
DeepPCB,valid,01_PCB__752.jpg,01_PCB__752.txt,6,4,4,Spur,401,405,435,438,640,640,224,224,bbox_crop,/Users/user/Deep-Learning-PCB-Defect-Detection/outputs/stage2/processed_images/valid/Spur/DeepPCB_valid_01_PCB__752_defect_6.png
DeepPCB,valid,01_PCB__752.jpg,01_PCB__752.txt,7,4,4,Spur,12,565,54,601,640,640,224,224,bbox_crop,/Users/user/Deep-Learning-PCB-Defect-Detection/outputs/stage2/processed_images/valid/Spur/DeepPCB_valid_01_PCB__752_defect_7.png
DeepPCB,valid,01_PCB__767.jpg,01_PCB__767.txt,1,1,2,Open_circuit,202,292,237,322,640,640,224,224,bbox_crop,/Users/user/Deep-Learning-PCB-Defect-Detection/outputs/stage2/processed_images/valid/Open_circuit/DeepPCB_valid_01_PCB__767_defect_1.png
DeepPCB,valid,01_PCB__767.jpg,01_PCB__767.txt,2,2,3,Short,304,320,338,366,640,640,224,224,bbox_crop,/Users/user/Deep-Learning-PCB-Defect-Detection/outputs/stage2/processed_images/valid/Short/DeepPCB_valid_01_PCB__767_defect_2.png
DeepPCB,valid,01_PCB__767.jpg,01_PCB__767.txt,3,3,1,Mouse_bite,436,285,477,314,640,640,224,224,bbox_crop,/Users/user/Deep-Learning-PCB-Defect-Detection/outputs/stage2/processed_images/valid/Mouse_bite/DeepPCB_valid_01_PCB__767_defect_3.png
DeepPCB,valid,01_PCB__767.jpg,01_PCB__767.txt,4,5,5,Spurious_copper,337,156,378,188,640,640,224,224,bbox_crop,/Users/user/Deep-Learning-PCB-Defect-Detection/outputs/stage2/processed_images/valid/Spurious_copper/DeepPCB_valid_01_PCB__767_defect_4.png
DeepPCB,valid,01_PCB__767.jpg,01_PCB__767.txt,5,6,0,Missing_hole,228,215,261,244,640,640,224,224,bbox_crop,/Users/user/Deep-Learning-PCB-Defect-Detection/outputs/stage2/processed_images/valid/Missing_hole/DeepPCB_valid_01_PCB__767_defect_5.png
DeepPCB,valid,01_PCB__767.jpg,01_PCB__767.txt,6,3,1,Mouse_bite,59,292,90,317,640,640,224,224,bbox_crop,/Users/user/Deep-Learning-PCB-Defect-Detection/outputs/stage2/processed_images/valid/Mouse_bite/DeepPCB_valid_01_PCB__767_defect_6.png
DeepPCB,valid,01_PCB__767.jpg,01_PCB__767.txt,7,2,3,Short,40,408,97,451,640,640,224,224,bbox_crop,/Users/user/Deep-Learning-PCB-Defect-Detection/outputs/stage2/processed_images/valid/Short/DeepPCB_valid_01_PCB__767_defect_7.png
DeepPCB,valid,01_PCB__767.jpg,01_PCB__767.txt,8,4,4,Spur,367,315,423,354,640,640,224,224,bbox_crop,/Users/user/Deep-Learning-PCB-Defect-Detection/outputs/stage2/processed_images/valid/Spur/DeepPCB_valid_01_PCB__767_defect_8.png
DeepPCB,valid,01_PCB__767.jpg,01_PCB__767.txt,9,4,4,Spur,72,361,114,395,640,640,224,224,bbox_crop,/Users/user/Deep-Learning-PCB-Defect-Detection/outputs/stage2/processed_images/valid/Spur/DeepPCB_valid_01_PCB__767_defect_9.png
DeepPCB,valid,01_PCB__772.jpg,01_PCB__772.txt,1,1,2,Open_circuit,176,289,212,323,640,640,224,224,bbox_crop,/Users/user/Deep-Learning-PCB-Defect-Detection/outputs/stage2/processed_images/valid/Open_circuit/DeepPCB_valid_01_PCB__772_defect_1.png
DeepPCB,valid,01_PCB__772.jpg,01_PCB__772.txt,2,1,2,Open_circuit,465,106,496,144,640,640,224,224,bbox_crop,/Users/user/Deep-Learning-PCB-Defect-Detection/outputs/stage2/processed_images/valid/Open_circuit/DeepPCB_valid_01_PCB__772_defect_2.png
DeepPCB,valid,01_PCB__772.jpg,01_PCB__772.txt,3,2,3,Short,8,456,40,500,640,640,224,224,bbox_crop,/Users/user/Deep-Learning-PCB-Defect-Detection/outputs/stage2/processed_images/valid/Short/DeepPCB_valid_01_PCB__772_defect_3.png
DeepPCB,valid,01_PCB__772.jpg,01_PCB__772.txt,4,2,3,Short,351,423,381,475,640,640,224,224,bbox_crop,/Users/user/Deep-Learning-PCB-Defect-Detection/outputs/stage2/processed_images/valid/Short/DeepPCB_valid_01_PCB__772_defect_4.png
DeepPCB,valid,01_PCB__772.jpg,01_PCB__772.txt,5,3,1,Mouse_bite,284,363,314,390,640,640,224,224,bbox_crop,/Users/user/Deep-Learning-PCB-Defect-Detection/outputs/stage2/processed_images/valid/Mouse_bite/DeepPCB_valid_01_PCB__772_defect_5.png
DeepPCB,valid,01_PCB__772.jpg,01_PCB__772.txt,6,4,4,Spur,139,423,167,457,640,640,224,224,bbox_crop,/Users/user/Deep-Learning-PCB-Defect-Detection/outputs/stage2/processed_images/valid/Spur/DeepPCB_valid_01_PCB__772_defect_6.png
DeepPCB,valid,01_PCB__772.jpg,01_PCB__772.txt,7,1,2,Open_circuit,489,297,528,325,640,640,224,224,bbox_crop,/Users/user/Deep-Learning-PCB-Defect-Detection/outputs/stage2/processed_images/valid/Open_circuit/DeepPCB_valid_01_PCB__772_defect_7.png
DeepPCB,valid,01_PCB__772.jpg,01_PCB__772.txt,8,2,3,Short,414,259,476,286,640,640,224,224,bbox_crop,/Users/user/Deep-Learning-PCB-Defect-Detection/outputs/stage2/processed_images/valid/Short/DeepPCB_valid_01_PCB__772_defect_8.png
DeepPCB,valid,01_PCB__781.jpg,01_PCB__781.txt,1,1,2,Open_circuit,389,403,419,434,640,640,224,224,bbox_crop,/Users/user/Deep-Learning-PCB-Defect-Detection/outputs/stage2/processed_images/valid/Open_circuit/DeepPCB_valid_01_PCB__781_defect_1.png
DeepPCB,valid,01_PCB__781.jpg,01_PCB__781.txt,2,2,3,Short,130,383,161,424,640,640,224,224,bbox_crop,/Users/user/Deep-Learning-PCB-Defect-Detection/outputs/stage2/processed_images/valid/Short/DeepPCB_valid_01_PCB__781_defect_2.png
DeepPCB,valid,01_PCB__781.jpg,01_PCB__781.txt,3,3,1,Mouse_bite,427,409,455,434,640,640,224,224,bbox_crop,/Users/user/Deep-Learning-PCB-Defect-Detection/outputs/stage2/processed_images/valid/Mouse_bite/DeepPCB_valid_01_PCB__781_defect_3.png
DeepPCB,valid,01_PCB__781.jpg,01_PCB__781.txt,4,4,4,Spur,475,428,506,459,640,640,224,224,bbox_crop,/Users/user/Deep-Learning-PCB-Defect-Detection/outputs/stage2/processed_images/valid/Spur/DeepPCB_valid_01_PCB__781_defect_4.png
DeepPCB,valid,01_PCB__781.jpg,01_PCB__781.txt,5,5,5,Spurious_copper,427,210,465,245,640,640,224,224,bbox_crop,/Users/user/Deep-Learning-PCB-Defect-Detection/outputs/stage2/processed_images/valid/Spurious_copper/DeepPCB_valid_01_PCB__781_defect_5.png
DeepPCB,valid,01_PCB__781.jpg,01_PCB__781.txt,6,4,4,Spur,275,191,306,224,640,640,224,224,bbox_crop,/Users/user/Deep-Learning-PCB-Defect-Detection/outputs/stage2/processed_images/valid/Spur/DeepPCB_valid_01_PCB__781_defect_6.png
DeepPCB,valid,01_PCB__781.jpg,01_PCB__781.txt,7,3,1,Mouse_bite,300,164,331,192,640,640,224,224,bbox_crop,/Users/user/Deep-Learning-PCB-Defect-Detection/outputs/stage2/processed_images/valid/Mouse_bite/DeepPCB_valid_01_PCB__781_defect_7.png
DeepPCB,valid,01_PCB__781.jpg,01_PCB__781.txt,8,3,1,Mouse_bite,88,201,114,229,640,640,224,224,bbox_crop,/Users/user/Deep-Learning-PCB-Defect-Detection/outputs/stage2/processed_images/valid/Mouse_bite/DeepPCB_valid_01_PCB__781_defect_8.png
DeepPCB,valid,01_PCB__785.jpg,01_PCB__785.txt,1,1,2,Open_circuit,188,167,221,196,640,640,224,224,bbox_crop,/Users/user/Deep-Learning-PCB-Defect-Detection/outputs/stage2/processed_images/valid/Open_circuit/DeepPCB_valid_01_PCB__785_defect_1.png
DeepPCB,valid,01_PCB__785.jpg,01_PCB__785.txt,2,1,2,Open_circuit,330,214,372,246,640,640,224,224,bbox_crop,/Users/user/Deep-Learning-PCB-Defect-Detection/outputs/stage2/processed_images/valid/Open_circuit/DeepPCB_valid_01_PCB__785_defect_2.png
DeepPCB,valid,01_PCB__785.jpg,01_PCB__785.txt,3,3,1,Mouse_bite,432,338,461,363,640,640,224,224,bbox_crop,/Users/user/Deep-Learning-PCB-Defect-Detection/outputs/stage2/processed_images/valid/Mouse_bite/DeepPCB_valid_01_PCB__785_defect_3.png
DeepPCB,valid,01_PCB__785.jpg,01_PCB__785.txt,4,3,1,Mouse_bite,225,410,259,437,640,640,224,224,bbox_crop,/Users/user/Deep-Learning-PCB-Defect-Detection/outputs/stage2/processed_images/valid/Mouse_bite/DeepPCB_valid_01_PCB__785_defect_4.png
DeepPCB,valid,01_PCB__785.jpg,01_PCB__785.txt,5,2,3,Short,124,409,194,455,640,640,224,224,bbox_crop,/Users/user/Deep-Learning-PCB-Defect-Detection/outputs/stage2/processed_images/valid/Short/DeepPCB_valid_01_PCB__785_defect_5.png
DeepPCB,valid,01_PCB__785.jpg,01_PCB__785.txt,6,2,3,Short,495,413,524,464,640,640,224,224,bbox_crop,/Users/user/Deep-Learning-PCB-Defect-Detection/outputs/stage2/processed_images/valid/Short/DeepPCB_valid_01_PCB__785_defect_6.png
DeepPCB,valid,01_PCB__785.jpg,01_PCB__785.txt,7,2,3,Short,195,69,245,96,640,640,224,224,bbox_crop,/Users/user/Deep-Learning-PCB-Defect-Detection/outputs/stage2/processed_images/valid/Short/DeepPCB_valid_01_PCB__785_defect_7.png
DeepPCB,valid,01_PCB__785.jpg,01_PCB__785.txt,8,4,4,Spur,402,221,434,253,640,640,224,224,bbox_crop,/Users/user/Deep-Learning-PCB-Defect-Detection/outputs/stage2/processed_images/valid/Spur/DeepPCB_valid_01_PCB__785_defect_8.png
DeepPCB,valid,01_PCB__785.jpg,01_PCB__785.txt,9,4,4,Spur,469,157,500,188,640,640,224,224,bbox_crop,/Users/user/Deep-Learning-PCB-Defect-Detection/outputs/stage2/processed_images/valid/Spur/DeepPCB_valid_01_PCB__785_defect_9.png
DeepPCB,valid,01_PCB__790.jpg,01_PCB__790.txt,1,1,2,Open_circuit,221,579,250,612,640,640,224,224,bbox_crop,/Users/user/Deep-Learning-PCB-Defect-Detection/outputs/stage2/processed_images/valid/Open_circuit/DeepPCB_valid_01_PCB__790_defect_1.png
DeepPCB,valid,01_PCB__790.jpg,01_PCB__790.txt,2,2,3,Short,427,471,472,497,640,640,224,224,bbox_crop,/Users/user/Deep-Learning-PCB-Defect-Detection/outputs/stage2/processed_images/valid/Short/DeepPCB_valid_01_PCB__790_defect_2.png
DeepPCB,valid,01_PCB__790.jpg,01_PCB__790.txt,3,3,1,Mouse_bite,306,327,333,351,640,640,224,224,bbox_crop,/Users/user/Deep-Learning-PCB-Defect-Detection/outputs/stage2/processed_images/valid/Mouse_bite/DeepPCB_valid_01_PCB__790_defect_3.png
DeepPCB,valid,01_PCB__790.jpg,01_PCB__790.txt,4,3,1,Mouse_bite,499,186,530,212,640,640,224,224,bbox_crop,/Users/user/Deep-Learning-PCB-Defect-Detection/outputs/stage2/processed_images/valid/Mouse_bite/DeepPCB_valid_01_PCB__790_defect_4.png
DeepPCB,valid,01_PCB__790.jpg,01_PCB__790.txt,5,5,5,Spurious_copper,331,570,361,602,640,640,224,224,bbox_crop,/Users/user/Deep-Learning-PCB-Defect-Detection/outputs/stage2/processed_images/valid/Spurious_copper/DeepPCB_valid_01_PCB__790_defect_5.png
DeepPCB,valid,01_PCB__791.jpg,01_PCB__791.txt,1,1,2,Open_circuit,318,295,363,323,640,640,224,224,bbox_crop,/Users/user/Deep-Learning-PCB-Defect-Detection/outputs/stage2/processed_images/valid/Open_circuit/DeepPCB_valid_01_PCB__791_defect_1.png
DeepPCB,valid,01_PCB__791.jpg,01_PCB__791.txt,2,2,3,Short,120,279,150,330,640,640,224,224,bbox_crop,/Users/user/Deep-Learning-PCB-Defect-Detection/outputs/stage2/processed_images/valid/Short/DeepPCB_valid_01_PCB__791_defect_2.png
DeepPCB,valid,01_PCB__791.jpg,01_PCB__791.txt,3,5,5,Spurious_copper,292,65,328,98,640,640,224,224,bbox_crop,/Users/user/Deep-Learning-PCB-Defect-Detection/outputs/stage2/processed_images/valid/Spurious_copper/DeepPCB_valid_01_PCB__791_defect_3.png
DeepPCB,valid,01_PCB__791.jpg,01_PCB__791.txt,4,3,1,Mouse_bite,422,187,450,213,640,640,224,224,bbox_crop,/Users/user/Deep-Learning-PCB-Defect-Detection/outputs/stage2/processed_images/valid/Mouse_bite/DeepPCB_valid_01_PCB__791_defect_4.png
DeepPCB,valid,01_PCB__791.jpg,01_PCB__791.txt,5,6,0,Missing_hole,127,240,154,265,640,640,224,224,bbox_crop,/Users/user/Deep-Learning-PCB-Defect-Detection/outputs/stage2/processed_images/valid/Missing_hole/DeepPCB_valid_01_PCB__791_defect_5.png
DeepPCB,valid,01_PCB__791.jpg,01_PCB__791.txt,6,5,5,Spurious_copper,545,486,578,521,640,640,224,224,bbox_crop,/Users/user/Deep-Learning-PCB-Defect-Detection/outputs/stage2/processed_images/valid/Spurious_copper/DeepPCB_valid_01_PCB__791_defect_6.png
DeepPCB,valid,01_PCB__791.jpg,01_PCB__791.txt,7,1,2,Open_circuit,298,225,333,254,640,640,224,224,bbox_crop,/Users/user/Deep-Learning-PCB-Defect-Detection/outputs/stage2/processed_images/valid/Open_circuit/DeepPCB_valid_01_PCB__791_defect_7.png
DeepPCB,valid,01_PCB__791.jpg,01_PCB__791.txt,8,4,4,Spur,371,323,405,350,640,640,224,224,bbox_crop,/Users/user/Deep-Learning-PCB-Defect-Detection/outputs/stage2/processed_images/valid/Spur/DeepPCB_valid_01_PCB__791_defect_8.png
DeepPCB,valid,01_PCB__791.jpg,01_PCB__791.txt,9,4,4,Spur,219,435,258,466,640,640,224,224,bbox_crop,/Users/user/Deep-Learning-PCB-Defect-Detection/outputs/stage2/processed_images/valid/Spur/DeepPCB_valid_01_PCB__791_defect_9.png
DeepPCB,valid,01_PCB__799.jpg,01_PCB__799.txt,1,1,2,Open_circuit,81,107,117,143,640,640,224,224,bbox_crop,/Users/user/Deep-Learning-PCB-Defect-Detection/outputs/stage2/processed_images/valid/Open_circuit/DeepPCB_valid_01_PCB__799_defect_1.png
DeepPCB,valid,01_PCB__799.jpg,01_PCB__799.txt,2,2,3,Short,165,154,192,191,640,640,224,224,bbox_crop,/Users/user/Deep-Learning-PCB-Defect-Detection/outputs/stage2/processed_images/valid/Short/DeepPCB_valid_01_PCB__799_defect_2.png
DeepPCB,valid,01_PCB__799.jpg,01_PCB__799.txt,3,3,1,Mouse_bite,132,105,163,133,640,640,224,224,bbox_crop,/Users/user/Deep-Learning-PCB-Defect-Detection/outputs/stage2/processed_images/valid/Mouse_bite/DeepPCB_valid_01_PCB__799_defect_3.png
DeepPCB,valid,01_PCB__799.jpg,01_PCB__799.txt,4,4,4,Spur,392,102,426,129,640,640,224,224,bbox_crop,/Users/user/Deep-Learning-PCB-Defect-Detection/outputs/stage2/processed_images/valid/Spur/DeepPCB_valid_01_PCB__799_defect_4.png
DeepPCB,valid,01_PCB__799.jpg,01_PCB__799.txt,5,5,5,Spurious_copper,110,127,142,158,640,640,224,224,bbox_crop,/Users/user/Deep-Learning-PCB-Defect-Detection/outputs/stage2/processed_images/valid/Spurious_copper/DeepPCB_valid_01_PCB__799_defect_5.png
DeepPCB,valid,01_PCB__799.jpg,01_PCB__799.txt,6,6,0,Missing_hole,103,63,131,94,640,640,224,224,bbox_crop,/Users/user/Deep-Learning-PCB-Defect-Detection/outputs/stage2/processed_images/valid/Missing_hole/DeepPCB_valid_01_PCB__799_defect_6.png
DeepPCB,valid,01_PCB__799.jpg,01_PCB__799.txt,7,5,5,Spurious_copper,478,132,507,161,640,640,224,224,bbox_crop,/Users/user/Deep-Learning-PCB-Defect-Detection/outputs/stage2/processed_images/valid/Spurious_copper/DeepPCB_valid_01_PCB__799_defect_7.png
DeepPCB,valid,01_PCB__799.jpg,01_PCB__799.txt,8,4,4,Spur,535,123,567,152,640,640,224,224,bbox_crop,/Users/user/Deep-Learning-PCB-Defect-Detection/outputs/stage2/processed_images/valid/Spur/DeepPCB_valid_01_PCB__799_defect_8.png
DeepPCB,valid,01_PCB__799.jpg,01_PCB__799.txt,9,3,1,Mouse_bite,279,85,310,111,640,640,224,224,bbox_crop,/Users/user/Deep-Learning-PCB-Defect-Detection/outputs/stage2/processed_images/valid/Mouse_bite/DeepPCB_valid_01_PCB__799_defect_9.png
DeepPCB,valid,01_PCB__799.jpg,01_PCB__799.txt,10,1,2,Open_circuit,413,167,447,203,640,640,224,224,bbox_crop,/Users/user/Deep-Learning-PCB-Defect-Detection/outputs/stage2/processed_images/valid/Open_circuit/DeepPCB_valid_01_PCB__799_defect_10.png
DeepPCB,valid,01_PCB__8.jpg,01_PCB__8.txt,1,1,2,Open_circuit,513,376,549,402,640,640,224,224,bbox_crop,/Users/user/Deep-Learning-PCB-Defect-Detection/outputs/stage2/processed_images/valid/Open_circuit/DeepPCB_valid_01_PCB__8_defect_1.png
DeepPCB,valid,01_PCB__8.jpg,01_PCB__8.txt,2,2,3,Short,397,260,430,312,640,640,224,224,bbox_crop,/Users/user/Deep-Learning-PCB-Defect-Detection/outputs/stage2/processed_images/valid/Short/DeepPCB_valid_01_PCB__8_defect_2.png
DeepPCB,valid,01_PCB__8.jpg,01_PCB__8.txt,3,3,1,Mouse_bite,200,260,233,286,640,640,224,224,bbox_crop,/Users/user/Deep-Learning-PCB-Defect-Detection/outputs/stage2/processed_images/valid/Mouse_bite/DeepPCB_valid_01_PCB__8_defect_3.png
DeepPCB,valid,01_PCB__8.jpg,01_PCB__8.txt,4,3,1,Mouse_bite,143,392,174,421,640,640,224,224,bbox_crop,/Users/user/Deep-Learning-PCB-Defect-Detection/outputs/stage2/processed_images/valid/Mouse_bite/DeepPCB_valid_01_PCB__8_defect_4.png
DeepPCB,valid,01_PCB__8.jpg,01_PCB__8.txt,5,4,4,Spur,193,419,228,446,640,640,224,224,bbox_crop,/Users/user/Deep-Learning-PCB-Defect-Detection/outputs/stage2/processed_images/valid/Spur/DeepPCB_valid_01_PCB__8_defect_5.png
DeepPCB,valid,01_PCB__8.jpg,01_PCB__8.txt,6,5,5,Spurious_copper,271,330,302,358,640,640,224,224,bbox_crop,/Users/user/Deep-Learning-PCB-Defect-Detection/outputs/stage2/processed_images/valid/Spurious_copper/DeepPCB_valid_01_PCB__8_defect_6.png
DeepPCB,valid,01_PCB__8.jpg,01_PCB__8.txt,7,5,5,Spurious_copper,44,366,85,409,640,640,224,224,bbox_crop,/Users/user/Deep-Learning-PCB-Defect-Detection/outputs/stage2/processed_images/valid/Spurious_copper/DeepPCB_valid_01_PCB__8_defect_7.png
DeepPCB,valid,01_PCB__8.jpg,01_PCB__8.txt,8,1,2,Open_circuit,530,498,571,557,640,640,224,224,bbox_crop,/Users/user/Deep-Learning-PCB-Defect-Detection/outputs/stage2/processed_images/valid/Open_circuit/DeepPCB_valid_01_PCB__8_defect_8.png
DeepPCB,valid,01_PCB__800.jpg,01_PCB__800.txt,1,1,2,Open_circuit,454,468,490,506,640,640,224,224,bbox_crop,/Users/user/Deep-Learning-PCB-Defect-Detection/outputs/stage2/processed_images/valid/Open_circuit/DeepPCB_valid_01_PCB__800_defect_1.png
DeepPCB,valid,01_PCB__800.jpg,01_PCB__800.txt,2,2,3,Short,192,397,221,433,640,640,224,224,bbox_crop,/Users/user/Deep-Learning-PCB-Defect-Detection/outputs/stage2/processed_images/valid/Short/DeepPCB_valid_01_PCB__800_defect_2.png
DeepPCB,valid,01_PCB__800.jpg,01_PCB__800.txt,3,4,4,Spur,321,403,349,433,640,640,224,224,bbox_crop,/Users/user/Deep-Learning-PCB-Defect-Detection/outputs/stage2/processed_images/valid/Spur/DeepPCB_valid_01_PCB__800_defect_3.png
DeepPCB,valid,01_PCB__800.jpg,01_PCB__800.txt,4,5,5,Spurious_copper,311,431,346,461,640,640,224,224,bbox_crop,/Users/user/Deep-Learning-PCB-Defect-Detection/outputs/stage2/processed_images/valid/Spurious_copper/DeepPCB_valid_01_PCB__800_defect_4.png
DeepPCB,valid,01_PCB__800.jpg,01_PCB__800.txt,5,4,4,Spur,429,403,460,429,640,640,224,224,bbox_crop,/Users/user/Deep-Learning-PCB-Defect-Detection/outputs/stage2/processed_images/valid/Spur/DeepPCB_valid_01_PCB__800_defect_5.png
DeepPCB,valid,01_PCB__800.jpg,01_PCB__800.txt,6,2,3,Short,224,460,255,519,640,640,224,224,bbox_crop,/Users/user/Deep-Learning-PCB-Defect-Detection/outputs/stage2/processed_images/valid/Short/DeepPCB_valid_01_PCB__800_defect_6.png
DeepPCB,valid,01_PCB__800.jpg,01_PCB__800.txt,7,5,5,Spurious_copper,185,438,214,470,640,640,224,224,bbox_crop,/Users/user/Deep-Learning-PCB-Defect-Detection/outputs/stage2/processed_images/valid/Spurious_copper/DeepPCB_valid_01_PCB__800_defect_7.png
DeepPCB,valid,01_PCB__800.jpg,01_PCB__800.txt,8,1,2,Open_circuit,89,369,123,399,640,640,224,224,bbox_crop,/Users/user/Deep-Learning-PCB-Defect-Detection/outputs/stage2/processed_images/valid/Open_circuit/DeepPCB_valid_01_PCB__800_defect_8.png
DeepPCB,valid,01_PCB__817.jpg,01_PCB__817.txt,1,1,2,Open_circuit,156,131,192,164,640,640,224,224,bbox_crop,/Users/user/Deep-Learning-PCB-Defect-Detection/outputs/stage2/processed_images/valid/Open_circuit/DeepPCB_valid_01_PCB__817_defect_1.png
DeepPCB,valid,01_PCB__817.jpg,01_PCB__817.txt,2,2,3,Short,211,280,264,304,640,640,224,224,bbox_crop,/Users/user/Deep-Learning-PCB-Defect-Detection/outputs/stage2/processed_images/valid/Short/DeepPCB_valid_01_PCB__817_defect_2.png
DeepPCB,valid,01_PCB__817.jpg,01_PCB__817.txt,3,3,1,Mouse_bite,174,253,205,282,640,640,224,224,bbox_crop,/Users/user/Deep-Learning-PCB-Defect-Detection/outputs/stage2/processed_images/valid/Mouse_bite/DeepPCB_valid_01_PCB__817_defect_3.png
DeepPCB,valid,01_PCB__817.jpg,01_PCB__817.txt,4,4,4,Spur,185,373,218,406,640,640,224,224,bbox_crop,/Users/user/Deep-Learning-PCB-Defect-Detection/outputs/stage2/processed_images/valid/Spur/DeepPCB_valid_01_PCB__817_defect_4.png
DeepPCB,valid,01_PCB__817.jpg,01_PCB__817.txt,5,5,5,Spurious_copper,282,394,317,429,640,640,224,224,bbox_crop,/Users/user/Deep-Learning-PCB-Defect-Detection/outputs/stage2/processed_images/valid/Spurious_copper/DeepPCB_valid_01_PCB__817_defect_5.png
DeepPCB,valid,01_PCB__817.jpg,01_PCB__817.txt,6,6,0,Missing_hole,522,565,555,598,640,640,224,224,bbox_crop,/Users/user/Deep-Learning-PCB-Defect-Detection/outputs/stage2/processed_images/valid/Missing_hole/DeepPCB_valid_01_PCB__817_defect_6.png
DeepPCB,valid,01_PCB__817.jpg,01_PCB__817.txt,7,3,1,Mouse_bite,406,500,437,524,640,640,224,224,bbox_crop,/Users/user/Deep-Learning-PCB-Defect-Detection/outputs/stage2/processed_images/valid/Mouse_bite/DeepPCB_valid_01_PCB__817_defect_7.png
DeepPCB,valid,01_PCB__817.jpg,01_PCB__817.txt,8,2,3,Short,407,437,454,464,640,640,224,224,bbox_crop,/Users/user/Deep-Learning-PCB-Defect-Detection/outputs/stage2/processed_images/valid/Short/DeepPCB_valid_01_PCB__817_defect_8.png
DeepPCB,valid,01_PCB__817.jpg,01_PCB__817.txt,9,2,3,Short,348,307,413,337,640,640,224,224,bbox_crop,/Users/user/Deep-Learning-PCB-Defect-Detection/outputs/stage2/processed_images/valid/Short/DeepPCB_valid_01_PCB__817_defect_9.png
DeepPCB,valid,01_PCB__826.jpg,01_PCB__826.txt,1,1,2,Open_circuit,135,338,172,370,640,640,224,224,bbox_crop,/Users/user/Deep-Learning-PCB-Defect-Detection/outputs/stage2/processed_images/valid/Open_circuit/DeepPCB_valid_01_PCB__826_defect_1.png
DeepPCB,valid,01_PCB__826.jpg,01_PCB__826.txt,2,2,3,Short,260,392,292,424,640,640,224,224,bbox_crop,/Users/user/Deep-Learning-PCB-Defect-Detection/outputs/stage2/processed_images/valid/Short/DeepPCB_valid_01_PCB__826_defect_2.png
DeepPCB,valid,01_PCB__826.jpg,01_PCB__826.txt,3,2,3,Short,368,338,469,384,640,640,224,224,bbox_crop,/Users/user/Deep-Learning-PCB-Defect-Detection/outputs/stage2/processed_images/valid/Short/DeepPCB_valid_01_PCB__826_defect_3.png
DeepPCB,valid,01_PCB__826.jpg,01_PCB__826.txt,4,3,1,Mouse_bite,394,401,426,428,640,640,224,224,bbox_crop,/Users/user/Deep-Learning-PCB-Defect-Detection/outputs/stage2/processed_images/valid/Mouse_bite/DeepPCB_valid_01_PCB__826_defect_4.png
DeepPCB,valid,01_PCB__826.jpg,01_PCB__826.txt,5,5,5,Spurious_copper,302,451,336,485,640,640,224,224,bbox_crop,/Users/user/Deep-Learning-PCB-Defect-Detection/outputs/stage2/processed_images/valid/Spurious_copper/DeepPCB_valid_01_PCB__826_defect_5.png
DeepPCB,valid,01_PCB__826.jpg,01_PCB__826.txt,6,6,0,Missing_hole,107,499,138,532,640,640,224,224,bbox_crop,/Users/user/Deep-Learning-PCB-Defect-Detection/outputs/stage2/processed_images/valid/Missing_hole/DeepPCB_valid_01_PCB__826_defect_6.png
DeepPCB,valid,01_PCB__826.jpg,01_PCB__826.txt,7,4,4,Spur,225,342,264,374,640,640,224,224,bbox_crop,/Users/user/Deep-Learning-PCB-Defect-Detection/outputs/stage2/processed_images/valid/Spur/DeepPCB_valid_01_PCB__826_defect_7.png
DeepPCB,valid,01_PCB__826.jpg,01_PCB__826.txt,8,3,1,Mouse_bite,52,442,79,468,640,640,224,224,bbox_crop,/Users/user/Deep-Learning-PCB-Defect-Detection/outputs/stage2/processed_images/valid/Mouse_bite/DeepPCB_valid_01_PCB__826_defect_8.png
DeepPCB,valid,01_PCB__83.jpg,01_PCB__83.txt,1,1,2,Open_circuit,129,345,164,376,640,640,224,224,bbox_crop,/Users/user/Deep-Learning-PCB-Defect-Detection/outputs/stage2/processed_images/valid/Open_circuit/DeepPCB_valid_01_PCB__83_defect_1.png
DeepPCB,valid,01_PCB__83.jpg,01_PCB__83.txt,2,2,3,Short,86,179,116,241,640,640,224,224,bbox_crop,/Users/user/Deep-Learning-PCB-Defect-Detection/outputs/stage2/processed_images/valid/Short/DeepPCB_valid_01_PCB__83_defect_2.png
DeepPCB,valid,01_PCB__83.jpg,01_PCB__83.txt,3,3,1,Mouse_bite,373,222,418,253,640,640,224,224,bbox_crop,/Users/user/Deep-Learning-PCB-Defect-Detection/outputs/stage2/processed_images/valid/Mouse_bite/DeepPCB_valid_01_PCB__83_defect_3.png
DeepPCB,valid,01_PCB__83.jpg,01_PCB__83.txt,4,6,0,Missing_hole,379,374,413,406,640,640,224,224,bbox_crop,/Users/user/Deep-Learning-PCB-Defect-Detection/outputs/stage2/processed_images/valid/Missing_hole/DeepPCB_valid_01_PCB__83_defect_4.png
DeepPCB,valid,01_PCB__83.jpg,01_PCB__83.txt,5,6,0,Missing_hole,113,447,155,477,640,640,224,224,bbox_crop,/Users/user/Deep-Learning-PCB-Defect-Detection/outputs/stage2/processed_images/valid/Missing_hole/DeepPCB_valid_01_PCB__83_defect_5.png
DeepPCB,valid,01_PCB__83.jpg,01_PCB__83.txt,6,4,4,Spur,521,221,547,257,640,640,224,224,bbox_crop,/Users/user/Deep-Learning-PCB-Defect-Detection/outputs/stage2/processed_images/valid/Spur/DeepPCB_valid_01_PCB__83_defect_6.png
DeepPCB,valid,01_PCB__83.jpg,01_PCB__83.txt,7,3,1,Mouse_bite,164,292,196,321,640,640,224,224,bbox_crop,/Users/user/Deep-Learning-PCB-Defect-Detection/outputs/stage2/processed_images/valid/Mouse_bite/DeepPCB_valid_01_PCB__83_defect_7.png
DeepPCB,valid,01_PCB__853.jpg,01_PCB__853.txt,1,3,1,Mouse_bite,20,17,49,43,640,640,224,224,bbox_crop,/Users/user/Deep-Learning-PCB-Defect-Detection/outputs/stage2/processed_images/valid/Mouse_bite/DeepPCB_valid_01_PCB__853_defect_1.png
DeepPCB,valid,01_PCB__853.jpg,01_PCB__853.txt,2,4,4,Spur,585,186,615,212,640,640,224,224,bbox_crop,/Users/user/Deep-Learning-PCB-Defect-Detection/outputs/stage2/processed_images/valid/Spur/DeepPCB_valid_01_PCB__853_defect_2.png
DeepPCB,valid,01_PCB__853.jpg,01_PCB__853.txt,3,5,5,Spurious_copper,571,287,606,321,640,640,224,224,bbox_crop,/Users/user/Deep-Learning-PCB-Defect-Detection/outputs/stage2/processed_images/valid/Spurious_copper/DeepPCB_valid_01_PCB__853_defect_3.png
DeepPCB,valid,01_PCB__853.jpg,01_PCB__853.txt,4,6,0,Missing_hole,605,181,634,215,640,640,224,224,bbox_crop,/Users/user/Deep-Learning-PCB-Defect-Detection/outputs/stage2/processed_images/valid/Missing_hole/DeepPCB_valid_01_PCB__853_defect_4.png
DeepPCB,valid,01_PCB__876.jpg,01_PCB__876.txt,1,1,2,Open_circuit,144,208,187,244,640,640,224,224,bbox_crop,/Users/user/Deep-Learning-PCB-Defect-Detection/outputs/stage2/processed_images/valid/Open_circuit/DeepPCB_valid_01_PCB__876_defect_1.png
DeepPCB,valid,01_PCB__876.jpg,01_PCB__876.txt,2,3,1,Mouse_bite,242,191,279,219,640,640,224,224,bbox_crop,/Users/user/Deep-Learning-PCB-Defect-Detection/outputs/stage2/processed_images/valid/Mouse_bite/DeepPCB_valid_01_PCB__876_defect_2.png
DeepPCB,valid,01_PCB__876.jpg,01_PCB__876.txt,3,4,4,Spur,196,337,226,365,640,640,224,224,bbox_crop,/Users/user/Deep-Learning-PCB-Defect-Detection/outputs/stage2/processed_images/valid/Spur/DeepPCB_valid_01_PCB__876_defect_3.png
DeepPCB,valid,01_PCB__876.jpg,01_PCB__876.txt,4,5,5,Spurious_copper,51,310,86,342,640,640,224,224,bbox_crop,/Users/user/Deep-Learning-PCB-Defect-Detection/outputs/stage2/processed_images/valid/Spurious_copper/DeepPCB_valid_01_PCB__876_defect_4.png
DeepPCB,valid,01_PCB__876.jpg,01_PCB__876.txt,5,6,0,Missing_hole,239,89,273,122,640,640,224,224,bbox_crop,/Users/user/Deep-Learning-PCB-Defect-Detection/outputs/stage2/processed_images/valid/Missing_hole/DeepPCB_valid_01_PCB__876_defect_5.png
DeepPCB,valid,01_PCB__876.jpg,01_PCB__876.txt,6,3,1,Mouse_bite,257,343,290,370,640,640,224,224,bbox_crop,/Users/user/Deep-Learning-PCB-Defect-Detection/outputs/stage2/processed_images/valid/Mouse_bite/DeepPCB_valid_01_PCB__876_defect_6.png
DeepPCB,valid,01_PCB__876.jpg,01_PCB__876.txt,7,2,3,Short,359,391,384,460,640,640,224,224,bbox_crop,/Users/user/Deep-Learning-PCB-Defect-Detection/outputs/stage2/processed_images/valid/Short/DeepPCB_valid_01_PCB__876_defect_7.png
DeepPCB,valid,01_PCB__876.jpg,01_PCB__876.txt,8,2,3,Short,168,496,228,520,640,640,224,224,bbox_crop,/Users/user/Deep-Learning-PCB-Defect-Detection/outputs/stage2/processed_images/valid/Short/DeepPCB_valid_01_PCB__876_defect_8.png
DeepPCB,valid,01_PCB__879.jpg,01_PCB__879.txt,1,1,2,Open_circuit,370,192,405,220,640,640,224,224,bbox_crop,/Users/user/Deep-Learning-PCB-Defect-Detection/outputs/stage2/processed_images/valid/Open_circuit/DeepPCB_valid_01_PCB__879_defect_1.png
DeepPCB,valid,01_PCB__879.jpg,01_PCB__879.txt,2,2,3,Short,354,306,398,330,640,640,224,224,bbox_crop,/Users/user/Deep-Learning-PCB-Defect-Detection/outputs/stage2/processed_images/valid/Short/DeepPCB_valid_01_PCB__879_defect_2.png
DeepPCB,valid,01_PCB__879.jpg,01_PCB__879.txt,3,3,1,Mouse_bite,142,492,172,516,640,640,224,224,bbox_crop,/Users/user/Deep-Learning-PCB-Defect-Detection/outputs/stage2/processed_images/valid/Mouse_bite/DeepPCB_valid_01_PCB__879_defect_3.png
DeepPCB,valid,01_PCB__879.jpg,01_PCB__879.txt,4,4,4,Spur,103,387,134,421,640,640,224,224,bbox_crop,/Users/user/Deep-Learning-PCB-Defect-Detection/outputs/stage2/processed_images/valid/Spur/DeepPCB_valid_01_PCB__879_defect_4.png
DeepPCB,valid,01_PCB__879.jpg,01_PCB__879.txt,5,6,0,Missing_hole,102,422,130,448,640,640,224,224,bbox_crop,/Users/user/Deep-Learning-PCB-Defect-Detection/outputs/stage2/processed_images/valid/Missing_hole/DeepPCB_valid_01_PCB__879_defect_5.png
DeepPCB,valid,01_PCB__879.jpg,01_PCB__879.txt,6,5,5,Spurious_copper,208,296,237,322,640,640,224,224,bbox_crop,/Users/user/Deep-Learning-PCB-Defect-Detection/outputs/stage2/processed_images/valid/Spurious_copper/DeepPCB_valid_01_PCB__879_defect_6.png
DeepPCB,valid,01_PCB__887.jpg,01_PCB__887.txt,1,1,2,Open_circuit,311,117,342,149,640,640,224,224,bbox_crop,/Users/user/Deep-Learning-PCB-Defect-Detection/outputs/stage2/processed_images/valid/Open_circuit/DeepPCB_valid_01_PCB__887_defect_1.png
DeepPCB,valid,01_PCB__887.jpg,01_PCB__887.txt,2,2,3,Short,152,249,209,282,640,640,224,224,bbox_crop,/Users/user/Deep-Learning-PCB-Defect-Detection/outputs/stage2/processed_images/valid/Short/DeepPCB_valid_01_PCB__887_defect_2.png
DeepPCB,valid,01_PCB__887.jpg,01_PCB__887.txt,3,3,1,Mouse_bite,89,116,116,141,640,640,224,224,bbox_crop,/Users/user/Deep-Learning-PCB-Defect-Detection/outputs/stage2/processed_images/valid/Mouse_bite/DeepPCB_valid_01_PCB__887_defect_3.png
DeepPCB,valid,01_PCB__887.jpg,01_PCB__887.txt,4,4,4,Spur,366,447,397,479,640,640,224,224,bbox_crop,/Users/user/Deep-Learning-PCB-Defect-Detection/outputs/stage2/processed_images/valid/Spur/DeepPCB_valid_01_PCB__887_defect_4.png
DeepPCB,valid,01_PCB__887.jpg,01_PCB__887.txt,5,1,2,Open_circuit,329,360,361,393,640,640,224,224,bbox_crop,/Users/user/Deep-Learning-PCB-Defect-Detection/outputs/stage2/processed_images/valid/Open_circuit/DeepPCB_valid_01_PCB__887_defect_5.png
DeepPCB,valid,01_PCB__887.jpg,01_PCB__887.txt,6,5,5,Spurious_copper,30,508,61,542,640,640,224,224,bbox_crop,/Users/user/Deep-Learning-PCB-Defect-Detection/outputs/stage2/processed_images/valid/Spurious_copper/DeepPCB_valid_01_PCB__887_defect_6.png
DeepPCB,valid,01_PCB__887.jpg,01_PCB__887.txt,7,6,0,Missing_hole,97,531,126,558,640,640,224,224,bbox_crop,/Users/user/Deep-Learning-PCB-Defect-Detection/outputs/stage2/processed_images/valid/Missing_hole/DeepPCB_valid_01_PCB__887_defect_7.png
DeepPCB,valid,01_PCB__887.jpg,01_PCB__887.txt,8,1,2,Open_circuit,369,300,402,337,640,640,224,224,bbox_crop,/Users/user/Deep-Learning-PCB-Defect-Detection/outputs/stage2/processed_images/valid/Open_circuit/DeepPCB_valid_01_PCB__887_defect_8.png
DeepPCB,valid,01_PCB__895.jpg,01_PCB__895.txt,1,3,1,Mouse_bite,163,333,188,358,640,640,224,224,bbox_crop,/Users/user/Deep-Learning-PCB-Defect-Detection/outputs/stage2/processed_images/valid/Mouse_bite/DeepPCB_valid_01_PCB__895_defect_1.png
DeepPCB,valid,01_PCB__895.jpg,01_PCB__895.txt,2,2,3,Short,222,296,248,366,640,640,224,224,bbox_crop,/Users/user/Deep-Learning-PCB-Defect-Detection/outputs/stage2/processed_images/valid/Short/DeepPCB_valid_01_PCB__895_defect_2.png
DeepPCB,valid,01_PCB__895.jpg,01_PCB__895.txt,3,3,1,Mouse_bite,456,327,487,354,640,640,224,224,bbox_crop,/Users/user/Deep-Learning-PCB-Defect-Detection/outputs/stage2/processed_images/valid/Mouse_bite/DeepPCB_valid_01_PCB__895_defect_3.png
DeepPCB,valid,01_PCB__895.jpg,01_PCB__895.txt,4,4,4,Spur,566,368,596,398,640,640,224,224,bbox_crop,/Users/user/Deep-Learning-PCB-Defect-Detection/outputs/stage2/processed_images/valid/Spur/DeepPCB_valid_01_PCB__895_defect_4.png
DeepPCB,valid,01_PCB__895.jpg,01_PCB__895.txt,5,5,5,Spurious_copper,377,269,409,300,640,640,224,224,bbox_crop,/Users/user/Deep-Learning-PCB-Defect-Detection/outputs/stage2/processed_images/valid/Spurious_copper/DeepPCB_valid_01_PCB__895_defect_5.png
DeepPCB,valid,01_PCB__895.jpg,01_PCB__895.txt,6,6,0,Missing_hole,112,318,140,346,640,640,224,224,bbox_crop,/Users/user/Deep-Learning-PCB-Defect-Detection/outputs/stage2/processed_images/valid/Missing_hole/DeepPCB_valid_01_PCB__895_defect_6.png
DeepPCB,valid,01_PCB__895.jpg,01_PCB__895.txt,7,5,5,Spurious_copper,89,116,119,145,640,640,224,224,bbox_crop,/Users/user/Deep-Learning-PCB-Defect-Detection/outputs/stage2/processed_images/valid/Spurious_copper/DeepPCB_valid_01_PCB__895_defect_7.png
DeepPCB,valid,01_PCB__895.jpg,01_PCB__895.txt,8,4,4,Spur,46,276,78,303,640,640,224,224,bbox_crop,/Users/user/Deep-Learning-PCB-Defect-Detection/outputs/stage2/processed_images/valid/Spur/DeepPCB_valid_01_PCB__895_defect_8.png
DeepPCB,valid,01_PCB__902.jpg,01_PCB__902.txt,1,1,2,Open_circuit,468,125,506,155,640,640,224,224,bbox_crop,/Users/user/Deep-Learning-PCB-Defect-Detection/outputs/stage2/processed_images/valid/Open_circuit/DeepPCB_valid_01_PCB__902_defect_1.png
DeepPCB,valid,01_PCB__902.jpg,01_PCB__902.txt,2,1,2,Open_circuit,557,48,591,78,640,640,224,224,bbox_crop,/Users/user/Deep-Learning-PCB-Defect-Detection/outputs/stage2/processed_images/valid/Open_circuit/DeepPCB_valid_01_PCB__902_defect_2.png
DeepPCB,valid,01_PCB__902.jpg,01_PCB__902.txt,3,1,2,Open_circuit,388,277,421,320,640,640,224,224,bbox_crop,/Users/user/Deep-Learning-PCB-Defect-Detection/outputs/stage2/processed_images/valid/Open_circuit/DeepPCB_valid_01_PCB__902_defect_3.png
DeepPCB,valid,01_PCB__902.jpg,01_PCB__902.txt,4,2,3,Short,164,451,224,478,640,640,224,224,bbox_crop,/Users/user/Deep-Learning-PCB-Defect-Detection/outputs/stage2/processed_images/valid/Short/DeepPCB_valid_01_PCB__902_defect_4.png
DeepPCB,valid,01_PCB__902.jpg,01_PCB__902.txt,5,3,1,Mouse_bite,310,413,341,450,640,640,224,224,bbox_crop,/Users/user/Deep-Learning-PCB-Defect-Detection/outputs/stage2/processed_images/valid/Mouse_bite/DeepPCB_valid_01_PCB__902_defect_5.png
DeepPCB,valid,01_PCB__902.jpg,01_PCB__902.txt,6,3,1,Mouse_bite,10,123,39,160,640,640,224,224,bbox_crop,/Users/user/Deep-Learning-PCB-Defect-Detection/outputs/stage2/processed_images/valid/Mouse_bite/DeepPCB_valid_01_PCB__902_defect_6.png
DeepPCB,valid,01_PCB__902.jpg,01_PCB__902.txt,7,4,4,Spur,26,532,58,567,640,640,224,224,bbox_crop,/Users/user/Deep-Learning-PCB-Defect-Detection/outputs/stage2/processed_images/valid/Spur/DeepPCB_valid_01_PCB__902_defect_7.png
DeepPCB,valid,01_PCB__902.jpg,01_PCB__902.txt,8,5,5,Spurious_copper,93,344,122,375,640,640,224,224,bbox_crop,/Users/user/Deep-Learning-PCB-Defect-Detection/outputs/stage2/processed_images/valid/Spurious_copper/DeepPCB_valid_01_PCB__902_defect_8.png
DeepPCB,valid,01_PCB__902.jpg,01_PCB__902.txt,9,6,0,Missing_hole,339,388,366,416,640,640,224,224,bbox_crop,/Users/user/Deep-Learning-PCB-Defect-Detection/outputs/stage2/processed_images/valid/Missing_hole/DeepPCB_valid_01_PCB__902_defect_9.png
DeepPCB,valid,01_PCB__906.jpg,01_PCB__906.txt,1,1,2,Open_circuit,112,158,148,188,640,640,224,224,bbox_crop,/Users/user/Deep-Learning-PCB-Defect-Detection/outputs/stage2/processed_images/valid/Open_circuit/DeepPCB_valid_01_PCB__906_defect_1.png
DeepPCB,valid,01_PCB__906.jpg,01_PCB__906.txt,2,1,2,Open_circuit,50,559,80,586,640,640,224,224,bbox_crop,/Users/user/Deep-Learning-PCB-Defect-Detection/outputs/stage2/processed_images/valid/Open_circuit/DeepPCB_valid_01_PCB__906_defect_2.png
DeepPCB,valid,01_PCB__906.jpg,01_PCB__906.txt,3,2,3,Short,97,287,138,318,640,640,224,224,bbox_crop,/Users/user/Deep-Learning-PCB-Defect-Detection/outputs/stage2/processed_images/valid/Short/DeepPCB_valid_01_PCB__906_defect_3.png
DeepPCB,valid,01_PCB__906.jpg,01_PCB__906.txt,4,2,3,Short,550,484,588,529,640,640,224,224,bbox_crop,/Users/user/Deep-Learning-PCB-Defect-Detection/outputs/stage2/processed_images/valid/Short/DeepPCB_valid_01_PCB__906_defect_4.png
DeepPCB,valid,01_PCB__906.jpg,01_PCB__906.txt,5,3,1,Mouse_bite,208,105,235,134,640,640,224,224,bbox_crop,/Users/user/Deep-Learning-PCB-Defect-Detection/outputs/stage2/processed_images/valid/Mouse_bite/DeepPCB_valid_01_PCB__906_defect_5.png
DeepPCB,valid,01_PCB__906.jpg,01_PCB__906.txt,6,3,1,Mouse_bite,575,196,603,224,640,640,224,224,bbox_crop,/Users/user/Deep-Learning-PCB-Defect-Detection/outputs/stage2/processed_images/valid/Mouse_bite/DeepPCB_valid_01_PCB__906_defect_6.png
DeepPCB,valid,01_PCB__906.jpg,01_PCB__906.txt,7,4,4,Spur,232,401,263,438,640,640,224,224,bbox_crop,/Users/user/Deep-Learning-PCB-Defect-Detection/outputs/stage2/processed_images/valid/Spur/DeepPCB_valid_01_PCB__906_defect_7.png
DeepPCB,valid,01_PCB__906.jpg,01_PCB__906.txt,8,5,5,Spurious_copper,321,219,352,248,640,640,224,224,bbox_crop,/Users/user/Deep-Learning-PCB-Defect-Detection/outputs/stage2/processed_images/valid/Spurious_copper/DeepPCB_valid_01_PCB__906_defect_8.png
DeepPCB,valid,01_PCB__906.jpg,01_PCB__906.txt,9,6,0,Missing_hole,501,119,532,150,640,640,224,224,bbox_crop,/Users/user/Deep-Learning-PCB-Defect-Detection/outputs/stage2/processed_images/valid/Missing_hole/DeepPCB_valid_01_PCB__906_defect_9.png
DeepPCB,valid,01_PCB__921.jpg,01_PCB__921.txt,1,1,2,Open_circuit,288,389,332,416,640,640,224,224,bbox_crop,/Users/user/Deep-Learning-PCB-Defect-Detection/outputs/stage2/processed_images/valid/Open_circuit/DeepPCB_valid_01_PCB__921_defect_1.png
DeepPCB,valid,01_PCB__921.jpg,01_PCB__921.txt,2,1,2,Open_circuit,472,66,502,102,640,640,224,224,bbox_crop,/Users/user/Deep-Learning-PCB-Defect-Detection/outputs/stage2/processed_images/valid/Open_circuit/DeepPCB_valid_01_PCB__921_defect_2.png
DeepPCB,valid,01_PCB__921.jpg,01_PCB__921.txt,3,1,2,Open_circuit,144,470,181,507,640,640,224,224,bbox_crop,/Users/user/Deep-Learning-PCB-Defect-Detection/outputs/stage2/processed_images/valid/Open_circuit/DeepPCB_valid_01_PCB__921_defect_3.png
DeepPCB,valid,01_PCB__921.jpg,01_PCB__921.txt,4,2,3,Short,58,339,85,391,640,640,224,224,bbox_crop,/Users/user/Deep-Learning-PCB-Defect-Detection/outputs/stage2/processed_images/valid/Short/DeepPCB_valid_01_PCB__921_defect_4.png
DeepPCB,valid,01_PCB__921.jpg,01_PCB__921.txt,5,2,3,Short,297,84,319,133,640,640,224,224,bbox_crop,/Users/user/Deep-Learning-PCB-Defect-Detection/outputs/stage2/processed_images/valid/Short/DeepPCB_valid_01_PCB__921_defect_5.png
DeepPCB,valid,01_PCB__921.jpg,01_PCB__921.txt,6,2,3,Short,159,396,196,432,640,640,224,224,bbox_crop,/Users/user/Deep-Learning-PCB-Defect-Detection/outputs/stage2/processed_images/valid/Short/DeepPCB_valid_01_PCB__921_defect_6.png
DeepPCB,valid,01_PCB__921.jpg,01_PCB__921.txt,7,3,1,Mouse_bite,156,180,189,209,640,640,224,224,bbox_crop,/Users/user/Deep-Learning-PCB-Defect-Detection/outputs/stage2/processed_images/valid/Mouse_bite/DeepPCB_valid_01_PCB__921_defect_7.png
DeepPCB,valid,01_PCB__921.jpg,01_PCB__921.txt,8,3,1,Mouse_bite,76,28,104,56,640,640,224,224,bbox_crop,/Users/user/Deep-Learning-PCB-Defect-Detection/outputs/stage2/processed_images/valid/Mouse_bite/DeepPCB_valid_01_PCB__921_defect_8.png
DeepPCB,valid,01_PCB__921.jpg,01_PCB__921.txt,9,4,4,Spur,242,234,268,271,640,640,224,224,bbox_crop,/Users/user/Deep-Learning-PCB-Defect-Detection/outputs/stage2/processed_images/valid/Spur/DeepPCB_valid_01_PCB__921_defect_9.png
DeepPCB,valid,01_PCB__921.jpg,01_PCB__921.txt,10,4,4,Spur,94,414,124,459,640,640,224,224,bbox_crop,/Users/user/Deep-Learning-PCB-Defect-Detection/outputs/stage2/processed_images/valid/Spur/DeepPCB_valid_01_PCB__921_defect_10.png
DeepPCB,valid,01_PCB__921.jpg,01_PCB__921.txt,11,5,5,Spurious_copper,299,212,328,243,640,640,224,224,bbox_crop,/Users/user/Deep-Learning-PCB-Defect-Detection/outputs/stage2/processed_images/valid/Spurious_copper/DeepPCB_valid_01_PCB__921_defect_11.png
DeepPCB,valid,01_PCB__921.jpg,01_PCB__921.txt,12,6,0,Missing_hole,344,419,368,449,640,640,224,224,bbox_crop,/Users/user/Deep-Learning-PCB-Defect-Detection/outputs/stage2/processed_images/valid/Missing_hole/DeepPCB_valid_01_PCB__921_defect_12.png
DeepPCB,valid,01_PCB__921.jpg,01_PCB__921.txt,13,6,0,Missing_hole,120,21,144,56,640,640,224,224,bbox_crop,/Users/user/Deep-Learning-PCB-Defect-Detection/outputs/stage2/processed_images/valid/Missing_hole/DeepPCB_valid_01_PCB__921_defect_13.png
DeepPCB,valid,01_PCB__922.jpg,01_PCB__922.txt,1,1,2,Open_circuit,355,104,384,135,640,640,224,224,bbox_crop,/Users/user/Deep-Learning-PCB-Defect-Detection/outputs/stage2/processed_images/valid/Open_circuit/DeepPCB_valid_01_PCB__922_defect_1.png
DeepPCB,valid,01_PCB__922.jpg,01_PCB__922.txt,2,1,2,Open_circuit,167,187,199,232,640,640,224,224,bbox_crop,/Users/user/Deep-Learning-PCB-Defect-Detection/outputs/stage2/processed_images/valid/Open_circuit/DeepPCB_valid_01_PCB__922_defect_2.png
DeepPCB,valid,01_PCB__922.jpg,01_PCB__922.txt,3,2,3,Short,46,359,87,387,640,640,224,224,bbox_crop,/Users/user/Deep-Learning-PCB-Defect-Detection/outputs/stage2/processed_images/valid/Short/DeepPCB_valid_01_PCB__922_defect_3.png
DeepPCB,valid,01_PCB__922.jpg,01_PCB__922.txt,4,2,3,Short,163,362,188,414,640,640,224,224,bbox_crop,/Users/user/Deep-Learning-PCB-Defect-Detection/outputs/stage2/processed_images/valid/Short/DeepPCB_valid_01_PCB__922_defect_4.png
DeepPCB,valid,01_PCB__922.jpg,01_PCB__922.txt,5,3,1,Mouse_bite,139,138,170,168,640,640,224,224,bbox_crop,/Users/user/Deep-Learning-PCB-Defect-Detection/outputs/stage2/processed_images/valid/Mouse_bite/DeepPCB_valid_01_PCB__922_defect_5.png
DeepPCB,valid,01_PCB__922.jpg,01_PCB__922.txt,6,3,1,Mouse_bite,282,159,306,196,640,640,224,224,bbox_crop,/Users/user/Deep-Learning-PCB-Defect-Detection/outputs/stage2/processed_images/valid/Mouse_bite/DeepPCB_valid_01_PCB__922_defect_6.png
DeepPCB,valid,01_PCB__922.jpg,01_PCB__922.txt,7,4,4,Spur,232,189,263,220,640,640,224,224,bbox_crop,/Users/user/Deep-Learning-PCB-Defect-Detection/outputs/stage2/processed_images/valid/Spur/DeepPCB_valid_01_PCB__922_defect_7.png
DeepPCB,valid,01_PCB__922.jpg,01_PCB__922.txt,8,4,4,Spur,545,228,580,255,640,640,224,224,bbox_crop,/Users/user/Deep-Learning-PCB-Defect-Detection/outputs/stage2/processed_images/valid/Spur/DeepPCB_valid_01_PCB__922_defect_8.png
DeepPCB,valid,01_PCB__922.jpg,01_PCB__922.txt,9,5,5,Spurious_copper,471,392,500,418,640,640,224,224,bbox_crop,/Users/user/Deep-Learning-PCB-Defect-Detection/outputs/stage2/processed_images/valid/Spurious_copper/DeepPCB_valid_01_PCB__922_defect_9.png
DeepPCB,valid,01_PCB__922.jpg,01_PCB__922.txt,10,6,0,Missing_hole,313,394,342,424,640,640,224,224,bbox_crop,/Users/user/Deep-Learning-PCB-Defect-Detection/outputs/stage2/processed_images/valid/Missing_hole/DeepPCB_valid_01_PCB__922_defect_10.png
DeepPCB,valid,01_PCB__924.jpg,01_PCB__924.txt,1,1,2,Open_circuit,162,275,194,311,640,640,224,224,bbox_crop,/Users/user/Deep-Learning-PCB-Defect-Detection/outputs/stage2/processed_images/valid/Open_circuit/DeepPCB_valid_01_PCB__924_defect_1.png
DeepPCB,valid,01_PCB__924.jpg,01_PCB__924.txt,2,2,3,Short,550,380,578,434,640,640,224,224,bbox_crop,/Users/user/Deep-Learning-PCB-Defect-Detection/outputs/stage2/processed_images/valid/Short/DeepPCB_valid_01_PCB__924_defect_2.png
DeepPCB,valid,01_PCB__924.jpg,01_PCB__924.txt,3,1,2,Open_circuit,420,271,450,309,640,640,224,224,bbox_crop,/Users/user/Deep-Learning-PCB-Defect-Detection/outputs/stage2/processed_images/valid/Open_circuit/DeepPCB_valid_01_PCB__924_defect_3.png
DeepPCB,valid,01_PCB__924.jpg,01_PCB__924.txt,4,2,3,Short,355,276,412,301,640,640,224,224,bbox_crop,/Users/user/Deep-Learning-PCB-Defect-Detection/outputs/stage2/processed_images/valid/Short/DeepPCB_valid_01_PCB__924_defect_4.png
DeepPCB,valid,01_PCB__924.jpg,01_PCB__924.txt,5,3,1,Mouse_bite,325,234,373,267,640,640,224,224,bbox_crop,/Users/user/Deep-Learning-PCB-Defect-Detection/outputs/stage2/processed_images/valid/Mouse_bite/DeepPCB_valid_01_PCB__924_defect_5.png
DeepPCB,valid,01_PCB__924.jpg,01_PCB__924.txt,6,3,1,Mouse_bite,140,346,169,369,640,640,224,224,bbox_crop,/Users/user/Deep-Learning-PCB-Defect-Detection/outputs/stage2/processed_images/valid/Mouse_bite/DeepPCB_valid_01_PCB__924_defect_6.png
DeepPCB,valid,01_PCB__924.jpg,01_PCB__924.txt,7,5,5,Spurious_copper,124,123,155,153,640,640,224,224,bbox_crop,/Users/user/Deep-Learning-PCB-Defect-Detection/outputs/stage2/processed_images/valid/Spurious_copper/DeepPCB_valid_01_PCB__924_defect_7.png
DeepPCB,valid,01_PCB__924.jpg,01_PCB__924.txt,8,4,4,Spur,217,193,259,233,640,640,224,224,bbox_crop,/Users/user/Deep-Learning-PCB-Defect-Detection/outputs/stage2/processed_images/valid/Spur/DeepPCB_valid_01_PCB__924_defect_8.png
DeepPCB,valid,01_PCB__924.jpg,01_PCB__924.txt,9,4,4,Spur,46,394,79,433,640,640,224,224,bbox_crop,/Users/user/Deep-Learning-PCB-Defect-Detection/outputs/stage2/processed_images/valid/Spur/DeepPCB_valid_01_PCB__924_defect_9.png
DeepPCB,valid,01_PCB__924.jpg,01_PCB__924.txt,10,6,0,Missing_hole,198,310,230,337,640,640,224,224,bbox_crop,/Users/user/Deep-Learning-PCB-Defect-Detection/outputs/stage2/processed_images/valid/Missing_hole/DeepPCB_valid_01_PCB__924_defect_10.png
DeepPCB,valid,01_PCB__95.jpg,01_PCB__95.txt,1,1,2,Open_circuit,129,323,166,353,640,640,224,224,bbox_crop,/Users/user/Deep-Learning-PCB-Defect-Detection/outputs/stage2/processed_images/valid/Open_circuit/DeepPCB_valid_01_PCB__95_defect_1.png
DeepPCB,valid,01_PCB__95.jpg,01_PCB__95.txt,2,2,3,Short,54,307,93,349,640,640,224,224,bbox_crop,/Users/user/Deep-Learning-PCB-Defect-Detection/outputs/stage2/processed_images/valid/Short/DeepPCB_valid_01_PCB__95_defect_2.png
DeepPCB,valid,01_PCB__95.jpg,01_PCB__95.txt,3,4,4,Spur,93,263,127,295,640,640,224,224,bbox_crop,/Users/user/Deep-Learning-PCB-Defect-Detection/outputs/stage2/processed_images/valid/Spur/DeepPCB_valid_01_PCB__95_defect_3.png
DeepPCB,valid,01_PCB__95.jpg,01_PCB__95.txt,4,6,0,Missing_hole,253,282,285,312,640,640,224,224,bbox_crop,/Users/user/Deep-Learning-PCB-Defect-Detection/outputs/stage2/processed_images/valid/Missing_hole/DeepPCB_valid_01_PCB__95_defect_4.png
DeepPCB,valid,01_PCB__95.jpg,01_PCB__95.txt,5,5,5,Spurious_copper,461,230,493,268,640,640,224,224,bbox_crop,/Users/user/Deep-Learning-PCB-Defect-Detection/outputs/stage2/processed_images/valid/Spurious_copper/DeepPCB_valid_01_PCB__95_defect_5.png
DeepPCB,valid,01_PCB__95.jpg,01_PCB__95.txt,6,3,1,Mouse_bite,132,193,179,227,640,640,224,224,bbox_crop,/Users/user/Deep-Learning-PCB-Defect-Detection/outputs/stage2/processed_images/valid/Mouse_bite/DeepPCB_valid_01_PCB__95_defect_6.png
DeepPCB,valid,01_PCB__95.jpg,01_PCB__95.txt,7,2,3,Short,57,110,108,156,640,640,224,224,bbox_crop,/Users/user/Deep-Learning-PCB-Defect-Detection/outputs/stage2/processed_images/valid/Short/DeepPCB_valid_01_PCB__95_defect_7.png
DeepPCB,valid,01_PCB__95.jpg,01_PCB__95.txt,8,1,2,Open_circuit,130,464,165,494,640,640,224,224,bbox_crop,/Users/user/Deep-Learning-PCB-Defect-Detection/outputs/stage2/processed_images/valid/Open_circuit/DeepPCB_valid_01_PCB__95_defect_8.png
DeepPCB,valid,01_PCB__952.jpg,01_PCB__952.txt,1,1,2,Open_circuit,235,214,269,254,640,640,224,224,bbox_crop,/Users/user/Deep-Learning-PCB-Defect-Detection/outputs/stage2/processed_images/valid/Open_circuit/DeepPCB_valid_01_PCB__952_defect_1.png
DeepPCB,valid,01_PCB__952.jpg,01_PCB__952.txt,2,2,3,Short,471,85,518,110,640,640,224,224,bbox_crop,/Users/user/Deep-Learning-PCB-Defect-Detection/outputs/stage2/processed_images/valid/Short/DeepPCB_valid_01_PCB__952_defect_2.png
DeepPCB,valid,01_PCB__952.jpg,01_PCB__952.txt,3,3,1,Mouse_bite,426,464,452,490,640,640,224,224,bbox_crop,/Users/user/Deep-Learning-PCB-Defect-Detection/outputs/stage2/processed_images/valid/Mouse_bite/DeepPCB_valid_01_PCB__952_defect_3.png
DeepPCB,valid,01_PCB__952.jpg,01_PCB__952.txt,4,4,4,Spur,313,336,344,363,640,640,224,224,bbox_crop,/Users/user/Deep-Learning-PCB-Defect-Detection/outputs/stage2/processed_images/valid/Spur/DeepPCB_valid_01_PCB__952_defect_4.png
DeepPCB,valid,01_PCB__952.jpg,01_PCB__952.txt,5,6,0,Missing_hole,27,521,52,549,640,640,224,224,bbox_crop,/Users/user/Deep-Learning-PCB-Defect-Detection/outputs/stage2/processed_images/valid/Missing_hole/DeepPCB_valid_01_PCB__952_defect_5.png
DeepPCB,valid,01_PCB__952.jpg,01_PCB__952.txt,6,5,5,Spurious_copper,212,450,243,482,640,640,224,224,bbox_crop,/Users/user/Deep-Learning-PCB-Defect-Detection/outputs/stage2/processed_images/valid/Spurious_copper/DeepPCB_valid_01_PCB__952_defect_6.png
DeepPCB,valid,01_PCB__952.jpg,01_PCB__952.txt,7,4,4,Spur,161,285,191,317,640,640,224,224,bbox_crop,/Users/user/Deep-Learning-PCB-Defect-Detection/outputs/stage2/processed_images/valid/Spur/DeepPCB_valid_01_PCB__952_defect_7.png
DeepPCB,valid,01_PCB__952.jpg,01_PCB__952.txt,8,3,1,Mouse_bite,69,261,97,289,640,640,224,224,bbox_crop,/Users/user/Deep-Learning-PCB-Defect-Detection/outputs/stage2/processed_images/valid/Mouse_bite/DeepPCB_valid_01_PCB__952_defect_8.png
DeepPCB,valid,01_PCB__952.jpg,01_PCB__952.txt,9,2,3,Short,194,55,275,85,640,640,224,224,bbox_crop,/Users/user/Deep-Learning-PCB-Defect-Detection/outputs/stage2/processed_images/valid/Short/DeepPCB_valid_01_PCB__952_defect_9.png
DeepPCB,valid,01_PCB__959.jpg,01_PCB__959.txt,1,1,2,Open_circuit,130,346,160,383,640,640,224,224,bbox_crop,/Users/user/Deep-Learning-PCB-Defect-Detection/outputs/stage2/processed_images/valid/Open_circuit/DeepPCB_valid_01_PCB__959_defect_1.png
DeepPCB,valid,01_PCB__959.jpg,01_PCB__959.txt,2,2,3,Short,172,262,219,299,640,640,224,224,bbox_crop,/Users/user/Deep-Learning-PCB-Defect-Detection/outputs/stage2/processed_images/valid/Short/DeepPCB_valid_01_PCB__959_defect_2.png
DeepPCB,valid,01_PCB__959.jpg,01_PCB__959.txt,3,2,3,Short,138,188,179,219,640,640,224,224,bbox_crop,/Users/user/Deep-Learning-PCB-Defect-Detection/outputs/stage2/processed_images/valid/Short/DeepPCB_valid_01_PCB__959_defect_3.png
DeepPCB,valid,01_PCB__959.jpg,01_PCB__959.txt,4,4,4,Spur,201,194,233,222,640,640,224,224,bbox_crop,/Users/user/Deep-Learning-PCB-Defect-Detection/outputs/stage2/processed_images/valid/Spur/DeepPCB_valid_01_PCB__959_defect_4.png
DeepPCB,valid,01_PCB__959.jpg,01_PCB__959.txt,5,4,4,Spur,156,369,191,397,640,640,224,224,bbox_crop,/Users/user/Deep-Learning-PCB-Defect-Detection/outputs/stage2/processed_images/valid/Spur/DeepPCB_valid_01_PCB__959_defect_5.png
DeepPCB,valid,01_PCB__959.jpg,01_PCB__959.txt,6,4,4,Spur,201,143,230,176,640,640,224,224,bbox_crop,/Users/user/Deep-Learning-PCB-Defect-Detection/outputs/stage2/processed_images/valid/Spur/DeepPCB_valid_01_PCB__959_defect_6.png
DeepPCB,valid,01_PCB__959.jpg,01_PCB__959.txt,7,3,1,Mouse_bite,261,147,287,172,640,640,224,224,bbox_crop,/Users/user/Deep-Learning-PCB-Defect-Detection/outputs/stage2/processed_images/valid/Mouse_bite/DeepPCB_valid_01_PCB__959_defect_7.png
DeepPCB,valid,01_PCB__959.jpg,01_PCB__959.txt,8,3,1,Mouse_bite,255,103,282,128,640,640,224,224,bbox_crop,/Users/user/Deep-Learning-PCB-Defect-Detection/outputs/stage2/processed_images/valid/Mouse_bite/DeepPCB_valid_01_PCB__959_defect_8.png
DeepPCB,valid,01_PCB__959.jpg,01_PCB__959.txt,9,5,5,Spurious_copper,274,33,304,61,640,640,224,224,bbox_crop,/Users/user/Deep-Learning-PCB-Defect-Detection/outputs/stage2/processed_images/valid/Spurious_copper/DeepPCB_valid_01_PCB__959_defect_9.png
DeepPCB,valid,01_PCB__966.jpg,01_PCB__966.txt,1,3,1,Mouse_bite,213,399,244,425,640,640,224,224,bbox_crop,/Users/user/Deep-Learning-PCB-Defect-Detection/outputs/stage2/processed_images/valid/Mouse_bite/DeepPCB_valid_01_PCB__966_defect_1.png
DeepPCB,valid,01_PCB__966.jpg,01_PCB__966.txt,2,2,3,Short,348,303,399,330,640,640,224,224,bbox_crop,/Users/user/Deep-Learning-PCB-Defect-Detection/outputs/stage2/processed_images/valid/Short/DeepPCB_valid_01_PCB__966_defect_2.png
DeepPCB,valid,01_PCB__966.jpg,01_PCB__966.txt,3,3,1,Mouse_bite,388,217,415,244,640,640,224,224,bbox_crop,/Users/user/Deep-Learning-PCB-Defect-Detection/outputs/stage2/processed_images/valid/Mouse_bite/DeepPCB_valid_01_PCB__966_defect_3.png
DeepPCB,valid,01_PCB__966.jpg,01_PCB__966.txt,4,3,1,Mouse_bite,421,81,450,108,640,640,224,224,bbox_crop,/Users/user/Deep-Learning-PCB-Defect-Detection/outputs/stage2/processed_images/valid/Mouse_bite/DeepPCB_valid_01_PCB__966_defect_4.png
DeepPCB,valid,01_PCB__966.jpg,01_PCB__966.txt,5,5,5,Spurious_copper,245,252,275,279,640,640,224,224,bbox_crop,/Users/user/Deep-Learning-PCB-Defect-Detection/outputs/stage2/processed_images/valid/Spurious_copper/DeepPCB_valid_01_PCB__966_defect_5.png
DeepPCB,valid,01_PCB__966.jpg,01_PCB__966.txt,6,6,0,Missing_hole,209,587,235,615,640,640,224,224,bbox_crop,/Users/user/Deep-Learning-PCB-Defect-Detection/outputs/stage2/processed_images/valid/Missing_hole/DeepPCB_valid_01_PCB__966_defect_6.png
DeepPCB,valid,01_PCB__966.jpg,01_PCB__966.txt,7,4,4,Spur,442,386,467,413,640,640,224,224,bbox_crop,/Users/user/Deep-Learning-PCB-Defect-Detection/outputs/stage2/processed_images/valid/Spur/DeepPCB_valid_01_PCB__966_defect_7.png
DeepPCB,valid,01_PCB__966.jpg,01_PCB__966.txt,8,4,4,Spur,60,390,88,417,640,640,224,224,bbox_crop,/Users/user/Deep-Learning-PCB-Defect-Detection/outputs/stage2/processed_images/valid/Spur/DeepPCB_valid_01_PCB__966_defect_8.png
DeepPCB,valid,01_PCB__973.jpg,01_PCB__973.txt,1,1,2,Open_circuit,359,172,392,205,640,640,224,224,bbox_crop,/Users/user/Deep-Learning-PCB-Defect-Detection/outputs/stage2/processed_images/valid/Open_circuit/DeepPCB_valid_01_PCB__973_defect_1.png
DeepPCB,valid,01_PCB__973.jpg,01_PCB__973.txt,2,2,3,Short,203,142,249,168,640,640,224,224,bbox_crop,/Users/user/Deep-Learning-PCB-Defect-Detection/outputs/stage2/processed_images/valid/Short/DeepPCB_valid_01_PCB__973_defect_2.png
DeepPCB,valid,01_PCB__973.jpg,01_PCB__973.txt,3,3,1,Mouse_bite,456,391,482,417,640,640,224,224,bbox_crop,/Users/user/Deep-Learning-PCB-Defect-Detection/outputs/stage2/processed_images/valid/Mouse_bite/DeepPCB_valid_01_PCB__973_defect_3.png
DeepPCB,valid,01_PCB__973.jpg,01_PCB__973.txt,4,3,1,Mouse_bite,394,117,421,141,640,640,224,224,bbox_crop,/Users/user/Deep-Learning-PCB-Defect-Detection/outputs/stage2/processed_images/valid/Mouse_bite/DeepPCB_valid_01_PCB__973_defect_4.png
DeepPCB,valid,01_PCB__973.jpg,01_PCB__973.txt,5,4,4,Spur,87,222,119,253,640,640,224,224,bbox_crop,/Users/user/Deep-Learning-PCB-Defect-Detection/outputs/stage2/processed_images/valid/Spur/DeepPCB_valid_01_PCB__973_defect_5.png
DeepPCB,valid,01_PCB__973.jpg,01_PCB__973.txt,6,6,0,Missing_hole,479,279,519,302,640,640,224,224,bbox_crop,/Users/user/Deep-Learning-PCB-Defect-Detection/outputs/stage2/processed_images/valid/Missing_hole/DeepPCB_valid_01_PCB__973_defect_6.png
DeepPCB,valid,01_PCB__973.jpg,01_PCB__973.txt,7,5,5,Spurious_copper,605,316,633,342,640,640,224,224,bbox_crop,/Users/user/Deep-Learning-PCB-Defect-Detection/outputs/stage2/processed_images/valid/Spurious_copper/DeepPCB_valid_01_PCB__973_defect_7.png
DeepPCB,valid,01_PCB__973.jpg,01_PCB__973.txt,8,4,4,Spur,262,313,292,341,640,640,224,224,bbox_crop,/Users/user/Deep-Learning-PCB-Defect-Detection/outputs/stage2/processed_images/valid/Spur/DeepPCB_valid_01_PCB__973_defect_8.png
DeepPCB,valid,01_PCB__973.jpg,01_PCB__973.txt,9,2,3,Short,397,471,442,519,640,640,224,224,bbox_crop,/Users/user/Deep-Learning-PCB-Defect-Detection/outputs/stage2/processed_images/valid/Short/DeepPCB_valid_01_PCB__973_defect_9.png
DeepPCB,valid,01_PCB__979.jpg,01_PCB__979.txt,1,1,2,Open_circuit,262,240,294,269,640,640,224,224,bbox_crop,/Users/user/Deep-Learning-PCB-Defect-Detection/outputs/stage2/processed_images/valid/Open_circuit/DeepPCB_valid_01_PCB__979_defect_1.png
DeepPCB,valid,01_PCB__979.jpg,01_PCB__979.txt,2,2,3,Short,355,231,405,255,640,640,224,224,bbox_crop,/Users/user/Deep-Learning-PCB-Defect-Detection/outputs/stage2/processed_images/valid/Short/DeepPCB_valid_01_PCB__979_defect_2.png
DeepPCB,valid,01_PCB__979.jpg,01_PCB__979.txt,3,3,1,Mouse_bite,441,135,467,162,640,640,224,224,bbox_crop,/Users/user/Deep-Learning-PCB-Defect-Detection/outputs/stage2/processed_images/valid/Mouse_bite/DeepPCB_valid_01_PCB__979_defect_3.png
DeepPCB,valid,01_PCB__979.jpg,01_PCB__979.txt,4,5,5,Spurious_copper,325,136,356,164,640,640,224,224,bbox_crop,/Users/user/Deep-Learning-PCB-Defect-Detection/outputs/stage2/processed_images/valid/Spurious_copper/DeepPCB_valid_01_PCB__979_defect_4.png
DeepPCB,valid,01_PCB__979.jpg,01_PCB__979.txt,5,3,1,Mouse_bite,38,315,66,340,640,640,224,224,bbox_crop,/Users/user/Deep-Learning-PCB-Defect-Detection/outputs/stage2/processed_images/valid/Mouse_bite/DeepPCB_valid_01_PCB__979_defect_5.png
DeepPCB,valid,01_PCB__979.jpg,01_PCB__979.txt,6,2,3,Short,357,441,397,477,640,640,224,224,bbox_crop,/Users/user/Deep-Learning-PCB-Defect-Detection/outputs/stage2/processed_images/valid/Short/DeepPCB_valid_01_PCB__979_defect_6.png
DeepPCB,valid,01_PCB__985.jpg,01_PCB__985.txt,1,1,2,Open_circuit,244,292,281,324,640,640,224,224,bbox_crop,/Users/user/Deep-Learning-PCB-Defect-Detection/outputs/stage2/processed_images/valid/Open_circuit/DeepPCB_valid_01_PCB__985_defect_1.png
DeepPCB,valid,01_PCB__985.jpg,01_PCB__985.txt,2,2,3,Short,241,214,282,249,640,640,224,224,bbox_crop,/Users/user/Deep-Learning-PCB-Defect-Detection/outputs/stage2/processed_images/valid/Short/DeepPCB_valid_01_PCB__985_defect_2.png
DeepPCB,valid,01_PCB__985.jpg,01_PCB__985.txt,3,3,1,Mouse_bite,16,479,46,505,640,640,224,224,bbox_crop,/Users/user/Deep-Learning-PCB-Defect-Detection/outputs/stage2/processed_images/valid/Mouse_bite/DeepPCB_valid_01_PCB__985_defect_3.png
DeepPCB,valid,01_PCB__985.jpg,01_PCB__985.txt,4,4,4,Spur,161,309,189,341,640,640,224,224,bbox_crop,/Users/user/Deep-Learning-PCB-Defect-Detection/outputs/stage2/processed_images/valid/Spur/DeepPCB_valid_01_PCB__985_defect_4.png
DeepPCB,valid,01_PCB__985.jpg,01_PCB__985.txt,5,6,0,Missing_hole,12,9,41,35,640,640,224,224,bbox_crop,/Users/user/Deep-Learning-PCB-Defect-Detection/outputs/stage2/processed_images/valid/Missing_hole/DeepPCB_valid_01_PCB__985_defect_5.png
DeepPCB,valid,01_PCB__998.jpg,01_PCB__998.txt,1,2,3,Short,48,95,94,136,640,640,224,224,bbox_crop,/Users/user/Deep-Learning-PCB-Defect-Detection/outputs/stage2/processed_images/valid/Short/DeepPCB_valid_01_PCB__998_defect_1.png
DeepPCB,valid,01_PCB__998.jpg,01_PCB__998.txt,2,4,4,Spur,189,69,223,102,640,640,224,224,bbox_crop,/Users/user/Deep-Learning-PCB-Defect-Detection/outputs/stage2/processed_images/valid/Spur/DeepPCB_valid_01_PCB__998_defect_2.png
DeepPCB,valid,01_PCB__998.jpg,01_PCB__998.txt,3,3,1,Mouse_bite,95,326,124,352,640,640,224,224,bbox_crop,/Users/user/Deep-Learning-PCB-Defect-Detection/outputs/stage2/processed_images/valid/Mouse_bite/DeepPCB_valid_01_PCB__998_defect_3.png
DeepPCB,valid,01_PCB__998.jpg,01_PCB__998.txt,4,1,2,Open_circuit,279,78,314,109,640,640,224,224,bbox_crop,/Users/user/Deep-Learning-PCB-Defect-Detection/outputs/stage2/processed_images/valid/Open_circuit/DeepPCB_valid_01_PCB__998_defect_4.png
DeepPCB,valid,01_PCB__998.jpg,01_PCB__998.txt,5,5,5,Spurious_copper,216,280,246,316,640,640,224,224,bbox_crop,/Users/user/Deep-Learning-PCB-Defect-Detection/outputs/stage2/processed_images/valid/Spurious_copper/DeepPCB_valid_01_PCB__998_defect_5.png
DeepPCB,valid,01_PCB__998.jpg,01_PCB__998.txt,6,6,0,Missing_hole,149,356,174,382,640,640,224,224,bbox_crop,/Users/user/Deep-Learning-PCB-Defect-Detection/outputs/stage2/processed_images/valid/Missing_hole/DeepPCB_valid_01_PCB__998_defect_6.png
DeepPCB,valid,01_PCB__998.jpg,01_PCB__998.txt,7,1,2,Open_circuit,353,276,384,319,640,640,224,224,bbox_crop,/Users/user/Deep-Learning-PCB-Defect-Detection/outputs/stage2/processed_images/valid/Open_circuit/DeepPCB_valid_01_PCB__998_defect_7.png
DeepPCB,test,01_PCB__101.jpg,01_PCB__101.txt,1,1,2,Open_circuit,330,244,362,277,640,640,224,224,bbox_crop,/Users/user/Deep-Learning-PCB-Defect-Detection/outputs/stage2/processed_images/test/Open_circuit/DeepPCB_test_01_PCB__101_defect_1.png
DeepPCB,test,01_PCB__101.jpg,01_PCB__101.txt,2,2,3,Short,327,55,361,104,640,640,224,224,bbox_crop,/Users/user/Deep-Learning-PCB-Defect-Detection/outputs/stage2/processed_images/test/Short/DeepPCB_test_01_PCB__101_defect_2.png
DeepPCB,test,01_PCB__101.jpg,01_PCB__101.txt,3,3,1,Mouse_bite,180,109,215,140,640,640,224,224,bbox_crop,/Users/user/Deep-Learning-PCB-Defect-Detection/outputs/stage2/processed_images/test/Mouse_bite/DeepPCB_test_01_PCB__101_defect_3.png
DeepPCB,test,01_PCB__101.jpg,01_PCB__101.txt,4,3,1,Mouse_bite,176,172,214,202,640,640,224,224,bbox_crop,/Users/user/Deep-Learning-PCB-Defect-Detection/outputs/stage2/processed_images/test/Mouse_bite/DeepPCB_test_01_PCB__101_defect_4.png
DeepPCB,test,01_PCB__101.jpg,01_PCB__101.txt,5,6,0,Missing_hole,228,187,271,213,640,640,224,224,bbox_crop,/Users/user/Deep-Learning-PCB-Defect-Detection/outputs/stage2/processed_images/test/Missing_hole/DeepPCB_test_01_PCB__101_defect_5.png
DeepPCB,test,01_PCB__101.jpg,01_PCB__101.txt,6,3,1,Mouse_bite,272,538,313,569,640,640,224,224,bbox_crop,/Users/user/Deep-Learning-PCB-Defect-Detection/outputs/stage2/processed_images/test/Mouse_bite/DeepPCB_test_01_PCB__101_defect_6.png
DeepPCB,test,01_PCB__101.jpg,01_PCB__101.txt,7,3,1,Mouse_bite,68,60,100,87,640,640,224,224,bbox_crop,/Users/user/Deep-Learning-PCB-Defect-Detection/outputs/stage2/processed_images/test/Mouse_bite/DeepPCB_test_01_PCB__101_defect_7.png
DeepPCB,test,01_PCB__101.jpg,01_PCB__101.txt,8,5,5,Spurious_copper,190,388,221,429,640,640,224,224,bbox_crop,/Users/user/Deep-Learning-PCB-Defect-Detection/outputs/stage2/processed_images/test/Spurious_copper/DeepPCB_test_01_PCB__101_defect_8.png
DeepPCB,test,01_PCB__101.jpg,01_PCB__101.txt,9,6,0,Missing_hole,383,550,430,578,640,640,224,224,bbox_crop,/Users/user/Deep-Learning-PCB-Defect-Detection/outputs/stage2/processed_images/test/Missing_hole/DeepPCB_test_01_PCB__101_defect_9.png
DeepPCB,test,01_PCB__1019.jpg,01_PCB__1019.txt,1,1,2,Open_circuit,111,531,143,557,640,640,224,224,bbox_crop,/Users/user/Deep-Learning-PCB-Defect-Detection/outputs/stage2/processed_images/test/Open_circuit/DeepPCB_test_01_PCB__1019_defect_1.png
DeepPCB,test,01_PCB__1019.jpg,01_PCB__1019.txt,2,1,2,Open_circuit,122,205,162,235,640,640,224,224,bbox_crop,/Users/user/Deep-Learning-PCB-Defect-Detection/outputs/stage2/processed_images/test/Open_circuit/DeepPCB_test_01_PCB__1019_defect_2.png
DeepPCB,test,01_PCB__1019.jpg,01_PCB__1019.txt,3,2,3,Short,52,40,104,67,640,640,224,224,bbox_crop,/Users/user/Deep-Learning-PCB-Defect-Detection/outputs/stage2/processed_images/test/Short/DeepPCB_test_01_PCB__1019_defect_3.png
DeepPCB,test,01_PCB__1019.jpg,01_PCB__1019.txt,4,3,1,Mouse_bite,189,572,219,598,640,640,224,224,bbox_crop,/Users/user/Deep-Learning-PCB-Defect-Detection/outputs/stage2/processed_images/test/Mouse_bite/DeepPCB_test_01_PCB__1019_defect_4.png
DeepPCB,test,01_PCB__1019.jpg,01_PCB__1019.txt,5,4,4,Spur,151,483,179,512,640,640,224,224,bbox_crop,/Users/user/Deep-Learning-PCB-Defect-Detection/outputs/stage2/processed_images/test/Spur/DeepPCB_test_01_PCB__1019_defect_5.png
DeepPCB,test,01_PCB__1019.jpg,01_PCB__1019.txt,6,6,0,Missing_hole,15,581,42,609,640,640,224,224,bbox_crop,/Users/user/Deep-Learning-PCB-Defect-Detection/outputs/stage2/processed_images/test/Missing_hole/DeepPCB_test_01_PCB__1019_defect_6.png
DeepPCB,test,01_PCB__1019.jpg,01_PCB__1019.txt,7,1,2,Open_circuit,137,330,177,360,640,640,224,224,bbox_crop,/Users/user/Deep-Learning-PCB-Defect-Detection/outputs/stage2/processed_images/test/Open_circuit/DeepPCB_test_01_PCB__1019_defect_7.png
DeepPCB,test,01_PCB__1044.jpg,01_PCB__1044.txt,1,1,2,Open_circuit,157,165,214,189,640,640,224,224,bbox_crop,/Users/user/Deep-Learning-PCB-Defect-Detection/outputs/stage2/processed_images/test/Open_circuit/DeepPCB_test_01_PCB__1044_defect_1.png
DeepPCB,test,01_PCB__1044.jpg,01_PCB__1044.txt,2,1,2,Open_circuit,146,273,188,313,640,640,224,224,bbox_crop,/Users/user/Deep-Learning-PCB-Defect-Detection/outputs/stage2/processed_images/test/Open_circuit/DeepPCB_test_01_PCB__1044_defect_2.png
DeepPCB,test,01_PCB__1044.jpg,01_PCB__1044.txt,3,2,3,Short,334,265,387,287,640,640,224,224,bbox_crop,/Users/user/Deep-Learning-PCB-Defect-Detection/outputs/stage2/processed_images/test/Short/DeepPCB_test_01_PCB__1044_defect_3.png
DeepPCB,test,01_PCB__1044.jpg,01_PCB__1044.txt,4,2,3,Short,326,459,371,529,640,640,224,224,bbox_crop,/Users/user/Deep-Learning-PCB-Defect-Detection/outputs/stage2/processed_images/test/Short/DeepPCB_test_01_PCB__1044_defect_4.png
DeepPCB,test,01_PCB__1044.jpg,01_PCB__1044.txt,5,3,1,Mouse_bite,498,357,525,395,640,640,224,224,bbox_crop,/Users/user/Deep-Learning-PCB-Defect-Detection/outputs/stage2/processed_images/test/Mouse_bite/DeepPCB_test_01_PCB__1044_defect_5.png
DeepPCB,test,01_PCB__1044.jpg,01_PCB__1044.txt,6,3,1,Mouse_bite,618,204,639,247,640,640,224,224,bbox_crop,/Users/user/Deep-Learning-PCB-Defect-Detection/outputs/stage2/processed_images/test/Mouse_bite/DeepPCB_test_01_PCB__1044_defect_6.png
DeepPCB,test,01_PCB__1044.jpg,01_PCB__1044.txt,7,4,4,Spur,354,229,388,259,640,640,224,224,bbox_crop,/Users/user/Deep-Learning-PCB-Defect-Detection/outputs/stage2/processed_images/test/Spur/DeepPCB_test_01_PCB__1044_defect_7.png
DeepPCB,test,01_PCB__1044.jpg,01_PCB__1044.txt,8,4,4,Spur,303,31,343,66,640,640,224,224,bbox_crop,/Users/user/Deep-Learning-PCB-Defect-Detection/outputs/stage2/processed_images/test/Spur/DeepPCB_test_01_PCB__1044_defect_8.png
DeepPCB,test,01_PCB__1044.jpg,01_PCB__1044.txt,9,6,0,Missing_hole,276,7,302,32,640,640,224,224,bbox_crop,/Users/user/Deep-Learning-PCB-Defect-Detection/outputs/stage2/processed_images/test/Missing_hole/DeepPCB_test_01_PCB__1044_defect_9.png
DeepPCB,test,01_PCB__1044.jpg,01_PCB__1044.txt,10,5,5,Spurious_copper,67,257,95,285,640,640,224,224,bbox_crop,/Users/user/Deep-Learning-PCB-Defect-Detection/outputs/stage2/processed_images/test/Spurious_copper/DeepPCB_test_01_PCB__1044_defect_10.png
DeepPCB,test,01_PCB__1047.jpg,01_PCB__1047.txt,1,1,2,Open_circuit,89,267,136,305,640,640,224,224,bbox_crop,/Users/user/Deep-Learning-PCB-Defect-Detection/outputs/stage2/processed_images/test/Open_circuit/DeepPCB_test_01_PCB__1047_defect_1.png
DeepPCB,test,01_PCB__1047.jpg,01_PCB__1047.txt,2,1,2,Open_circuit,522,198,566,220,640,640,224,224,bbox_crop,/Users/user/Deep-Learning-PCB-Defect-Detection/outputs/stage2/processed_images/test/Open_circuit/DeepPCB_test_01_PCB__1047_defect_2.png
DeepPCB,test,01_PCB__1047.jpg,01_PCB__1047.txt,3,2,3,Short,596,120,623,175,640,640,224,224,bbox_crop,/Users/user/Deep-Learning-PCB-Defect-Detection/outputs/stage2/processed_images/test/Short/DeepPCB_test_01_PCB__1047_defect_3.png
DeepPCB,test,01_PCB__1047.jpg,01_PCB__1047.txt,4,3,1,Mouse_bite,256,43,285,83,640,640,224,224,bbox_crop,/Users/user/Deep-Learning-PCB-Defect-Detection/outputs/stage2/processed_images/test/Mouse_bite/DeepPCB_test_01_PCB__1047_defect_4.png
DeepPCB,test,01_PCB__1047.jpg,01_PCB__1047.txt,5,4,4,Spur,168,128,208,156,640,640,224,224,bbox_crop,/Users/user/Deep-Learning-PCB-Defect-Detection/outputs/stage2/processed_images/test/Spur/DeepPCB_test_01_PCB__1047_defect_5.png
DeepPCB,test,01_PCB__1047.jpg,01_PCB__1047.txt,6,5,5,Spurious_copper,338,145,369,178,640,640,224,224,bbox_crop,/Users/user/Deep-Learning-PCB-Defect-Detection/outputs/stage2/processed_images/test/Spurious_copper/DeepPCB_test_01_PCB__1047_defect_6.png
DeepPCB,test,01_PCB__1047.jpg,01_PCB__1047.txt,7,6,0,Missing_hole,592,10,624,38,640,640,224,224,bbox_crop,/Users/user/Deep-Learning-PCB-Defect-Detection/outputs/stage2/processed_images/test/Missing_hole/DeepPCB_test_01_PCB__1047_defect_7.png
DeepPCB,test,01_PCB__1053.jpg,01_PCB__1053.txt,1,1,2,Open_circuit,7,214,50,268,640,640,224,224,bbox_crop,/Users/user/Deep-Learning-PCB-Defect-Detection/outputs/stage2/processed_images/test/Open_circuit/DeepPCB_test_01_PCB__1053_defect_1.png
DeepPCB,test,01_PCB__1053.jpg,01_PCB__1053.txt,2,3,1,Mouse_bite,110,20,136,63,640,640,224,224,bbox_crop,/Users/user/Deep-Learning-PCB-Defect-Detection/outputs/stage2/processed_images/test/Mouse_bite/DeepPCB_test_01_PCB__1053_defect_2.png
DeepPCB,test,01_PCB__1053.jpg,01_PCB__1053.txt,3,4,4,Spur,75,158,110,187,640,640,224,224,bbox_crop,/Users/user/Deep-Learning-PCB-Defect-Detection/outputs/stage2/processed_images/test/Spur/DeepPCB_test_01_PCB__1053_defect_3.png
DeepPCB,test,01_PCB__1053.jpg,01_PCB__1053.txt,4,5,5,Spurious_copper,54,573,83,604,640,640,224,224,bbox_crop,/Users/user/Deep-Learning-PCB-Defect-Detection/outputs/stage2/processed_images/test/Spurious_copper/DeepPCB_test_01_PCB__1053_defect_4.png
DeepPCB,test,01_PCB__1053.jpg,01_PCB__1053.txt,5,6,0,Missing_hole,16,583,47,614,640,640,224,224,bbox_crop,/Users/user/Deep-Learning-PCB-Defect-Detection/outputs/stage2/processed_images/test/Missing_hole/DeepPCB_test_01_PCB__1053_defect_5.png
DeepPCB,test,01_PCB__1053.jpg,01_PCB__1053.txt,6,1,2,Open_circuit,578,16,632,78,640,640,224,224,bbox_crop,/Users/user/Deep-Learning-PCB-Defect-Detection/outputs/stage2/processed_images/test/Open_circuit/DeepPCB_test_01_PCB__1053_defect_6.png
DeepPCB,test,01_PCB__1057.jpg,01_PCB__1057.txt,1,1,2,Open_circuit,349,453,393,493,640,640,224,224,bbox_crop,/Users/user/Deep-Learning-PCB-Defect-Detection/outputs/stage2/processed_images/test/Open_circuit/DeepPCB_test_01_PCB__1057_defect_1.png
DeepPCB,test,01_PCB__1057.jpg,01_PCB__1057.txt,2,2,3,Short,556,588,608,614,640,640,224,224,bbox_crop,/Users/user/Deep-Learning-PCB-Defect-Detection/outputs/stage2/processed_images/test/Short/DeepPCB_test_01_PCB__1057_defect_2.png
DeepPCB,test,01_PCB__1057.jpg,01_PCB__1057.txt,3,3,1,Mouse_bite,206,250,259,275,640,640,224,224,bbox_crop,/Users/user/Deep-Learning-PCB-Defect-Detection/outputs/stage2/processed_images/test/Mouse_bite/DeepPCB_test_01_PCB__1057_defect_3.png
DeepPCB,test,01_PCB__1057.jpg,01_PCB__1057.txt,4,3,1,Mouse_bite,90,81,135,126,640,640,224,224,bbox_crop,/Users/user/Deep-Learning-PCB-Defect-Detection/outputs/stage2/processed_images/test/Mouse_bite/DeepPCB_test_01_PCB__1057_defect_4.png
DeepPCB,test,01_PCB__1057.jpg,01_PCB__1057.txt,5,5,5,Spurious_copper,28,476,55,524,640,640,224,224,bbox_crop,/Users/user/Deep-Learning-PCB-Defect-Detection/outputs/stage2/processed_images/test/Spurious_copper/DeepPCB_test_01_PCB__1057_defect_5.png
DeepPCB,test,01_PCB__1057.jpg,01_PCB__1057.txt,6,6,0,Missing_hole,363,344,385,400,640,640,224,224,bbox_crop,/Users/user/Deep-Learning-PCB-Defect-Detection/outputs/stage2/processed_images/test/Missing_hole/DeepPCB_test_01_PCB__1057_defect_6.png
DeepPCB,test,01_PCB__1078.jpg,01_PCB__1078.txt,1,1,2,Open_circuit,110,204,153,233,640,640,224,224,bbox_crop,/Users/user/Deep-Learning-PCB-Defect-Detection/outputs/stage2/processed_images/test/Open_circuit/DeepPCB_test_01_PCB__1078_defect_1.png
DeepPCB,test,01_PCB__1078.jpg,01_PCB__1078.txt,2,1,2,Open_circuit,499,124,537,166,640,640,224,224,bbox_crop,/Users/user/Deep-Learning-PCB-Defect-Detection/outputs/stage2/processed_images/test/Open_circuit/DeepPCB_test_01_PCB__1078_defect_2.png
DeepPCB,test,01_PCB__1078.jpg,01_PCB__1078.txt,3,2,3,Short,283,114,307,160,640,640,224,224,bbox_crop,/Users/user/Deep-Learning-PCB-Defect-Detection/outputs/stage2/processed_images/test/Short/DeepPCB_test_01_PCB__1078_defect_3.png
DeepPCB,test,01_PCB__1078.jpg,01_PCB__1078.txt,4,3,1,Mouse_bite,183,259,209,298,640,640,224,224,bbox_crop,/Users/user/Deep-Learning-PCB-Defect-Detection/outputs/stage2/processed_images/test/Mouse_bite/DeepPCB_test_01_PCB__1078_defect_4.png
DeepPCB,test,01_PCB__1078.jpg,01_PCB__1078.txt,5,4,4,Spur,185,92,216,144,640,640,224,224,bbox_crop,/Users/user/Deep-Learning-PCB-Defect-Detection/outputs/stage2/processed_images/test/Spur/DeepPCB_test_01_PCB__1078_defect_5.png
DeepPCB,test,01_PCB__1078.jpg,01_PCB__1078.txt,6,5,5,Spurious_copper,155,28,190,68,640,640,224,224,bbox_crop,/Users/user/Deep-Learning-PCB-Defect-Detection/outputs/stage2/processed_images/test/Spurious_copper/DeepPCB_test_01_PCB__1078_defect_6.png
DeepPCB,test,01_PCB__1078.jpg,01_PCB__1078.txt,7,6,0,Missing_hole,268,167,304,197,640,640,224,224,bbox_crop,/Users/user/Deep-Learning-PCB-Defect-Detection/outputs/stage2/processed_images/test/Missing_hole/DeepPCB_test_01_PCB__1078_defect_7.png
DeepPCB,test,01_PCB__1082.jpg,01_PCB__1082.txt,1,1,2,Open_circuit,253,201,284,247,640,640,224,224,bbox_crop,/Users/user/Deep-Learning-PCB-Defect-Detection/outputs/stage2/processed_images/test/Open_circuit/DeepPCB_test_01_PCB__1082_defect_1.png
DeepPCB,test,01_PCB__1082.jpg,01_PCB__1082.txt,2,1,2,Open_circuit,127,445,164,497,640,640,224,224,bbox_crop,/Users/user/Deep-Learning-PCB-Defect-Detection/outputs/stage2/processed_images/test/Open_circuit/DeepPCB_test_01_PCB__1082_defect_2.png
DeepPCB,test,01_PCB__1082.jpg,01_PCB__1082.txt,3,2,3,Short,142,172,182,223,640,640,224,224,bbox_crop,/Users/user/Deep-Learning-PCB-Defect-Detection/outputs/stage2/processed_images/test/Short/DeepPCB_test_01_PCB__1082_defect_3.png
DeepPCB,test,01_PCB__1082.jpg,01_PCB__1082.txt,4,3,1,Mouse_bite,156,48,194,90,640,640,224,224,bbox_crop,/Users/user/Deep-Learning-PCB-Defect-Detection/outputs/stage2/processed_images/test/Mouse_bite/DeepPCB_test_01_PCB__1082_defect_4.png
DeepPCB,test,01_PCB__1082.jpg,01_PCB__1082.txt,5,3,1,Mouse_bite,491,79,523,116,640,640,224,224,bbox_crop,/Users/user/Deep-Learning-PCB-Defect-Detection/outputs/stage2/processed_images/test/Mouse_bite/DeepPCB_test_01_PCB__1082_defect_5.png
DeepPCB,test,01_PCB__1082.jpg,01_PCB__1082.txt,6,5,5,Spurious_copper,500,243,534,276,640,640,224,224,bbox_crop,/Users/user/Deep-Learning-PCB-Defect-Detection/outputs/stage2/processed_images/test/Spurious_copper/DeepPCB_test_01_PCB__1082_defect_6.png
DeepPCB,test,01_PCB__1082.jpg,01_PCB__1082.txt,7,6,0,Missing_hole,368,301,401,331,640,640,224,224,bbox_crop,/Users/user/Deep-Learning-PCB-Defect-Detection/outputs/stage2/processed_images/test/Missing_hole/DeepPCB_test_01_PCB__1082_defect_7.png
DeepPCB,test,01_PCB__1085.jpg,01_PCB__1085.txt,1,1,2,Open_circuit,223,258,269,283,640,640,224,224,bbox_crop,/Users/user/Deep-Learning-PCB-Defect-Detection/outputs/stage2/processed_images/test/Open_circuit/DeepPCB_test_01_PCB__1085_defect_1.png
DeepPCB,test,01_PCB__1085.jpg,01_PCB__1085.txt,2,1,2,Open_circuit,395,0,440,46,640,640,224,224,bbox_crop,/Users/user/Deep-Learning-PCB-Defect-Detection/outputs/stage2/processed_images/test/Open_circuit/DeepPCB_test_01_PCB__1085_defect_2.png
DeepPCB,test,01_PCB__1085.jpg,01_PCB__1085.txt,3,2,3,Short,107,71,165,126,640,640,224,224,bbox_crop,/Users/user/Deep-Learning-PCB-Defect-Detection/outputs/stage2/processed_images/test/Short/DeepPCB_test_01_PCB__1085_defect_3.png
DeepPCB,test,01_PCB__1085.jpg,01_PCB__1085.txt,4,3,1,Mouse_bite,87,304,137,350,640,640,224,224,bbox_crop,/Users/user/Deep-Learning-PCB-Defect-Detection/outputs/stage2/processed_images/test/Mouse_bite/DeepPCB_test_01_PCB__1085_defect_4.png
DeepPCB,test,01_PCB__1085.jpg,01_PCB__1085.txt,5,4,4,Spur,242,138,278,195,640,640,224,224,bbox_crop,/Users/user/Deep-Learning-PCB-Defect-Detection/outputs/stage2/processed_images/test/Spur/DeepPCB_test_01_PCB__1085_defect_5.png
DeepPCB,test,01_PCB__1085.jpg,01_PCB__1085.txt,6,5,5,Spurious_copper,462,129,494,161,640,640,224,224,bbox_crop,/Users/user/Deep-Learning-PCB-Defect-Detection/outputs/stage2/processed_images/test/Spurious_copper/DeepPCB_test_01_PCB__1085_defect_6.png
DeepPCB,test,01_PCB__1085.jpg,01_PCB__1085.txt,7,6,0,Missing_hole,384,150,434,196,640,640,224,224,bbox_crop,/Users/user/Deep-Learning-PCB-Defect-Detection/outputs/stage2/processed_images/test/Missing_hole/DeepPCB_test_01_PCB__1085_defect_7.png
DeepPCB,test,01_PCB__1100.jpg,01_PCB__1100.txt,1,1,2,Open_circuit,506,307,530,353,640,640,224,224,bbox_crop,/Users/user/Deep-Learning-PCB-Defect-Detection/outputs/stage2/processed_images/test/Open_circuit/DeepPCB_test_01_PCB__1100_defect_1.png
DeepPCB,test,01_PCB__1100.jpg,01_PCB__1100.txt,2,1,2,Open_circuit,497,437,535,501,640,640,224,224,bbox_crop,/Users/user/Deep-Learning-PCB-Defect-Detection/outputs/stage2/processed_images/test/Open_circuit/DeepPCB_test_01_PCB__1100_defect_2.png
DeepPCB,test,01_PCB__1100.jpg,01_PCB__1100.txt,3,2,3,Short,553,560,591,599,640,640,224,224,bbox_crop,/Users/user/Deep-Learning-PCB-Defect-Detection/outputs/stage2/processed_images/test/Short/DeepPCB_test_01_PCB__1100_defect_3.png
DeepPCB,test,01_PCB__1100.jpg,01_PCB__1100.txt,4,2,3,Short,460,350,488,474,640,640,224,224,bbox_crop,/Users/user/Deep-Learning-PCB-Defect-Detection/outputs/stage2/processed_images/test/Short/DeepPCB_test_01_PCB__1100_defect_4.png
DeepPCB,test,01_PCB__1100.jpg,01_PCB__1100.txt,5,3,1,Mouse_bite,542,242,579,279,640,640,224,224,bbox_crop,/Users/user/Deep-Learning-PCB-Defect-Detection/outputs/stage2/processed_images/test/Mouse_bite/DeepPCB_test_01_PCB__1100_defect_5.png
DeepPCB,test,01_PCB__1100.jpg,01_PCB__1100.txt,6,4,4,Spur,68,375,110,423,640,640,224,224,bbox_crop,/Users/user/Deep-Learning-PCB-Defect-Detection/outputs/stage2/processed_images/test/Spur/DeepPCB_test_01_PCB__1100_defect_6.png
DeepPCB,test,01_PCB__1100.jpg,01_PCB__1100.txt,7,5,5,Spurious_copper,288,418,324,453,640,640,224,224,bbox_crop,/Users/user/Deep-Learning-PCB-Defect-Detection/outputs/stage2/processed_images/test/Spurious_copper/DeepPCB_test_01_PCB__1100_defect_7.png
DeepPCB,test,01_PCB__1100.jpg,01_PCB__1100.txt,8,6,0,Missing_hole,52,415,81,444,640,640,224,224,bbox_crop,/Users/user/Deep-Learning-PCB-Defect-Detection/outputs/stage2/processed_images/test/Missing_hole/DeepPCB_test_01_PCB__1100_defect_8.png
DeepPCB,test,01_PCB__1100.jpg,01_PCB__1100.txt,9,6,0,Missing_hole,9,511,40,550,640,640,224,224,bbox_crop,/Users/user/Deep-Learning-PCB-Defect-Detection/outputs/stage2/processed_images/test/Missing_hole/DeepPCB_test_01_PCB__1100_defect_9.png
DeepPCB,test,01_PCB__1115.jpg,01_PCB__1115.txt,1,1,2,Open_circuit,216,292,239,359,640,640,224,224,bbox_crop,/Users/user/Deep-Learning-PCB-Defect-Detection/outputs/stage2/processed_images/test/Open_circuit/DeepPCB_test_01_PCB__1115_defect_1.png
DeepPCB,test,01_PCB__1115.jpg,01_PCB__1115.txt,2,1,2,Open_circuit,350,341,398,386,640,640,224,224,bbox_crop,/Users/user/Deep-Learning-PCB-Defect-Detection/outputs/stage2/processed_images/test/Open_circuit/DeepPCB_test_01_PCB__1115_defect_2.png
DeepPCB,test,01_PCB__1115.jpg,01_PCB__1115.txt,3,2,3,Short,337,435,365,491,640,640,224,224,bbox_crop,/Users/user/Deep-Learning-PCB-Defect-Detection/outputs/stage2/processed_images/test/Short/DeepPCB_test_01_PCB__1115_defect_3.png
DeepPCB,test,01_PCB__1115.jpg,01_PCB__1115.txt,4,2,3,Short,383,398,433,439,640,640,224,224,bbox_crop,/Users/user/Deep-Learning-PCB-Defect-Detection/outputs/stage2/processed_images/test/Short/DeepPCB_test_01_PCB__1115_defect_4.png
DeepPCB,test,01_PCB__1115.jpg,01_PCB__1115.txt,5,3,1,Mouse_bite,246,289,285,323,640,640,224,224,bbox_crop,/Users/user/Deep-Learning-PCB-Defect-Detection/outputs/stage2/processed_images/test/Mouse_bite/DeepPCB_test_01_PCB__1115_defect_5.png
DeepPCB,test,01_PCB__1115.jpg,01_PCB__1115.txt,6,3,1,Mouse_bite,88,398,140,432,640,640,224,224,bbox_crop,/Users/user/Deep-Learning-PCB-Defect-Detection/outputs/stage2/processed_images/test/Mouse_bite/DeepPCB_test_01_PCB__1115_defect_6.png
DeepPCB,test,01_PCB__1115.jpg,01_PCB__1115.txt,7,4,4,Spur,32,267,79,322,640,640,224,224,bbox_crop,/Users/user/Deep-Learning-PCB-Defect-Detection/outputs/stage2/processed_images/test/Spur/DeepPCB_test_01_PCB__1115_defect_7.png
DeepPCB,test,01_PCB__1115.jpg,01_PCB__1115.txt,8,5,5,Spurious_copper,580,473,624,511,640,640,224,224,bbox_crop,/Users/user/Deep-Learning-PCB-Defect-Detection/outputs/stage2/processed_images/test/Spurious_copper/DeepPCB_test_01_PCB__1115_defect_8.png
DeepPCB,test,01_PCB__1115.jpg,01_PCB__1115.txt,9,6,0,Missing_hole,72,564,176,594,640,640,224,224,bbox_crop,/Users/user/Deep-Learning-PCB-Defect-Detection/outputs/stage2/processed_images/test/Missing_hole/DeepPCB_test_01_PCB__1115_defect_9.png
DeepPCB,test,01_PCB__112.jpg,01_PCB__112.txt,1,1,2,Open_circuit,116,430,152,459,640,640,224,224,bbox_crop,/Users/user/Deep-Learning-PCB-Defect-Detection/outputs/stage2/processed_images/test/Open_circuit/DeepPCB_test_01_PCB__112_defect_1.png
DeepPCB,test,01_PCB__112.jpg,01_PCB__112.txt,2,2,3,Short,285,414,309,452,640,640,224,224,bbox_crop,/Users/user/Deep-Learning-PCB-Defect-Detection/outputs/stage2/processed_images/test/Short/DeepPCB_test_01_PCB__112_defect_2.png
DeepPCB,test,01_PCB__112.jpg,01_PCB__112.txt,3,5,5,Spurious_copper,290,213,324,246,640,640,224,224,bbox_crop,/Users/user/Deep-Learning-PCB-Defect-Detection/outputs/stage2/processed_images/test/Spurious_copper/DeepPCB_test_01_PCB__112_defect_3.png
DeepPCB,test,01_PCB__112.jpg,01_PCB__112.txt,4,6,0,Missing_hole,177,147,218,172,640,640,224,224,bbox_crop,/Users/user/Deep-Learning-PCB-Defect-Detection/outputs/stage2/processed_images/test/Missing_hole/DeepPCB_test_01_PCB__112_defect_4.png
DeepPCB,test,01_PCB__112.jpg,01_PCB__112.txt,5,4,4,Spur,70,159,105,194,640,640,224,224,bbox_crop,/Users/user/Deep-Learning-PCB-Defect-Detection/outputs/stage2/processed_images/test/Spur/DeepPCB_test_01_PCB__112_defect_5.png
DeepPCB,test,01_PCB__112.jpg,01_PCB__112.txt,6,3,1,Mouse_bite,21,334,57,361,640,640,224,224,bbox_crop,/Users/user/Deep-Learning-PCB-Defect-Detection/outputs/stage2/processed_images/test/Mouse_bite/DeepPCB_test_01_PCB__112_defect_6.png
DeepPCB,test,01_PCB__112.jpg,01_PCB__112.txt,7,1,2,Open_circuit,185,446,222,479,640,640,224,224,bbox_crop,/Users/user/Deep-Learning-PCB-Defect-Detection/outputs/stage2/processed_images/test/Open_circuit/DeepPCB_test_01_PCB__112_defect_7.png
DeepPCB,test,01_PCB__112.jpg,01_PCB__112.txt,8,3,1,Mouse_bite,51,577,88,603,640,640,224,224,bbox_crop,/Users/user/Deep-Learning-PCB-Defect-Detection/outputs/stage2/processed_images/test/Mouse_bite/DeepPCB_test_01_PCB__112_defect_8.png
DeepPCB,test,01_PCB__1126.jpg,01_PCB__1126.txt,1,1,2,Open_circuit,246,332,282,369,640,640,224,224,bbox_crop,/Users/user/Deep-Learning-PCB-Defect-Detection/outputs/stage2/processed_images/test/Open_circuit/DeepPCB_test_01_PCB__1126_defect_1.png
DeepPCB,test,01_PCB__1126.jpg,01_PCB__1126.txt,2,2,3,Short,339,196,379,233,640,640,224,224,bbox_crop,/Users/user/Deep-Learning-PCB-Defect-Detection/outputs/stage2/processed_images/test/Short/DeepPCB_test_01_PCB__1126_defect_2.png
DeepPCB,test,01_PCB__1126.jpg,01_PCB__1126.txt,3,3,1,Mouse_bite,395,221,429,251,640,640,224,224,bbox_crop,/Users/user/Deep-Learning-PCB-Defect-Detection/outputs/stage2/processed_images/test/Mouse_bite/DeepPCB_test_01_PCB__1126_defect_3.png
DeepPCB,test,01_PCB__1126.jpg,01_PCB__1126.txt,4,5,5,Spurious_copper,70,324,97,362,640,640,224,224,bbox_crop,/Users/user/Deep-Learning-PCB-Defect-Detection/outputs/stage2/processed_images/test/Spurious_copper/DeepPCB_test_01_PCB__1126_defect_4.png
DeepPCB,test,01_PCB__1126.jpg,01_PCB__1126.txt,5,6,0,Missing_hole,325,87,359,113,640,640,224,224,bbox_crop,/Users/user/Deep-Learning-PCB-Defect-Detection/outputs/stage2/processed_images/test/Missing_hole/DeepPCB_test_01_PCB__1126_defect_5.png
DeepPCB,test,01_PCB__113.jpg,01_PCB__113.txt,1,1,2,Open_circuit,412,106,443,135,640,640,224,224,bbox_crop,/Users/user/Deep-Learning-PCB-Defect-Detection/outputs/stage2/processed_images/test/Open_circuit/DeepPCB_test_01_PCB__113_defect_1.png
DeepPCB,test,01_PCB__113.jpg,01_PCB__113.txt,2,2,3,Short,420,62,457,89,640,640,224,224,bbox_crop,/Users/user/Deep-Learning-PCB-Defect-Detection/outputs/stage2/processed_images/test/Short/DeepPCB_test_01_PCB__113_defect_2.png
DeepPCB,test,01_PCB__113.jpg,01_PCB__113.txt,3,3,1,Mouse_bite,219,179,258,215,640,640,224,224,bbox_crop,/Users/user/Deep-Learning-PCB-Defect-Detection/outputs/stage2/processed_images/test/Mouse_bite/DeepPCB_test_01_PCB__113_defect_3.png
DeepPCB,test,01_PCB__113.jpg,01_PCB__113.txt,4,3,1,Mouse_bite,94,263,132,302,640,640,224,224,bbox_crop,/Users/user/Deep-Learning-PCB-Defect-Detection/outputs/stage2/processed_images/test/Mouse_bite/DeepPCB_test_01_PCB__113_defect_4.png
DeepPCB,test,01_PCB__113.jpg,01_PCB__113.txt,5,5,5,Spurious_copper,128,371,158,418,640,640,224,224,bbox_crop,/Users/user/Deep-Learning-PCB-Defect-Detection/outputs/stage2/processed_images/test/Spurious_copper/DeepPCB_test_01_PCB__113_defect_5.png
DeepPCB,test,01_PCB__113.jpg,01_PCB__113.txt,6,6,0,Missing_hole,43,214,84,249,640,640,224,224,bbox_crop,/Users/user/Deep-Learning-PCB-Defect-Detection/outputs/stage2/processed_images/test/Missing_hole/DeepPCB_test_01_PCB__113_defect_6.png
DeepPCB,test,01_PCB__113.jpg,01_PCB__113.txt,7,5,5,Spurious_copper,98,107,129,139,640,640,224,224,bbox_crop,/Users/user/Deep-Learning-PCB-Defect-Detection/outputs/stage2/processed_images/test/Spurious_copper/DeepPCB_test_01_PCB__113_defect_7.png
DeepPCB,test,01_PCB__113.jpg,01_PCB__113.txt,8,4,4,Spur,215,391,249,422,640,640,224,224,bbox_crop,/Users/user/Deep-Learning-PCB-Defect-Detection/outputs/stage2/processed_images/test/Spur/DeepPCB_test_01_PCB__113_defect_8.png
DeepPCB,test,01_PCB__1143.jpg,01_PCB__1143.txt,1,1,2,Open_circuit,232,181,272,220,640,640,224,224,bbox_crop,/Users/user/Deep-Learning-PCB-Defect-Detection/outputs/stage2/processed_images/test/Open_circuit/DeepPCB_test_01_PCB__1143_defect_1.png
DeepPCB,test,01_PCB__1143.jpg,01_PCB__1143.txt,2,2,3,Short,243,113,276,154,640,640,224,224,bbox_crop,/Users/user/Deep-Learning-PCB-Defect-Detection/outputs/stage2/processed_images/test/Short/DeepPCB_test_01_PCB__1143_defect_2.png
DeepPCB,test,01_PCB__1143.jpg,01_PCB__1143.txt,3,3,1,Mouse_bite,94,140,131,170,640,640,224,224,bbox_crop,/Users/user/Deep-Learning-PCB-Defect-Detection/outputs/stage2/processed_images/test/Mouse_bite/DeepPCB_test_01_PCB__1143_defect_3.png
DeepPCB,test,01_PCB__1143.jpg,01_PCB__1143.txt,4,4,4,Spur,380,95,416,125,640,640,224,224,bbox_crop,/Users/user/Deep-Learning-PCB-Defect-Detection/outputs/stage2/processed_images/test/Spur/DeepPCB_test_01_PCB__1143_defect_4.png
DeepPCB,test,01_PCB__1143.jpg,01_PCB__1143.txt,5,6,0,Missing_hole,324,287,351,314,640,640,224,224,bbox_crop,/Users/user/Deep-Learning-PCB-Defect-Detection/outputs/stage2/processed_images/test/Missing_hole/DeepPCB_test_01_PCB__1143_defect_5.png
DeepPCB,test,01_PCB__1145.jpg,01_PCB__1145.txt,1,1,2,Open_circuit,109,281,184,339,640,640,224,224,bbox_crop,/Users/user/Deep-Learning-PCB-Defect-Detection/outputs/stage2/processed_images/test/Open_circuit/DeepPCB_test_01_PCB__1145_defect_1.png
DeepPCB,test,01_PCB__1145.jpg,01_PCB__1145.txt,2,2,3,Short,191,159,224,194,640,640,224,224,bbox_crop,/Users/user/Deep-Learning-PCB-Defect-Detection/outputs/stage2/processed_images/test/Short/DeepPCB_test_01_PCB__1145_defect_2.png
DeepPCB,test,01_PCB__1145.jpg,01_PCB__1145.txt,3,3,1,Mouse_bite,501,112,537,140,640,640,224,224,bbox_crop,/Users/user/Deep-Learning-PCB-Defect-Detection/outputs/stage2/processed_images/test/Mouse_bite/DeepPCB_test_01_PCB__1145_defect_3.png
DeepPCB,test,01_PCB__1145.jpg,01_PCB__1145.txt,4,5,5,Spurious_copper,359,259,402,288,640,640,224,224,bbox_crop,/Users/user/Deep-Learning-PCB-Defect-Detection/outputs/stage2/processed_images/test/Spurious_copper/DeepPCB_test_01_PCB__1145_defect_4.png
DeepPCB,test,01_PCB__1145.jpg,01_PCB__1145.txt,5,6,0,Missing_hole,281,82,313,108,640,640,224,224,bbox_crop,/Users/user/Deep-Learning-PCB-Defect-Detection/outputs/stage2/processed_images/test/Missing_hole/DeepPCB_test_01_PCB__1145_defect_5.png
DeepPCB,test,01_PCB__1145.jpg,01_PCB__1145.txt,6,4,4,Spur,455,269,484,306,640,640,224,224,bbox_crop,/Users/user/Deep-Learning-PCB-Defect-Detection/outputs/stage2/processed_images/test/Spur/DeepPCB_test_01_PCB__1145_defect_6.png
DeepPCB,test,01_PCB__1159.jpg,01_PCB__1159.txt,1,1,2,Open_circuit,89,208,128,250,640,640,224,224,bbox_crop,/Users/user/Deep-Learning-PCB-Defect-Detection/outputs/stage2/processed_images/test/Open_circuit/DeepPCB_test_01_PCB__1159_defect_1.png
DeepPCB,test,01_PCB__1159.jpg,01_PCB__1159.txt,2,2,3,Short,165,113,195,156,640,640,224,224,bbox_crop,/Users/user/Deep-Learning-PCB-Defect-Detection/outputs/stage2/processed_images/test/Short/DeepPCB_test_01_PCB__1159_defect_2.png
DeepPCB,test,01_PCB__1159.jpg,01_PCB__1159.txt,3,3,1,Mouse_bite,230,68,266,97,640,640,224,224,bbox_crop,/Users/user/Deep-Learning-PCB-Defect-Detection/outputs/stage2/processed_images/test/Mouse_bite/DeepPCB_test_01_PCB__1159_defect_3.png
DeepPCB,test,01_PCB__1159.jpg,01_PCB__1159.txt,4,3,1,Mouse_bite,219,239,256,276,640,640,224,224,bbox_crop,/Users/user/Deep-Learning-PCB-Defect-Detection/outputs/stage2/processed_images/test/Mouse_bite/DeepPCB_test_01_PCB__1159_defect_4.png
DeepPCB,test,01_PCB__1159.jpg,01_PCB__1159.txt,5,5,5,Spurious_copper,386,159,417,188,640,640,224,224,bbox_crop,/Users/user/Deep-Learning-PCB-Defect-Detection/outputs/stage2/processed_images/test/Spurious_copper/DeepPCB_test_01_PCB__1159_defect_5.png
DeepPCB,test,01_PCB__1159.jpg,01_PCB__1159.txt,6,6,0,Missing_hole,372,365,400,396,640,640,224,224,bbox_crop,/Users/user/Deep-Learning-PCB-Defect-Detection/outputs/stage2/processed_images/test/Missing_hole/DeepPCB_test_01_PCB__1159_defect_6.png
DeepPCB,test,01_PCB__1166.jpg,01_PCB__1166.txt,1,1,2,Open_circuit,185,188,213,239,640,640,224,224,bbox_crop,/Users/user/Deep-Learning-PCB-Defect-Detection/outputs/stage2/processed_images/test/Open_circuit/DeepPCB_test_01_PCB__1166_defect_1.png
DeepPCB,test,01_PCB__1166.jpg,01_PCB__1166.txt,2,3,1,Mouse_bite,276,287,309,329,640,640,224,224,bbox_crop,/Users/user/Deep-Learning-PCB-Defect-Detection/outputs/stage2/processed_images/test/Mouse_bite/DeepPCB_test_01_PCB__1166_defect_2.png
DeepPCB,test,01_PCB__1166.jpg,01_PCB__1166.txt,3,3,1,Mouse_bite,180,397,215,442,640,640,224,224,bbox_crop,/Users/user/Deep-Learning-PCB-Defect-Detection/outputs/stage2/processed_images/test/Mouse_bite/DeepPCB_test_01_PCB__1166_defect_3.png
DeepPCB,test,01_PCB__1166.jpg,01_PCB__1166.txt,4,5,5,Spurious_copper,465,378,498,408,640,640,224,224,bbox_crop,/Users/user/Deep-Learning-PCB-Defect-Detection/outputs/stage2/processed_images/test/Spurious_copper/DeepPCB_test_01_PCB__1166_defect_4.png
DeepPCB,test,01_PCB__1166.jpg,01_PCB__1166.txt,5,6,0,Missing_hole,474,338,507,366,640,640,224,224,bbox_crop,/Users/user/Deep-Learning-PCB-Defect-Detection/outputs/stage2/processed_images/test/Missing_hole/DeepPCB_test_01_PCB__1166_defect_5.png
DeepPCB,test,01_PCB__1169.jpg,01_PCB__1169.txt,1,1,2,Open_circuit,423,264,457,295,640,640,224,224,bbox_crop,/Users/user/Deep-Learning-PCB-Defect-Detection/outputs/stage2/processed_images/test/Open_circuit/DeepPCB_test_01_PCB__1169_defect_1.png
DeepPCB,test,01_PCB__1169.jpg,01_PCB__1169.txt,2,2,3,Short,294,400,340,427,640,640,224,224,bbox_crop,/Users/user/Deep-Learning-PCB-Defect-Detection/outputs/stage2/processed_images/test/Short/DeepPCB_test_01_PCB__1169_defect_2.png
DeepPCB,test,01_PCB__1169.jpg,01_PCB__1169.txt,3,3,1,Mouse_bite,190,486,222,513,640,640,224,224,bbox_crop,/Users/user/Deep-Learning-PCB-Defect-Detection/outputs/stage2/processed_images/test/Mouse_bite/DeepPCB_test_01_PCB__1169_defect_3.png
DeepPCB,test,01_PCB__1169.jpg,01_PCB__1169.txt,4,3,1,Mouse_bite,142,238,192,276,640,640,224,224,bbox_crop,/Users/user/Deep-Learning-PCB-Defect-Detection/outputs/stage2/processed_images/test/Mouse_bite/DeepPCB_test_01_PCB__1169_defect_4.png
DeepPCB,test,01_PCB__1169.jpg,01_PCB__1169.txt,5,6,0,Missing_hole,213,116,249,154,640,640,224,224,bbox_crop,/Users/user/Deep-Learning-PCB-Defect-Detection/outputs/stage2/processed_images/test/Missing_hole/DeepPCB_test_01_PCB__1169_defect_5.png
DeepPCB,test,01_PCB__1169.jpg,01_PCB__1169.txt,6,3,1,Mouse_bite,61,157,98,185,640,640,224,224,bbox_crop,/Users/user/Deep-Learning-PCB-Defect-Detection/outputs/stage2/processed_images/test/Mouse_bite/DeepPCB_test_01_PCB__1169_defect_6.png
DeepPCB,test,01_PCB__1169.jpg,01_PCB__1169.txt,7,5,5,Spurious_copper,190,36,233,67,640,640,224,224,bbox_crop,/Users/user/Deep-Learning-PCB-Defect-Detection/outputs/stage2/processed_images/test/Spurious_copper/DeepPCB_test_01_PCB__1169_defect_7.png
DeepPCB,test,01_PCB__1170.jpg,01_PCB__1170.txt,1,1,2,Open_circuit,43,325,78,362,640,640,224,224,bbox_crop,/Users/user/Deep-Learning-PCB-Defect-Detection/outputs/stage2/processed_images/test/Open_circuit/DeepPCB_test_01_PCB__1170_defect_1.png
DeepPCB,test,01_PCB__1170.jpg,01_PCB__1170.txt,2,2,3,Short,130,139,171,179,640,640,224,224,bbox_crop,/Users/user/Deep-Learning-PCB-Defect-Detection/outputs/stage2/processed_images/test/Short/DeepPCB_test_01_PCB__1170_defect_2.png
DeepPCB,test,01_PCB__1170.jpg,01_PCB__1170.txt,3,4,4,Spur,213,347,254,372,640,640,224,224,bbox_crop,/Users/user/Deep-Learning-PCB-Defect-Detection/outputs/stage2/processed_images/test/Spur/DeepPCB_test_01_PCB__1170_defect_3.png
DeepPCB,test,01_PCB__1170.jpg,01_PCB__1170.txt,4,6,0,Missing_hole,252,248,284,279,640,640,224,224,bbox_crop,/Users/user/Deep-Learning-PCB-Defect-Detection/outputs/stage2/processed_images/test/Missing_hole/DeepPCB_test_01_PCB__1170_defect_4.png
DeepPCB,test,01_PCB__1170.jpg,01_PCB__1170.txt,5,5,5,Spurious_copper,212,438,238,467,640,640,224,224,bbox_crop,/Users/user/Deep-Learning-PCB-Defect-Detection/outputs/stage2/processed_images/test/Spurious_copper/DeepPCB_test_01_PCB__1170_defect_5.png
DeepPCB,test,01_PCB__1170.jpg,01_PCB__1170.txt,6,2,3,Short,371,388,405,420,640,640,224,224,bbox_crop,/Users/user/Deep-Learning-PCB-Defect-Detection/outputs/stage2/processed_images/test/Short/DeepPCB_test_01_PCB__1170_defect_6.png
DeepPCB,test,01_PCB__1170.jpg,01_PCB__1170.txt,7,3,1,Mouse_bite,465,349,498,382,640,640,224,224,bbox_crop,/Users/user/Deep-Learning-PCB-Defect-Detection/outputs/stage2/processed_images/test/Mouse_bite/DeepPCB_test_01_PCB__1170_defect_7.png
DeepPCB,test,01_PCB__1177.jpg,01_PCB__1177.txt,1,1,2,Open_circuit,140,459,181,499,640,640,224,224,bbox_crop,/Users/user/Deep-Learning-PCB-Defect-Detection/outputs/stage2/processed_images/test/Open_circuit/DeepPCB_test_01_PCB__1177_defect_1.png
DeepPCB,test,01_PCB__1177.jpg,01_PCB__1177.txt,2,2,3,Short,330,354,360,396,640,640,224,224,bbox_crop,/Users/user/Deep-Learning-PCB-Defect-Detection/outputs/stage2/processed_images/test/Short/DeepPCB_test_01_PCB__1177_defect_2.png
DeepPCB,test,01_PCB__1177.jpg,01_PCB__1177.txt,3,3,1,Mouse_bite,251,165,292,200,640,640,224,224,bbox_crop,/Users/user/Deep-Learning-PCB-Defect-Detection/outputs/stage2/processed_images/test/Mouse_bite/DeepPCB_test_01_PCB__1177_defect_3.png
DeepPCB,test,01_PCB__1177.jpg,01_PCB__1177.txt,4,6,0,Missing_hole,500,228,531,256,640,640,224,224,bbox_crop,/Users/user/Deep-Learning-PCB-Defect-Detection/outputs/stage2/processed_images/test/Missing_hole/DeepPCB_test_01_PCB__1177_defect_4.png
DeepPCB,test,01_PCB__1177.jpg,01_PCB__1177.txt,5,5,5,Spurious_copper,293,259,327,289,640,640,224,224,bbox_crop,/Users/user/Deep-Learning-PCB-Defect-Detection/outputs/stage2/processed_images/test/Spurious_copper/DeepPCB_test_01_PCB__1177_defect_5.png
DeepPCB,test,01_PCB__1184.jpg,01_PCB__1184.txt,1,1,2,Open_circuit,208,41,249,79,640,640,224,224,bbox_crop,/Users/user/Deep-Learning-PCB-Defect-Detection/outputs/stage2/processed_images/test/Open_circuit/DeepPCB_test_01_PCB__1184_defect_1.png
DeepPCB,test,01_PCB__1184.jpg,01_PCB__1184.txt,2,2,3,Short,346,24,392,63,640,640,224,224,bbox_crop,/Users/user/Deep-Learning-PCB-Defect-Detection/outputs/stage2/processed_images/test/Short/DeepPCB_test_01_PCB__1184_defect_2.png
DeepPCB,test,01_PCB__1184.jpg,01_PCB__1184.txt,3,3,1,Mouse_bite,423,104,459,131,640,640,224,224,bbox_crop,/Users/user/Deep-Learning-PCB-Defect-Detection/outputs/stage2/processed_images/test/Mouse_bite/DeepPCB_test_01_PCB__1184_defect_3.png
DeepPCB,test,01_PCB__1184.jpg,01_PCB__1184.txt,4,4,4,Spur,109,170,148,198,640,640,224,224,bbox_crop,/Users/user/Deep-Learning-PCB-Defect-Detection/outputs/stage2/processed_images/test/Spur/DeepPCB_test_01_PCB__1184_defect_4.png
DeepPCB,test,01_PCB__1187.jpg,01_PCB__1187.txt,1,1,2,Open_circuit,224,356,271,395,640,640,224,224,bbox_crop,/Users/user/Deep-Learning-PCB-Defect-Detection/outputs/stage2/processed_images/test/Open_circuit/DeepPCB_test_01_PCB__1187_defect_1.png
DeepPCB,test,01_PCB__1187.jpg,01_PCB__1187.txt,2,2,3,Short,126,337,163,384,640,640,224,224,bbox_crop,/Users/user/Deep-Learning-PCB-Defect-Detection/outputs/stage2/processed_images/test/Short/DeepPCB_test_01_PCB__1187_defect_2.png
DeepPCB,test,01_PCB__1187.jpg,01_PCB__1187.txt,3,3,1,Mouse_bite,55,451,103,483,640,640,224,224,bbox_crop,/Users/user/Deep-Learning-PCB-Defect-Detection/outputs/stage2/processed_images/test/Mouse_bite/DeepPCB_test_01_PCB__1187_defect_3.png
DeepPCB,test,01_PCB__1187.jpg,01_PCB__1187.txt,4,4,4,Spur,203,142,236,169,640,640,224,224,bbox_crop,/Users/user/Deep-Learning-PCB-Defect-Detection/outputs/stage2/processed_images/test/Spur/DeepPCB_test_01_PCB__1187_defect_4.png
DeepPCB,test,01_PCB__1187.jpg,01_PCB__1187.txt,5,6,0,Missing_hole,281,146,310,178,640,640,224,224,bbox_crop,/Users/user/Deep-Learning-PCB-Defect-Detection/outputs/stage2/processed_images/test/Missing_hole/DeepPCB_test_01_PCB__1187_defect_5.png
DeepPCB,test,01_PCB__120.jpg,01_PCB__120.txt,1,1,2,Open_circuit,157,129,199,159,640,640,224,224,bbox_crop,/Users/user/Deep-Learning-PCB-Defect-Detection/outputs/stage2/processed_images/test/Open_circuit/DeepPCB_test_01_PCB__120_defect_1.png
DeepPCB,test,01_PCB__120.jpg,01_PCB__120.txt,2,2,3,Short,345,160,388,186,640,640,224,224,bbox_crop,/Users/user/Deep-Learning-PCB-Defect-Detection/outputs/stage2/processed_images/test/Short/DeepPCB_test_01_PCB__120_defect_2.png
DeepPCB,test,01_PCB__120.jpg,01_PCB__120.txt,3,4,4,Spur,164,215,194,244,640,640,224,224,bbox_crop,/Users/user/Deep-Learning-PCB-Defect-Detection/outputs/stage2/processed_images/test/Spur/DeepPCB_test_01_PCB__120_defect_3.png
DeepPCB,test,01_PCB__120.jpg,01_PCB__120.txt,4,4,4,Spur,122,408,153,446,640,640,224,224,bbox_crop,/Users/user/Deep-Learning-PCB-Defect-Detection/outputs/stage2/processed_images/test/Spur/DeepPCB_test_01_PCB__120_defect_4.png
DeepPCB,test,01_PCB__120.jpg,01_PCB__120.txt,5,4,4,Spur,203,278,242,311,640,640,224,224,bbox_crop,/Users/user/Deep-Learning-PCB-Defect-Detection/outputs/stage2/processed_images/test/Spur/DeepPCB_test_01_PCB__120_defect_5.png
DeepPCB,test,01_PCB__120.jpg,01_PCB__120.txt,6,2,3,Short,449,263,479,299,640,640,224,224,bbox_crop,/Users/user/Deep-Learning-PCB-Defect-Detection/outputs/stage2/processed_images/test/Short/DeepPCB_test_01_PCB__120_defect_6.png
DeepPCB,test,01_PCB__120.jpg,01_PCB__120.txt,7,3,1,Mouse_bite,455,198,482,224,640,640,224,224,bbox_crop,/Users/user/Deep-Learning-PCB-Defect-Detection/outputs/stage2/processed_images/test/Mouse_bite/DeepPCB_test_01_PCB__120_defect_7.png
DeepPCB,test,01_PCB__1203.jpg,01_PCB__1203.txt,1,2,3,Short,154,461,204,496,640,640,224,224,bbox_crop,/Users/user/Deep-Learning-PCB-Defect-Detection/outputs/stage2/processed_images/test/Short/DeepPCB_test_01_PCB__1203_defect_1.png
DeepPCB,test,01_PCB__1203.jpg,01_PCB__1203.txt,2,4,4,Spur,101,305,137,340,640,640,224,224,bbox_crop,/Users/user/Deep-Learning-PCB-Defect-Detection/outputs/stage2/processed_images/test/Spur/DeepPCB_test_01_PCB__1203_defect_2.png
DeepPCB,test,01_PCB__1203.jpg,01_PCB__1203.txt,3,6,0,Missing_hole,313,271,352,310,640,640,224,224,bbox_crop,/Users/user/Deep-Learning-PCB-Defect-Detection/outputs/stage2/processed_images/test/Missing_hole/DeepPCB_test_01_PCB__1203_defect_3.png
DeepPCB,test,01_PCB__1203.jpg,01_PCB__1203.txt,4,5,5,Spurious_copper,24,193,59,242,640,640,224,224,bbox_crop,/Users/user/Deep-Learning-PCB-Defect-Detection/outputs/stage2/processed_images/test/Spurious_copper/DeepPCB_test_01_PCB__1203_defect_4.png
DeepPCB,test,01_PCB__1203.jpg,01_PCB__1203.txt,5,5,5,Spurious_copper,99,39,139,92,640,640,224,224,bbox_crop,/Users/user/Deep-Learning-PCB-Defect-Detection/outputs/stage2/processed_images/test/Spurious_copper/DeepPCB_test_01_PCB__1203_defect_5.png
DeepPCB,test,01_PCB__1203.jpg,01_PCB__1203.txt,6,3,1,Mouse_bite,77,387,116,421,640,640,224,224,bbox_crop,/Users/user/Deep-Learning-PCB-Defect-Detection/outputs/stage2/processed_images/test/Mouse_bite/DeepPCB_test_01_PCB__1203_defect_6.png
DeepPCB,test,01_PCB__1203.jpg,01_PCB__1203.txt,7,2,3,Short,570,78,633,115,640,640,224,224,bbox_crop,/Users/user/Deep-Learning-PCB-Defect-Detection/outputs/stage2/processed_images/test/Short/DeepPCB_test_01_PCB__1203_defect_7.png
DeepPCB,test,01_PCB__1209.jpg,01_PCB__1209.txt,1,6,0,Missing_hole,432,318,465,352,640,640,224,224,bbox_crop,/Users/user/Deep-Learning-PCB-Defect-Detection/outputs/stage2/processed_images/test/Missing_hole/DeepPCB_test_01_PCB__1209_defect_1.png
DeepPCB,test,01_PCB__1209.jpg,01_PCB__1209.txt,2,5,5,Spurious_copper,49,405,95,452,640,640,224,224,bbox_crop,/Users/user/Deep-Learning-PCB-Defect-Detection/outputs/stage2/processed_images/test/Spurious_copper/DeepPCB_test_01_PCB__1209_defect_2.png
DeepPCB,test,01_PCB__1209.jpg,01_PCB__1209.txt,3,4,4,Spur,261,243,315,277,640,640,224,224,bbox_crop,/Users/user/Deep-Learning-PCB-Defect-Detection/outputs/stage2/processed_images/test/Spur/DeepPCB_test_01_PCB__1209_defect_3.png
DeepPCB,test,01_PCB__1209.jpg,01_PCB__1209.txt,4,3,1,Mouse_bite,260,173,303,207,640,640,224,224,bbox_crop,/Users/user/Deep-Learning-PCB-Defect-Detection/outputs/stage2/processed_images/test/Mouse_bite/DeepPCB_test_01_PCB__1209_defect_4.png
DeepPCB,test,01_PCB__1209.jpg,01_PCB__1209.txt,5,2,3,Short,520,60,561,110,640,640,224,224,bbox_crop,/Users/user/Deep-Learning-PCB-Defect-Detection/outputs/stage2/processed_images/test/Short/DeepPCB_test_01_PCB__1209_defect_5.png
DeepPCB,test,01_PCB__1209.jpg,01_PCB__1209.txt,6,6,0,Missing_hole,128,76,170,103,640,640,224,224,bbox_crop,/Users/user/Deep-Learning-PCB-Defect-Detection/outputs/stage2/processed_images/test/Missing_hole/DeepPCB_test_01_PCB__1209_defect_6.png
DeepPCB,test,01_PCB__1209.jpg,01_PCB__1209.txt,7,3,1,Mouse_bite,299,114,342,149,640,640,224,224,bbox_crop,/Users/user/Deep-Learning-PCB-Defect-Detection/outputs/stage2/processed_images/test/Mouse_bite/DeepPCB_test_01_PCB__1209_defect_7.png
DeepPCB,test,01_PCB__1209.jpg,01_PCB__1209.txt,8,5,5,Spurious_copper,560,373,594,403,640,640,224,224,bbox_crop,/Users/user/Deep-Learning-PCB-Defect-Detection/outputs/stage2/processed_images/test/Spurious_copper/DeepPCB_test_01_PCB__1209_defect_8.png
DeepPCB,test,01_PCB__1228.jpg,01_PCB__1228.txt,1,1,2,Open_circuit,50,383,90,410,640,640,224,224,bbox_crop,/Users/user/Deep-Learning-PCB-Defect-Detection/outputs/stage2/processed_images/test/Open_circuit/DeepPCB_test_01_PCB__1228_defect_1.png
DeepPCB,test,01_PCB__1228.jpg,01_PCB__1228.txt,2,2,3,Short,141,268,191,309,640,640,224,224,bbox_crop,/Users/user/Deep-Learning-PCB-Defect-Detection/outputs/stage2/processed_images/test/Short/DeepPCB_test_01_PCB__1228_defect_2.png
DeepPCB,test,01_PCB__1228.jpg,01_PCB__1228.txt,3,3,1,Mouse_bite,164,230,200,262,640,640,224,224,bbox_crop,/Users/user/Deep-Learning-PCB-Defect-Detection/outputs/stage2/processed_images/test/Mouse_bite/DeepPCB_test_01_PCB__1228_defect_3.png
DeepPCB,test,01_PCB__1228.jpg,01_PCB__1228.txt,4,6,0,Missing_hole,376,156,405,183,640,640,224,224,bbox_crop,/Users/user/Deep-Learning-PCB-Defect-Detection/outputs/stage2/processed_images/test/Missing_hole/DeepPCB_test_01_PCB__1228_defect_4.png
DeepPCB,test,01_PCB__1228.jpg,01_PCB__1228.txt,5,5,5,Spurious_copper,275,15,311,51,640,640,224,224,bbox_crop,/Users/user/Deep-Learning-PCB-Defect-Detection/outputs/stage2/processed_images/test/Spurious_copper/DeepPCB_test_01_PCB__1228_defect_5.png
DeepPCB,test,01_PCB__1228.jpg,01_PCB__1228.txt,6,4,4,Spur,195,475,241,504,640,640,224,224,bbox_crop,/Users/user/Deep-Learning-PCB-Defect-Detection/outputs/stage2/processed_images/test/Spur/DeepPCB_test_01_PCB__1228_defect_6.png
DeepPCB,test,01_PCB__1228.jpg,01_PCB__1228.txt,7,1,2,Open_circuit,234,63,277,130,640,640,224,224,bbox_crop,/Users/user/Deep-Learning-PCB-Defect-Detection/outputs/stage2/processed_images/test/Open_circuit/DeepPCB_test_01_PCB__1228_defect_7.png
DeepPCB,test,01_PCB__1253.jpg,01_PCB__1253.txt,1,5,5,Spurious_copper,213,304,248,347,640,640,224,224,bbox_crop,/Users/user/Deep-Learning-PCB-Defect-Detection/outputs/stage2/processed_images/test/Spurious_copper/DeepPCB_test_01_PCB__1253_defect_1.png
DeepPCB,test,01_PCB__1255.jpg,01_PCB__1255.txt,1,1,2,Open_circuit,247,128,305,155,640,640,224,224,bbox_crop,/Users/user/Deep-Learning-PCB-Defect-Detection/outputs/stage2/processed_images/test/Open_circuit/DeepPCB_test_01_PCB__1255_defect_1.png
DeepPCB,test,01_PCB__1255.jpg,01_PCB__1255.txt,2,2,3,Short,421,260,466,312,640,640,224,224,bbox_crop,/Users/user/Deep-Learning-PCB-Defect-Detection/outputs/stage2/processed_images/test/Short/DeepPCB_test_01_PCB__1255_defect_2.png
DeepPCB,test,01_PCB__1255.jpg,01_PCB__1255.txt,3,3,1,Mouse_bite,226,259,267,286,640,640,224,224,bbox_crop,/Users/user/Deep-Learning-PCB-Defect-Detection/outputs/stage2/processed_images/test/Mouse_bite/DeepPCB_test_01_PCB__1255_defect_3.png
DeepPCB,test,01_PCB__1255.jpg,01_PCB__1255.txt,4,4,4,Spur,126,330,162,361,640,640,224,224,bbox_crop,/Users/user/Deep-Learning-PCB-Defect-Detection/outputs/stage2/processed_images/test/Spur/DeepPCB_test_01_PCB__1255_defect_4.png
DeepPCB,test,01_PCB__1255.jpg,01_PCB__1255.txt,5,6,0,Missing_hole,251,390,290,426,640,640,224,224,bbox_crop,/Users/user/Deep-Learning-PCB-Defect-Detection/outputs/stage2/processed_images/test/Missing_hole/DeepPCB_test_01_PCB__1255_defect_5.png
DeepPCB,test,01_PCB__1261.jpg,01_PCB__1261.txt,1,1,2,Open_circuit,478,244,507,298,640,640,224,224,bbox_crop,/Users/user/Deep-Learning-PCB-Defect-Detection/outputs/stage2/processed_images/test/Open_circuit/DeepPCB_test_01_PCB__1261_defect_1.png
DeepPCB,test,01_PCB__1261.jpg,01_PCB__1261.txt,2,2,3,Short,522,158,567,205,640,640,224,224,bbox_crop,/Users/user/Deep-Learning-PCB-Defect-Detection/outputs/stage2/processed_images/test/Short/DeepPCB_test_01_PCB__1261_defect_2.png
DeepPCB,test,01_PCB__1280.jpg,01_PCB__1280.txt,1,2,3,Short,292,34,337,58,640,640,224,224,bbox_crop,/Users/user/Deep-Learning-PCB-Defect-Detection/outputs/stage2/processed_images/test/Short/DeepPCB_test_01_PCB__1280_defect_1.png
DeepPCB,test,01_PCB__1280.jpg,01_PCB__1280.txt,2,5,5,Spurious_copper,258,332,329,422,640,640,224,224,bbox_crop,/Users/user/Deep-Learning-PCB-Defect-Detection/outputs/stage2/processed_images/test/Spurious_copper/DeepPCB_test_01_PCB__1280_defect_2.png
DeepPCB,test,01_PCB__1285.jpg,01_PCB__1285.txt,1,1,2,Open_circuit,299,416,351,464,640,640,224,224,bbox_crop,/Users/user/Deep-Learning-PCB-Defect-Detection/outputs/stage2/processed_images/test/Open_circuit/DeepPCB_test_01_PCB__1285_defect_1.png
DeepPCB,test,01_PCB__1285.jpg,01_PCB__1285.txt,2,6,0,Missing_hole,297,137,343,191,640,640,224,224,bbox_crop,/Users/user/Deep-Learning-PCB-Defect-Detection/outputs/stage2/processed_images/test/Missing_hole/DeepPCB_test_01_PCB__1285_defect_2.png
DeepPCB,test,01_PCB__1285.jpg,01_PCB__1285.txt,3,5,5,Spurious_copper,120,223,177,264,640,640,224,224,bbox_crop,/Users/user/Deep-Learning-PCB-Defect-Detection/outputs/stage2/processed_images/test/Spurious_copper/DeepPCB_test_01_PCB__1285_defect_3.png
DeepPCB,test,01_PCB__1285.jpg,01_PCB__1285.txt,4,3,1,Mouse_bite,168,452,210,487,640,640,224,224,bbox_crop,/Users/user/Deep-Learning-PCB-Defect-Detection/outputs/stage2/processed_images/test/Mouse_bite/DeepPCB_test_01_PCB__1285_defect_4.png
DeepPCB,test,01_PCB__1285.jpg,01_PCB__1285.txt,5,4,4,Spur,84,332,119,362,640,640,224,224,bbox_crop,/Users/user/Deep-Learning-PCB-Defect-Detection/outputs/stage2/processed_images/test/Spur/DeepPCB_test_01_PCB__1285_defect_5.png
DeepPCB,test,01_PCB__1292.jpg,01_PCB__1292.txt,1,3,1,Mouse_bite,420,248,526,326,640,640,224,224,bbox_crop,/Users/user/Deep-Learning-PCB-Defect-Detection/outputs/stage2/processed_images/test/Mouse_bite/DeepPCB_test_01_PCB__1292_defect_1.png
DeepPCB,test,01_PCB__1292.jpg,01_PCB__1292.txt,2,6,0,Missing_hole,261,174,303,220,640,640,224,224,bbox_crop,/Users/user/Deep-Learning-PCB-Defect-Detection/outputs/stage2/processed_images/test/Missing_hole/DeepPCB_test_01_PCB__1292_defect_2.png
DeepPCB,test,01_PCB__1292.jpg,01_PCB__1292.txt,3,5,5,Spurious_copper,223,526,278,565,640,640,224,224,bbox_crop,/Users/user/Deep-Learning-PCB-Defect-Detection/outputs/stage2/processed_images/test/Spurious_copper/DeepPCB_test_01_PCB__1292_defect_3.png
DeepPCB,test,01_PCB__1292.jpg,01_PCB__1292.txt,4,2,3,Short,152,218,199,253,640,640,224,224,bbox_crop,/Users/user/Deep-Learning-PCB-Defect-Detection/outputs/stage2/processed_images/test/Short/DeepPCB_test_01_PCB__1292_defect_4.png
DeepPCB,test,01_PCB__1292.jpg,01_PCB__1292.txt,5,3,1,Mouse_bite,115,339,158,378,640,640,224,224,bbox_crop,/Users/user/Deep-Learning-PCB-Defect-Detection/outputs/stage2/processed_images/test/Mouse_bite/DeepPCB_test_01_PCB__1292_defect_5.png
DeepPCB,test,01_PCB__1292.jpg,01_PCB__1292.txt,6,3,1,Mouse_bite,300,479,344,515,640,640,224,224,bbox_crop,/Users/user/Deep-Learning-PCB-Defect-Detection/outputs/stage2/processed_images/test/Mouse_bite/DeepPCB_test_01_PCB__1292_defect_6.png
DeepPCB,test,01_PCB__1292.jpg,01_PCB__1292.txt,7,6,0,Missing_hole,478,168,519,205,640,640,224,224,bbox_crop,/Users/user/Deep-Learning-PCB-Defect-Detection/outputs/stage2/processed_images/test/Missing_hole/DeepPCB_test_01_PCB__1292_defect_7.png
DeepPCB,test,01_PCB__1293.jpg,01_PCB__1293.txt,1,1,2,Open_circuit,158,120,234,154,640,640,224,224,bbox_crop,/Users/user/Deep-Learning-PCB-Defect-Detection/outputs/stage2/processed_images/test/Open_circuit/DeepPCB_test_01_PCB__1293_defect_1.png
DeepPCB,test,01_PCB__1293.jpg,01_PCB__1293.txt,2,3,1,Mouse_bite,296,91,328,115,640,640,224,224,bbox_crop,/Users/user/Deep-Learning-PCB-Defect-Detection/outputs/stage2/processed_images/test/Mouse_bite/DeepPCB_test_01_PCB__1293_defect_2.png
DeepPCB,test,01_PCB__1293.jpg,01_PCB__1293.txt,3,6,0,Missing_hole,187,195,231,227,640,640,224,224,bbox_crop,/Users/user/Deep-Learning-PCB-Defect-Detection/outputs/stage2/processed_images/test/Missing_hole/DeepPCB_test_01_PCB__1293_defect_3.png
DeepPCB,test,01_PCB__1293.jpg,01_PCB__1293.txt,4,5,5,Spurious_copper,198,46,238,76,640,640,224,224,bbox_crop,/Users/user/Deep-Learning-PCB-Defect-Detection/outputs/stage2/processed_images/test/Spurious_copper/DeepPCB_test_01_PCB__1293_defect_4.png
DeepPCB,test,01_PCB__1293.jpg,01_PCB__1293.txt,5,4,4,Spur,78,348,106,384,640,640,224,224,bbox_crop,/Users/user/Deep-Learning-PCB-Defect-Detection/outputs/stage2/processed_images/test/Spur/DeepPCB_test_01_PCB__1293_defect_5.png
DeepPCB,test,01_PCB__1299.jpg,01_PCB__1299.txt,1,1,2,Open_circuit,323,444,380,472,640,640,224,224,bbox_crop,/Users/user/Deep-Learning-PCB-Defect-Detection/outputs/stage2/processed_images/test/Open_circuit/DeepPCB_test_01_PCB__1299_defect_1.png
DeepPCB,test,01_PCB__1299.jpg,01_PCB__1299.txt,2,2,3,Short,203,514,244,560,640,640,224,224,bbox_crop,/Users/user/Deep-Learning-PCB-Defect-Detection/outputs/stage2/processed_images/test/Short/DeepPCB_test_01_PCB__1299_defect_2.png
DeepPCB,test,01_PCB__1299.jpg,01_PCB__1299.txt,3,3,1,Mouse_bite,204,214,237,249,640,640,224,224,bbox_crop,/Users/user/Deep-Learning-PCB-Defect-Detection/outputs/stage2/processed_images/test/Mouse_bite/DeepPCB_test_01_PCB__1299_defect_3.png
DeepPCB,test,01_PCB__1299.jpg,01_PCB__1299.txt,4,6,0,Missing_hole,173,81,220,116,640,640,224,224,bbox_crop,/Users/user/Deep-Learning-PCB-Defect-Detection/outputs/stage2/processed_images/test/Missing_hole/DeepPCB_test_01_PCB__1299_defect_4.png
DeepPCB,test,01_PCB__1299.jpg,01_PCB__1299.txt,5,5,5,Spurious_copper,183,171,231,206,640,640,224,224,bbox_crop,/Users/user/Deep-Learning-PCB-Defect-Detection/outputs/stage2/processed_images/test/Spurious_copper/DeepPCB_test_01_PCB__1299_defect_5.png
DeepPCB,test,01_PCB__13.jpg,01_PCB__13.txt,1,1,2,Open_circuit,212,508,247,537,640,640,224,224,bbox_crop,/Users/user/Deep-Learning-PCB-Defect-Detection/outputs/stage2/processed_images/test/Open_circuit/DeepPCB_test_01_PCB__13_defect_1.png
DeepPCB,test,01_PCB__13.jpg,01_PCB__13.txt,2,2,3,Short,343,428,390,454,640,640,224,224,bbox_crop,/Users/user/Deep-Learning-PCB-Defect-Detection/outputs/stage2/processed_images/test/Short/DeepPCB_test_01_PCB__13_defect_2.png
DeepPCB,test,01_PCB__13.jpg,01_PCB__13.txt,3,3,1,Mouse_bite,316,582,353,609,640,640,224,224,bbox_crop,/Users/user/Deep-Learning-PCB-Defect-Detection/outputs/stage2/processed_images/test/Mouse_bite/DeepPCB_test_01_PCB__13_defect_3.png
DeepPCB,test,01_PCB__13.jpg,01_PCB__13.txt,4,5,5,Spurious_copper,256,347,288,383,640,640,224,224,bbox_crop,/Users/user/Deep-Learning-PCB-Defect-Detection/outputs/stage2/processed_images/test/Spurious_copper/DeepPCB_test_01_PCB__13_defect_4.png
DeepPCB,test,01_PCB__13.jpg,01_PCB__13.txt,5,5,5,Spurious_copper,462,300,495,350,640,640,224,224,bbox_crop,/Users/user/Deep-Learning-PCB-Defect-Detection/outputs/stage2/processed_images/test/Spurious_copper/DeepPCB_test_01_PCB__13_defect_5.png
DeepPCB,test,01_PCB__1313.jpg,01_PCB__1313.txt,1,1,2,Open_circuit,554,248,579,355,640,640,224,224,bbox_crop,/Users/user/Deep-Learning-PCB-Defect-Detection/outputs/stage2/processed_images/test/Open_circuit/DeepPCB_test_01_PCB__1313_defect_1.png
DeepPCB,test,01_PCB__1313.jpg,01_PCB__1313.txt,2,4,4,Spur,355,255,417,306,640,640,224,224,bbox_crop,/Users/user/Deep-Learning-PCB-Defect-Detection/outputs/stage2/processed_images/test/Spur/DeepPCB_test_01_PCB__1313_defect_2.png
DeepPCB,test,01_PCB__1313.jpg,01_PCB__1313.txt,3,3,1,Mouse_bite,431,51,465,115,640,640,224,224,bbox_crop,/Users/user/Deep-Learning-PCB-Defect-Detection/outputs/stage2/processed_images/test/Mouse_bite/DeepPCB_test_01_PCB__1313_defect_3.png
DeepPCB,test,01_PCB__1313.jpg,01_PCB__1313.txt,4,3,1,Mouse_bite,244,453,307,516,640,640,224,224,bbox_crop,/Users/user/Deep-Learning-PCB-Defect-Detection/outputs/stage2/processed_images/test/Mouse_bite/DeepPCB_test_01_PCB__1313_defect_4.png
DeepPCB,test,01_PCB__1313.jpg,01_PCB__1313.txt,5,5,5,Spurious_copper,199,116,256,197,640,640,224,224,bbox_crop,/Users/user/Deep-Learning-PCB-Defect-Detection/outputs/stage2/processed_images/test/Spurious_copper/DeepPCB_test_01_PCB__1313_defect_5.png
DeepPCB,test,01_PCB__1313.jpg,01_PCB__1313.txt,6,6,0,Missing_hole,537,17,606,52,640,640,224,224,bbox_crop,/Users/user/Deep-Learning-PCB-Defect-Detection/outputs/stage2/processed_images/test/Missing_hole/DeepPCB_test_01_PCB__1313_defect_6.png
DeepPCB,test,01_PCB__1352.jpg,01_PCB__1352.txt,1,1,2,Open_circuit,394,299,430,334,640,640,224,224,bbox_crop,/Users/user/Deep-Learning-PCB-Defect-Detection/outputs/stage2/processed_images/test/Open_circuit/DeepPCB_test_01_PCB__1352_defect_1.png
DeepPCB,test,01_PCB__1352.jpg,01_PCB__1352.txt,2,2,3,Short,403,146,451,177,640,640,224,224,bbox_crop,/Users/user/Deep-Learning-PCB-Defect-Detection/outputs/stage2/processed_images/test/Short/DeepPCB_test_01_PCB__1352_defect_2.png
DeepPCB,test,01_PCB__1352.jpg,01_PCB__1352.txt,3,4,4,Spur,428,105,462,138,640,640,224,224,bbox_crop,/Users/user/Deep-Learning-PCB-Defect-Detection/outputs/stage2/processed_images/test/Spur/DeepPCB_test_01_PCB__1352_defect_3.png
DeepPCB,test,01_PCB__1352.jpg,01_PCB__1352.txt,4,6,0,Missing_hole,199,415,229,451,640,640,224,224,bbox_crop,/Users/user/Deep-Learning-PCB-Defect-Detection/outputs/stage2/processed_images/test/Missing_hole/DeepPCB_test_01_PCB__1352_defect_4.png
DeepPCB,test,01_PCB__1352.jpg,01_PCB__1352.txt,5,4,4,Spur,68,332,102,368,640,640,224,224,bbox_crop,/Users/user/Deep-Learning-PCB-Defect-Detection/outputs/stage2/processed_images/test/Spur/DeepPCB_test_01_PCB__1352_defect_5.png
DeepPCB,test,01_PCB__1352.jpg,01_PCB__1352.txt,6,2,3,Short,204,355,247,389,640,640,224,224,bbox_crop,/Users/user/Deep-Learning-PCB-Defect-Detection/outputs/stage2/processed_images/test/Short/DeepPCB_test_01_PCB__1352_defect_6.png
DeepPCB,test,01_PCB__1365.jpg,01_PCB__1365.txt,1,1,2,Open_circuit,369,279,402,308,640,640,224,224,bbox_crop,/Users/user/Deep-Learning-PCB-Defect-Detection/outputs/stage2/processed_images/test/Open_circuit/DeepPCB_test_01_PCB__1365_defect_1.png
DeepPCB,test,01_PCB__1365.jpg,01_PCB__1365.txt,2,3,1,Mouse_bite,436,157,465,183,640,640,224,224,bbox_crop,/Users/user/Deep-Learning-PCB-Defect-Detection/outputs/stage2/processed_images/test/Mouse_bite/DeepPCB_test_01_PCB__1365_defect_2.png
DeepPCB,test,01_PCB__1365.jpg,01_PCB__1365.txt,3,5,5,Spurious_copper,139,193,168,231,640,640,224,224,bbox_crop,/Users/user/Deep-Learning-PCB-Defect-Detection/outputs/stage2/processed_images/test/Spurious_copper/DeepPCB_test_01_PCB__1365_defect_3.png
DeepPCB,test,01_PCB__1365.jpg,01_PCB__1365.txt,4,6,0,Missing_hole,501,82,543,108,640,640,224,224,bbox_crop,/Users/user/Deep-Learning-PCB-Defect-Detection/outputs/stage2/processed_images/test/Missing_hole/DeepPCB_test_01_PCB__1365_defect_4.png
DeepPCB,test,01_PCB__1365.jpg,01_PCB__1365.txt,5,2,3,Short,89,343,136,378,640,640,224,224,bbox_crop,/Users/user/Deep-Learning-PCB-Defect-Detection/outputs/stage2/processed_images/test/Short/DeepPCB_test_01_PCB__1365_defect_5.png
DeepPCB,test,01_PCB__1365.jpg,01_PCB__1365.txt,6,2,3,Short,415,25,447,55,640,640,224,224,bbox_crop,/Users/user/Deep-Learning-PCB-Defect-Detection/outputs/stage2/processed_images/test/Short/DeepPCB_test_01_PCB__1365_defect_6.png
DeepPCB,test,01_PCB__1385.jpg,01_PCB__1385.txt,1,1,2,Open_circuit,159,458,234,503,640,640,224,224,bbox_crop,/Users/user/Deep-Learning-PCB-Defect-Detection/outputs/stage2/processed_images/test/Open_circuit/DeepPCB_test_01_PCB__1385_defect_1.png
DeepPCB,test,01_PCB__1385.jpg,01_PCB__1385.txt,2,2,3,Short,360,397,459,428,640,640,224,224,bbox_crop,/Users/user/Deep-Learning-PCB-Defect-Detection/outputs/stage2/processed_images/test/Short/DeepPCB_test_01_PCB__1385_defect_2.png
DeepPCB,test,01_PCB__1385.jpg,01_PCB__1385.txt,3,4,4,Spur,257,277,299,312,640,640,224,224,bbox_crop,/Users/user/Deep-Learning-PCB-Defect-Detection/outputs/stage2/processed_images/test/Spur/DeepPCB_test_01_PCB__1385_defect_3.png
DeepPCB,test,01_PCB__1385.jpg,01_PCB__1385.txt,4,6,0,Missing_hole,380,260,418,303,640,640,224,224,bbox_crop,/Users/user/Deep-Learning-PCB-Defect-Detection/outputs/stage2/processed_images/test/Missing_hole/DeepPCB_test_01_PCB__1385_defect_4.png
DeepPCB,test,01_PCB__1385.jpg,01_PCB__1385.txt,5,5,5,Spurious_copper,244,382,286,431,640,640,224,224,bbox_crop,/Users/user/Deep-Learning-PCB-Defect-Detection/outputs/stage2/processed_images/test/Spurious_copper/DeepPCB_test_01_PCB__1385_defect_5.png
DeepPCB,test,01_PCB__1385.jpg,01_PCB__1385.txt,6,1,2,Open_circuit,153,309,236,347,640,640,224,224,bbox_crop,/Users/user/Deep-Learning-PCB-Defect-Detection/outputs/stage2/processed_images/test/Open_circuit/DeepPCB_test_01_PCB__1385_defect_6.png
DeepPCB,test,01_PCB__1385.jpg,01_PCB__1385.txt,7,2,3,Short,287,89,376,125,640,640,224,224,bbox_crop,/Users/user/Deep-Learning-PCB-Defect-Detection/outputs/stage2/processed_images/test/Short/DeepPCB_test_01_PCB__1385_defect_7.png
DeepPCB,test,01_PCB__1385.jpg,01_PCB__1385.txt,8,6,0,Missing_hole,41,278,86,332,640,640,224,224,bbox_crop,/Users/user/Deep-Learning-PCB-Defect-Detection/outputs/stage2/processed_images/test/Missing_hole/DeepPCB_test_01_PCB__1385_defect_8.png
DeepPCB,test,01_PCB__1388.jpg,01_PCB__1388.txt,1,1,2,Open_circuit,158,129,243,186,640,640,224,224,bbox_crop,/Users/user/Deep-Learning-PCB-Defect-Detection/outputs/stage2/processed_images/test/Open_circuit/DeepPCB_test_01_PCB__1388_defect_1.png
DeepPCB,test,01_PCB__1388.jpg,01_PCB__1388.txt,2,2,3,Short,108,324,189,363,640,640,224,224,bbox_crop,/Users/user/Deep-Learning-PCB-Defect-Detection/outputs/stage2/processed_images/test/Short/DeepPCB_test_01_PCB__1388_defect_2.png
DeepPCB,test,01_PCB__1388.jpg,01_PCB__1388.txt,3,3,1,Mouse_bite,349,319,428,354,640,640,224,224,bbox_crop,/Users/user/Deep-Learning-PCB-Defect-Detection/outputs/stage2/processed_images/test/Mouse_bite/DeepPCB_test_01_PCB__1388_defect_3.png
DeepPCB,test,01_PCB__1388.jpg,01_PCB__1388.txt,4,6,0,Missing_hole,428,394,468,434,640,640,224,224,bbox_crop,/Users/user/Deep-Learning-PCB-Defect-Detection/outputs/stage2/processed_images/test/Missing_hole/DeepPCB_test_01_PCB__1388_defect_4.png
DeepPCB,test,01_PCB__1388.jpg,01_PCB__1388.txt,5,5,5,Spurious_copper,213,489,298,539,640,640,224,224,bbox_crop,/Users/user/Deep-Learning-PCB-Defect-Detection/outputs/stage2/processed_images/test/Spurious_copper/DeepPCB_test_01_PCB__1388_defect_5.png
DeepPCB,test,01_PCB__1388.jpg,01_PCB__1388.txt,6,6,0,Missing_hole,211,239,253,276,640,640,224,224,bbox_crop,/Users/user/Deep-Learning-PCB-Defect-Detection/outputs/stage2/processed_images/test/Missing_hole/DeepPCB_test_01_PCB__1388_defect_6.png
DeepPCB,test,01_PCB__1390.jpg,01_PCB__1390.txt,1,1,2,Open_circuit,155,297,238,334,640,640,224,224,bbox_crop,/Users/user/Deep-Learning-PCB-Defect-Detection/outputs/stage2/processed_images/test/Open_circuit/DeepPCB_test_01_PCB__1390_defect_1.png
DeepPCB,test,01_PCB__1390.jpg,01_PCB__1390.txt,2,2,3,Short,111,199,185,243,640,640,224,224,bbox_crop,/Users/user/Deep-Learning-PCB-Defect-Detection/outputs/stage2/processed_images/test/Short/DeepPCB_test_01_PCB__1390_defect_2.png
DeepPCB,test,01_PCB__1390.jpg,01_PCB__1390.txt,3,2,3,Short,397,62,461,95,640,640,224,224,bbox_crop,/Users/user/Deep-Learning-PCB-Defect-Detection/outputs/stage2/processed_images/test/Short/DeepPCB_test_01_PCB__1390_defect_3.png
DeepPCB,test,01_PCB__1390.jpg,01_PCB__1390.txt,4,5,5,Spurious_copper,225,487,271,538,640,640,224,224,bbox_crop,/Users/user/Deep-Learning-PCB-Defect-Detection/outputs/stage2/processed_images/test/Spurious_copper/DeepPCB_test_01_PCB__1390_defect_4.png
DeepPCB,test,01_PCB__1390.jpg,01_PCB__1390.txt,5,6,0,Missing_hole,323,396,350,428,640,640,224,224,bbox_crop,/Users/user/Deep-Learning-PCB-Defect-Detection/outputs/stage2/processed_images/test/Missing_hole/DeepPCB_test_01_PCB__1390_defect_5.png
DeepPCB,test,01_PCB__1395.jpg,01_PCB__1395.txt,1,1,2,Open_circuit,300,356,380,387,640,640,224,224,bbox_crop,/Users/user/Deep-Learning-PCB-Defect-Detection/outputs/stage2/processed_images/test/Open_circuit/DeepPCB_test_01_PCB__1395_defect_1.png
DeepPCB,test,01_PCB__1395.jpg,01_PCB__1395.txt,2,2,3,Short,254,224,327,257,640,640,224,224,bbox_crop,/Users/user/Deep-Learning-PCB-Defect-Detection/outputs/stage2/processed_images/test/Short/DeepPCB_test_01_PCB__1395_defect_2.png
DeepPCB,test,01_PCB__1395.jpg,01_PCB__1395.txt,3,3,1,Mouse_bite,202,152,246,180,640,640,224,224,bbox_crop,/Users/user/Deep-Learning-PCB-Defect-Detection/outputs/stage2/processed_images/test/Mouse_bite/DeepPCB_test_01_PCB__1395_defect_3.png
DeepPCB,test,01_PCB__1395.jpg,01_PCB__1395.txt,4,4,4,Spur,136,135,183,175,640,640,224,224,bbox_crop,/Users/user/Deep-Learning-PCB-Defect-Detection/outputs/stage2/processed_images/test/Spur/DeepPCB_test_01_PCB__1395_defect_4.png
DeepPCB,test,01_PCB__1395.jpg,01_PCB__1395.txt,5,4,4,Spur,505,375,547,417,640,640,224,224,bbox_crop,/Users/user/Deep-Learning-PCB-Defect-Detection/outputs/stage2/processed_images/test/Spur/DeepPCB_test_01_PCB__1395_defect_5.png
DeepPCB,test,01_PCB__1400.jpg,01_PCB__1400.txt,1,1,2,Open_circuit,203,207,277,241,640,640,224,224,bbox_crop,/Users/user/Deep-Learning-PCB-Defect-Detection/outputs/stage2/processed_images/test/Open_circuit/DeepPCB_test_01_PCB__1400_defect_1.png
DeepPCB,test,01_PCB__1400.jpg,01_PCB__1400.txt,2,2,3,Short,58,321,153,356,640,640,224,224,bbox_crop,/Users/user/Deep-Learning-PCB-Defect-Detection/outputs/stage2/processed_images/test/Short/DeepPCB_test_01_PCB__1400_defect_2.png
DeepPCB,test,01_PCB__1400.jpg,01_PCB__1400.txt,3,3,1,Mouse_bite,491,315,584,347,640,640,224,224,bbox_crop,/Users/user/Deep-Learning-PCB-Defect-Detection/outputs/stage2/processed_images/test/Mouse_bite/DeepPCB_test_01_PCB__1400_defect_3.png
DeepPCB,test,01_PCB__1400.jpg,01_PCB__1400.txt,4,6,0,Missing_hole,379,207,415,248,640,640,224,224,bbox_crop,/Users/user/Deep-Learning-PCB-Defect-Detection/outputs/stage2/processed_images/test/Missing_hole/DeepPCB_test_01_PCB__1400_defect_4.png
DeepPCB,test,01_PCB__1402.jpg,01_PCB__1402.txt,1,1,2,Open_circuit,202,368,284,409,640,640,224,224,bbox_crop,/Users/user/Deep-Learning-PCB-Defect-Detection/outputs/stage2/processed_images/test/Open_circuit/DeepPCB_test_01_PCB__1402_defect_1.png
DeepPCB,test,01_PCB__1402.jpg,01_PCB__1402.txt,2,4,4,Spur,346,268,383,302,640,640,224,224,bbox_crop,/Users/user/Deep-Learning-PCB-Defect-Detection/outputs/stage2/processed_images/test/Spur/DeepPCB_test_01_PCB__1402_defect_2.png
DeepPCB,test,01_PCB__1402.jpg,01_PCB__1402.txt,3,6,0,Missing_hole,469,363,494,396,640,640,224,224,bbox_crop,/Users/user/Deep-Learning-PCB-Defect-Detection/outputs/stage2/processed_images/test/Missing_hole/DeepPCB_test_01_PCB__1402_defect_3.png
DeepPCB,test,01_PCB__1402.jpg,01_PCB__1402.txt,4,3,1,Mouse_bite,102,270,167,308,640,640,224,224,bbox_crop,/Users/user/Deep-Learning-PCB-Defect-Detection/outputs/stage2/processed_images/test/Mouse_bite/DeepPCB_test_01_PCB__1402_defect_4.png
DeepPCB,test,01_PCB__1402.jpg,01_PCB__1402.txt,5,5,5,Spurious_copper,112,37,146,73,640,640,224,224,bbox_crop,/Users/user/Deep-Learning-PCB-Defect-Detection/outputs/stage2/processed_images/test/Spurious_copper/DeepPCB_test_01_PCB__1402_defect_5.png
DeepPCB,test,01_PCB__1404.jpg,01_PCB__1404.txt,1,2,3,Short,125,60,158,158,640,640,224,224,bbox_crop,/Users/user/Deep-Learning-PCB-Defect-Detection/outputs/stage2/processed_images/test/Short/DeepPCB_test_01_PCB__1404_defect_1.png
DeepPCB,test,01_PCB__1404.jpg,01_PCB__1404.txt,2,4,4,Spur,249,283,287,321,640,640,224,224,bbox_crop,/Users/user/Deep-Learning-PCB-Defect-Detection/outputs/stage2/processed_images/test/Spur/DeepPCB_test_01_PCB__1404_defect_2.png
DeepPCB,test,01_PCB__1404.jpg,01_PCB__1404.txt,3,3,1,Mouse_bite,423,226,454,259,640,640,224,224,bbox_crop,/Users/user/Deep-Learning-PCB-Defect-Detection/outputs/stage2/processed_images/test/Mouse_bite/DeepPCB_test_01_PCB__1404_defect_3.png
DeepPCB,test,01_PCB__1404.jpg,01_PCB__1404.txt,4,3,1,Mouse_bite,414,61,454,102,640,640,224,224,bbox_crop,/Users/user/Deep-Learning-PCB-Defect-Detection/outputs/stage2/processed_images/test/Mouse_bite/DeepPCB_test_01_PCB__1404_defect_4.png
DeepPCB,test,01_PCB__1404.jpg,01_PCB__1404.txt,5,5,5,Spurious_copper,243,497,298,544,640,640,224,224,bbox_crop,/Users/user/Deep-Learning-PCB-Defect-Detection/outputs/stage2/processed_images/test/Spurious_copper/DeepPCB_test_01_PCB__1404_defect_5.png
DeepPCB,test,01_PCB__1404.jpg,01_PCB__1404.txt,6,6,0,Missing_hole,191,273,223,302,640,640,224,224,bbox_crop,/Users/user/Deep-Learning-PCB-Defect-Detection/outputs/stage2/processed_images/test/Missing_hole/DeepPCB_test_01_PCB__1404_defect_6.png
DeepPCB,test,01_PCB__141.jpg,01_PCB__141.txt,1,1,2,Open_circuit,134,242,166,274,640,640,224,224,bbox_crop,/Users/user/Deep-Learning-PCB-Defect-Detection/outputs/stage2/processed_images/test/Open_circuit/DeepPCB_test_01_PCB__141_defect_1.png
DeepPCB,test,01_PCB__141.jpg,01_PCB__141.txt,2,2,3,Short,179,197,206,255,640,640,224,224,bbox_crop,/Users/user/Deep-Learning-PCB-Defect-Detection/outputs/stage2/processed_images/test/Short/DeepPCB_test_01_PCB__141_defect_2.png
DeepPCB,test,01_PCB__141.jpg,01_PCB__141.txt,3,3,1,Mouse_bite,335,227,367,258,640,640,224,224,bbox_crop,/Users/user/Deep-Learning-PCB-Defect-Detection/outputs/stage2/processed_images/test/Mouse_bite/DeepPCB_test_01_PCB__141_defect_3.png
DeepPCB,test,01_PCB__141.jpg,01_PCB__141.txt,4,4,4,Spur,414,275,443,300,640,640,224,224,bbox_crop,/Users/user/Deep-Learning-PCB-Defect-Detection/outputs/stage2/processed_images/test/Spur/DeepPCB_test_01_PCB__141_defect_4.png
DeepPCB,test,01_PCB__141.jpg,01_PCB__141.txt,5,6,0,Missing_hole,314,256,348,295,640,640,224,224,bbox_crop,/Users/user/Deep-Learning-PCB-Defect-Detection/outputs/stage2/processed_images/test/Missing_hole/DeepPCB_test_01_PCB__141_defect_5.png
DeepPCB,test,01_PCB__141.jpg,01_PCB__141.txt,6,5,5,Spurious_copper,215,412,269,454,640,640,224,224,bbox_crop,/Users/user/Deep-Learning-PCB-Defect-Detection/outputs/stage2/processed_images/test/Spurious_copper/DeepPCB_test_01_PCB__141_defect_6.png
DeepPCB,test,01_PCB__141.jpg,01_PCB__141.txt,7,2,3,Short,128,102,153,147,640,640,224,224,bbox_crop,/Users/user/Deep-Learning-PCB-Defect-Detection/outputs/stage2/processed_images/test/Short/DeepPCB_test_01_PCB__141_defect_7.png
DeepPCB,test,01_PCB__141.jpg,01_PCB__141.txt,8,4,4,Spur,34,169,65,198,640,640,224,224,bbox_crop,/Users/user/Deep-Learning-PCB-Defect-Detection/outputs/stage2/processed_images/test/Spur/DeepPCB_test_01_PCB__141_defect_8.png
DeepPCB,test,01_PCB__1418.jpg,01_PCB__1418.txt,1,1,2,Open_circuit,107,300,186,328,640,640,224,224,bbox_crop,/Users/user/Deep-Learning-PCB-Defect-Detection/outputs/stage2/processed_images/test/Open_circuit/DeepPCB_test_01_PCB__1418_defect_1.png
DeepPCB,test,01_PCB__1418.jpg,01_PCB__1418.txt,2,2,3,Short,158,435,240,476,640,640,224,224,bbox_crop,/Users/user/Deep-Learning-PCB-Defect-Detection/outputs/stage2/processed_images/test/Short/DeepPCB_test_01_PCB__1418_defect_2.png
DeepPCB,test,01_PCB__1418.jpg,01_PCB__1418.txt,3,2,3,Short,350,211,430,248,640,640,224,224,bbox_crop,/Users/user/Deep-Learning-PCB-Defect-Detection/outputs/stage2/processed_images/test/Short/DeepPCB_test_01_PCB__1418_defect_3.png
DeepPCB,test,01_PCB__1418.jpg,01_PCB__1418.txt,4,4,4,Spur,354,127,388,159,640,640,224,224,bbox_crop,/Users/user/Deep-Learning-PCB-Defect-Detection/outputs/stage2/processed_images/test/Spur/DeepPCB_test_01_PCB__1418_defect_4.png
DeepPCB,test,01_PCB__1418.jpg,01_PCB__1418.txt,5,6,0,Missing_hole,363,405,402,446,640,640,224,224,bbox_crop,/Users/user/Deep-Learning-PCB-Defect-Detection/outputs/stage2/processed_images/test/Missing_hole/DeepPCB_test_01_PCB__1418_defect_5.png
DeepPCB,test,01_PCB__1420.jpg,01_PCB__1420.txt,1,1,2,Open_circuit,305,423,377,451,640,640,224,224,bbox_crop,/Users/user/Deep-Learning-PCB-Defect-Detection/outputs/stage2/processed_images/test/Open_circuit/DeepPCB_test_01_PCB__1420_defect_1.png
DeepPCB,test,01_PCB__1420.jpg,01_PCB__1420.txt,2,4,4,Spur,161,337,196,382,640,640,224,224,bbox_crop,/Users/user/Deep-Learning-PCB-Defect-Detection/outputs/stage2/processed_images/test/Spur/DeepPCB_test_01_PCB__1420_defect_2.png
DeepPCB,test,01_PCB__1420.jpg,01_PCB__1420.txt,3,6,0,Missing_hole,253,311,293,366,640,640,224,224,bbox_crop,/Users/user/Deep-Learning-PCB-Defect-Detection/outputs/stage2/processed_images/test/Missing_hole/DeepPCB_test_01_PCB__1420_defect_3.png
DeepPCB,test,01_PCB__1420.jpg,01_PCB__1420.txt,4,5,5,Spurious_copper,289,162,326,204,640,640,224,224,bbox_crop,/Users/user/Deep-Learning-PCB-Defect-Detection/outputs/stage2/processed_images/test/Spurious_copper/DeepPCB_test_01_PCB__1420_defect_4.png
DeepPCB,test,01_PCB__1427.jpg,01_PCB__1427.txt,1,1,2,Open_circuit,210,249,286,295,640,640,224,224,bbox_crop,/Users/user/Deep-Learning-PCB-Defect-Detection/outputs/stage2/processed_images/test/Open_circuit/DeepPCB_test_01_PCB__1427_defect_1.png
DeepPCB,test,01_PCB__1427.jpg,01_PCB__1427.txt,2,3,1,Mouse_bite,325,229,377,257,640,640,224,224,bbox_crop,/Users/user/Deep-Learning-PCB-Defect-Detection/outputs/stage2/processed_images/test/Mouse_bite/DeepPCB_test_01_PCB__1427_defect_2.png
DeepPCB,test,01_PCB__1427.jpg,01_PCB__1427.txt,3,6,0,Missing_hole,358,357,393,431,640,640,224,224,bbox_crop,/Users/user/Deep-Learning-PCB-Defect-Detection/outputs/stage2/processed_images/test/Missing_hole/DeepPCB_test_01_PCB__1427_defect_3.png
DeepPCB,test,01_PCB__1427.jpg,01_PCB__1427.txt,4,5,5,Spurious_copper,84,404,125,443,640,640,224,224,bbox_crop,/Users/user/Deep-Learning-PCB-Defect-Detection/outputs/stage2/processed_images/test/Spurious_copper/DeepPCB_test_01_PCB__1427_defect_4.png
DeepPCB,test,01_PCB__1427.jpg,01_PCB__1427.txt,5,1,2,Open_circuit,104,157,189,186,640,640,224,224,bbox_crop,/Users/user/Deep-Learning-PCB-Defect-Detection/outputs/stage2/processed_images/test/Open_circuit/DeepPCB_test_01_PCB__1427_defect_5.png
DeepPCB,test,01_PCB__145.jpg,01_PCB__145.txt,1,1,2,Open_circuit,84,461,117,494,640,640,224,224,bbox_crop,/Users/user/Deep-Learning-PCB-Defect-Detection/outputs/stage2/processed_images/test/Open_circuit/DeepPCB_test_01_PCB__145_defect_1.png
DeepPCB,test,01_PCB__145.jpg,01_PCB__145.txt,2,2,3,Short,374,575,402,633,640,640,224,224,bbox_crop,/Users/user/Deep-Learning-PCB-Defect-Detection/outputs/stage2/processed_images/test/Short/DeepPCB_test_01_PCB__145_defect_2.png
DeepPCB,test,01_PCB__145.jpg,01_PCB__145.txt,3,5,5,Spurious_copper,237,358,286,389,640,640,224,224,bbox_crop,/Users/user/Deep-Learning-PCB-Defect-Detection/outputs/stage2/processed_images/test/Spurious_copper/DeepPCB_test_01_PCB__145_defect_3.png
DeepPCB,test,01_PCB__145.jpg,01_PCB__145.txt,4,6,0,Missing_hole,201,275,254,303,640,640,224,224,bbox_crop,/Users/user/Deep-Learning-PCB-Defect-Detection/outputs/stage2/processed_images/test/Missing_hole/DeepPCB_test_01_PCB__145_defect_4.png
DeepPCB,test,01_PCB__145.jpg,01_PCB__145.txt,5,5,5,Spurious_copper,244,175,290,216,640,640,224,224,bbox_crop,/Users/user/Deep-Learning-PCB-Defect-Detection/outputs/stage2/processed_images/test/Spurious_copper/DeepPCB_test_01_PCB__145_defect_5.png
DeepPCB,test,01_PCB__145.jpg,01_PCB__145.txt,6,4,4,Spur,231,47,260,76,640,640,224,224,bbox_crop,/Users/user/Deep-Learning-PCB-Defect-Detection/outputs/stage2/processed_images/test/Spur/DeepPCB_test_01_PCB__145_defect_6.png
DeepPCB,test,01_PCB__145.jpg,01_PCB__145.txt,7,2,3,Short,19,468,56,514,640,640,224,224,bbox_crop,/Users/user/Deep-Learning-PCB-Defect-Detection/outputs/stage2/processed_images/test/Short/DeepPCB_test_01_PCB__145_defect_7.png
DeepPCB,test,01_PCB__145.jpg,01_PCB__145.txt,8,1,2,Open_circuit,261,555,297,585,640,640,224,224,bbox_crop,/Users/user/Deep-Learning-PCB-Defect-Detection/outputs/stage2/processed_images/test/Open_circuit/DeepPCB_test_01_PCB__145_defect_8.png
DeepPCB,test,01_PCB__1453.jpg,01_PCB__1453.txt,1,3,1,Mouse_bite,257,326,309,362,640,640,224,224,bbox_crop,/Users/user/Deep-Learning-PCB-Defect-Detection/outputs/stage2/processed_images/test/Mouse_bite/DeepPCB_test_01_PCB__1453_defect_1.png
DeepPCB,test,01_PCB__1453.jpg,01_PCB__1453.txt,2,5,5,Spurious_copper,358,214,426,271,640,640,224,224,bbox_crop,/Users/user/Deep-Learning-PCB-Defect-Detection/outputs/stage2/processed_images/test/Spurious_copper/DeepPCB_test_01_PCB__1453_defect_2.png
DeepPCB,test,01_PCB__1453.jpg,01_PCB__1453.txt,3,6,0,Missing_hole,486,301,529,345,640,640,224,224,bbox_crop,/Users/user/Deep-Learning-PCB-Defect-Detection/outputs/stage2/processed_images/test/Missing_hole/DeepPCB_test_01_PCB__1453_defect_3.png
DeepPCB,test,01_PCB__1453.jpg,01_PCB__1453.txt,4,1,2,Open_circuit,160,470,245,532,640,640,224,224,bbox_crop,/Users/user/Deep-Learning-PCB-Defect-Detection/outputs/stage2/processed_images/test/Open_circuit/DeepPCB_test_01_PCB__1453_defect_4.png
DeepPCB,test,01_PCB__1453.jpg,01_PCB__1453.txt,5,5,5,Spurious_copper,33,195,79,244,640,640,224,224,bbox_crop,/Users/user/Deep-Learning-PCB-Defect-Detection/outputs/stage2/processed_images/test/Spurious_copper/DeepPCB_test_01_PCB__1453_defect_5.png
DeepPCB,test,01_PCB__1461.jpg,01_PCB__1461.txt,1,1,2,Open_circuit,153,309,241,352,640,640,224,224,bbox_crop,/Users/user/Deep-Learning-PCB-Defect-Detection/outputs/stage2/processed_images/test/Open_circuit/DeepPCB_test_01_PCB__1461_defect_1.png
DeepPCB,test,01_PCB__1461.jpg,01_PCB__1461.txt,2,2,3,Short,312,288,400,323,640,640,224,224,bbox_crop,/Users/user/Deep-Learning-PCB-Defect-Detection/outputs/stage2/processed_images/test/Short/DeepPCB_test_01_PCB__1461_defect_2.png
DeepPCB,test,01_PCB__1461.jpg,01_PCB__1461.txt,3,4,4,Spur,413,339,458,382,640,640,224,224,bbox_crop,/Users/user/Deep-Learning-PCB-Defect-Detection/outputs/stage2/processed_images/test/Spur/DeepPCB_test_01_PCB__1461_defect_3.png
DeepPCB,test,01_PCB__1461.jpg,01_PCB__1461.txt,4,5,5,Spurious_copper,485,339,534,402,640,640,224,224,bbox_crop,/Users/user/Deep-Learning-PCB-Defect-Detection/outputs/stage2/processed_images/test/Spurious_copper/DeepPCB_test_01_PCB__1461_defect_4.png
DeepPCB,test,01_PCB__1461.jpg,01_PCB__1461.txt,5,6,0,Missing_hole,469,228,503,265,640,640,224,224,bbox_crop,/Users/user/Deep-Learning-PCB-Defect-Detection/outputs/stage2/processed_images/test/Missing_hole/DeepPCB_test_01_PCB__1461_defect_5.png
DeepPCB,test,01_PCB__1483.jpg,01_PCB__1483.txt,1,1,2,Open_circuit,172,316,251,357,640,640,224,224,bbox_crop,/Users/user/Deep-Learning-PCB-Defect-Detection/outputs/stage2/processed_images/test/Open_circuit/DeepPCB_test_01_PCB__1483_defect_1.png
DeepPCB,test,01_PCB__1483.jpg,01_PCB__1483.txt,2,2,3,Short,120,172,201,213,640,640,224,224,bbox_crop,/Users/user/Deep-Learning-PCB-Defect-Detection/outputs/stage2/processed_images/test/Short/DeepPCB_test_01_PCB__1483_defect_2.png
DeepPCB,test,01_PCB__1483.jpg,01_PCB__1483.txt,3,3,1,Mouse_bite,285,168,331,195,640,640,224,224,bbox_crop,/Users/user/Deep-Learning-PCB-Defect-Detection/outputs/stage2/processed_images/test/Mouse_bite/DeepPCB_test_01_PCB__1483_defect_3.png
DeepPCB,test,01_PCB__1483.jpg,01_PCB__1483.txt,4,4,4,Spur,374,307,418,345,640,640,224,224,bbox_crop,/Users/user/Deep-Learning-PCB-Defect-Detection/outputs/stage2/processed_images/test/Spur/DeepPCB_test_01_PCB__1483_defect_4.png
DeepPCB,test,01_PCB__1483.jpg,01_PCB__1483.txt,5,3,1,Mouse_bite,446,180,479,206,640,640,224,224,bbox_crop,/Users/user/Deep-Learning-PCB-Defect-Detection/outputs/stage2/processed_images/test/Mouse_bite/DeepPCB_test_01_PCB__1483_defect_5.png
DeepPCB,test,01_PCB__1486.jpg,01_PCB__1486.txt,1,1,2,Open_circuit,62,275,152,328,640,640,224,224,bbox_crop,/Users/user/Deep-Learning-PCB-Defect-Detection/outputs/stage2/processed_images/test/Open_circuit/DeepPCB_test_01_PCB__1486_defect_1.png
DeepPCB,test,01_PCB__1486.jpg,01_PCB__1486.txt,2,4,4,Spur,221,398,264,429,640,640,224,224,bbox_crop,/Users/user/Deep-Learning-PCB-Defect-Detection/outputs/stage2/processed_images/test/Spur/DeepPCB_test_01_PCB__1486_defect_2.png
DeepPCB,test,01_PCB__1486.jpg,01_PCB__1486.txt,3,5,5,Spurious_copper,405,341,438,377,640,640,224,224,bbox_crop,/Users/user/Deep-Learning-PCB-Defect-Detection/outputs/stage2/processed_images/test/Spurious_copper/DeepPCB_test_01_PCB__1486_defect_3.png
DeepPCB,test,01_PCB__1486.jpg,01_PCB__1486.txt,4,6,0,Missing_hole,310,259,346,310,640,640,224,224,bbox_crop,/Users/user/Deep-Learning-PCB-Defect-Detection/outputs/stage2/processed_images/test/Missing_hole/DeepPCB_test_01_PCB__1486_defect_4.png
DeepPCB,test,01_PCB__1486.jpg,01_PCB__1486.txt,5,4,4,Spur,312,178,349,216,640,640,224,224,bbox_crop,/Users/user/Deep-Learning-PCB-Defect-Detection/outputs/stage2/processed_images/test/Spur/DeepPCB_test_01_PCB__1486_defect_5.png
DeepPCB,test,01_PCB__1487.jpg,01_PCB__1487.txt,1,1,2,Open_circuit,170,237,254,280,640,640,224,224,bbox_crop,/Users/user/Deep-Learning-PCB-Defect-Detection/outputs/stage2/processed_images/test/Open_circuit/DeepPCB_test_01_PCB__1487_defect_1.png
DeepPCB,test,01_PCB__1487.jpg,01_PCB__1487.txt,2,2,3,Short,125,444,201,492,640,640,224,224,bbox_crop,/Users/user/Deep-Learning-PCB-Defect-Detection/outputs/stage2/processed_images/test/Short/DeepPCB_test_01_PCB__1487_defect_2.png
DeepPCB,test,01_PCB__1487.jpg,01_PCB__1487.txt,3,4,4,Spur,269,204,317,238,640,640,224,224,bbox_crop,/Users/user/Deep-Learning-PCB-Defect-Detection/outputs/stage2/processed_images/test/Spur/DeepPCB_test_01_PCB__1487_defect_3.png
DeepPCB,test,01_PCB__1487.jpg,01_PCB__1487.txt,4,6,0,Missing_hole,329,152,365,202,640,640,224,224,bbox_crop,/Users/user/Deep-Learning-PCB-Defect-Detection/outputs/stage2/processed_images/test/Missing_hole/DeepPCB_test_01_PCB__1487_defect_4.png
DeepPCB,test,01_PCB__1490.jpg,01_PCB__1490.txt,1,2,3,Short,185,214,246,266,640,640,224,224,bbox_crop,/Users/user/Deep-Learning-PCB-Defect-Detection/outputs/stage2/processed_images/test/Short/DeepPCB_test_01_PCB__1490_defect_1.png
DeepPCB,test,01_PCB__1490.jpg,01_PCB__1490.txt,2,3,1,Mouse_bite,213,328,252,358,640,640,224,224,bbox_crop,/Users/user/Deep-Learning-PCB-Defect-Detection/outputs/stage2/processed_images/test/Mouse_bite/DeepPCB_test_01_PCB__1490_defect_2.png
DeepPCB,test,01_PCB__1490.jpg,01_PCB__1490.txt,3,4,4,Spur,52,323,92,365,640,640,224,224,bbox_crop,/Users/user/Deep-Learning-PCB-Defect-Detection/outputs/stage2/processed_images/test/Spur/DeepPCB_test_01_PCB__1490_defect_3.png
DeepPCB,test,01_PCB__1490.jpg,01_PCB__1490.txt,4,6,0,Missing_hole,105,60,139,95,640,640,224,224,bbox_crop,/Users/user/Deep-Learning-PCB-Defect-Detection/outputs/stage2/processed_images/test/Missing_hole/DeepPCB_test_01_PCB__1490_defect_4.png
DeepPCB,test,01_PCB__1492.jpg,01_PCB__1492.txt,1,1,2,Open_circuit,213,251,292,297,640,640,224,224,bbox_crop,/Users/user/Deep-Learning-PCB-Defect-Detection/outputs/stage2/processed_images/test/Open_circuit/DeepPCB_test_01_PCB__1492_defect_1.png
DeepPCB,test,01_PCB__1492.jpg,01_PCB__1492.txt,2,4,4,Spur,262,177,307,216,640,640,224,224,bbox_crop,/Users/user/Deep-Learning-PCB-Defect-Detection/outputs/stage2/processed_images/test/Spur/DeepPCB_test_01_PCB__1492_defect_2.png
DeepPCB,test,01_PCB__1492.jpg,01_PCB__1492.txt,3,6,0,Missing_hole,358,274,395,309,640,640,224,224,bbox_crop,/Users/user/Deep-Learning-PCB-Defect-Detection/outputs/stage2/processed_images/test/Missing_hole/DeepPCB_test_01_PCB__1492_defect_3.png
DeepPCB,test,01_PCB__1496.jpg,01_PCB__1496.txt,1,1,2,Open_circuit,208,191,293,241,640,640,224,224,bbox_crop,/Users/user/Deep-Learning-PCB-Defect-Detection/outputs/stage2/processed_images/test/Open_circuit/DeepPCB_test_01_PCB__1496_defect_1.png
DeepPCB,test,01_PCB__1496.jpg,01_PCB__1496.txt,2,3,1,Mouse_bite,76,244,120,284,640,640,224,224,bbox_crop,/Users/user/Deep-Learning-PCB-Defect-Detection/outputs/stage2/processed_images/test/Mouse_bite/DeepPCB_test_01_PCB__1496_defect_2.png
DeepPCB,test,01_PCB__1496.jpg,01_PCB__1496.txt,3,5,5,Spurious_copper,132,490,183,525,640,640,224,224,bbox_crop,/Users/user/Deep-Learning-PCB-Defect-Detection/outputs/stage2/processed_images/test/Spurious_copper/DeepPCB_test_01_PCB__1496_defect_3.png
DeepPCB,test,01_PCB__1496.jpg,01_PCB__1496.txt,4,5,5,Spurious_copper,468,496,515,542,640,640,224,224,bbox_crop,/Users/user/Deep-Learning-PCB-Defect-Detection/outputs/stage2/processed_images/test/Spurious_copper/DeepPCB_test_01_PCB__1496_defect_4.png
DeepPCB,test,01_PCB__1496.jpg,01_PCB__1496.txt,5,6,0,Missing_hole,364,382,394,412,640,640,224,224,bbox_crop,/Users/user/Deep-Learning-PCB-Defect-Detection/outputs/stage2/processed_images/test/Missing_hole/DeepPCB_test_01_PCB__1496_defect_5.png
DeepPCB,test,01_PCB__1496.jpg,01_PCB__1496.txt,6,4,4,Spur,456,110,498,152,640,640,224,224,bbox_crop,/Users/user/Deep-Learning-PCB-Defect-Detection/outputs/stage2/processed_images/test/Spur/DeepPCB_test_01_PCB__1496_defect_6.png
DeepPCB,test,01_PCB__1496.jpg,01_PCB__1496.txt,7,3,1,Mouse_bite,510,283,569,315,640,640,224,224,bbox_crop,/Users/user/Deep-Learning-PCB-Defect-Detection/outputs/stage2/processed_images/test/Mouse_bite/DeepPCB_test_01_PCB__1496_defect_7.png
DeepPCB,test,01_PCB__155.jpg,01_PCB__155.txt,1,1,2,Open_circuit,319,36,361,64,640,640,224,224,bbox_crop,/Users/user/Deep-Learning-PCB-Defect-Detection/outputs/stage2/processed_images/test/Open_circuit/DeepPCB_test_01_PCB__155_defect_1.png
DeepPCB,test,01_PCB__155.jpg,01_PCB__155.txt,2,2,3,Short,73,534,151,570,640,640,224,224,bbox_crop,/Users/user/Deep-Learning-PCB-Defect-Detection/outputs/stage2/processed_images/test/Short/DeepPCB_test_01_PCB__155_defect_2.png
DeepPCB,test,01_PCB__155.jpg,01_PCB__155.txt,3,4,4,Spur,421,489,458,520,640,640,224,224,bbox_crop,/Users/user/Deep-Learning-PCB-Defect-Detection/outputs/stage2/processed_images/test/Spur/DeepPCB_test_01_PCB__155_defect_3.png
DeepPCB,test,01_PCB__155.jpg,01_PCB__155.txt,4,3,1,Mouse_bite,373,525,408,555,640,640,224,224,bbox_crop,/Users/user/Deep-Learning-PCB-Defect-Detection/outputs/stage2/processed_images/test/Mouse_bite/DeepPCB_test_01_PCB__155_defect_4.png
DeepPCB,test,01_PCB__155.jpg,01_PCB__155.txt,5,4,4,Spur,523,463,554,502,640,640,224,224,bbox_crop,/Users/user/Deep-Learning-PCB-Defect-Detection/outputs/stage2/processed_images/test/Spur/DeepPCB_test_01_PCB__155_defect_5.png
DeepPCB,test,01_PCB__155.jpg,01_PCB__155.txt,6,2,3,Short,202,555,231,613,640,640,224,224,bbox_crop,/Users/user/Deep-Learning-PCB-Defect-Detection/outputs/stage2/processed_images/test/Short/DeepPCB_test_01_PCB__155_defect_6.png
DeepPCB,test,01_PCB__155.jpg,01_PCB__155.txt,7,5,5,Spurious_copper,275,362,312,397,640,640,224,224,bbox_crop,/Users/user/Deep-Learning-PCB-Defect-Detection/outputs/stage2/processed_images/test/Spurious_copper/DeepPCB_test_01_PCB__155_defect_7.png
DeepPCB,test,01_PCB__155.jpg,01_PCB__155.txt,8,6,0,Missing_hole,259,541,299,565,640,640,224,224,bbox_crop,/Users/user/Deep-Learning-PCB-Defect-Detection/outputs/stage2/processed_images/test/Missing_hole/DeepPCB_test_01_PCB__155_defect_8.png
DeepPCB,test,01_PCB__160.jpg,01_PCB__160.txt,1,1,2,Open_circuit,240,224,271,266,640,640,224,224,bbox_crop,/Users/user/Deep-Learning-PCB-Defect-Detection/outputs/stage2/processed_images/test/Open_circuit/DeepPCB_test_01_PCB__160_defect_1.png
DeepPCB,test,01_PCB__160.jpg,01_PCB__160.txt,2,2,3,Short,534,339,583,369,640,640,224,224,bbox_crop,/Users/user/Deep-Learning-PCB-Defect-Detection/outputs/stage2/processed_images/test/Short/DeepPCB_test_01_PCB__160_defect_2.png
DeepPCB,test,01_PCB__160.jpg,01_PCB__160.txt,3,4,4,Spur,236,391,267,423,640,640,224,224,bbox_crop,/Users/user/Deep-Learning-PCB-Defect-Detection/outputs/stage2/processed_images/test/Spur/DeepPCB_test_01_PCB__160_defect_3.png
DeepPCB,test,01_PCB__160.jpg,01_PCB__160.txt,4,6,0,Missing_hole,344,435,384,461,640,640,224,224,bbox_crop,/Users/user/Deep-Learning-PCB-Defect-Detection/outputs/stage2/processed_images/test/Missing_hole/DeepPCB_test_01_PCB__160_defect_4.png
DeepPCB,test,01_PCB__160.jpg,01_PCB__160.txt,5,5,5,Spurious_copper,300,475,342,504,640,640,224,224,bbox_crop,/Users/user/Deep-Learning-PCB-Defect-Detection/outputs/stage2/processed_images/test/Spurious_copper/DeepPCB_test_01_PCB__160_defect_5.png
DeepPCB,test,01_PCB__160.jpg,01_PCB__160.txt,6,3,1,Mouse_bite,404,144,435,174,640,640,224,224,bbox_crop,/Users/user/Deep-Learning-PCB-Defect-Detection/outputs/stage2/processed_images/test/Mouse_bite/DeepPCB_test_01_PCB__160_defect_6.png
DeepPCB,test,01_PCB__160.jpg,01_PCB__160.txt,7,3,1,Mouse_bite,413,53,440,84,640,640,224,224,bbox_crop,/Users/user/Deep-Learning-PCB-Defect-Detection/outputs/stage2/processed_images/test/Mouse_bite/DeepPCB_test_01_PCB__160_defect_7.png
DeepPCB,test,01_PCB__181.jpg,01_PCB__181.txt,1,1,2,Open_circuit,146,300,197,325,640,640,224,224,bbox_crop,/Users/user/Deep-Learning-PCB-Defect-Detection/outputs/stage2/processed_images/test/Open_circuit/DeepPCB_test_01_PCB__181_defect_1.png
DeepPCB,test,01_PCB__181.jpg,01_PCB__181.txt,2,2,3,Short,210,99,255,145,640,640,224,224,bbox_crop,/Users/user/Deep-Learning-PCB-Defect-Detection/outputs/stage2/processed_images/test/Short/DeepPCB_test_01_PCB__181_defect_2.png
DeepPCB,test,01_PCB__181.jpg,01_PCB__181.txt,3,3,1,Mouse_bite,302,54,332,85,640,640,224,224,bbox_crop,/Users/user/Deep-Learning-PCB-Defect-Detection/outputs/stage2/processed_images/test/Mouse_bite/DeepPCB_test_01_PCB__181_defect_3.png
DeepPCB,test,01_PCB__181.jpg,01_PCB__181.txt,4,3,1,Mouse_bite,459,237,496,263,640,640,224,224,bbox_crop,/Users/user/Deep-Learning-PCB-Defect-Detection/outputs/stage2/processed_images/test/Mouse_bite/DeepPCB_test_01_PCB__181_defect_4.png
DeepPCB,test,01_PCB__181.jpg,01_PCB__181.txt,5,5,5,Spurious_copper,310,338,343,371,640,640,224,224,bbox_crop,/Users/user/Deep-Learning-PCB-Defect-Detection/outputs/stage2/processed_images/test/Spurious_copper/DeepPCB_test_01_PCB__181_defect_5.png
DeepPCB,test,01_PCB__181.jpg,01_PCB__181.txt,6,6,0,Missing_hole,534,319,568,348,640,640,224,224,bbox_crop,/Users/user/Deep-Learning-PCB-Defect-Detection/outputs/stage2/processed_images/test/Missing_hole/DeepPCB_test_01_PCB__181_defect_6.png
DeepPCB,test,01_PCB__181.jpg,01_PCB__181.txt,7,5,5,Spurious_copper,380,395,418,426,640,640,224,224,bbox_crop,/Users/user/Deep-Learning-PCB-Defect-Detection/outputs/stage2/processed_images/test/Spurious_copper/DeepPCB_test_01_PCB__181_defect_7.png
DeepPCB,test,01_PCB__181.jpg,01_PCB__181.txt,8,4,4,Spur,294,482,333,522,640,640,224,224,bbox_crop,/Users/user/Deep-Learning-PCB-Defect-Detection/outputs/stage2/processed_images/test/Spur/DeepPCB_test_01_PCB__181_defect_8.png
DeepPCB,test,01_PCB__181.jpg,01_PCB__181.txt,9,4,4,Spur,501,288,536,324,640,640,224,224,bbox_crop,/Users/user/Deep-Learning-PCB-Defect-Detection/outputs/stage2/processed_images/test/Spur/DeepPCB_test_01_PCB__181_defect_9.png
DeepPCB,test,01_PCB__189.jpg,01_PCB__189.txt,1,1,2,Open_circuit,190,459,235,516,640,640,224,224,bbox_crop,/Users/user/Deep-Learning-PCB-Defect-Detection/outputs/stage2/processed_images/test/Open_circuit/DeepPCB_test_01_PCB__189_defect_1.png
DeepPCB,test,01_PCB__189.jpg,01_PCB__189.txt,2,2,3,Short,75,488,104,536,640,640,224,224,bbox_crop,/Users/user/Deep-Learning-PCB-Defect-Detection/outputs/stage2/processed_images/test/Short/DeepPCB_test_01_PCB__189_defect_2.png
DeepPCB,test,01_PCB__189.jpg,01_PCB__189.txt,3,3,1,Mouse_bite,455,555,491,585,640,640,224,224,bbox_crop,/Users/user/Deep-Learning-PCB-Defect-Detection/outputs/stage2/processed_images/test/Mouse_bite/DeepPCB_test_01_PCB__189_defect_3.png
DeepPCB,test,01_PCB__189.jpg,01_PCB__189.txt,4,4,4,Spur,372,426,412,468,640,640,224,224,bbox_crop,/Users/user/Deep-Learning-PCB-Defect-Detection/outputs/stage2/processed_images/test/Spur/DeepPCB_test_01_PCB__189_defect_4.png
DeepPCB,test,01_PCB__189.jpg,01_PCB__189.txt,5,5,5,Spurious_copper,296,283,332,328,640,640,224,224,bbox_crop,/Users/user/Deep-Learning-PCB-Defect-Detection/outputs/stage2/processed_images/test/Spurious_copper/DeepPCB_test_01_PCB__189_defect_5.png
DeepPCB,test,01_PCB__189.jpg,01_PCB__189.txt,6,6,0,Missing_hole,166,411,204,436,640,640,224,224,bbox_crop,/Users/user/Deep-Learning-PCB-Defect-Detection/outputs/stage2/processed_images/test/Missing_hole/DeepPCB_test_01_PCB__189_defect_6.png
DeepPCB,test,01_PCB__189.jpg,01_PCB__189.txt,7,4,4,Spur,149,584,189,613,640,640,224,224,bbox_crop,/Users/user/Deep-Learning-PCB-Defect-Detection/outputs/stage2/processed_images/test/Spur/DeepPCB_test_01_PCB__189_defect_7.png
DeepPCB,test,01_PCB__228.jpg,01_PCB__228.txt,1,1,2,Open_circuit,249,132,289,172,640,640,224,224,bbox_crop,/Users/user/Deep-Learning-PCB-Defect-Detection/outputs/stage2/processed_images/test/Open_circuit/DeepPCB_test_01_PCB__228_defect_1.png
DeepPCB,test,01_PCB__228.jpg,01_PCB__228.txt,2,2,3,Short,136,256,171,294,640,640,224,224,bbox_crop,/Users/user/Deep-Learning-PCB-Defect-Detection/outputs/stage2/processed_images/test/Short/DeepPCB_test_01_PCB__228_defect_2.png
DeepPCB,test,01_PCB__228.jpg,01_PCB__228.txt,3,3,1,Mouse_bite,116,177,150,218,640,640,224,224,bbox_crop,/Users/user/Deep-Learning-PCB-Defect-Detection/outputs/stage2/processed_images/test/Mouse_bite/DeepPCB_test_01_PCB__228_defect_3.png
DeepPCB,test,01_PCB__228.jpg,01_PCB__228.txt,4,4,4,Spur,291,191,327,224,640,640,224,224,bbox_crop,/Users/user/Deep-Learning-PCB-Defect-Detection/outputs/stage2/processed_images/test/Spur/DeepPCB_test_01_PCB__228_defect_4.png
DeepPCB,test,01_PCB__228.jpg,01_PCB__228.txt,5,5,5,Spurious_copper,222,12,271,43,640,640,224,224,bbox_crop,/Users/user/Deep-Learning-PCB-Defect-Detection/outputs/stage2/processed_images/test/Spurious_copper/DeepPCB_test_01_PCB__228_defect_5.png
DeepPCB,test,01_PCB__228.jpg,01_PCB__228.txt,6,6,0,Missing_hole,112,84,161,124,640,640,224,224,bbox_crop,/Users/user/Deep-Learning-PCB-Defect-Detection/outputs/stage2/processed_images/test/Missing_hole/DeepPCB_test_01_PCB__228_defect_6.png
DeepPCB,test,01_PCB__23.jpg,01_PCB__23.txt,1,1,2,Open_circuit,188,485,236,541,640,640,224,224,bbox_crop,/Users/user/Deep-Learning-PCB-Defect-Detection/outputs/stage2/processed_images/test/Open_circuit/DeepPCB_test_01_PCB__23_defect_1.png
DeepPCB,test,01_PCB__23.jpg,01_PCB__23.txt,2,2,3,Short,32,462,59,501,640,640,224,224,bbox_crop,/Users/user/Deep-Learning-PCB-Defect-Detection/outputs/stage2/processed_images/test/Short/DeepPCB_test_01_PCB__23_defect_2.png
DeepPCB,test,01_PCB__23.jpg,01_PCB__23.txt,3,3,1,Mouse_bite,297,481,333,513,640,640,224,224,bbox_crop,/Users/user/Deep-Learning-PCB-Defect-Detection/outputs/stage2/processed_images/test/Mouse_bite/DeepPCB_test_01_PCB__23_defect_3.png
DeepPCB,test,01_PCB__23.jpg,01_PCB__23.txt,4,5,5,Spurious_copper,327,284,366,340,640,640,224,224,bbox_crop,/Users/user/Deep-Learning-PCB-Defect-Detection/outputs/stage2/processed_images/test/Spurious_copper/DeepPCB_test_01_PCB__23_defect_4.png
DeepPCB,test,01_PCB__23.jpg,01_PCB__23.txt,5,6,0,Missing_hole,123,509,147,544,640,640,224,224,bbox_crop,/Users/user/Deep-Learning-PCB-Defect-Detection/outputs/stage2/processed_images/test/Missing_hole/DeepPCB_test_01_PCB__23_defect_5.png
DeepPCB,test,01_PCB__246.jpg,01_PCB__246.txt,1,1,2,Open_circuit,181,383,239,410,640,640,224,224,bbox_crop,/Users/user/Deep-Learning-PCB-Defect-Detection/outputs/stage2/processed_images/test/Open_circuit/DeepPCB_test_01_PCB__246_defect_1.png
DeepPCB,test,01_PCB__246.jpg,01_PCB__246.txt,2,2,3,Short,299,308,339,347,640,640,224,224,bbox_crop,/Users/user/Deep-Learning-PCB-Defect-Detection/outputs/stage2/processed_images/test/Short/DeepPCB_test_01_PCB__246_defect_2.png
DeepPCB,test,01_PCB__246.jpg,01_PCB__246.txt,3,2,3,Short,577,374,612,408,640,640,224,224,bbox_crop,/Users/user/Deep-Learning-PCB-Defect-Detection/outputs/stage2/processed_images/test/Short/DeepPCB_test_01_PCB__246_defect_3.png
DeepPCB,test,01_PCB__246.jpg,01_PCB__246.txt,4,6,0,Missing_hole,198,471,228,502,640,640,224,224,bbox_crop,/Users/user/Deep-Learning-PCB-Defect-Detection/outputs/stage2/processed_images/test/Missing_hole/DeepPCB_test_01_PCB__246_defect_4.png
DeepPCB,test,01_PCB__246.jpg,01_PCB__246.txt,5,4,4,Spur,176,315,214,348,640,640,224,224,bbox_crop,/Users/user/Deep-Learning-PCB-Defect-Detection/outputs/stage2/processed_images/test/Spur/DeepPCB_test_01_PCB__246_defect_5.png
DeepPCB,test,01_PCB__269.jpg,01_PCB__269.txt,1,2,3,Short,109,448,159,486,640,640,224,224,bbox_crop,/Users/user/Deep-Learning-PCB-Defect-Detection/outputs/stage2/processed_images/test/Short/DeepPCB_test_01_PCB__269_defect_1.png
DeepPCB,test,01_PCB__269.jpg,01_PCB__269.txt,2,4,4,Spur,70,358,107,393,640,640,224,224,bbox_crop,/Users/user/Deep-Learning-PCB-Defect-Detection/outputs/stage2/processed_images/test/Spur/DeepPCB_test_01_PCB__269_defect_2.png
DeepPCB,test,01_PCB__269.jpg,01_PCB__269.txt,3,4,4,Spur,357,240,389,278,640,640,224,224,bbox_crop,/Users/user/Deep-Learning-PCB-Defect-Detection/outputs/stage2/processed_images/test/Spur/DeepPCB_test_01_PCB__269_defect_3.png
DeepPCB,test,01_PCB__269.jpg,01_PCB__269.txt,4,2,3,Short,147,176,186,208,640,640,224,224,bbox_crop,/Users/user/Deep-Learning-PCB-Defect-Detection/outputs/stage2/processed_images/test/Short/DeepPCB_test_01_PCB__269_defect_4.png
DeepPCB,test,01_PCB__269.jpg,01_PCB__269.txt,5,1,2,Open_circuit,242,337,289,367,640,640,224,224,bbox_crop,/Users/user/Deep-Learning-PCB-Defect-Detection/outputs/stage2/processed_images/test/Open_circuit/DeepPCB_test_01_PCB__269_defect_5.png
DeepPCB,test,01_PCB__269.jpg,01_PCB__269.txt,6,5,5,Spurious_copper,481,303,512,334,640,640,224,224,bbox_crop,/Users/user/Deep-Learning-PCB-Defect-Detection/outputs/stage2/processed_images/test/Spurious_copper/DeepPCB_test_01_PCB__269_defect_6.png
DeepPCB,test,01_PCB__275.jpg,01_PCB__275.txt,1,1,2,Open_circuit,323,398,356,429,640,640,224,224,bbox_crop,/Users/user/Deep-Learning-PCB-Defect-Detection/outputs/stage2/processed_images/test/Open_circuit/DeepPCB_test_01_PCB__275_defect_1.png
DeepPCB,test,01_PCB__275.jpg,01_PCB__275.txt,2,2,3,Short,363,310,403,339,640,640,224,224,bbox_crop,/Users/user/Deep-Learning-PCB-Defect-Detection/outputs/stage2/processed_images/test/Short/DeepPCB_test_01_PCB__275_defect_2.png
DeepPCB,test,01_PCB__275.jpg,01_PCB__275.txt,3,5,5,Spurious_copper,95,240,132,278,640,640,224,224,bbox_crop,/Users/user/Deep-Learning-PCB-Defect-Detection/outputs/stage2/processed_images/test/Spurious_copper/DeepPCB_test_01_PCB__275_defect_3.png
DeepPCB,test,01_PCB__275.jpg,01_PCB__275.txt,4,6,0,Missing_hole,52,341,93,371,640,640,224,224,bbox_crop,/Users/user/Deep-Learning-PCB-Defect-Detection/outputs/stage2/processed_images/test/Missing_hole/DeepPCB_test_01_PCB__275_defect_4.png
DeepPCB,test,01_PCB__275.jpg,01_PCB__275.txt,5,4,4,Spur,221,181,256,223,640,640,224,224,bbox_crop,/Users/user/Deep-Learning-PCB-Defect-Detection/outputs/stage2/processed_images/test/Spur/DeepPCB_test_01_PCB__275_defect_5.png
DeepPCB,test,01_PCB__275.jpg,01_PCB__275.txt,6,3,1,Mouse_bite,465,113,497,144,640,640,224,224,bbox_crop,/Users/user/Deep-Learning-PCB-Defect-Detection/outputs/stage2/processed_images/test/Mouse_bite/DeepPCB_test_01_PCB__275_defect_6.png
DeepPCB,test,01_PCB__282.jpg,01_PCB__282.txt,1,1,2,Open_circuit,240,479,273,512,640,640,224,224,bbox_crop,/Users/user/Deep-Learning-PCB-Defect-Detection/outputs/stage2/processed_images/test/Open_circuit/DeepPCB_test_01_PCB__282_defect_1.png
DeepPCB,test,01_PCB__282.jpg,01_PCB__282.txt,2,2,3,Short,135,483,190,509,640,640,224,224,bbox_crop,/Users/user/Deep-Learning-PCB-Defect-Detection/outputs/stage2/processed_images/test/Short/DeepPCB_test_01_PCB__282_defect_2.png
DeepPCB,test,01_PCB__282.jpg,01_PCB__282.txt,3,3,1,Mouse_bite,200,297,228,334,640,640,224,224,bbox_crop,/Users/user/Deep-Learning-PCB-Defect-Detection/outputs/stage2/processed_images/test/Mouse_bite/DeepPCB_test_01_PCB__282_defect_3.png
DeepPCB,test,01_PCB__282.jpg,01_PCB__282.txt,4,4,4,Spur,199,204,224,243,640,640,224,224,bbox_crop,/Users/user/Deep-Learning-PCB-Defect-Detection/outputs/stage2/processed_images/test/Spur/DeepPCB_test_01_PCB__282_defect_4.png
DeepPCB,test,01_PCB__282.jpg,01_PCB__282.txt,5,6,0,Missing_hole,331,301,372,334,640,640,224,224,bbox_crop,/Users/user/Deep-Learning-PCB-Defect-Detection/outputs/stage2/processed_images/test/Missing_hole/DeepPCB_test_01_PCB__282_defect_5.png
DeepPCB,test,01_PCB__282.jpg,01_PCB__282.txt,6,5,5,Spurious_copper,384,181,426,227,640,640,224,224,bbox_crop,/Users/user/Deep-Learning-PCB-Defect-Detection/outputs/stage2/processed_images/test/Spurious_copper/DeepPCB_test_01_PCB__282_defect_6.png
DeepPCB,test,01_PCB__302.jpg,01_PCB__302.txt,1,1,2,Open_circuit,261,143,290,167,640,640,224,224,bbox_crop,/Users/user/Deep-Learning-PCB-Defect-Detection/outputs/stage2/processed_images/test/Open_circuit/DeepPCB_test_01_PCB__302_defect_1.png
DeepPCB,test,01_PCB__302.jpg,01_PCB__302.txt,2,2,3,Short,249,273,286,302,640,640,224,224,bbox_crop,/Users/user/Deep-Learning-PCB-Defect-Detection/outputs/stage2/processed_images/test/Short/DeepPCB_test_01_PCB__302_defect_2.png
DeepPCB,test,01_PCB__302.jpg,01_PCB__302.txt,3,3,1,Mouse_bite,193,301,226,327,640,640,224,224,bbox_crop,/Users/user/Deep-Learning-PCB-Defect-Detection/outputs/stage2/processed_images/test/Mouse_bite/DeepPCB_test_01_PCB__302_defect_3.png
DeepPCB,test,01_PCB__302.jpg,01_PCB__302.txt,4,3,1,Mouse_bite,69,231,102,258,640,640,224,224,bbox_crop,/Users/user/Deep-Learning-PCB-Defect-Detection/outputs/stage2/processed_images/test/Mouse_bite/DeepPCB_test_01_PCB__302_defect_4.png
DeepPCB,test,01_PCB__302.jpg,01_PCB__302.txt,5,4,4,Spur,183,191,217,220,640,640,224,224,bbox_crop,/Users/user/Deep-Learning-PCB-Defect-Detection/outputs/stage2/processed_images/test/Spur/DeepPCB_test_01_PCB__302_defect_5.png
DeepPCB,test,01_PCB__302.jpg,01_PCB__302.txt,6,6,0,Missing_hole,59,331,89,360,640,640,224,224,bbox_crop,/Users/user/Deep-Learning-PCB-Defect-Detection/outputs/stage2/processed_images/test/Missing_hole/DeepPCB_test_01_PCB__302_defect_6.png
DeepPCB,test,01_PCB__302.jpg,01_PCB__302.txt,7,1,2,Open_circuit,261,546,293,574,640,640,224,224,bbox_crop,/Users/user/Deep-Learning-PCB-Defect-Detection/outputs/stage2/processed_images/test/Open_circuit/DeepPCB_test_01_PCB__302_defect_7.png
DeepPCB,test,01_PCB__31.jpg,01_PCB__31.txt,1,1,2,Open_circuit,211,252,251,287,640,640,224,224,bbox_crop,/Users/user/Deep-Learning-PCB-Defect-Detection/outputs/stage2/processed_images/test/Open_circuit/DeepPCB_test_01_PCB__31_defect_1.png
DeepPCB,test,01_PCB__31.jpg,01_PCB__31.txt,2,2,3,Short,327,194,360,245,640,640,224,224,bbox_crop,/Users/user/Deep-Learning-PCB-Defect-Detection/outputs/stage2/processed_images/test/Short/DeepPCB_test_01_PCB__31_defect_2.png
DeepPCB,test,01_PCB__31.jpg,01_PCB__31.txt,3,3,1,Mouse_bite,172,59,207,89,640,640,224,224,bbox_crop,/Users/user/Deep-Learning-PCB-Defect-Detection/outputs/stage2/processed_images/test/Mouse_bite/DeepPCB_test_01_PCB__31_defect_3.png
DeepPCB,test,01_PCB__31.jpg,01_PCB__31.txt,4,3,1,Mouse_bite,104,212,139,237,640,640,224,224,bbox_crop,/Users/user/Deep-Learning-PCB-Defect-Detection/outputs/stage2/processed_images/test/Mouse_bite/DeepPCB_test_01_PCB__31_defect_4.png
DeepPCB,test,01_PCB__31.jpg,01_PCB__31.txt,5,4,4,Spur,57,110,85,145,640,640,224,224,bbox_crop,/Users/user/Deep-Learning-PCB-Defect-Detection/outputs/stage2/processed_images/test/Spur/DeepPCB_test_01_PCB__31_defect_5.png
DeepPCB,test,01_PCB__31.jpg,01_PCB__31.txt,6,6,0,Missing_hole,54,151,79,183,640,640,224,224,bbox_crop,/Users/user/Deep-Learning-PCB-Defect-Detection/outputs/stage2/processed_images/test/Missing_hole/DeepPCB_test_01_PCB__31_defect_6.png
DeepPCB,test,01_PCB__31.jpg,01_PCB__31.txt,7,5,5,Spurious_copper,210,123,249,157,640,640,224,224,bbox_crop,/Users/user/Deep-Learning-PCB-Defect-Detection/outputs/stage2/processed_images/test/Spurious_copper/DeepPCB_test_01_PCB__31_defect_7.png
DeepPCB,test,01_PCB__31.jpg,01_PCB__31.txt,8,4,4,Spur,188,371,220,399,640,640,224,224,bbox_crop,/Users/user/Deep-Learning-PCB-Defect-Detection/outputs/stage2/processed_images/test/Spur/DeepPCB_test_01_PCB__31_defect_8.png
DeepPCB,test,01_PCB__31.jpg,01_PCB__31.txt,9,5,5,Spurious_copper,508,378,544,430,640,640,224,224,bbox_crop,/Users/user/Deep-Learning-PCB-Defect-Detection/outputs/stage2/processed_images/test/Spurious_copper/DeepPCB_test_01_PCB__31_defect_9.png
DeepPCB,test,01_PCB__31.jpg,01_PCB__31.txt,10,6,0,Missing_hole,400,412,434,446,640,640,224,224,bbox_crop,/Users/user/Deep-Learning-PCB-Defect-Detection/outputs/stage2/processed_images/test/Missing_hole/DeepPCB_test_01_PCB__31_defect_10.png
DeepPCB,test,01_PCB__314.jpg,01_PCB__314.txt,1,1,2,Open_circuit,357,398,390,435,640,640,224,224,bbox_crop,/Users/user/Deep-Learning-PCB-Defect-Detection/outputs/stage2/processed_images/test/Open_circuit/DeepPCB_test_01_PCB__314_defect_1.png
DeepPCB,test,01_PCB__314.jpg,01_PCB__314.txt,2,2,3,Short,375,240,418,271,640,640,224,224,bbox_crop,/Users/user/Deep-Learning-PCB-Defect-Detection/outputs/stage2/processed_images/test/Short/DeepPCB_test_01_PCB__314_defect_2.png
DeepPCB,test,01_PCB__314.jpg,01_PCB__314.txt,3,4,4,Spur,134,387,162,427,640,640,224,224,bbox_crop,/Users/user/Deep-Learning-PCB-Defect-Detection/outputs/stage2/processed_images/test/Spur/DeepPCB_test_01_PCB__314_defect_3.png
DeepPCB,test,01_PCB__314.jpg,01_PCB__314.txt,4,5,5,Spurious_copper,58,120,105,169,640,640,224,224,bbox_crop,/Users/user/Deep-Learning-PCB-Defect-Detection/outputs/stage2/processed_images/test/Spurious_copper/DeepPCB_test_01_PCB__314_defect_4.png
DeepPCB,test,01_PCB__314.jpg,01_PCB__314.txt,5,6,0,Missing_hole,167,197,206,228,640,640,224,224,bbox_crop,/Users/user/Deep-Learning-PCB-Defect-Detection/outputs/stage2/processed_images/test/Missing_hole/DeepPCB_test_01_PCB__314_defect_5.png
DeepPCB,test,01_PCB__314.jpg,01_PCB__314.txt,6,3,1,Mouse_bite,574,464,609,495,640,640,224,224,bbox_crop,/Users/user/Deep-Learning-PCB-Defect-Detection/outputs/stage2/processed_images/test/Mouse_bite/DeepPCB_test_01_PCB__314_defect_6.png
DeepPCB,test,01_PCB__315.jpg,01_PCB__315.txt,1,1,2,Open_circuit,226,343,264,376,640,640,224,224,bbox_crop,/Users/user/Deep-Learning-PCB-Defect-Detection/outputs/stage2/processed_images/test/Open_circuit/DeepPCB_test_01_PCB__315_defect_1.png
DeepPCB,test,01_PCB__315.jpg,01_PCB__315.txt,2,3,1,Mouse_bite,198,274,228,316,640,640,224,224,bbox_crop,/Users/user/Deep-Learning-PCB-Defect-Detection/outputs/stage2/processed_images/test/Mouse_bite/DeepPCB_test_01_PCB__315_defect_2.png
DeepPCB,test,01_PCB__315.jpg,01_PCB__315.txt,3,4,4,Spur,183,197,212,230,640,640,224,224,bbox_crop,/Users/user/Deep-Learning-PCB-Defect-Detection/outputs/stage2/processed_images/test/Spur/DeepPCB_test_01_PCB__315_defect_3.png
DeepPCB,test,01_PCB__315.jpg,01_PCB__315.txt,4,6,0,Missing_hole,186,83,213,113,640,640,224,224,bbox_crop,/Users/user/Deep-Learning-PCB-Defect-Detection/outputs/stage2/processed_images/test/Missing_hole/DeepPCB_test_01_PCB__315_defect_4.png
DeepPCB,test,01_PCB__315.jpg,01_PCB__315.txt,5,4,4,Spur,365,282,399,308,640,640,224,224,bbox_crop,/Users/user/Deep-Learning-PCB-Defect-Detection/outputs/stage2/processed_images/test/Spur/DeepPCB_test_01_PCB__315_defect_5.png
DeepPCB,test,01_PCB__315.jpg,01_PCB__315.txt,6,1,2,Open_circuit,290,393,326,429,640,640,224,224,bbox_crop,/Users/user/Deep-Learning-PCB-Defect-Detection/outputs/stage2/processed_images/test/Open_circuit/DeepPCB_test_01_PCB__315_defect_6.png
DeepPCB,test,01_PCB__320.jpg,01_PCB__320.txt,1,1,2,Open_circuit,479,397,508,424,640,640,224,224,bbox_crop,/Users/user/Deep-Learning-PCB-Defect-Detection/outputs/stage2/processed_images/test/Open_circuit/DeepPCB_test_01_PCB__320_defect_1.png
DeepPCB,test,01_PCB__320.jpg,01_PCB__320.txt,2,2,3,Short,174,516,217,557,640,640,224,224,bbox_crop,/Users/user/Deep-Learning-PCB-Defect-Detection/outputs/stage2/processed_images/test/Short/DeepPCB_test_01_PCB__320_defect_2.png
DeepPCB,test,01_PCB__320.jpg,01_PCB__320.txt,3,2,3,Short,189,39,236,125,640,640,224,224,bbox_crop,/Users/user/Deep-Learning-PCB-Defect-Detection/outputs/stage2/processed_images/test/Short/DeepPCB_test_01_PCB__320_defect_3.png
DeepPCB,test,01_PCB__320.jpg,01_PCB__320.txt,4,3,1,Mouse_bite,188,165,230,191,640,640,224,224,bbox_crop,/Users/user/Deep-Learning-PCB-Defect-Detection/outputs/stage2/processed_images/test/Mouse_bite/DeepPCB_test_01_PCB__320_defect_4.png
DeepPCB,test,01_PCB__320.jpg,01_PCB__320.txt,5,4,4,Spur,191,351,226,382,640,640,224,224,bbox_crop,/Users/user/Deep-Learning-PCB-Defect-Detection/outputs/stage2/processed_images/test/Spur/DeepPCB_test_01_PCB__320_defect_5.png
DeepPCB,test,01_PCB__330.jpg,01_PCB__330.txt,1,1,2,Open_circuit,74,377,101,409,640,640,224,224,bbox_crop,/Users/user/Deep-Learning-PCB-Defect-Detection/outputs/stage2/processed_images/test/Open_circuit/DeepPCB_test_01_PCB__330_defect_1.png
DeepPCB,test,01_PCB__330.jpg,01_PCB__330.txt,2,5,5,Spurious_copper,269,342,303,377,640,640,224,224,bbox_crop,/Users/user/Deep-Learning-PCB-Defect-Detection/outputs/stage2/processed_images/test/Spurious_copper/DeepPCB_test_01_PCB__330_defect_2.png
DeepPCB,test,01_PCB__330.jpg,01_PCB__330.txt,3,4,4,Spur,166,289,199,318,640,640,224,224,bbox_crop,/Users/user/Deep-Learning-PCB-Defect-Detection/outputs/stage2/processed_images/test/Spur/DeepPCB_test_01_PCB__330_defect_3.png
DeepPCB,test,01_PCB__330.jpg,01_PCB__330.txt,4,5,5,Spurious_copper,104,82,135,117,640,640,224,224,bbox_crop,/Users/user/Deep-Learning-PCB-Defect-Detection/outputs/stage2/processed_images/test/Spurious_copper/DeepPCB_test_01_PCB__330_defect_4.png
DeepPCB,test,01_PCB__330.jpg,01_PCB__330.txt,5,6,0,Missing_hole,329,251,355,288,640,640,224,224,bbox_crop,/Users/user/Deep-Learning-PCB-Defect-Detection/outputs/stage2/processed_images/test/Missing_hole/DeepPCB_test_01_PCB__330_defect_5.png
DeepPCB,test,01_PCB__330.jpg,01_PCB__330.txt,6,4,4,Spur,75,310,108,337,640,640,224,224,bbox_crop,/Users/user/Deep-Learning-PCB-Defect-Detection/outputs/stage2/processed_images/test/Spur/DeepPCB_test_01_PCB__330_defect_6.png
DeepPCB,test,01_PCB__346.jpg,01_PCB__346.txt,1,1,2,Open_circuit,224,339,276,379,640,640,224,224,bbox_crop,/Users/user/Deep-Learning-PCB-Defect-Detection/outputs/stage2/processed_images/test/Open_circuit/DeepPCB_test_01_PCB__346_defect_1.png
DeepPCB,test,01_PCB__346.jpg,01_PCB__346.txt,2,2,3,Short,113,263,146,291,640,640,224,224,bbox_crop,/Users/user/Deep-Learning-PCB-Defect-Detection/outputs/stage2/processed_images/test/Short/DeepPCB_test_01_PCB__346_defect_2.png
DeepPCB,test,01_PCB__346.jpg,01_PCB__346.txt,3,3,1,Mouse_bite,365,230,399,259,640,640,224,224,bbox_crop,/Users/user/Deep-Learning-PCB-Defect-Detection/outputs/stage2/processed_images/test/Mouse_bite/DeepPCB_test_01_PCB__346_defect_3.png
DeepPCB,test,01_PCB__346.jpg,01_PCB__346.txt,4,2,3,Short,125,381,162,413,640,640,224,224,bbox_crop,/Users/user/Deep-Learning-PCB-Defect-Detection/outputs/stage2/processed_images/test/Short/DeepPCB_test_01_PCB__346_defect_4.png
DeepPCB,test,01_PCB__346.jpg,01_PCB__346.txt,5,3,1,Mouse_bite,226,195,257,223,640,640,224,224,bbox_crop,/Users/user/Deep-Learning-PCB-Defect-Detection/outputs/stage2/processed_images/test/Mouse_bite/DeepPCB_test_01_PCB__346_defect_5.png
DeepPCB,test,01_PCB__346.jpg,01_PCB__346.txt,6,4,4,Spur,295,151,327,177,640,640,224,224,bbox_crop,/Users/user/Deep-Learning-PCB-Defect-Detection/outputs/stage2/processed_images/test/Spur/DeepPCB_test_01_PCB__346_defect_6.png
DeepPCB,test,01_PCB__346.jpg,01_PCB__346.txt,7,6,0,Missing_hole,380,143,405,173,640,640,224,224,bbox_crop,/Users/user/Deep-Learning-PCB-Defect-Detection/outputs/stage2/processed_images/test/Missing_hole/DeepPCB_test_01_PCB__346_defect_7.png
DeepPCB,test,01_PCB__346.jpg,01_PCB__346.txt,8,5,5,Spurious_copper,426,299,454,331,640,640,224,224,bbox_crop,/Users/user/Deep-Learning-PCB-Defect-Detection/outputs/stage2/processed_images/test/Spurious_copper/DeepPCB_test_01_PCB__346_defect_8.png
DeepPCB,test,01_PCB__348.jpg,01_PCB__348.txt,1,1,2,Open_circuit,183,315,215,339,640,640,224,224,bbox_crop,/Users/user/Deep-Learning-PCB-Defect-Detection/outputs/stage2/processed_images/test/Open_circuit/DeepPCB_test_01_PCB__348_defect_1.png
DeepPCB,test,01_PCB__348.jpg,01_PCB__348.txt,2,2,3,Short,190,217,237,271,640,640,224,224,bbox_crop,/Users/user/Deep-Learning-PCB-Defect-Detection/outputs/stage2/processed_images/test/Short/DeepPCB_test_01_PCB__348_defect_2.png
DeepPCB,test,01_PCB__348.jpg,01_PCB__348.txt,3,3,1,Mouse_bite,245,215,276,244,640,640,224,224,bbox_crop,/Users/user/Deep-Learning-PCB-Defect-Detection/outputs/stage2/processed_images/test/Mouse_bite/DeepPCB_test_01_PCB__348_defect_3.png
DeepPCB,test,01_PCB__348.jpg,01_PCB__348.txt,4,4,4,Spur,206,141,241,170,640,640,224,224,bbox_crop,/Users/user/Deep-Learning-PCB-Defect-Detection/outputs/stage2/processed_images/test/Spur/DeepPCB_test_01_PCB__348_defect_4.png
DeepPCB,test,01_PCB__348.jpg,01_PCB__348.txt,5,5,5,Spurious_copper,26,43,74,86,640,640,224,224,bbox_crop,/Users/user/Deep-Learning-PCB-Defect-Detection/outputs/stage2/processed_images/test/Spurious_copper/DeepPCB_test_01_PCB__348_defect_5.png
DeepPCB,test,01_PCB__348.jpg,01_PCB__348.txt,6,4,4,Spur,386,188,420,213,640,640,224,224,bbox_crop,/Users/user/Deep-Learning-PCB-Defect-Detection/outputs/stage2/processed_images/test/Spur/DeepPCB_test_01_PCB__348_defect_6.png
DeepPCB,test,01_PCB__348.jpg,01_PCB__348.txt,7,3,1,Mouse_bite,180,505,220,538,640,640,224,224,bbox_crop,/Users/user/Deep-Learning-PCB-Defect-Detection/outputs/stage2/processed_images/test/Mouse_bite/DeepPCB_test_01_PCB__348_defect_7.png
DeepPCB,test,01_PCB__348.jpg,01_PCB__348.txt,8,1,2,Open_circuit,125,425,156,451,640,640,224,224,bbox_crop,/Users/user/Deep-Learning-PCB-Defect-Detection/outputs/stage2/processed_images/test/Open_circuit/DeepPCB_test_01_PCB__348_defect_8.png
DeepPCB,test,01_PCB__349.jpg,01_PCB__349.txt,1,1,2,Open_circuit,200,253,247,307,640,640,224,224,bbox_crop,/Users/user/Deep-Learning-PCB-Defect-Detection/outputs/stage2/processed_images/test/Open_circuit/DeepPCB_test_01_PCB__349_defect_1.png
DeepPCB,test,01_PCB__349.jpg,01_PCB__349.txt,2,2,3,Short,228,103,289,128,640,640,224,224,bbox_crop,/Users/user/Deep-Learning-PCB-Defect-Detection/outputs/stage2/processed_images/test/Short/DeepPCB_test_01_PCB__349_defect_2.png
DeepPCB,test,01_PCB__349.jpg,01_PCB__349.txt,3,3,1,Mouse_bite,59,199,88,231,640,640,224,224,bbox_crop,/Users/user/Deep-Learning-PCB-Defect-Detection/outputs/stage2/processed_images/test/Mouse_bite/DeepPCB_test_01_PCB__349_defect_3.png
DeepPCB,test,01_PCB__349.jpg,01_PCB__349.txt,4,4,4,Spur,208,148,267,189,640,640,224,224,bbox_crop,/Users/user/Deep-Learning-PCB-Defect-Detection/outputs/stage2/processed_images/test/Spur/DeepPCB_test_01_PCB__349_defect_4.png
DeepPCB,test,01_PCB__349.jpg,01_PCB__349.txt,5,6,0,Missing_hole,283,202,318,228,640,640,224,224,bbox_crop,/Users/user/Deep-Learning-PCB-Defect-Detection/outputs/stage2/processed_images/test/Missing_hole/DeepPCB_test_01_PCB__349_defect_5.png
DeepPCB,test,01_PCB__349.jpg,01_PCB__349.txt,6,5,5,Spurious_copper,249,368,287,405,640,640,224,224,bbox_crop,/Users/user/Deep-Learning-PCB-Defect-Detection/outputs/stage2/processed_images/test/Spurious_copper/DeepPCB_test_01_PCB__349_defect_6.png
DeepPCB,test,01_PCB__349.jpg,01_PCB__349.txt,7,3,1,Mouse_bite,294,275,328,310,640,640,224,224,bbox_crop,/Users/user/Deep-Learning-PCB-Defect-Detection/outputs/stage2/processed_images/test/Mouse_bite/DeepPCB_test_01_PCB__349_defect_7.png
DeepPCB,test,01_PCB__351.jpg,01_PCB__351.txt,1,1,2,Open_circuit,47,111,88,139,640,640,224,224,bbox_crop,/Users/user/Deep-Learning-PCB-Defect-Detection/outputs/stage2/processed_images/test/Open_circuit/DeepPCB_test_01_PCB__351_defect_1.png
DeepPCB,test,01_PCB__351.jpg,01_PCB__351.txt,2,3,1,Mouse_bite,316,366,350,408,640,640,224,224,bbox_crop,/Users/user/Deep-Learning-PCB-Defect-Detection/outputs/stage2/processed_images/test/Mouse_bite/DeepPCB_test_01_PCB__351_defect_2.png
DeepPCB,test,01_PCB__351.jpg,01_PCB__351.txt,3,5,5,Spurious_copper,103,341,139,370,640,640,224,224,bbox_crop,/Users/user/Deep-Learning-PCB-Defect-Detection/outputs/stage2/processed_images/test/Spurious_copper/DeepPCB_test_01_PCB__351_defect_3.png
DeepPCB,test,01_PCB__351.jpg,01_PCB__351.txt,4,6,0,Missing_hole,365,147,403,180,640,640,224,224,bbox_crop,/Users/user/Deep-Learning-PCB-Defect-Detection/outputs/stage2/processed_images/test/Missing_hole/DeepPCB_test_01_PCB__351_defect_4.png
DeepPCB,test,01_PCB__351.jpg,01_PCB__351.txt,5,4,4,Spur,437,337,467,371,640,640,224,224,bbox_crop,/Users/user/Deep-Learning-PCB-Defect-Detection/outputs/stage2/processed_images/test/Spur/DeepPCB_test_01_PCB__351_defect_5.png
DeepPCB,test,01_PCB__351.jpg,01_PCB__351.txt,6,5,5,Spurious_copper,552,300,590,339,640,640,224,224,bbox_crop,/Users/user/Deep-Learning-PCB-Defect-Detection/outputs/stage2/processed_images/test/Spurious_copper/DeepPCB_test_01_PCB__351_defect_6.png
DeepPCB,test,01_PCB__358.jpg,01_PCB__358.txt,1,1,2,Open_circuit,229,174,283,206,640,640,224,224,bbox_crop,/Users/user/Deep-Learning-PCB-Defect-Detection/outputs/stage2/processed_images/test/Open_circuit/DeepPCB_test_01_PCB__358_defect_1.png
DeepPCB,test,01_PCB__358.jpg,01_PCB__358.txt,2,2,3,Short,349,287,437,359,640,640,224,224,bbox_crop,/Users/user/Deep-Learning-PCB-Defect-Detection/outputs/stage2/processed_images/test/Short/DeepPCB_test_01_PCB__358_defect_2.png
DeepPCB,test,01_PCB__358.jpg,01_PCB__358.txt,3,4,4,Spur,197,315,235,344,640,640,224,224,bbox_crop,/Users/user/Deep-Learning-PCB-Defect-Detection/outputs/stage2/processed_images/test/Spur/DeepPCB_test_01_PCB__358_defect_3.png
DeepPCB,test,01_PCB__358.jpg,01_PCB__358.txt,4,6,0,Missing_hole,367,220,398,248,640,640,224,224,bbox_crop,/Users/user/Deep-Learning-PCB-Defect-Detection/outputs/stage2/processed_images/test/Missing_hole/DeepPCB_test_01_PCB__358_defect_4.png
DeepPCB,test,01_PCB__358.jpg,01_PCB__358.txt,5,3,1,Mouse_bite,97,189,127,226,640,640,224,224,bbox_crop,/Users/user/Deep-Learning-PCB-Defect-Detection/outputs/stage2/processed_images/test/Mouse_bite/DeepPCB_test_01_PCB__358_defect_5.png
DeepPCB,test,01_PCB__378.jpg,01_PCB__378.txt,1,1,2,Open_circuit,205,218,243,247,640,640,224,224,bbox_crop,/Users/user/Deep-Learning-PCB-Defect-Detection/outputs/stage2/processed_images/test/Open_circuit/DeepPCB_test_01_PCB__378_defect_1.png
DeepPCB,test,01_PCB__378.jpg,01_PCB__378.txt,2,2,3,Short,138,231,170,290,640,640,224,224,bbox_crop,/Users/user/Deep-Learning-PCB-Defect-Detection/outputs/stage2/processed_images/test/Short/DeepPCB_test_01_PCB__378_defect_2.png
DeepPCB,test,01_PCB__378.jpg,01_PCB__378.txt,3,6,0,Missing_hole,159,366,190,392,640,640,224,224,bbox_crop,/Users/user/Deep-Learning-PCB-Defect-Detection/outputs/stage2/processed_images/test/Missing_hole/DeepPCB_test_01_PCB__378_defect_3.png
DeepPCB,test,01_PCB__378.jpg,01_PCB__378.txt,4,5,5,Spurious_copper,239,81,285,122,640,640,224,224,bbox_crop,/Users/user/Deep-Learning-PCB-Defect-Detection/outputs/stage2/processed_images/test/Spurious_copper/DeepPCB_test_01_PCB__378_defect_4.png
DeepPCB,test,01_PCB__378.jpg,01_PCB__378.txt,5,3,1,Mouse_bite,245,453,277,479,640,640,224,224,bbox_crop,/Users/user/Deep-Learning-PCB-Defect-Detection/outputs/stage2/processed_images/test/Mouse_bite/DeepPCB_test_01_PCB__378_defect_5.png
DeepPCB,test,01_PCB__378.jpg,01_PCB__378.txt,6,1,2,Open_circuit,56,321,115,352,640,640,224,224,bbox_crop,/Users/user/Deep-Learning-PCB-Defect-Detection/outputs/stage2/processed_images/test/Open_circuit/DeepPCB_test_01_PCB__378_defect_6.png
DeepPCB,test,01_PCB__378.jpg,01_PCB__378.txt,7,5,5,Spurious_copper,331,202,365,239,640,640,224,224,bbox_crop,/Users/user/Deep-Learning-PCB-Defect-Detection/outputs/stage2/processed_images/test/Spurious_copper/DeepPCB_test_01_PCB__378_defect_7.png
DeepPCB,test,01_PCB__384.jpg,01_PCB__384.txt,1,1,2,Open_circuit,48,217,90,278,640,640,224,224,bbox_crop,/Users/user/Deep-Learning-PCB-Defect-Detection/outputs/stage2/processed_images/test/Open_circuit/DeepPCB_test_01_PCB__384_defect_1.png
DeepPCB,test,01_PCB__384.jpg,01_PCB__384.txt,2,3,1,Mouse_bite,144,189,186,219,640,640,224,224,bbox_crop,/Users/user/Deep-Learning-PCB-Defect-Detection/outputs/stage2/processed_images/test/Mouse_bite/DeepPCB_test_01_PCB__384_defect_2.png
DeepPCB,test,01_PCB__384.jpg,01_PCB__384.txt,3,3,1,Mouse_bite,181,342,217,367,640,640,224,224,bbox_crop,/Users/user/Deep-Learning-PCB-Defect-Detection/outputs/stage2/processed_images/test/Mouse_bite/DeepPCB_test_01_PCB__384_defect_3.png
DeepPCB,test,01_PCB__384.jpg,01_PCB__384.txt,4,6,0,Missing_hole,305,277,333,306,640,640,224,224,bbox_crop,/Users/user/Deep-Learning-PCB-Defect-Detection/outputs/stage2/processed_images/test/Missing_hole/DeepPCB_test_01_PCB__384_defect_4.png
DeepPCB,test,01_PCB__384.jpg,01_PCB__384.txt,5,5,5,Spurious_copper,486,486,524,526,640,640,224,224,bbox_crop,/Users/user/Deep-Learning-PCB-Defect-Detection/outputs/stage2/processed_images/test/Spurious_copper/DeepPCB_test_01_PCB__384_defect_5.png
DeepPCB,test,01_PCB__388.jpg,01_PCB__388.txt,1,1,2,Open_circuit,191,283,249,324,640,640,224,224,bbox_crop,/Users/user/Deep-Learning-PCB-Defect-Detection/outputs/stage2/processed_images/test/Open_circuit/DeepPCB_test_01_PCB__388_defect_1.png
DeepPCB,test,01_PCB__388.jpg,01_PCB__388.txt,2,2,3,Short,152,71,198,99,640,640,224,224,bbox_crop,/Users/user/Deep-Learning-PCB-Defect-Detection/outputs/stage2/processed_images/test/Short/DeepPCB_test_01_PCB__388_defect_2.png
DeepPCB,test,01_PCB__388.jpg,01_PCB__388.txt,3,3,1,Mouse_bite,352,355,383,382,640,640,224,224,bbox_crop,/Users/user/Deep-Learning-PCB-Defect-Detection/outputs/stage2/processed_images/test/Mouse_bite/DeepPCB_test_01_PCB__388_defect_3.png
DeepPCB,test,01_PCB__388.jpg,01_PCB__388.txt,4,5,5,Spurious_copper,250,437,280,479,640,640,224,224,bbox_crop,/Users/user/Deep-Learning-PCB-Defect-Detection/outputs/stage2/processed_images/test/Spurious_copper/DeepPCB_test_01_PCB__388_defect_4.png
DeepPCB,test,01_PCB__388.jpg,01_PCB__388.txt,5,6,0,Missing_hole,406,492,447,530,640,640,224,224,bbox_crop,/Users/user/Deep-Learning-PCB-Defect-Detection/outputs/stage2/processed_images/test/Missing_hole/DeepPCB_test_01_PCB__388_defect_5.png
DeepPCB,test,01_PCB__421.jpg,01_PCB__421.txt,1,1,2,Open_circuit,42,187,75,215,640,640,224,224,bbox_crop,/Users/user/Deep-Learning-PCB-Defect-Detection/outputs/stage2/processed_images/test/Open_circuit/DeepPCB_test_01_PCB__421_defect_1.png
DeepPCB,test,01_PCB__421.jpg,01_PCB__421.txt,2,2,3,Short,193,508,233,534,640,640,224,224,bbox_crop,/Users/user/Deep-Learning-PCB-Defect-Detection/outputs/stage2/processed_images/test/Short/DeepPCB_test_01_PCB__421_defect_2.png
DeepPCB,test,01_PCB__421.jpg,01_PCB__421.txt,3,3,1,Mouse_bite,188,261,222,292,640,640,224,224,bbox_crop,/Users/user/Deep-Learning-PCB-Defect-Detection/outputs/stage2/processed_images/test/Mouse_bite/DeepPCB_test_01_PCB__421_defect_3.png
DeepPCB,test,01_PCB__421.jpg,01_PCB__421.txt,4,4,4,Spur,36,333,69,360,640,640,224,224,bbox_crop,/Users/user/Deep-Learning-PCB-Defect-Detection/outputs/stage2/processed_images/test/Spur/DeepPCB_test_01_PCB__421_defect_4.png
DeepPCB,test,01_PCB__421.jpg,01_PCB__421.txt,5,2,3,Short,556,192,597,222,640,640,224,224,bbox_crop,/Users/user/Deep-Learning-PCB-Defect-Detection/outputs/stage2/processed_images/test/Short/DeepPCB_test_01_PCB__421_defect_5.png
DeepPCB,test,01_PCB__421.jpg,01_PCB__421.txt,6,5,5,Spurious_copper,272,211,309,236,640,640,224,224,bbox_crop,/Users/user/Deep-Learning-PCB-Defect-Detection/outputs/stage2/processed_images/test/Spurious_copper/DeepPCB_test_01_PCB__421_defect_6.png
DeepPCB,test,01_PCB__421.jpg,01_PCB__421.txt,7,6,0,Missing_hole,280,335,315,362,640,640,224,224,bbox_crop,/Users/user/Deep-Learning-PCB-Defect-Detection/outputs/stage2/processed_images/test/Missing_hole/DeepPCB_test_01_PCB__421_defect_7.png
DeepPCB,test,01_PCB__426.jpg,01_PCB__426.txt,1,1,2,Open_circuit,420,203,458,231,640,640,224,224,bbox_crop,/Users/user/Deep-Learning-PCB-Defect-Detection/outputs/stage2/processed_images/test/Open_circuit/DeepPCB_test_01_PCB__426_defect_1.png
DeepPCB,test,01_PCB__426.jpg,01_PCB__426.txt,2,3,1,Mouse_bite,308,277,343,300,640,640,224,224,bbox_crop,/Users/user/Deep-Learning-PCB-Defect-Detection/outputs/stage2/processed_images/test/Mouse_bite/DeepPCB_test_01_PCB__426_defect_2.png
DeepPCB,test,01_PCB__426.jpg,01_PCB__426.txt,3,5,5,Spurious_copper,388,279,433,318,640,640,224,224,bbox_crop,/Users/user/Deep-Learning-PCB-Defect-Detection/outputs/stage2/processed_images/test/Spurious_copper/DeepPCB_test_01_PCB__426_defect_3.png
DeepPCB,test,01_PCB__426.jpg,01_PCB__426.txt,4,6,0,Missing_hole,485,403,526,438,640,640,224,224,bbox_crop,/Users/user/Deep-Learning-PCB-Defect-Detection/outputs/stage2/processed_images/test/Missing_hole/DeepPCB_test_01_PCB__426_defect_4.png
DeepPCB,test,01_PCB__426.jpg,01_PCB__426.txt,5,2,3,Short,63,402,96,435,640,640,224,224,bbox_crop,/Users/user/Deep-Learning-PCB-Defect-Detection/outputs/stage2/processed_images/test/Short/DeepPCB_test_01_PCB__426_defect_5.png
DeepPCB,test,01_PCB__426.jpg,01_PCB__426.txt,6,1,2,Open_circuit,224,170,265,201,640,640,224,224,bbox_crop,/Users/user/Deep-Learning-PCB-Defect-Detection/outputs/stage2/processed_images/test/Open_circuit/DeepPCB_test_01_PCB__426_defect_6.png
DeepPCB,test,01_PCB__427.jpg,01_PCB__427.txt,1,1,2,Open_circuit,350,335,390,365,640,640,224,224,bbox_crop,/Users/user/Deep-Learning-PCB-Defect-Detection/outputs/stage2/processed_images/test/Open_circuit/DeepPCB_test_01_PCB__427_defect_1.png
DeepPCB,test,01_PCB__427.jpg,01_PCB__427.txt,2,3,1,Mouse_bite,162,195,192,223,640,640,224,224,bbox_crop,/Users/user/Deep-Learning-PCB-Defect-Detection/outputs/stage2/processed_images/test/Mouse_bite/DeepPCB_test_01_PCB__427_defect_2.png
DeepPCB,test,01_PCB__427.jpg,01_PCB__427.txt,3,4,4,Spur,133,101,168,134,640,640,224,224,bbox_crop,/Users/user/Deep-Learning-PCB-Defect-Detection/outputs/stage2/processed_images/test/Spur/DeepPCB_test_01_PCB__427_defect_3.png
DeepPCB,test,01_PCB__427.jpg,01_PCB__427.txt,4,6,0,Missing_hole,234,82,266,109,640,640,224,224,bbox_crop,/Users/user/Deep-Learning-PCB-Defect-Detection/outputs/stage2/processed_images/test/Missing_hole/DeepPCB_test_01_PCB__427_defect_4.png
DeepPCB,test,01_PCB__427.jpg,01_PCB__427.txt,5,5,5,Spurious_copper,384,277,418,319,640,640,224,224,bbox_crop,/Users/user/Deep-Learning-PCB-Defect-Detection/outputs/stage2/processed_images/test/Spurious_copper/DeepPCB_test_01_PCB__427_defect_5.png
DeepPCB,test,01_PCB__427.jpg,01_PCB__427.txt,6,1,2,Open_circuit,183,484,216,510,640,640,224,224,bbox_crop,/Users/user/Deep-Learning-PCB-Defect-Detection/outputs/stage2/processed_images/test/Open_circuit/DeepPCB_test_01_PCB__427_defect_6.png
DeepPCB,test,01_PCB__438.jpg,01_PCB__438.txt,1,1,2,Open_circuit,190,316,226,343,640,640,224,224,bbox_crop,/Users/user/Deep-Learning-PCB-Defect-Detection/outputs/stage2/processed_images/test/Open_circuit/DeepPCB_test_01_PCB__438_defect_1.png
DeepPCB,test,01_PCB__438.jpg,01_PCB__438.txt,2,2,3,Short,163,192,202,226,640,640,224,224,bbox_crop,/Users/user/Deep-Learning-PCB-Defect-Detection/outputs/stage2/processed_images/test/Short/DeepPCB_test_01_PCB__438_defect_2.png
DeepPCB,test,01_PCB__438.jpg,01_PCB__438.txt,3,3,1,Mouse_bite,348,125,381,151,640,640,224,224,bbox_crop,/Users/user/Deep-Learning-PCB-Defect-Detection/outputs/stage2/processed_images/test/Mouse_bite/DeepPCB_test_01_PCB__438_defect_3.png
DeepPCB,test,01_PCB__438.jpg,01_PCB__438.txt,4,4,4,Spur,459,418,497,449,640,640,224,224,bbox_crop,/Users/user/Deep-Learning-PCB-Defect-Detection/outputs/stage2/processed_images/test/Spur/DeepPCB_test_01_PCB__438_defect_4.png
DeepPCB,test,01_PCB__438.jpg,01_PCB__438.txt,5,4,4,Spur,337,455,381,487,640,640,224,224,bbox_crop,/Users/user/Deep-Learning-PCB-Defect-Detection/outputs/stage2/processed_images/test/Spur/DeepPCB_test_01_PCB__438_defect_5.png
DeepPCB,test,01_PCB__438.jpg,01_PCB__438.txt,6,6,0,Missing_hole,399,296,449,334,640,640,224,224,bbox_crop,/Users/user/Deep-Learning-PCB-Defect-Detection/outputs/stage2/processed_images/test/Missing_hole/DeepPCB_test_01_PCB__438_defect_6.png
DeepPCB,test,01_PCB__438.jpg,01_PCB__438.txt,7,1,2,Open_circuit,204,515,244,544,640,640,224,224,bbox_crop,/Users/user/Deep-Learning-PCB-Defect-Detection/outputs/stage2/processed_images/test/Open_circuit/DeepPCB_test_01_PCB__438_defect_7.png
DeepPCB,test,01_PCB__438.jpg,01_PCB__438.txt,8,2,3,Short,165,402,199,436,640,640,224,224,bbox_crop,/Users/user/Deep-Learning-PCB-Defect-Detection/outputs/stage2/processed_images/test/Short/DeepPCB_test_01_PCB__438_defect_8.png
DeepPCB,test,01_PCB__438.jpg,01_PCB__438.txt,9,3,1,Mouse_bite,128,261,159,288,640,640,224,224,bbox_crop,/Users/user/Deep-Learning-PCB-Defect-Detection/outputs/stage2/processed_images/test/Mouse_bite/DeepPCB_test_01_PCB__438_defect_9.png
DeepPCB,test,01_PCB__476.jpg,01_PCB__476.txt,1,1,2,Open_circuit,423,153,462,181,640,640,224,224,bbox_crop,/Users/user/Deep-Learning-PCB-Defect-Detection/outputs/stage2/processed_images/test/Open_circuit/DeepPCB_test_01_PCB__476_defect_1.png
DeepPCB,test,01_PCB__476.jpg,01_PCB__476.txt,2,3,1,Mouse_bite,246,266,288,291,640,640,224,224,bbox_crop,/Users/user/Deep-Learning-PCB-Defect-Detection/outputs/stage2/processed_images/test/Mouse_bite/DeepPCB_test_01_PCB__476_defect_2.png
DeepPCB,test,01_PCB__476.jpg,01_PCB__476.txt,3,4,4,Spur,133,214,164,244,640,640,224,224,bbox_crop,/Users/user/Deep-Learning-PCB-Defect-Detection/outputs/stage2/processed_images/test/Spur/DeepPCB_test_01_PCB__476_defect_3.png
DeepPCB,test,01_PCB__476.jpg,01_PCB__476.txt,4,6,0,Missing_hole,299,180,327,207,640,640,224,224,bbox_crop,/Users/user/Deep-Learning-PCB-Defect-Detection/outputs/stage2/processed_images/test/Missing_hole/DeepPCB_test_01_PCB__476_defect_4.png
DeepPCB,test,01_PCB__476.jpg,01_PCB__476.txt,5,4,4,Spur,244,450,282,478,640,640,224,224,bbox_crop,/Users/user/Deep-Learning-PCB-Defect-Detection/outputs/stage2/processed_images/test/Spur/DeepPCB_test_01_PCB__476_defect_5.png
DeepPCB,test,01_PCB__476.jpg,01_PCB__476.txt,6,4,4,Spur,363,357,393,391,640,640,224,224,bbox_crop,/Users/user/Deep-Learning-PCB-Defect-Detection/outputs/stage2/processed_images/test/Spur/DeepPCB_test_01_PCB__476_defect_6.png
DeepPCB,test,01_PCB__484.jpg,01_PCB__484.txt,1,1,2,Open_circuit,457,255,497,282,640,640,224,224,bbox_crop,/Users/user/Deep-Learning-PCB-Defect-Detection/outputs/stage2/processed_images/test/Open_circuit/DeepPCB_test_01_PCB__484_defect_1.png
DeepPCB,test,01_PCB__484.jpg,01_PCB__484.txt,2,4,4,Spur,291,262,325,288,640,640,224,224,bbox_crop,/Users/user/Deep-Learning-PCB-Defect-Detection/outputs/stage2/processed_images/test/Spur/DeepPCB_test_01_PCB__484_defect_2.png
DeepPCB,test,01_PCB__484.jpg,01_PCB__484.txt,3,6,0,Missing_hole,116,152,142,189,640,640,224,224,bbox_crop,/Users/user/Deep-Learning-PCB-Defect-Detection/outputs/stage2/processed_images/test/Missing_hole/DeepPCB_test_01_PCB__484_defect_3.png
DeepPCB,test,01_PCB__484.jpg,01_PCB__484.txt,4,5,5,Spurious_copper,64,279,93,323,640,640,224,224,bbox_crop,/Users/user/Deep-Learning-PCB-Defect-Detection/outputs/stage2/processed_images/test/Spurious_copper/DeepPCB_test_01_PCB__484_defect_4.png
DeepPCB,test,01_PCB__484.jpg,01_PCB__484.txt,5,3,1,Mouse_bite,132,286,166,312,640,640,224,224,bbox_crop,/Users/user/Deep-Learning-PCB-Defect-Detection/outputs/stage2/processed_images/test/Mouse_bite/DeepPCB_test_01_PCB__484_defect_5.png
DeepPCB,test,01_PCB__484.jpg,01_PCB__484.txt,6,3,1,Mouse_bite,516,446,549,472,640,640,224,224,bbox_crop,/Users/user/Deep-Learning-PCB-Defect-Detection/outputs/stage2/processed_images/test/Mouse_bite/DeepPCB_test_01_PCB__484_defect_6.png
DeepPCB,test,01_PCB__484.jpg,01_PCB__484.txt,7,2,3,Short,352,275,387,300,640,640,224,224,bbox_crop,/Users/user/Deep-Learning-PCB-Defect-Detection/outputs/stage2/processed_images/test/Short/DeepPCB_test_01_PCB__484_defect_7.png
DeepPCB,test,01_PCB__484.jpg,01_PCB__484.txt,8,3,1,Mouse_bite,249,84,286,110,640,640,224,224,bbox_crop,/Users/user/Deep-Learning-PCB-Defect-Detection/outputs/stage2/processed_images/test/Mouse_bite/DeepPCB_test_01_PCB__484_defect_8.png
DeepPCB,test,01_PCB__484.jpg,01_PCB__484.txt,9,2,3,Short,144,72,196,97,640,640,224,224,bbox_crop,/Users/user/Deep-Learning-PCB-Defect-Detection/outputs/stage2/processed_images/test/Short/DeepPCB_test_01_PCB__484_defect_9.png
DeepPCB,test,01_PCB__484.jpg,01_PCB__484.txt,10,2,3,Short,587,326,635,364,640,640,224,224,bbox_crop,/Users/user/Deep-Learning-PCB-Defect-Detection/outputs/stage2/processed_images/test/Short/DeepPCB_test_01_PCB__484_defect_10.png
DeepPCB,test,01_PCB__494.jpg,01_PCB__494.txt,1,1,2,Open_circuit,254,265,348,304,640,640,224,224,bbox_crop,/Users/user/Deep-Learning-PCB-Defect-Detection/outputs/stage2/processed_images/test/Open_circuit/DeepPCB_test_01_PCB__494_defect_1.png
DeepPCB,test,01_PCB__494.jpg,01_PCB__494.txt,2,3,1,Mouse_bite,249,205,289,234,640,640,224,224,bbox_crop,/Users/user/Deep-Learning-PCB-Defect-Detection/outputs/stage2/processed_images/test/Mouse_bite/DeepPCB_test_01_PCB__494_defect_2.png
DeepPCB,test,01_PCB__494.jpg,01_PCB__494.txt,3,4,4,Spur,429,256,465,285,640,640,224,224,bbox_crop,/Users/user/Deep-Learning-PCB-Defect-Detection/outputs/stage2/processed_images/test/Spur/DeepPCB_test_01_PCB__494_defect_3.png
DeepPCB,test,01_PCB__494.jpg,01_PCB__494.txt,4,6,0,Missing_hole,127,384,154,417,640,640,224,224,bbox_crop,/Users/user/Deep-Learning-PCB-Defect-Detection/outputs/stage2/processed_images/test/Missing_hole/DeepPCB_test_01_PCB__494_defect_4.png
DeepPCB,test,01_PCB__494.jpg,01_PCB__494.txt,5,5,5,Spurious_copper,202,311,238,347,640,640,224,224,bbox_crop,/Users/user/Deep-Learning-PCB-Defect-Detection/outputs/stage2/processed_images/test/Spurious_copper/DeepPCB_test_01_PCB__494_defect_5.png
DeepPCB,test,01_PCB__494.jpg,01_PCB__494.txt,6,3,1,Mouse_bite,375,148,415,179,640,640,224,224,bbox_crop,/Users/user/Deep-Learning-PCB-Defect-Detection/outputs/stage2/processed_images/test/Mouse_bite/DeepPCB_test_01_PCB__494_defect_6.png
DeepPCB,test,01_PCB__494.jpg,01_PCB__494.txt,7,4,4,Spur,150,115,194,145,640,640,224,224,bbox_crop,/Users/user/Deep-Learning-PCB-Defect-Detection/outputs/stage2/processed_images/test/Spur/DeepPCB_test_01_PCB__494_defect_7.png
DeepPCB,test,01_PCB__495.jpg,01_PCB__495.txt,1,3,1,Mouse_bite,168,273,204,314,640,640,224,224,bbox_crop,/Users/user/Deep-Learning-PCB-Defect-Detection/outputs/stage2/processed_images/test/Mouse_bite/DeepPCB_test_01_PCB__495_defect_1.png
DeepPCB,test,01_PCB__495.jpg,01_PCB__495.txt,2,4,4,Spur,265,373,299,399,640,640,224,224,bbox_crop,/Users/user/Deep-Learning-PCB-Defect-Detection/outputs/stage2/processed_images/test/Spur/DeepPCB_test_01_PCB__495_defect_2.png
DeepPCB,test,01_PCB__495.jpg,01_PCB__495.txt,3,3,1,Mouse_bite,387,339,422,366,640,640,224,224,bbox_crop,/Users/user/Deep-Learning-PCB-Defect-Detection/outputs/stage2/processed_images/test/Mouse_bite/DeepPCB_test_01_PCB__495_defect_3.png
DeepPCB,test,01_PCB__495.jpg,01_PCB__495.txt,4,5,5,Spurious_copper,528,432,563,465,640,640,224,224,bbox_crop,/Users/user/Deep-Learning-PCB-Defect-Detection/outputs/stage2/processed_images/test/Spurious_copper/DeepPCB_test_01_PCB__495_defect_4.png
DeepPCB,test,01_PCB__495.jpg,01_PCB__495.txt,5,6,0,Missing_hole,244,454,279,484,640,640,224,224,bbox_crop,/Users/user/Deep-Learning-PCB-Defect-Detection/outputs/stage2/processed_images/test/Missing_hole/DeepPCB_test_01_PCB__495_defect_5.png
DeepPCB,test,01_PCB__495.jpg,01_PCB__495.txt,6,5,5,Spurious_copper,192,178,230,217,640,640,224,224,bbox_crop,/Users/user/Deep-Learning-PCB-Defect-Detection/outputs/stage2/processed_images/test/Spurious_copper/DeepPCB_test_01_PCB__495_defect_6.png
DeepPCB,test,01_PCB__495.jpg,01_PCB__495.txt,7,4,4,Spur,273,231,300,265,640,640,224,224,bbox_crop,/Users/user/Deep-Learning-PCB-Defect-Detection/outputs/stage2/processed_images/test/Spur/DeepPCB_test_01_PCB__495_defect_7.png
DeepPCB,test,01_PCB__50.jpg,01_PCB__50.txt,1,1,2,Open_circuit,186,147,231,177,640,640,224,224,bbox_crop,/Users/user/Deep-Learning-PCB-Defect-Detection/outputs/stage2/processed_images/test/Open_circuit/DeepPCB_test_01_PCB__50_defect_1.png
DeepPCB,test,01_PCB__50.jpg,01_PCB__50.txt,2,2,3,Short,257,228,289,265,640,640,224,224,bbox_crop,/Users/user/Deep-Learning-PCB-Defect-Detection/outputs/stage2/processed_images/test/Short/DeepPCB_test_01_PCB__50_defect_2.png
DeepPCB,test,01_PCB__50.jpg,01_PCB__50.txt,3,4,4,Spur,349,277,385,305,640,640,224,224,bbox_crop,/Users/user/Deep-Learning-PCB-Defect-Detection/outputs/stage2/processed_images/test/Spur/DeepPCB_test_01_PCB__50_defect_3.png
DeepPCB,test,01_PCB__50.jpg,01_PCB__50.txt,4,4,4,Spur,448,276,486,305,640,640,224,224,bbox_crop,/Users/user/Deep-Learning-PCB-Defect-Detection/outputs/stage2/processed_images/test/Spur/DeepPCB_test_01_PCB__50_defect_4.png
DeepPCB,test,01_PCB__50.jpg,01_PCB__50.txt,5,6,0,Missing_hole,429,182,479,208,640,640,224,224,bbox_crop,/Users/user/Deep-Learning-PCB-Defect-Detection/outputs/stage2/processed_images/test/Missing_hole/DeepPCB_test_01_PCB__50_defect_5.png
DeepPCB,test,01_PCB__50.jpg,01_PCB__50.txt,6,1,2,Open_circuit,80,150,119,177,640,640,224,224,bbox_crop,/Users/user/Deep-Learning-PCB-Defect-Detection/outputs/stage2/processed_images/test/Open_circuit/DeepPCB_test_01_PCB__50_defect_6.png
DeepPCB,test,01_PCB__50.jpg,01_PCB__50.txt,7,2,3,Short,6,116,41,143,640,640,224,224,bbox_crop,/Users/user/Deep-Learning-PCB-Defect-Detection/outputs/stage2/processed_images/test/Short/DeepPCB_test_01_PCB__50_defect_7.png
DeepPCB,test,01_PCB__50.jpg,01_PCB__50.txt,8,4,4,Spur,350,100,387,129,640,640,224,224,bbox_crop,/Users/user/Deep-Learning-PCB-Defect-Detection/outputs/stage2/processed_images/test/Spur/DeepPCB_test_01_PCB__50_defect_8.png
DeepPCB,test,01_PCB__510.jpg,01_PCB__510.txt,1,1,2,Open_circuit,210,47,247,76,640,640,224,224,bbox_crop,/Users/user/Deep-Learning-PCB-Defect-Detection/outputs/stage2/processed_images/test/Open_circuit/DeepPCB_test_01_PCB__510_defect_1.png
DeepPCB,test,01_PCB__510.jpg,01_PCB__510.txt,2,1,2,Open_circuit,122,457,155,491,640,640,224,224,bbox_crop,/Users/user/Deep-Learning-PCB-Defect-Detection/outputs/stage2/processed_images/test/Open_circuit/DeepPCB_test_01_PCB__510_defect_2.png
DeepPCB,test,01_PCB__510.jpg,01_PCB__510.txt,3,2,3,Short,112,43,139,80,640,640,224,224,bbox_crop,/Users/user/Deep-Learning-PCB-Defect-Detection/outputs/stage2/processed_images/test/Short/DeepPCB_test_01_PCB__510_defect_3.png
DeepPCB,test,01_PCB__510.jpg,01_PCB__510.txt,4,2,3,Short,18,155,66,180,640,640,224,224,bbox_crop,/Users/user/Deep-Learning-PCB-Defect-Detection/outputs/stage2/processed_images/test/Short/DeepPCB_test_01_PCB__510_defect_4.png
DeepPCB,test,01_PCB__510.jpg,01_PCB__510.txt,5,3,1,Mouse_bite,366,569,407,605,640,640,224,224,bbox_crop,/Users/user/Deep-Learning-PCB-Defect-Detection/outputs/stage2/processed_images/test/Mouse_bite/DeepPCB_test_01_PCB__510_defect_5.png
DeepPCB,test,01_PCB__510.jpg,01_PCB__510.txt,6,3,1,Mouse_bite,400,159,434,190,640,640,224,224,bbox_crop,/Users/user/Deep-Learning-PCB-Defect-Detection/outputs/stage2/processed_images/test/Mouse_bite/DeepPCB_test_01_PCB__510_defect_6.png
DeepPCB,test,01_PCB__510.jpg,01_PCB__510.txt,7,5,5,Spurious_copper,507,141,533,171,640,640,224,224,bbox_crop,/Users/user/Deep-Learning-PCB-Defect-Detection/outputs/stage2/processed_images/test/Spurious_copper/DeepPCB_test_01_PCB__510_defect_7.png
DeepPCB,test,01_PCB__510.jpg,01_PCB__510.txt,8,5,5,Spurious_copper,71,123,100,147,640,640,224,224,bbox_crop,/Users/user/Deep-Learning-PCB-Defect-Detection/outputs/stage2/processed_images/test/Spurious_copper/DeepPCB_test_01_PCB__510_defect_8.png
DeepPCB,test,01_PCB__510.jpg,01_PCB__510.txt,9,6,0,Missing_hole,399,214,430,239,640,640,224,224,bbox_crop,/Users/user/Deep-Learning-PCB-Defect-Detection/outputs/stage2/processed_images/test/Missing_hole/DeepPCB_test_01_PCB__510_defect_9.png
DeepPCB,test,01_PCB__510.jpg,01_PCB__510.txt,10,6,0,Missing_hole,607,89,633,120,640,640,224,224,bbox_crop,/Users/user/Deep-Learning-PCB-Defect-Detection/outputs/stage2/processed_images/test/Missing_hole/DeepPCB_test_01_PCB__510_defect_10.png
DeepPCB,test,01_PCB__510.jpg,01_PCB__510.txt,11,4,4,Spur,182,70,212,98,640,640,224,224,bbox_crop,/Users/user/Deep-Learning-PCB-Defect-Detection/outputs/stage2/processed_images/test/Spur/DeepPCB_test_01_PCB__510_defect_11.png
DeepPCB,test,01_PCB__510.jpg,01_PCB__510.txt,12,4,4,Spur,592,260,625,293,640,640,224,224,bbox_crop,/Users/user/Deep-Learning-PCB-Defect-Detection/outputs/stage2/processed_images/test/Spur/DeepPCB_test_01_PCB__510_defect_12.png
DeepPCB,test,01_PCB__558.jpg,01_PCB__558.txt,1,3,1,Mouse_bite,448,210,495,239,640,640,224,224,bbox_crop,/Users/user/Deep-Learning-PCB-Defect-Detection/outputs/stage2/processed_images/test/Mouse_bite/DeepPCB_test_01_PCB__558_defect_1.png
DeepPCB,test,01_PCB__558.jpg,01_PCB__558.txt,2,3,1,Mouse_bite,582,193,614,218,640,640,224,224,bbox_crop,/Users/user/Deep-Learning-PCB-Defect-Detection/outputs/stage2/processed_images/test/Mouse_bite/DeepPCB_test_01_PCB__558_defect_2.png
DeepPCB,test,01_PCB__558.jpg,01_PCB__558.txt,3,6,0,Missing_hole,278,398,328,446,640,640,224,224,bbox_crop,/Users/user/Deep-Learning-PCB-Defect-Detection/outputs/stage2/processed_images/test/Missing_hole/DeepPCB_test_01_PCB__558_defect_3.png
DeepPCB,test,01_PCB__558.jpg,01_PCB__558.txt,4,5,5,Spurious_copper,524,239,575,306,640,640,224,224,bbox_crop,/Users/user/Deep-Learning-PCB-Defect-Detection/outputs/stage2/processed_images/test/Spurious_copper/DeepPCB_test_01_PCB__558_defect_4.png
DeepPCB,test,01_PCB__558.jpg,01_PCB__558.txt,5,4,4,Spur,546,600,585,632,640,640,224,224,bbox_crop,/Users/user/Deep-Learning-PCB-Defect-Detection/outputs/stage2/processed_images/test/Spur/DeepPCB_test_01_PCB__558_defect_5.png
DeepPCB,test,01_PCB__569.jpg,01_PCB__569.txt,1,3,1,Mouse_bite,168,216,206,251,640,640,224,224,bbox_crop,/Users/user/Deep-Learning-PCB-Defect-Detection/outputs/stage2/processed_images/test/Mouse_bite/DeepPCB_test_01_PCB__569_defect_1.png
DeepPCB,test,01_PCB__569.jpg,01_PCB__569.txt,2,4,4,Spur,178,295,218,320,640,640,224,224,bbox_crop,/Users/user/Deep-Learning-PCB-Defect-Detection/outputs/stage2/processed_images/test/Spur/DeepPCB_test_01_PCB__569_defect_2.png
DeepPCB,test,01_PCB__569.jpg,01_PCB__569.txt,3,4,4,Spur,311,338,346,369,640,640,224,224,bbox_crop,/Users/user/Deep-Learning-PCB-Defect-Detection/outputs/stage2/processed_images/test/Spur/DeepPCB_test_01_PCB__569_defect_3.png
DeepPCB,test,01_PCB__569.jpg,01_PCB__569.txt,4,5,5,Spurious_copper,397,22,446,56,640,640,224,224,bbox_crop,/Users/user/Deep-Learning-PCB-Defect-Detection/outputs/stage2/processed_images/test/Spurious_copper/DeepPCB_test_01_PCB__569_defect_4.png
DeepPCB,test,01_PCB__569.jpg,01_PCB__569.txt,5,6,0,Missing_hole,403,179,451,227,640,640,224,224,bbox_crop,/Users/user/Deep-Learning-PCB-Defect-Detection/outputs/stage2/processed_images/test/Missing_hole/DeepPCB_test_01_PCB__569_defect_5.png
DeepPCB,test,01_PCB__58.jpg,01_PCB__58.txt,1,1,2,Open_circuit,205,270,236,301,640,640,224,224,bbox_crop,/Users/user/Deep-Learning-PCB-Defect-Detection/outputs/stage2/processed_images/test/Open_circuit/DeepPCB_test_01_PCB__58_defect_1.png
DeepPCB,test,01_PCB__58.jpg,01_PCB__58.txt,2,2,3,Short,159,145,194,172,640,640,224,224,bbox_crop,/Users/user/Deep-Learning-PCB-Defect-Detection/outputs/stage2/processed_images/test/Short/DeepPCB_test_01_PCB__58_defect_2.png
DeepPCB,test,01_PCB__58.jpg,01_PCB__58.txt,3,3,1,Mouse_bite,322,325,358,352,640,640,224,224,bbox_crop,/Users/user/Deep-Learning-PCB-Defect-Detection/outputs/stage2/processed_images/test/Mouse_bite/DeepPCB_test_01_PCB__58_defect_3.png
DeepPCB,test,01_PCB__58.jpg,01_PCB__58.txt,4,5,5,Spurious_copper,403,269,431,306,640,640,224,224,bbox_crop,/Users/user/Deep-Learning-PCB-Defect-Detection/outputs/stage2/processed_images/test/Spurious_copper/DeepPCB_test_01_PCB__58_defect_4.png
DeepPCB,test,01_PCB__58.jpg,01_PCB__58.txt,5,6,0,Missing_hole,307,218,350,256,640,640,224,224,bbox_crop,/Users/user/Deep-Learning-PCB-Defect-Detection/outputs/stage2/processed_images/test/Missing_hole/DeepPCB_test_01_PCB__58_defect_5.png
DeepPCB,test,01_PCB__58.jpg,01_PCB__58.txt,6,4,4,Spur,86,505,118,540,640,640,224,224,bbox_crop,/Users/user/Deep-Learning-PCB-Defect-Detection/outputs/stage2/processed_images/test/Spur/DeepPCB_test_01_PCB__58_defect_6.png
DeepPCB,test,01_PCB__58.jpg,01_PCB__58.txt,7,2,3,Short,98,347,138,383,640,640,224,224,bbox_crop,/Users/user/Deep-Learning-PCB-Defect-Detection/outputs/stage2/processed_images/test/Short/DeepPCB_test_01_PCB__58_defect_7.png
DeepPCB,test,01_PCB__588.jpg,01_PCB__588.txt,1,1,2,Open_circuit,142,373,177,414,640,640,224,224,bbox_crop,/Users/user/Deep-Learning-PCB-Defect-Detection/outputs/stage2/processed_images/test/Open_circuit/DeepPCB_test_01_PCB__588_defect_1.png
DeepPCB,test,01_PCB__588.jpg,01_PCB__588.txt,2,1,2,Open_circuit,414,386,463,421,640,640,224,224,bbox_crop,/Users/user/Deep-Learning-PCB-Defect-Detection/outputs/stage2/processed_images/test/Open_circuit/DeepPCB_test_01_PCB__588_defect_2.png
DeepPCB,test,01_PCB__588.jpg,01_PCB__588.txt,3,2,3,Short,257,380,303,415,640,640,224,224,bbox_crop,/Users/user/Deep-Learning-PCB-Defect-Detection/outputs/stage2/processed_images/test/Short/DeepPCB_test_01_PCB__588_defect_3.png
DeepPCB,test,01_PCB__588.jpg,01_PCB__588.txt,4,3,1,Mouse_bite,79,282,113,311,640,640,224,224,bbox_crop,/Users/user/Deep-Learning-PCB-Defect-Detection/outputs/stage2/processed_images/test/Mouse_bite/DeepPCB_test_01_PCB__588_defect_4.png
DeepPCB,test,01_PCB__588.jpg,01_PCB__588.txt,5,5,5,Spurious_copper,98,234,154,280,640,640,224,224,bbox_crop,/Users/user/Deep-Learning-PCB-Defect-Detection/outputs/stage2/processed_images/test/Spurious_copper/DeepPCB_test_01_PCB__588_defect_5.png
DeepPCB,test,01_PCB__588.jpg,01_PCB__588.txt,6,6,0,Missing_hole,198,180,230,212,640,640,224,224,bbox_crop,/Users/user/Deep-Learning-PCB-Defect-Detection/outputs/stage2/processed_images/test/Missing_hole/DeepPCB_test_01_PCB__588_defect_6.png
DeepPCB,test,01_PCB__588.jpg,01_PCB__588.txt,7,5,5,Spurious_copper,280,283,313,315,640,640,224,224,bbox_crop,/Users/user/Deep-Learning-PCB-Defect-Detection/outputs/stage2/processed_images/test/Spurious_copper/DeepPCB_test_01_PCB__588_defect_7.png
DeepPCB,test,01_PCB__588.jpg,01_PCB__588.txt,8,4,4,Spur,181,330,215,363,640,640,224,224,bbox_crop,/Users/user/Deep-Learning-PCB-Defect-Detection/outputs/stage2/processed_images/test/Spur/DeepPCB_test_01_PCB__588_defect_8.png
DeepPCB,test,01_PCB__588.jpg,01_PCB__588.txt,9,2,3,Short,467,438,512,497,640,640,224,224,bbox_crop,/Users/user/Deep-Learning-PCB-Defect-Detection/outputs/stage2/processed_images/test/Short/DeepPCB_test_01_PCB__588_defect_9.png
DeepPCB,test,01_PCB__588.jpg,01_PCB__588.txt,10,2,3,Short,331,227,391,262,640,640,224,224,bbox_crop,/Users/user/Deep-Learning-PCB-Defect-Detection/outputs/stage2/processed_images/test/Short/DeepPCB_test_01_PCB__588_defect_10.png
DeepPCB,test,01_PCB__623.jpg,01_PCB__623.txt,1,3,1,Mouse_bite,353,233,386,262,640,640,224,224,bbox_crop,/Users/user/Deep-Learning-PCB-Defect-Detection/outputs/stage2/processed_images/test/Mouse_bite/DeepPCB_test_01_PCB__623_defect_1.png
DeepPCB,test,01_PCB__623.jpg,01_PCB__623.txt,2,4,4,Spur,256,59,291,84,640,640,224,224,bbox_crop,/Users/user/Deep-Learning-PCB-Defect-Detection/outputs/stage2/processed_images/test/Spur/DeepPCB_test_01_PCB__623_defect_2.png
DeepPCB,test,01_PCB__623.jpg,01_PCB__623.txt,3,5,5,Spurious_copper,274,79,308,117,640,640,224,224,bbox_crop,/Users/user/Deep-Learning-PCB-Defect-Detection/outputs/stage2/processed_images/test/Spurious_copper/DeepPCB_test_01_PCB__623_defect_3.png
DeepPCB,test,01_PCB__623.jpg,01_PCB__623.txt,4,6,0,Missing_hole,141,215,178,253,640,640,224,224,bbox_crop,/Users/user/Deep-Learning-PCB-Defect-Detection/outputs/stage2/processed_images/test/Missing_hole/DeepPCB_test_01_PCB__623_defect_4.png
DeepPCB,test,01_PCB__632.jpg,01_PCB__632.txt,1,3,1,Mouse_bite,222,208,270,249,640,640,224,224,bbox_crop,/Users/user/Deep-Learning-PCB-Defect-Detection/outputs/stage2/processed_images/test/Mouse_bite/DeepPCB_test_01_PCB__632_defect_1.png
DeepPCB,test,01_PCB__632.jpg,01_PCB__632.txt,2,4,4,Spur,398,203,434,237,640,640,224,224,bbox_crop,/Users/user/Deep-Learning-PCB-Defect-Detection/outputs/stage2/processed_images/test/Spur/DeepPCB_test_01_PCB__632_defect_2.png
DeepPCB,test,01_PCB__632.jpg,01_PCB__632.txt,3,5,5,Spurious_copper,287,119,329,156,640,640,224,224,bbox_crop,/Users/user/Deep-Learning-PCB-Defect-Detection/outputs/stage2/processed_images/test/Spurious_copper/DeepPCB_test_01_PCB__632_defect_3.png
DeepPCB,test,01_PCB__632.jpg,01_PCB__632.txt,4,6,0,Missing_hole,359,314,394,351,640,640,224,224,bbox_crop,/Users/user/Deep-Learning-PCB-Defect-Detection/outputs/stage2/processed_images/test/Missing_hole/DeepPCB_test_01_PCB__632_defect_4.png
DeepPCB,test,01_PCB__637.jpg,01_PCB__637.txt,1,1,2,Open_circuit,343,314,420,345,640,640,224,224,bbox_crop,/Users/user/Deep-Learning-PCB-Defect-Detection/outputs/stage2/processed_images/test/Open_circuit/DeepPCB_test_01_PCB__637_defect_1.png
DeepPCB,test,01_PCB__637.jpg,01_PCB__637.txt,2,4,4,Spur,228,188,263,224,640,640,224,224,bbox_crop,/Users/user/Deep-Learning-PCB-Defect-Detection/outputs/stage2/processed_images/test/Spur/DeepPCB_test_01_PCB__637_defect_2.png
DeepPCB,test,01_PCB__637.jpg,01_PCB__637.txt,3,5,5,Spurious_copper,131,253,163,292,640,640,224,224,bbox_crop,/Users/user/Deep-Learning-PCB-Defect-Detection/outputs/stage2/processed_images/test/Spurious_copper/DeepPCB_test_01_PCB__637_defect_3.png
DeepPCB,test,01_PCB__637.jpg,01_PCB__637.txt,4,6,0,Missing_hole,245,341,272,382,640,640,224,224,bbox_crop,/Users/user/Deep-Learning-PCB-Defect-Detection/outputs/stage2/processed_images/test/Missing_hole/DeepPCB_test_01_PCB__637_defect_4.png
DeepPCB,test,01_PCB__637.jpg,01_PCB__637.txt,5,3,1,Mouse_bite,188,426,229,453,640,640,224,224,bbox_crop,/Users/user/Deep-Learning-PCB-Defect-Detection/outputs/stage2/processed_images/test/Mouse_bite/DeepPCB_test_01_PCB__637_defect_5.png
DeepPCB,test,01_PCB__638.jpg,01_PCB__638.txt,1,1,2,Open_circuit,68,239,123,275,640,640,224,224,bbox_crop,/Users/user/Deep-Learning-PCB-Defect-Detection/outputs/stage2/processed_images/test/Open_circuit/DeepPCB_test_01_PCB__638_defect_1.png
DeepPCB,test,01_PCB__638.jpg,01_PCB__638.txt,2,3,1,Mouse_bite,270,201,306,228,640,640,224,224,bbox_crop,/Users/user/Deep-Learning-PCB-Defect-Detection/outputs/stage2/processed_images/test/Mouse_bite/DeepPCB_test_01_PCB__638_defect_2.png
DeepPCB,test,01_PCB__638.jpg,01_PCB__638.txt,3,6,0,Missing_hole,394,270,420,299,640,640,224,224,bbox_crop,/Users/user/Deep-Learning-PCB-Defect-Detection/outputs/stage2/processed_images/test/Missing_hole/DeepPCB_test_01_PCB__638_defect_3.png
DeepPCB,test,01_PCB__638.jpg,01_PCB__638.txt,4,5,5,Spurious_copper,216,162,252,190,640,640,224,224,bbox_crop,/Users/user/Deep-Learning-PCB-Defect-Detection/outputs/stage2/processed_images/test/Spurious_copper/DeepPCB_test_01_PCB__638_defect_4.png
DeepPCB,test,01_PCB__638.jpg,01_PCB__638.txt,5,6,0,Missing_hole,262,314,293,340,640,640,224,224,bbox_crop,/Users/user/Deep-Learning-PCB-Defect-Detection/outputs/stage2/processed_images/test/Missing_hole/DeepPCB_test_01_PCB__638_defect_5.png
DeepPCB,test,01_PCB__638.jpg,01_PCB__638.txt,6,3,1,Mouse_bite,164,373,199,399,640,640,224,224,bbox_crop,/Users/user/Deep-Learning-PCB-Defect-Detection/outputs/stage2/processed_images/test/Mouse_bite/DeepPCB_test_01_PCB__638_defect_6.png
DeepPCB,test,01_PCB__641.jpg,01_PCB__641.txt,1,1,2,Open_circuit,142,387,191,418,640,640,224,224,bbox_crop,/Users/user/Deep-Learning-PCB-Defect-Detection/outputs/stage2/processed_images/test/Open_circuit/DeepPCB_test_01_PCB__641_defect_1.png
DeepPCB,test,01_PCB__641.jpg,01_PCB__641.txt,2,3,1,Mouse_bite,258,291,295,326,640,640,224,224,bbox_crop,/Users/user/Deep-Learning-PCB-Defect-Detection/outputs/stage2/processed_images/test/Mouse_bite/DeepPCB_test_01_PCB__641_defect_2.png
DeepPCB,test,01_PCB__641.jpg,01_PCB__641.txt,3,4,4,Spur,363,298,397,332,640,640,224,224,bbox_crop,/Users/user/Deep-Learning-PCB-Defect-Detection/outputs/stage2/processed_images/test/Spur/DeepPCB_test_01_PCB__641_defect_3.png
DeepPCB,test,01_PCB__641.jpg,01_PCB__641.txt,4,6,0,Missing_hole,512,162,548,198,640,640,224,224,bbox_crop,/Users/user/Deep-Learning-PCB-Defect-Detection/outputs/stage2/processed_images/test/Missing_hole/DeepPCB_test_01_PCB__641_defect_4.png
DeepPCB,test,01_PCB__641.jpg,01_PCB__641.txt,5,5,5,Spurious_copper,271,419,304,460,640,640,224,224,bbox_crop,/Users/user/Deep-Learning-PCB-Defect-Detection/outputs/stage2/processed_images/test/Spurious_copper/DeepPCB_test_01_PCB__641_defect_5.png
DeepPCB,test,01_PCB__641.jpg,01_PCB__641.txt,6,3,1,Mouse_bite,131,196,159,223,640,640,224,224,bbox_crop,/Users/user/Deep-Learning-PCB-Defect-Detection/outputs/stage2/processed_images/test/Mouse_bite/DeepPCB_test_01_PCB__641_defect_6.png
DeepPCB,test,01_PCB__653.jpg,01_PCB__653.txt,1,1,2,Open_circuit,99,496,149,534,640,640,224,224,bbox_crop,/Users/user/Deep-Learning-PCB-Defect-Detection/outputs/stage2/processed_images/test/Open_circuit/DeepPCB_test_01_PCB__653_defect_1.png
DeepPCB,test,01_PCB__653.jpg,01_PCB__653.txt,2,4,4,Spur,127,183,162,209,640,640,224,224,bbox_crop,/Users/user/Deep-Learning-PCB-Defect-Detection/outputs/stage2/processed_images/test/Spur/DeepPCB_test_01_PCB__653_defect_2.png
DeepPCB,test,01_PCB__653.jpg,01_PCB__653.txt,3,5,5,Spurious_copper,152,291,196,322,640,640,224,224,bbox_crop,/Users/user/Deep-Learning-PCB-Defect-Detection/outputs/stage2/processed_images/test/Spurious_copper/DeepPCB_test_01_PCB__653_defect_3.png
DeepPCB,test,01_PCB__653.jpg,01_PCB__653.txt,4,6,0,Missing_hole,322,246,360,284,640,640,224,224,bbox_crop,/Users/user/Deep-Learning-PCB-Defect-Detection/outputs/stage2/processed_images/test/Missing_hole/DeepPCB_test_01_PCB__653_defect_4.png
DeepPCB,test,01_PCB__653.jpg,01_PCB__653.txt,5,6,0,Missing_hole,350,114,394,151,640,640,224,224,bbox_crop,/Users/user/Deep-Learning-PCB-Defect-Detection/outputs/stage2/processed_images/test/Missing_hole/DeepPCB_test_01_PCB__653_defect_5.png
DeepPCB,test,01_PCB__653.jpg,01_PCB__653.txt,6,4,4,Spur,224,173,262,202,640,640,224,224,bbox_crop,/Users/user/Deep-Learning-PCB-Defect-Detection/outputs/stage2/processed_images/test/Spur/DeepPCB_test_01_PCB__653_defect_6.png
DeepPCB,test,01_PCB__653.jpg,01_PCB__653.txt,7,3,1,Mouse_bite,265,439,306,465,640,640,224,224,bbox_crop,/Users/user/Deep-Learning-PCB-Defect-Detection/outputs/stage2/processed_images/test/Mouse_bite/DeepPCB_test_01_PCB__653_defect_7.png
DeepPCB,test,01_PCB__653.jpg,01_PCB__653.txt,8,3,1,Mouse_bite,267,364,296,389,640,640,224,224,bbox_crop,/Users/user/Deep-Learning-PCB-Defect-Detection/outputs/stage2/processed_images/test/Mouse_bite/DeepPCB_test_01_PCB__653_defect_8.png
DeepPCB,test,01_PCB__666.jpg,01_PCB__666.txt,1,6,0,Missing_hole,278,454,320,496,640,640,224,224,bbox_crop,/Users/user/Deep-Learning-PCB-Defect-Detection/outputs/stage2/processed_images/test/Missing_hole/DeepPCB_test_01_PCB__666_defect_1.png
DeepPCB,test,01_PCB__666.jpg,01_PCB__666.txt,2,3,1,Mouse_bite,136,339,171,364,640,640,224,224,bbox_crop,/Users/user/Deep-Learning-PCB-Defect-Detection/outputs/stage2/processed_images/test/Mouse_bite/DeepPCB_test_01_PCB__666_defect_2.png
DeepPCB,test,01_PCB__666.jpg,01_PCB__666.txt,3,1,2,Open_circuit,520,397,572,427,640,640,224,224,bbox_crop,/Users/user/Deep-Learning-PCB-Defect-Detection/outputs/stage2/processed_images/test/Open_circuit/DeepPCB_test_01_PCB__666_defect_3.png
DeepPCB,test,01_PCB__666.jpg,01_PCB__666.txt,4,3,1,Mouse_bite,409,353,445,385,640,640,224,224,bbox_crop,/Users/user/Deep-Learning-PCB-Defect-Detection/outputs/stage2/processed_images/test/Mouse_bite/DeepPCB_test_01_PCB__666_defect_4.png
DeepPCB,test,01_PCB__666.jpg,01_PCB__666.txt,5,1,2,Open_circuit,518,63,570,91,640,640,224,224,bbox_crop,/Users/user/Deep-Learning-PCB-Defect-Detection/outputs/stage2/processed_images/test/Open_circuit/DeepPCB_test_01_PCB__666_defect_5.png
DeepPCB,test,01_PCB__666.jpg,01_PCB__666.txt,6,4,4,Spur,283,347,317,384,640,640,224,224,bbox_crop,/Users/user/Deep-Learning-PCB-Defect-Detection/outputs/stage2/processed_images/test/Spur/DeepPCB_test_01_PCB__666_defect_6.png
DeepPCB,test,01_PCB__669.jpg,01_PCB__669.txt,1,3,1,Mouse_bite,272,297,314,325,640,640,224,224,bbox_crop,/Users/user/Deep-Learning-PCB-Defect-Detection/outputs/stage2/processed_images/test/Mouse_bite/DeepPCB_test_01_PCB__669_defect_1.png
DeepPCB,test,01_PCB__669.jpg,01_PCB__669.txt,2,4,4,Spur,147,291,183,320,640,640,224,224,bbox_crop,/Users/user/Deep-Learning-PCB-Defect-Detection/outputs/stage2/processed_images/test/Spur/DeepPCB_test_01_PCB__669_defect_2.png
DeepPCB,test,01_PCB__669.jpg,01_PCB__669.txt,3,6,0,Missing_hole,473,172,507,208,640,640,224,224,bbox_crop,/Users/user/Deep-Learning-PCB-Defect-Detection/outputs/stage2/processed_images/test/Missing_hole/DeepPCB_test_01_PCB__669_defect_3.png
DeepPCB,test,01_PCB__669.jpg,01_PCB__669.txt,4,5,5,Spurious_copper,277,450,316,486,640,640,224,224,bbox_crop,/Users/user/Deep-Learning-PCB-Defect-Detection/outputs/stage2/processed_images/test/Spurious_copper/DeepPCB_test_01_PCB__669_defect_4.png
DeepPCB,test,01_PCB__669.jpg,01_PCB__669.txt,5,4,4,Spur,309,350,338,384,640,640,224,224,bbox_crop,/Users/user/Deep-Learning-PCB-Defect-Detection/outputs/stage2/processed_images/test/Spur/DeepPCB_test_01_PCB__669_defect_5.png
DeepPCB,test,01_PCB__669.jpg,01_PCB__669.txt,6,4,4,Spur,341,506,388,552,640,640,224,224,bbox_crop,/Users/user/Deep-Learning-PCB-Defect-Detection/outputs/stage2/processed_images/test/Spur/DeepPCB_test_01_PCB__669_defect_6.png
DeepPCB,test,01_PCB__675.jpg,01_PCB__675.txt,1,1,2,Open_circuit,246,362,316,388,640,640,224,224,bbox_crop,/Users/user/Deep-Learning-PCB-Defect-Detection/outputs/stage2/processed_images/test/Open_circuit/DeepPCB_test_01_PCB__675_defect_1.png
DeepPCB,test,01_PCB__675.jpg,01_PCB__675.txt,2,3,1,Mouse_bite,110,519,151,547,640,640,224,224,bbox_crop,/Users/user/Deep-Learning-PCB-Defect-Detection/outputs/stage2/processed_images/test/Mouse_bite/DeepPCB_test_01_PCB__675_defect_2.png
DeepPCB,test,01_PCB__675.jpg,01_PCB__675.txt,3,3,1,Mouse_bite,536,466,572,495,640,640,224,224,bbox_crop,/Users/user/Deep-Learning-PCB-Defect-Detection/outputs/stage2/processed_images/test/Mouse_bite/DeepPCB_test_01_PCB__675_defect_3.png
DeepPCB,test,01_PCB__675.jpg,01_PCB__675.txt,4,4,4,Spur,138,266,172,294,640,640,224,224,bbox_crop,/Users/user/Deep-Learning-PCB-Defect-Detection/outputs/stage2/processed_images/test/Spur/DeepPCB_test_01_PCB__675_defect_4.png
DeepPCB,test,01_PCB__675.jpg,01_PCB__675.txt,5,5,5,Spurious_copper,172,150,201,176,640,640,224,224,bbox_crop,/Users/user/Deep-Learning-PCB-Defect-Detection/outputs/stage2/processed_images/test/Spurious_copper/DeepPCB_test_01_PCB__675_defect_5.png
DeepPCB,test,01_PCB__675.jpg,01_PCB__675.txt,6,6,0,Missing_hole,325,236,361,265,640,640,224,224,bbox_crop,/Users/user/Deep-Learning-PCB-Defect-Detection/outputs/stage2/processed_images/test/Missing_hole/DeepPCB_test_01_PCB__675_defect_6.png
DeepPCB,test,01_PCB__683.jpg,01_PCB__683.txt,1,1,2,Open_circuit,85,348,141,389,640,640,224,224,bbox_crop,/Users/user/Deep-Learning-PCB-Defect-Detection/outputs/stage2/processed_images/test/Open_circuit/DeepPCB_test_01_PCB__683_defect_1.png
DeepPCB,test,01_PCB__683.jpg,01_PCB__683.txt,2,2,3,Short,33,82,58,129,640,640,224,224,bbox_crop,/Users/user/Deep-Learning-PCB-Defect-Detection/outputs/stage2/processed_images/test/Short/DeepPCB_test_01_PCB__683_defect_2.png
DeepPCB,test,01_PCB__683.jpg,01_PCB__683.txt,3,2,3,Short,84,430,138,464,640,640,224,224,bbox_crop,/Users/user/Deep-Learning-PCB-Defect-Detection/outputs/stage2/processed_images/test/Short/DeepPCB_test_01_PCB__683_defect_3.png
DeepPCB,test,01_PCB__683.jpg,01_PCB__683.txt,4,3,1,Mouse_bite,32,213,65,241,640,640,224,224,bbox_crop,/Users/user/Deep-Learning-PCB-Defect-Detection/outputs/stage2/processed_images/test/Mouse_bite/DeepPCB_test_01_PCB__683_defect_4.png
DeepPCB,test,01_PCB__683.jpg,01_PCB__683.txt,5,3,1,Mouse_bite,66,67,96,94,640,640,224,224,bbox_crop,/Users/user/Deep-Learning-PCB-Defect-Detection/outputs/stage2/processed_images/test/Mouse_bite/DeepPCB_test_01_PCB__683_defect_5.png
DeepPCB,test,01_PCB__683.jpg,01_PCB__683.txt,6,5,5,Spurious_copper,241,239,272,272,640,640,224,224,bbox_crop,/Users/user/Deep-Learning-PCB-Defect-Detection/outputs/stage2/processed_images/test/Spurious_copper/DeepPCB_test_01_PCB__683_defect_6.png
DeepPCB,test,01_PCB__683.jpg,01_PCB__683.txt,7,6,0,Missing_hole,74,479,100,516,640,640,224,224,bbox_crop,/Users/user/Deep-Learning-PCB-Defect-Detection/outputs/stage2/processed_images/test/Missing_hole/DeepPCB_test_01_PCB__683_defect_7.png
DeepPCB,test,01_PCB__694.jpg,01_PCB__694.txt,1,1,2,Open_circuit,137,146,182,177,640,640,224,224,bbox_crop,/Users/user/Deep-Learning-PCB-Defect-Detection/outputs/stage2/processed_images/test/Open_circuit/DeepPCB_test_01_PCB__694_defect_1.png
DeepPCB,test,01_PCB__694.jpg,01_PCB__694.txt,2,2,3,Short,126,414,155,494,640,640,224,224,bbox_crop,/Users/user/Deep-Learning-PCB-Defect-Detection/outputs/stage2/processed_images/test/Short/DeepPCB_test_01_PCB__694_defect_2.png
DeepPCB,test,01_PCB__694.jpg,01_PCB__694.txt,3,3,1,Mouse_bite,150,107,176,134,640,640,224,224,bbox_crop,/Users/user/Deep-Learning-PCB-Defect-Detection/outputs/stage2/processed_images/test/Mouse_bite/DeepPCB_test_01_PCB__694_defect_3.png
DeepPCB,test,01_PCB__694.jpg,01_PCB__694.txt,4,5,5,Spurious_copper,243,277,280,319,640,640,224,224,bbox_crop,/Users/user/Deep-Learning-PCB-Defect-Detection/outputs/stage2/processed_images/test/Spurious_copper/DeepPCB_test_01_PCB__694_defect_4.png
DeepPCB,test,01_PCB__694.jpg,01_PCB__694.txt,5,6,0,Missing_hole,70,356,106,397,640,640,224,224,bbox_crop,/Users/user/Deep-Learning-PCB-Defect-Detection/outputs/stage2/processed_images/test/Missing_hole/DeepPCB_test_01_PCB__694_defect_5.png
DeepPCB,test,01_PCB__712.jpg,01_PCB__712.txt,1,1,2,Open_circuit,162,229,196,252,640,640,224,224,bbox_crop,/Users/user/Deep-Learning-PCB-Defect-Detection/outputs/stage2/processed_images/test/Open_circuit/DeepPCB_test_01_PCB__712_defect_1.png
DeepPCB,test,01_PCB__712.jpg,01_PCB__712.txt,2,1,2,Open_circuit,587,414,617,435,640,640,224,224,bbox_crop,/Users/user/Deep-Learning-PCB-Defect-Detection/outputs/stage2/processed_images/test/Open_circuit/DeepPCB_test_01_PCB__712_defect_2.png
DeepPCB,test,01_PCB__712.jpg,01_PCB__712.txt,3,2,3,Short,137,284,189,306,640,640,224,224,bbox_crop,/Users/user/Deep-Learning-PCB-Defect-Detection/outputs/stage2/processed_images/test/Short/DeepPCB_test_01_PCB__712_defect_3.png
DeepPCB,test,01_PCB__712.jpg,01_PCB__712.txt,4,3,1,Mouse_bite,152,45,183,66,640,640,224,224,bbox_crop,/Users/user/Deep-Learning-PCB-Defect-Detection/outputs/stage2/processed_images/test/Mouse_bite/DeepPCB_test_01_PCB__712_defect_4.png
DeepPCB,test,01_PCB__712.jpg,01_PCB__712.txt,5,4,4,Spur,145,347,183,372,640,640,224,224,bbox_crop,/Users/user/Deep-Learning-PCB-Defect-Detection/outputs/stage2/processed_images/test/Spur/DeepPCB_test_01_PCB__712_defect_5.png
DeepPCB,test,01_PCB__712.jpg,01_PCB__712.txt,6,5,5,Spurious_copper,408,406,435,429,640,640,224,224,bbox_crop,/Users/user/Deep-Learning-PCB-Defect-Detection/outputs/stage2/processed_images/test/Spurious_copper/DeepPCB_test_01_PCB__712_defect_6.png
DeepPCB,test,01_PCB__712.jpg,01_PCB__712.txt,7,6,0,Missing_hole,338,559,363,580,640,640,224,224,bbox_crop,/Users/user/Deep-Learning-PCB-Defect-Detection/outputs/stage2/processed_images/test/Missing_hole/DeepPCB_test_01_PCB__712_defect_7.png
DeepPCB,test,01_PCB__724.jpg,01_PCB__724.txt,1,1,2,Open_circuit,333,466,368,494,640,640,224,224,bbox_crop,/Users/user/Deep-Learning-PCB-Defect-Detection/outputs/stage2/processed_images/test/Open_circuit/DeepPCB_test_01_PCB__724_defect_1.png
DeepPCB,test,01_PCB__724.jpg,01_PCB__724.txt,2,2,3,Short,514,113,542,148,640,640,224,224,bbox_crop,/Users/user/Deep-Learning-PCB-Defect-Detection/outputs/stage2/processed_images/test/Short/DeepPCB_test_01_PCB__724_defect_2.png
DeepPCB,test,01_PCB__724.jpg,01_PCB__724.txt,3,3,1,Mouse_bite,415,132,442,157,640,640,224,224,bbox_crop,/Users/user/Deep-Learning-PCB-Defect-Detection/outputs/stage2/processed_images/test/Mouse_bite/DeepPCB_test_01_PCB__724_defect_3.png
DeepPCB,test,01_PCB__724.jpg,01_PCB__724.txt,4,3,1,Mouse_bite,341,350,365,373,640,640,224,224,bbox_crop,/Users/user/Deep-Learning-PCB-Defect-Detection/outputs/stage2/processed_images/test/Mouse_bite/DeepPCB_test_01_PCB__724_defect_4.png
DeepPCB,test,01_PCB__724.jpg,01_PCB__724.txt,5,3,1,Mouse_bite,550,420,574,448,640,640,224,224,bbox_crop,/Users/user/Deep-Learning-PCB-Defect-Detection/outputs/stage2/processed_images/test/Mouse_bite/DeepPCB_test_01_PCB__724_defect_5.png
DeepPCB,test,01_PCB__724.jpg,01_PCB__724.txt,6,4,4,Spur,343,407,371,433,640,640,224,224,bbox_crop,/Users/user/Deep-Learning-PCB-Defect-Detection/outputs/stage2/processed_images/test/Spur/DeepPCB_test_01_PCB__724_defect_6.png
DeepPCB,test,01_PCB__724.jpg,01_PCB__724.txt,7,5,5,Spurious_copper,182,330,215,361,640,640,224,224,bbox_crop,/Users/user/Deep-Learning-PCB-Defect-Detection/outputs/stage2/processed_images/test/Spurious_copper/DeepPCB_test_01_PCB__724_defect_7.png
DeepPCB,test,01_PCB__724.jpg,01_PCB__724.txt,8,6,0,Missing_hole,169,232,198,259,640,640,224,224,bbox_crop,/Users/user/Deep-Learning-PCB-Defect-Detection/outputs/stage2/processed_images/test/Missing_hole/DeepPCB_test_01_PCB__724_defect_8.png
DeepPCB,test,01_PCB__724.jpg,01_PCB__724.txt,9,2,3,Short,564,205,607,242,640,640,224,224,bbox_crop,/Users/user/Deep-Learning-PCB-Defect-Detection/outputs/stage2/processed_images/test/Short/DeepPCB_test_01_PCB__724_defect_9.png
DeepPCB,test,01_PCB__726.jpg,01_PCB__726.txt,1,1,2,Open_circuit,172,430,204,463,640,640,224,224,bbox_crop,/Users/user/Deep-Learning-PCB-Defect-Detection/outputs/stage2/processed_images/test/Open_circuit/DeepPCB_test_01_PCB__726_defect_1.png
DeepPCB,test,01_PCB__726.jpg,01_PCB__726.txt,2,2,3,Short,275,337,327,367,640,640,224,224,bbox_crop,/Users/user/Deep-Learning-PCB-Defect-Detection/outputs/stage2/processed_images/test/Short/DeepPCB_test_01_PCB__726_defect_2.png
DeepPCB,test,01_PCB__726.jpg,01_PCB__726.txt,3,4,4,Spur,239,377,274,402,640,640,224,224,bbox_crop,/Users/user/Deep-Learning-PCB-Defect-Detection/outputs/stage2/processed_images/test/Spur/DeepPCB_test_01_PCB__726_defect_3.png
DeepPCB,test,01_PCB__726.jpg,01_PCB__726.txt,4,5,5,Spurious_copper,230,554,268,590,640,640,224,224,bbox_crop,/Users/user/Deep-Learning-PCB-Defect-Detection/outputs/stage2/processed_images/test/Spurious_copper/DeepPCB_test_01_PCB__726_defect_4.png
DeepPCB,test,01_PCB__726.jpg,01_PCB__726.txt,5,6,0,Missing_hole,322,357,361,392,640,640,224,224,bbox_crop,/Users/user/Deep-Learning-PCB-Defect-Detection/outputs/stage2/processed_images/test/Missing_hole/DeepPCB_test_01_PCB__726_defect_5.png
DeepPCB,test,01_PCB__726.jpg,01_PCB__726.txt,6,1,2,Open_circuit,604,171,639,201,640,640,224,224,bbox_crop,/Users/user/Deep-Learning-PCB-Defect-Detection/outputs/stage2/processed_images/test/Open_circuit/DeepPCB_test_01_PCB__726_defect_6.png
DeepPCB,test,01_PCB__726.jpg,01_PCB__726.txt,7,2,3,Short,73,49,126,78,640,640,224,224,bbox_crop,/Users/user/Deep-Learning-PCB-Defect-Detection/outputs/stage2/processed_images/test/Short/DeepPCB_test_01_PCB__726_defect_7.png
DeepPCB,test,01_PCB__726.jpg,01_PCB__726.txt,8,2,3,Short,361,354,408,380,640,640,224,224,bbox_crop,/Users/user/Deep-Learning-PCB-Defect-Detection/outputs/stage2/processed_images/test/Short/DeepPCB_test_01_PCB__726_defect_8.png
DeepPCB,test,01_PCB__734.jpg,01_PCB__734.txt,1,1,2,Open_circuit,45,117,73,150,640,640,224,224,bbox_crop,/Users/user/Deep-Learning-PCB-Defect-Detection/outputs/stage2/processed_images/test/Open_circuit/DeepPCB_test_01_PCB__734_defect_1.png
DeepPCB,test,01_PCB__734.jpg,01_PCB__734.txt,2,3,1,Mouse_bite,239,169,274,197,640,640,224,224,bbox_crop,/Users/user/Deep-Learning-PCB-Defect-Detection/outputs/stage2/processed_images/test/Mouse_bite/DeepPCB_test_01_PCB__734_defect_2.png
DeepPCB,test,01_PCB__734.jpg,01_PCB__734.txt,3,4,4,Spur,321,186,353,211,640,640,224,224,bbox_crop,/Users/user/Deep-Learning-PCB-Defect-Detection/outputs/stage2/processed_images/test/Spur/DeepPCB_test_01_PCB__734_defect_3.png
DeepPCB,test,01_PCB__734.jpg,01_PCB__734.txt,4,5,5,Spurious_copper,451,86,485,117,640,640,224,224,bbox_crop,/Users/user/Deep-Learning-PCB-Defect-Detection/outputs/stage2/processed_images/test/Spurious_copper/DeepPCB_test_01_PCB__734_defect_4.png
DeepPCB,test,01_PCB__734.jpg,01_PCB__734.txt,5,6,0,Missing_hole,346,114,382,146,640,640,224,224,bbox_crop,/Users/user/Deep-Learning-PCB-Defect-Detection/outputs/stage2/processed_images/test/Missing_hole/DeepPCB_test_01_PCB__734_defect_5.png
DeepPCB,test,01_PCB__734.jpg,01_PCB__734.txt,6,2,3,Short,128,55,177,86,640,640,224,224,bbox_crop,/Users/user/Deep-Learning-PCB-Defect-Detection/outputs/stage2/processed_images/test/Short/DeepPCB_test_01_PCB__734_defect_6.png
DeepPCB,test,01_PCB__734.jpg,01_PCB__734.txt,7,2,3,Short,367,113,404,140,640,640,224,224,bbox_crop,/Users/user/Deep-Learning-PCB-Defect-Detection/outputs/stage2/processed_images/test/Short/DeepPCB_test_01_PCB__734_defect_7.png
DeepPCB,test,01_PCB__737.jpg,01_PCB__737.txt,1,1,2,Open_circuit,101,381,132,406,640,640,224,224,bbox_crop,/Users/user/Deep-Learning-PCB-Defect-Detection/outputs/stage2/processed_images/test/Open_circuit/DeepPCB_test_01_PCB__737_defect_1.png
DeepPCB,test,01_PCB__737.jpg,01_PCB__737.txt,2,3,1,Mouse_bite,246,204,277,228,640,640,224,224,bbox_crop,/Users/user/Deep-Learning-PCB-Defect-Detection/outputs/stage2/processed_images/test/Mouse_bite/DeepPCB_test_01_PCB__737_defect_2.png
DeepPCB,test,01_PCB__737.jpg,01_PCB__737.txt,3,4,4,Spur,194,158,226,182,640,640,224,224,bbox_crop,/Users/user/Deep-Learning-PCB-Defect-Detection/outputs/stage2/processed_images/test/Spur/DeepPCB_test_01_PCB__737_defect_3.png
DeepPCB,test,01_PCB__737.jpg,01_PCB__737.txt,4,4,4,Spur,286,239,322,276,640,640,224,224,bbox_crop,/Users/user/Deep-Learning-PCB-Defect-Detection/outputs/stage2/processed_images/test/Spur/DeepPCB_test_01_PCB__737_defect_4.png
DeepPCB,test,01_PCB__737.jpg,01_PCB__737.txt,5,5,5,Spurious_copper,576,61,608,98,640,640,224,224,bbox_crop,/Users/user/Deep-Learning-PCB-Defect-Detection/outputs/stage2/processed_images/test/Spurious_copper/DeepPCB_test_01_PCB__737_defect_5.png
DeepPCB,test,01_PCB__737.jpg,01_PCB__737.txt,6,6,0,Missing_hole,530,576,560,603,640,640,224,224,bbox_crop,/Users/user/Deep-Learning-PCB-Defect-Detection/outputs/stage2/processed_images/test/Missing_hole/DeepPCB_test_01_PCB__737_defect_6.png
DeepPCB,test,01_PCB__737.jpg,01_PCB__737.txt,7,1,2,Open_circuit,316,169,352,197,640,640,224,224,bbox_crop,/Users/user/Deep-Learning-PCB-Defect-Detection/outputs/stage2/processed_images/test/Open_circuit/DeepPCB_test_01_PCB__737_defect_7.png
DeepPCB,test,01_PCB__737.jpg,01_PCB__737.txt,8,2,3,Short,76,267,127,316,640,640,224,224,bbox_crop,/Users/user/Deep-Learning-PCB-Defect-Detection/outputs/stage2/processed_images/test/Short/DeepPCB_test_01_PCB__737_defect_8.png
DeepPCB,test,01_PCB__737.jpg,01_PCB__737.txt,9,2,3,Short,163,355,223,388,640,640,224,224,bbox_crop,/Users/user/Deep-Learning-PCB-Defect-Detection/outputs/stage2/processed_images/test/Short/DeepPCB_test_01_PCB__737_defect_9.png
DeepPCB,test,01_PCB__747.jpg,01_PCB__747.txt,1,1,2,Open_circuit,157,132,194,164,640,640,224,224,bbox_crop,/Users/user/Deep-Learning-PCB-Defect-Detection/outputs/stage2/processed_images/test/Open_circuit/DeepPCB_test_01_PCB__747_defect_1.png
DeepPCB,test,01_PCB__747.jpg,01_PCB__747.txt,2,2,3,Short,91,44,207,71,640,640,224,224,bbox_crop,/Users/user/Deep-Learning-PCB-Defect-Detection/outputs/stage2/processed_images/test/Short/DeepPCB_test_01_PCB__747_defect_2.png
DeepPCB,test,01_PCB__747.jpg,01_PCB__747.txt,3,3,1,Mouse_bite,0,166,33,192,640,640,224,224,bbox_crop,/Users/user/Deep-Learning-PCB-Defect-Detection/outputs/stage2/processed_images/test/Mouse_bite/DeepPCB_test_01_PCB__747_defect_3.png
DeepPCB,test,01_PCB__747.jpg,01_PCB__747.txt,4,4,4,Spur,315,8,348,37,640,640,224,224,bbox_crop,/Users/user/Deep-Learning-PCB-Defect-Detection/outputs/stage2/processed_images/test/Spur/DeepPCB_test_01_PCB__747_defect_4.png
DeepPCB,test,01_PCB__747.jpg,01_PCB__747.txt,5,6,0,Missing_hole,56,143,86,170,640,640,224,224,bbox_crop,/Users/user/Deep-Learning-PCB-Defect-Detection/outputs/stage2/processed_images/test/Missing_hole/DeepPCB_test_01_PCB__747_defect_5.png
DeepPCB,test,01_PCB__747.jpg,01_PCB__747.txt,6,5,5,Spurious_copper,420,106,456,150,640,640,224,224,bbox_crop,/Users/user/Deep-Learning-PCB-Defect-Detection/outputs/stage2/processed_images/test/Spurious_copper/DeepPCB_test_01_PCB__747_defect_6.png
DeepPCB,test,01_PCB__748.jpg,01_PCB__748.txt,1,1,2,Open_circuit,590,443,630,484,640,640,224,224,bbox_crop,/Users/user/Deep-Learning-PCB-Defect-Detection/outputs/stage2/processed_images/test/Open_circuit/DeepPCB_test_01_PCB__748_defect_1.png
DeepPCB,test,01_PCB__748.jpg,01_PCB__748.txt,2,1,2,Open_circuit,528,606,562,639,640,640,224,224,bbox_crop,/Users/user/Deep-Learning-PCB-Defect-Detection/outputs/stage2/processed_images/test/Open_circuit/DeepPCB_test_01_PCB__748_defect_2.png
DeepPCB,test,01_PCB__748.jpg,01_PCB__748.txt,3,4,4,Spur,44,532,77,564,640,640,224,224,bbox_crop,/Users/user/Deep-Learning-PCB-Defect-Detection/outputs/stage2/processed_images/test/Spur/DeepPCB_test_01_PCB__748_defect_3.png
DeepPCB,test,01_PCB__748.jpg,01_PCB__748.txt,4,1,2,Open_circuit,456,490,492,517,640,640,224,224,bbox_crop,/Users/user/Deep-Learning-PCB-Defect-Detection/outputs/stage2/processed_images/test/Open_circuit/DeepPCB_test_01_PCB__748_defect_4.png
DeepPCB,test,01_PCB__758.jpg,01_PCB__758.txt,1,1,2,Open_circuit,124,149,154,183,640,640,224,224,bbox_crop,/Users/user/Deep-Learning-PCB-Defect-Detection/outputs/stage2/processed_images/test/Open_circuit/DeepPCB_test_01_PCB__758_defect_1.png
DeepPCB,test,01_PCB__758.jpg,01_PCB__758.txt,2,2,3,Short,177,58,204,107,640,640,224,224,bbox_crop,/Users/user/Deep-Learning-PCB-Defect-Detection/outputs/stage2/processed_images/test/Short/DeepPCB_test_01_PCB__758_defect_2.png
DeepPCB,test,01_PCB__758.jpg,01_PCB__758.txt,3,3,1,Mouse_bite,84,57,118,86,640,640,224,224,bbox_crop,/Users/user/Deep-Learning-PCB-Defect-Detection/outputs/stage2/processed_images/test/Mouse_bite/DeepPCB_test_01_PCB__758_defect_3.png
DeepPCB,test,01_PCB__758.jpg,01_PCB__758.txt,4,4,4,Spur,390,460,430,496,640,640,224,224,bbox_crop,/Users/user/Deep-Learning-PCB-Defect-Detection/outputs/stage2/processed_images/test/Spur/DeepPCB_test_01_PCB__758_defect_4.png
DeepPCB,test,01_PCB__758.jpg,01_PCB__758.txt,5,6,0,Missing_hole,157,331,191,360,640,640,224,224,bbox_crop,/Users/user/Deep-Learning-PCB-Defect-Detection/outputs/stage2/processed_images/test/Missing_hole/DeepPCB_test_01_PCB__758_defect_5.png
DeepPCB,test,01_PCB__758.jpg,01_PCB__758.txt,6,5,5,Spurious_copper,363,289,397,328,640,640,224,224,bbox_crop,/Users/user/Deep-Learning-PCB-Defect-Detection/outputs/stage2/processed_images/test/Spurious_copper/DeepPCB_test_01_PCB__758_defect_6.png
DeepPCB,test,01_PCB__758.jpg,01_PCB__758.txt,7,6,0,Missing_hole,240,28,273,59,640,640,224,224,bbox_crop,/Users/user/Deep-Learning-PCB-Defect-Detection/outputs/stage2/processed_images/test/Missing_hole/DeepPCB_test_01_PCB__758_defect_7.png
DeepPCB,test,01_PCB__761.jpg,01_PCB__761.txt,1,1,2,Open_circuit,166,374,210,410,640,640,224,224,bbox_crop,/Users/user/Deep-Learning-PCB-Defect-Detection/outputs/stage2/processed_images/test/Open_circuit/DeepPCB_test_01_PCB__761_defect_1.png
DeepPCB,test,01_PCB__761.jpg,01_PCB__761.txt,2,2,3,Short,319,359,385,401,640,640,224,224,bbox_crop,/Users/user/Deep-Learning-PCB-Defect-Detection/outputs/stage2/processed_images/test/Short/DeepPCB_test_01_PCB__761_defect_2.png
DeepPCB,test,01_PCB__761.jpg,01_PCB__761.txt,3,3,1,Mouse_bite,594,439,631,471,640,640,224,224,bbox_crop,/Users/user/Deep-Learning-PCB-Defect-Detection/outputs/stage2/processed_images/test/Mouse_bite/DeepPCB_test_01_PCB__761_defect_3.png
DeepPCB,test,01_PCB__761.jpg,01_PCB__761.txt,4,2,3,Short,59,596,86,639,640,640,224,224,bbox_crop,/Users/user/Deep-Learning-PCB-Defect-Detection/outputs/stage2/processed_images/test/Short/DeepPCB_test_01_PCB__761_defect_4.png
DeepPCB,test,01_PCB__761.jpg,01_PCB__761.txt,5,1,2,Open_circuit,389,519,417,560,640,640,224,224,bbox_crop,/Users/user/Deep-Learning-PCB-Defect-Detection/outputs/stage2/processed_images/test/Open_circuit/DeepPCB_test_01_PCB__761_defect_5.png
DeepPCB,test,01_PCB__761.jpg,01_PCB__761.txt,6,1,2,Open_circuit,512,525,551,560,640,640,224,224,bbox_crop,/Users/user/Deep-Learning-PCB-Defect-Detection/outputs/stage2/processed_images/test/Open_circuit/DeepPCB_test_01_PCB__761_defect_6.png
DeepPCB,test,01_PCB__771.jpg,01_PCB__771.txt,1,1,2,Open_circuit,403,145,436,175,640,640,224,224,bbox_crop,/Users/user/Deep-Learning-PCB-Defect-Detection/outputs/stage2/processed_images/test/Open_circuit/DeepPCB_test_01_PCB__771_defect_1.png
DeepPCB,test,01_PCB__771.jpg,01_PCB__771.txt,2,1,2,Open_circuit,25,109,66,142,640,640,224,224,bbox_crop,/Users/user/Deep-Learning-PCB-Defect-Detection/outputs/stage2/processed_images/test/Open_circuit/DeepPCB_test_01_PCB__771_defect_2.png
DeepPCB,test,01_PCB__771.jpg,01_PCB__771.txt,3,1,2,Open_circuit,274,566,320,600,640,640,224,224,bbox_crop,/Users/user/Deep-Learning-PCB-Defect-Detection/outputs/stage2/processed_images/test/Open_circuit/DeepPCB_test_01_PCB__771_defect_3.png
DeepPCB,test,01_PCB__771.jpg,01_PCB__771.txt,4,3,1,Mouse_bite,452,489,487,517,640,640,224,224,bbox_crop,/Users/user/Deep-Learning-PCB-Defect-Detection/outputs/stage2/processed_images/test/Mouse_bite/DeepPCB_test_01_PCB__771_defect_4.png
DeepPCB,test,01_PCB__771.jpg,01_PCB__771.txt,5,5,5,Spurious_copper,378,392,417,429,640,640,224,224,bbox_crop,/Users/user/Deep-Learning-PCB-Defect-Detection/outputs/stage2/processed_images/test/Spurious_copper/DeepPCB_test_01_PCB__771_defect_5.png
DeepPCB,test,01_PCB__771.jpg,01_PCB__771.txt,6,4,4,Spur,465,220,507,249,640,640,224,224,bbox_crop,/Users/user/Deep-Learning-PCB-Defect-Detection/outputs/stage2/processed_images/test/Spur/DeepPCB_test_01_PCB__771_defect_6.png
DeepPCB,test,01_PCB__771.jpg,01_PCB__771.txt,7,4,4,Spur,380,495,417,528,640,640,224,224,bbox_crop,/Users/user/Deep-Learning-PCB-Defect-Detection/outputs/stage2/processed_images/test/Spur/DeepPCB_test_01_PCB__771_defect_7.png
DeepPCB,test,01_PCB__771.jpg,01_PCB__771.txt,8,5,5,Spurious_copper,12,137,47,173,640,640,224,224,bbox_crop,/Users/user/Deep-Learning-PCB-Defect-Detection/outputs/stage2/processed_images/test/Spurious_copper/DeepPCB_test_01_PCB__771_defect_8.png
DeepPCB,test,01_PCB__771.jpg,01_PCB__771.txt,9,2,3,Short,135,542,210,570,640,640,224,224,bbox_crop,/Users/user/Deep-Learning-PCB-Defect-Detection/outputs/stage2/processed_images/test/Short/DeepPCB_test_01_PCB__771_defect_9.png
DeepPCB,test,01_PCB__771.jpg,01_PCB__771.txt,10,2,3,Short,341,433,376,483,640,640,224,224,bbox_crop,/Users/user/Deep-Learning-PCB-Defect-Detection/outputs/stage2/processed_images/test/Short/DeepPCB_test_01_PCB__771_defect_10.png
DeepPCB,test,01_PCB__789.jpg,01_PCB__789.txt,1,1,2,Open_circuit,297,207,327,234,640,640,224,224,bbox_crop,/Users/user/Deep-Learning-PCB-Defect-Detection/outputs/stage2/processed_images/test/Open_circuit/DeepPCB_test_01_PCB__789_defect_1.png
DeepPCB,test,01_PCB__789.jpg,01_PCB__789.txt,2,1,2,Open_circuit,102,216,138,242,640,640,224,224,bbox_crop,/Users/user/Deep-Learning-PCB-Defect-Detection/outputs/stage2/processed_images/test/Open_circuit/DeepPCB_test_01_PCB__789_defect_2.png
DeepPCB,test,01_PCB__789.jpg,01_PCB__789.txt,3,3,1,Mouse_bite,473,307,504,335,640,640,224,224,bbox_crop,/Users/user/Deep-Learning-PCB-Defect-Detection/outputs/stage2/processed_images/test/Mouse_bite/DeepPCB_test_01_PCB__789_defect_3.png
DeepPCB,test,01_PCB__789.jpg,01_PCB__789.txt,4,4,4,Spur,186,306,218,333,640,640,224,224,bbox_crop,/Users/user/Deep-Learning-PCB-Defect-Detection/outputs/stage2/processed_images/test/Spur/DeepPCB_test_01_PCB__789_defect_4.png
DeepPCB,test,01_PCB__789.jpg,01_PCB__789.txt,5,6,0,Missing_hole,462,498,491,525,640,640,224,224,bbox_crop,/Users/user/Deep-Learning-PCB-Defect-Detection/outputs/stage2/processed_images/test/Missing_hole/DeepPCB_test_01_PCB__789_defect_5.png
DeepPCB,test,01_PCB__789.jpg,01_PCB__789.txt,6,5,5,Spurious_copper,470,447,498,475,640,640,224,224,bbox_crop,/Users/user/Deep-Learning-PCB-Defect-Detection/outputs/stage2/processed_images/test/Spurious_copper/DeepPCB_test_01_PCB__789_defect_6.png
DeepPCB,test,01_PCB__789.jpg,01_PCB__789.txt,7,5,5,Spurious_copper,123,493,152,522,640,640,224,224,bbox_crop,/Users/user/Deep-Learning-PCB-Defect-Detection/outputs/stage2/processed_images/test/Spurious_copper/DeepPCB_test_01_PCB__789_defect_7.png
DeepPCB,test,01_PCB__789.jpg,01_PCB__789.txt,8,6,0,Missing_hole,453,585,481,613,640,640,224,224,bbox_crop,/Users/user/Deep-Learning-PCB-Defect-Detection/outputs/stage2/processed_images/test/Missing_hole/DeepPCB_test_01_PCB__789_defect_8.png
DeepPCB,test,01_PCB__805.jpg,01_PCB__805.txt,1,1,2,Open_circuit,57,316,92,346,640,640,224,224,bbox_crop,/Users/user/Deep-Learning-PCB-Defect-Detection/outputs/stage2/processed_images/test/Open_circuit/DeepPCB_test_01_PCB__805_defect_1.png
DeepPCB,test,01_PCB__805.jpg,01_PCB__805.txt,2,2,3,Short,262,220,306,247,640,640,224,224,bbox_crop,/Users/user/Deep-Learning-PCB-Defect-Detection/outputs/stage2/processed_images/test/Short/DeepPCB_test_01_PCB__805_defect_2.png
DeepPCB,test,01_PCB__805.jpg,01_PCB__805.txt,3,1,2,Open_circuit,499,78,532,105,640,640,224,224,bbox_crop,/Users/user/Deep-Learning-PCB-Defect-Detection/outputs/stage2/processed_images/test/Open_circuit/DeepPCB_test_01_PCB__805_defect_3.png
DeepPCB,test,01_PCB__805.jpg,01_PCB__805.txt,4,2,3,Short,475,329,527,377,640,640,224,224,bbox_crop,/Users/user/Deep-Learning-PCB-Defect-Detection/outputs/stage2/processed_images/test/Short/DeepPCB_test_01_PCB__805_defect_4.png
DeepPCB,test,01_PCB__805.jpg,01_PCB__805.txt,5,4,4,Spur,256,359,288,383,640,640,224,224,bbox_crop,/Users/user/Deep-Learning-PCB-Defect-Detection/outputs/stage2/processed_images/test/Spur/DeepPCB_test_01_PCB__805_defect_5.png
DeepPCB,test,01_PCB__805.jpg,01_PCB__805.txt,6,4,4,Spur,314,284,341,316,640,640,224,224,bbox_crop,/Users/user/Deep-Learning-PCB-Defect-Detection/outputs/stage2/processed_images/test/Spur/DeepPCB_test_01_PCB__805_defect_6.png
DeepPCB,test,01_PCB__805.jpg,01_PCB__805.txt,7,2,3,Short,40,259,87,284,640,640,224,224,bbox_crop,/Users/user/Deep-Learning-PCB-Defect-Detection/outputs/stage2/processed_images/test/Short/DeepPCB_test_01_PCB__805_defect_7.png
DeepPCB,test,01_PCB__807.jpg,01_PCB__807.txt,1,1,2,Open_circuit,142,368,177,399,640,640,224,224,bbox_crop,/Users/user/Deep-Learning-PCB-Defect-Detection/outputs/stage2/processed_images/test/Open_circuit/DeepPCB_test_01_PCB__807_defect_1.png
DeepPCB,test,01_PCB__807.jpg,01_PCB__807.txt,2,2,3,Short,349,415,380,472,640,640,224,224,bbox_crop,/Users/user/Deep-Learning-PCB-Defect-Detection/outputs/stage2/processed_images/test/Short/DeepPCB_test_01_PCB__807_defect_2.png
DeepPCB,test,01_PCB__807.jpg,01_PCB__807.txt,3,3,1,Mouse_bite,197,367,234,393,640,640,224,224,bbox_crop,/Users/user/Deep-Learning-PCB-Defect-Detection/outputs/stage2/processed_images/test/Mouse_bite/DeepPCB_test_01_PCB__807_defect_3.png
DeepPCB,test,01_PCB__807.jpg,01_PCB__807.txt,4,4,4,Spur,75,381,105,407,640,640,224,224,bbox_crop,/Users/user/Deep-Learning-PCB-Defect-Detection/outputs/stage2/processed_images/test/Spur/DeepPCB_test_01_PCB__807_defect_4.png
DeepPCB,test,01_PCB__807.jpg,01_PCB__807.txt,5,5,5,Spurious_copper,187,259,217,295,640,640,224,224,bbox_crop,/Users/user/Deep-Learning-PCB-Defect-Detection/outputs/stage2/processed_images/test/Spurious_copper/DeepPCB_test_01_PCB__807_defect_5.png
DeepPCB,test,01_PCB__807.jpg,01_PCB__807.txt,6,6,0,Missing_hole,248,342,282,370,640,640,224,224,bbox_crop,/Users/user/Deep-Learning-PCB-Defect-Detection/outputs/stage2/processed_images/test/Missing_hole/DeepPCB_test_01_PCB__807_defect_6.png
DeepPCB,test,01_PCB__807.jpg,01_PCB__807.txt,7,1,2,Open_circuit,53,456,86,497,640,640,224,224,bbox_crop,/Users/user/Deep-Learning-PCB-Defect-Detection/outputs/stage2/processed_images/test/Open_circuit/DeepPCB_test_01_PCB__807_defect_7.png
DeepPCB,test,01_PCB__819.jpg,01_PCB__819.txt,1,1,2,Open_circuit,268,351,308,378,640,640,224,224,bbox_crop,/Users/user/Deep-Learning-PCB-Defect-Detection/outputs/stage2/processed_images/test/Open_circuit/DeepPCB_test_01_PCB__819_defect_1.png
DeepPCB,test,01_PCB__819.jpg,01_PCB__819.txt,2,1,2,Open_circuit,424,434,454,478,640,640,224,224,bbox_crop,/Users/user/Deep-Learning-PCB-Defect-Detection/outputs/stage2/processed_images/test/Open_circuit/DeepPCB_test_01_PCB__819_defect_2.png
DeepPCB,test,01_PCB__819.jpg,01_PCB__819.txt,3,3,1,Mouse_bite,475,374,503,399,640,640,224,224,bbox_crop,/Users/user/Deep-Learning-PCB-Defect-Detection/outputs/stage2/processed_images/test/Mouse_bite/DeepPCB_test_01_PCB__819_defect_3.png
DeepPCB,test,01_PCB__819.jpg,01_PCB__819.txt,4,3,1,Mouse_bite,27,551,55,579,640,640,224,224,bbox_crop,/Users/user/Deep-Learning-PCB-Defect-Detection/outputs/stage2/processed_images/test/Mouse_bite/DeepPCB_test_01_PCB__819_defect_4.png
DeepPCB,test,01_PCB__819.jpg,01_PCB__819.txt,5,5,5,Spurious_copper,478,346,524,387,640,640,224,224,bbox_crop,/Users/user/Deep-Learning-PCB-Defect-Detection/outputs/stage2/processed_images/test/Spurious_copper/DeepPCB_test_01_PCB__819_defect_5.png
DeepPCB,test,01_PCB__819.jpg,01_PCB__819.txt,6,6,0,Missing_hole,192,130,220,159,640,640,224,224,bbox_crop,/Users/user/Deep-Learning-PCB-Defect-Detection/outputs/stage2/processed_images/test/Missing_hole/DeepPCB_test_01_PCB__819_defect_6.png
DeepPCB,test,01_PCB__819.jpg,01_PCB__819.txt,7,2,3,Short,390,99,442,126,640,640,224,224,bbox_crop,/Users/user/Deep-Learning-PCB-Defect-Detection/outputs/stage2/processed_images/test/Short/DeepPCB_test_01_PCB__819_defect_7.png
DeepPCB,test,01_PCB__819.jpg,01_PCB__819.txt,8,2,3,Short,360,278,406,313,640,640,224,224,bbox_crop,/Users/user/Deep-Learning-PCB-Defect-Detection/outputs/stage2/processed_images/test/Short/DeepPCB_test_01_PCB__819_defect_8.png
DeepPCB,test,01_PCB__82.jpg,01_PCB__82.txt,1,1,2,Open_circuit,179,203,218,238,640,640,224,224,bbox_crop,/Users/user/Deep-Learning-PCB-Defect-Detection/outputs/stage2/processed_images/test/Open_circuit/DeepPCB_test_01_PCB__82_defect_1.png
DeepPCB,test,01_PCB__82.jpg,01_PCB__82.txt,2,2,3,Short,243,130,274,169,640,640,224,224,bbox_crop,/Users/user/Deep-Learning-PCB-Defect-Detection/outputs/stage2/processed_images/test/Short/DeepPCB_test_01_PCB__82_defect_2.png
DeepPCB,test,01_PCB__82.jpg,01_PCB__82.txt,3,3,1,Mouse_bite,158,391,193,417,640,640,224,224,bbox_crop,/Users/user/Deep-Learning-PCB-Defect-Detection/outputs/stage2/processed_images/test/Mouse_bite/DeepPCB_test_01_PCB__82_defect_3.png
DeepPCB,test,01_PCB__82.jpg,01_PCB__82.txt,4,4,4,Spur,310,281,337,312,640,640,224,224,bbox_crop,/Users/user/Deep-Learning-PCB-Defect-Detection/outputs/stage2/processed_images/test/Spur/DeepPCB_test_01_PCB__82_defect_4.png
DeepPCB,test,01_PCB__82.jpg,01_PCB__82.txt,5,6,0,Missing_hole,259,73,297,100,640,640,224,224,bbox_crop,/Users/user/Deep-Learning-PCB-Defect-Detection/outputs/stage2/processed_images/test/Missing_hole/DeepPCB_test_01_PCB__82_defect_5.png
DeepPCB,test,01_PCB__82.jpg,01_PCB__82.txt,6,5,5,Spurious_copper,110,265,150,302,640,640,224,224,bbox_crop,/Users/user/Deep-Learning-PCB-Defect-Detection/outputs/stage2/processed_images/test/Spurious_copper/DeepPCB_test_01_PCB__82_defect_6.png
DeepPCB,test,01_PCB__827.jpg,01_PCB__827.txt,1,1,2,Open_circuit,303,416,335,450,640,640,224,224,bbox_crop,/Users/user/Deep-Learning-PCB-Defect-Detection/outputs/stage2/processed_images/test/Open_circuit/DeepPCB_test_01_PCB__827_defect_1.png
DeepPCB,test,01_PCB__827.jpg,01_PCB__827.txt,2,2,3,Short,292,478,327,503,640,640,224,224,bbox_crop,/Users/user/Deep-Learning-PCB-Defect-Detection/outputs/stage2/processed_images/test/Short/DeepPCB_test_01_PCB__827_defect_2.png
DeepPCB,test,01_PCB__827.jpg,01_PCB__827.txt,3,2,3,Short,421,530,467,571,640,640,224,224,bbox_crop,/Users/user/Deep-Learning-PCB-Defect-Detection/outputs/stage2/processed_images/test/Short/DeepPCB_test_01_PCB__827_defect_3.png
DeepPCB,test,01_PCB__827.jpg,01_PCB__827.txt,4,3,1,Mouse_bite,105,39,136,64,640,640,224,224,bbox_crop,/Users/user/Deep-Learning-PCB-Defect-Detection/outputs/stage2/processed_images/test/Mouse_bite/DeepPCB_test_01_PCB__827_defect_4.png
DeepPCB,test,01_PCB__827.jpg,01_PCB__827.txt,5,3,1,Mouse_bite,497,430,527,459,640,640,224,224,bbox_crop,/Users/user/Deep-Learning-PCB-Defect-Detection/outputs/stage2/processed_images/test/Mouse_bite/DeepPCB_test_01_PCB__827_defect_5.png
DeepPCB,test,01_PCB__827.jpg,01_PCB__827.txt,6,3,1,Mouse_bite,565,181,592,207,640,640,224,224,bbox_crop,/Users/user/Deep-Learning-PCB-Defect-Detection/outputs/stage2/processed_images/test/Mouse_bite/DeepPCB_test_01_PCB__827_defect_6.png
DeepPCB,test,01_PCB__827.jpg,01_PCB__827.txt,7,5,5,Spurious_copper,164,194,193,225,640,640,224,224,bbox_crop,/Users/user/Deep-Learning-PCB-Defect-Detection/outputs/stage2/processed_images/test/Spurious_copper/DeepPCB_test_01_PCB__827_defect_7.png
DeepPCB,test,01_PCB__827.jpg,01_PCB__827.txt,8,4,4,Spur,462,580,496,608,640,640,224,224,bbox_crop,/Users/user/Deep-Learning-PCB-Defect-Detection/outputs/stage2/processed_images/test/Spur/DeepPCB_test_01_PCB__827_defect_8.png
DeepPCB,test,01_PCB__827.jpg,01_PCB__827.txt,9,4,4,Spur,524,343,555,370,640,640,224,224,bbox_crop,/Users/user/Deep-Learning-PCB-Defect-Detection/outputs/stage2/processed_images/test/Spur/DeepPCB_test_01_PCB__827_defect_9.png
DeepPCB,test,01_PCB__828.jpg,01_PCB__828.txt,1,1,2,Open_circuit,327,188,359,218,640,640,224,224,bbox_crop,/Users/user/Deep-Learning-PCB-Defect-Detection/outputs/stage2/processed_images/test/Open_circuit/DeepPCB_test_01_PCB__828_defect_1.png
DeepPCB,test,01_PCB__828.jpg,01_PCB__828.txt,2,2,3,Short,230,384,256,434,640,640,224,224,bbox_crop,/Users/user/Deep-Learning-PCB-Defect-Detection/outputs/stage2/processed_images/test/Short/DeepPCB_test_01_PCB__828_defect_2.png
DeepPCB,test,01_PCB__828.jpg,01_PCB__828.txt,3,3,1,Mouse_bite,470,396,503,422,640,640,224,224,bbox_crop,/Users/user/Deep-Learning-PCB-Defect-Detection/outputs/stage2/processed_images/test/Mouse_bite/DeepPCB_test_01_PCB__828_defect_3.png
DeepPCB,test,01_PCB__828.jpg,01_PCB__828.txt,4,2,3,Short,73,470,120,496,640,640,224,224,bbox_crop,/Users/user/Deep-Learning-PCB-Defect-Detection/outputs/stage2/processed_images/test/Short/DeepPCB_test_01_PCB__828_defect_4.png
DeepPCB,test,01_PCB__828.jpg,01_PCB__828.txt,5,3,1,Mouse_bite,300,239,326,268,640,640,224,224,bbox_crop,/Users/user/Deep-Learning-PCB-Defect-Detection/outputs/stage2/processed_images/test/Mouse_bite/DeepPCB_test_01_PCB__828_defect_5.png
DeepPCB,test,01_PCB__828.jpg,01_PCB__828.txt,6,4,4,Spur,118,228,146,261,640,640,224,224,bbox_crop,/Users/user/Deep-Learning-PCB-Defect-Detection/outputs/stage2/processed_images/test/Spur/DeepPCB_test_01_PCB__828_defect_6.png
DeepPCB,test,01_PCB__828.jpg,01_PCB__828.txt,7,5,5,Spurious_copper,289,331,323,361,640,640,224,224,bbox_crop,/Users/user/Deep-Learning-PCB-Defect-Detection/outputs/stage2/processed_images/test/Spurious_copper/DeepPCB_test_01_PCB__828_defect_7.png
DeepPCB,test,01_PCB__828.jpg,01_PCB__828.txt,8,6,0,Missing_hole,228,420,257,446,640,640,224,224,bbox_crop,/Users/user/Deep-Learning-PCB-Defect-Detection/outputs/stage2/processed_images/test/Missing_hole/DeepPCB_test_01_PCB__828_defect_8.png
DeepPCB,test,01_PCB__833.jpg,01_PCB__833.txt,1,1,2,Open_circuit,418,253,456,286,640,640,224,224,bbox_crop,/Users/user/Deep-Learning-PCB-Defect-Detection/outputs/stage2/processed_images/test/Open_circuit/DeepPCB_test_01_PCB__833_defect_1.png
DeepPCB,test,01_PCB__833.jpg,01_PCB__833.txt,2,2,3,Short,389,324,449,353,640,640,224,224,bbox_crop,/Users/user/Deep-Learning-PCB-Defect-Detection/outputs/stage2/processed_images/test/Short/DeepPCB_test_01_PCB__833_defect_2.png
DeepPCB,test,01_PCB__833.jpg,01_PCB__833.txt,3,3,1,Mouse_bite,229,382,266,417,640,640,224,224,bbox_crop,/Users/user/Deep-Learning-PCB-Defect-Detection/outputs/stage2/processed_images/test/Mouse_bite/DeepPCB_test_01_PCB__833_defect_3.png
DeepPCB,test,01_PCB__833.jpg,01_PCB__833.txt,4,5,5,Spurious_copper,230,154,264,197,640,640,224,224,bbox_crop,/Users/user/Deep-Learning-PCB-Defect-Detection/outputs/stage2/processed_images/test/Spurious_copper/DeepPCB_test_01_PCB__833_defect_4.png
DeepPCB,test,01_PCB__833.jpg,01_PCB__833.txt,5,6,0,Missing_hole,364,387,397,417,640,640,224,224,bbox_crop,/Users/user/Deep-Learning-PCB-Defect-Detection/outputs/stage2/processed_images/test/Missing_hole/DeepPCB_test_01_PCB__833_defect_5.png
DeepPCB,test,01_PCB__833.jpg,01_PCB__833.txt,6,1,2,Open_circuit,522,453,558,491,640,640,224,224,bbox_crop,/Users/user/Deep-Learning-PCB-Defect-Detection/outputs/stage2/processed_images/test/Open_circuit/DeepPCB_test_01_PCB__833_defect_6.png
DeepPCB,test,01_PCB__833.jpg,01_PCB__833.txt,7,5,5,Spurious_copper,177,348,215,388,640,640,224,224,bbox_crop,/Users/user/Deep-Learning-PCB-Defect-Detection/outputs/stage2/processed_images/test/Spurious_copper/DeepPCB_test_01_PCB__833_defect_7.png
DeepPCB,test,01_PCB__843.jpg,01_PCB__843.txt,1,1,2,Open_circuit,355,200,388,233,640,640,224,224,bbox_crop,/Users/user/Deep-Learning-PCB-Defect-Detection/outputs/stage2/processed_images/test/Open_circuit/DeepPCB_test_01_PCB__843_defect_1.png
DeepPCB,test,01_PCB__843.jpg,01_PCB__843.txt,2,2,3,Short,348,473,405,500,640,640,224,224,bbox_crop,/Users/user/Deep-Learning-PCB-Defect-Detection/outputs/stage2/processed_images/test/Short/DeepPCB_test_01_PCB__843_defect_2.png
DeepPCB,test,01_PCB__843.jpg,01_PCB__843.txt,3,3,1,Mouse_bite,301,581,330,607,640,640,224,224,bbox_crop,/Users/user/Deep-Learning-PCB-Defect-Detection/outputs/stage2/processed_images/test/Mouse_bite/DeepPCB_test_01_PCB__843_defect_3.png
DeepPCB,test,01_PCB__843.jpg,01_PCB__843.txt,4,4,4,Spur,378,435,406,461,640,640,224,224,bbox_crop,/Users/user/Deep-Learning-PCB-Defect-Detection/outputs/stage2/processed_images/test/Spur/DeepPCB_test_01_PCB__843_defect_4.png
DeepPCB,test,01_PCB__843.jpg,01_PCB__843.txt,5,5,5,Spurious_copper,103,421,136,456,640,640,224,224,bbox_crop,/Users/user/Deep-Learning-PCB-Defect-Detection/outputs/stage2/processed_images/test/Spurious_copper/DeepPCB_test_01_PCB__843_defect_5.png
DeepPCB,test,01_PCB__843.jpg,01_PCB__843.txt,6,6,0,Missing_hole,169,605,199,635,640,640,224,224,bbox_crop,/Users/user/Deep-Learning-PCB-Defect-Detection/outputs/stage2/processed_images/test/Missing_hole/DeepPCB_test_01_PCB__843_defect_6.png
DeepPCB,test,01_PCB__843.jpg,01_PCB__843.txt,7,2,3,Short,165,398,208,489,640,640,224,224,bbox_crop,/Users/user/Deep-Learning-PCB-Defect-Detection/outputs/stage2/processed_images/test/Short/DeepPCB_test_01_PCB__843_defect_7.png
DeepPCB,test,01_PCB__843.jpg,01_PCB__843.txt,8,4,4,Spur,363,272,393,296,640,640,224,224,bbox_crop,/Users/user/Deep-Learning-PCB-Defect-Detection/outputs/stage2/processed_images/test/Spur/DeepPCB_test_01_PCB__843_defect_8.png
DeepPCB,test,01_PCB__846.jpg,01_PCB__846.txt,1,2,3,Short,15,466,58,525,640,640,224,224,bbox_crop,/Users/user/Deep-Learning-PCB-Defect-Detection/outputs/stage2/processed_images/test/Short/DeepPCB_test_01_PCB__846_defect_1.png
DeepPCB,test,01_PCB__846.jpg,01_PCB__846.txt,2,3,1,Mouse_bite,71,505,101,531,640,640,224,224,bbox_crop,/Users/user/Deep-Learning-PCB-Defect-Detection/outputs/stage2/processed_images/test/Mouse_bite/DeepPCB_test_01_PCB__846_defect_2.png
DeepPCB,test,01_PCB__846.jpg,01_PCB__846.txt,3,1,2,Open_circuit,329,179,365,212,640,640,224,224,bbox_crop,/Users/user/Deep-Learning-PCB-Defect-Detection/outputs/stage2/processed_images/test/Open_circuit/DeepPCB_test_01_PCB__846_defect_3.png
DeepPCB,test,01_PCB__846.jpg,01_PCB__846.txt,4,3,1,Mouse_bite,26,182,52,207,640,640,224,224,bbox_crop,/Users/user/Deep-Learning-PCB-Defect-Detection/outputs/stage2/processed_images/test/Mouse_bite/DeepPCB_test_01_PCB__846_defect_4.png
DeepPCB,test,01_PCB__846.jpg,01_PCB__846.txt,5,6,0,Missing_hole,250,22,276,50,640,640,224,224,bbox_crop,/Users/user/Deep-Learning-PCB-Defect-Detection/outputs/stage2/processed_images/test/Missing_hole/DeepPCB_test_01_PCB__846_defect_5.png
DeepPCB,test,01_PCB__846.jpg,01_PCB__846.txt,6,4,4,Spur,295,294,330,322,640,640,224,224,bbox_crop,/Users/user/Deep-Learning-PCB-Defect-Detection/outputs/stage2/processed_images/test/Spur/DeepPCB_test_01_PCB__846_defect_6.png
DeepPCB,test,01_PCB__846.jpg,01_PCB__846.txt,7,4,4,Spur,452,177,488,207,640,640,224,224,bbox_crop,/Users/user/Deep-Learning-PCB-Defect-Detection/outputs/stage2/processed_images/test/Spur/DeepPCB_test_01_PCB__846_defect_7.png
DeepPCB,test,01_PCB__857.jpg,01_PCB__857.txt,1,3,1,Mouse_bite,509,241,539,267,640,640,224,224,bbox_crop,/Users/user/Deep-Learning-PCB-Defect-Detection/outputs/stage2/processed_images/test/Mouse_bite/DeepPCB_test_01_PCB__857_defect_1.png
DeepPCB,test,01_PCB__857.jpg,01_PCB__857.txt,2,3,1,Mouse_bite,510,328,548,378,640,640,224,224,bbox_crop,/Users/user/Deep-Learning-PCB-Defect-Detection/outputs/stage2/processed_images/test/Mouse_bite/DeepPCB_test_01_PCB__857_defect_2.png
DeepPCB,test,01_PCB__857.jpg,01_PCB__857.txt,3,5,5,Spurious_copper,385,145,430,196,640,640,224,224,bbox_crop,/Users/user/Deep-Learning-PCB-Defect-Detection/outputs/stage2/processed_images/test/Spurious_copper/DeepPCB_test_01_PCB__857_defect_3.png
DeepPCB,test,01_PCB__857.jpg,01_PCB__857.txt,4,6,0,Missing_hole,546,114,591,164,640,640,224,224,bbox_crop,/Users/user/Deep-Learning-PCB-Defect-Detection/outputs/stage2/processed_images/test/Missing_hole/DeepPCB_test_01_PCB__857_defect_4.png
DeepPCB,test,01_PCB__868.jpg,01_PCB__868.txt,1,1,2,Open_circuit,139,92,185,121,640,640,224,224,bbox_crop,/Users/user/Deep-Learning-PCB-Defect-Detection/outputs/stage2/processed_images/test/Open_circuit/DeepPCB_test_01_PCB__868_defect_1.png
DeepPCB,test,01_PCB__868.jpg,01_PCB__868.txt,2,1,2,Open_circuit,428,64,463,98,640,640,224,224,bbox_crop,/Users/user/Deep-Learning-PCB-Defect-Detection/outputs/stage2/processed_images/test/Open_circuit/DeepPCB_test_01_PCB__868_defect_2.png
DeepPCB,test,01_PCB__868.jpg,01_PCB__868.txt,3,4,4,Spur,120,363,153,390,640,640,224,224,bbox_crop,/Users/user/Deep-Learning-PCB-Defect-Detection/outputs/stage2/processed_images/test/Spur/DeepPCB_test_01_PCB__868_defect_3.png
DeepPCB,test,01_PCB__868.jpg,01_PCB__868.txt,4,4,4,Spur,362,87,396,121,640,640,224,224,bbox_crop,/Users/user/Deep-Learning-PCB-Defect-Detection/outputs/stage2/processed_images/test/Spur/DeepPCB_test_01_PCB__868_defect_4.png
DeepPCB,test,01_PCB__868.jpg,01_PCB__868.txt,5,5,5,Spurious_copper,280,172,316,205,640,640,224,224,bbox_crop,/Users/user/Deep-Learning-PCB-Defect-Detection/outputs/stage2/processed_images/test/Spurious_copper/DeepPCB_test_01_PCB__868_defect_5.png
DeepPCB,test,01_PCB__868.jpg,01_PCB__868.txt,6,6,0,Missing_hole,353,458,383,484,640,640,224,224,bbox_crop,/Users/user/Deep-Learning-PCB-Defect-Detection/outputs/stage2/processed_images/test/Missing_hole/DeepPCB_test_01_PCB__868_defect_6.png
DeepPCB,test,01_PCB__868.jpg,01_PCB__868.txt,7,2,3,Short,164,224,229,255,640,640,224,224,bbox_crop,/Users/user/Deep-Learning-PCB-Defect-Detection/outputs/stage2/processed_images/test/Short/DeepPCB_test_01_PCB__868_defect_7.png
DeepPCB,test,01_PCB__884.jpg,01_PCB__884.txt,1,1,2,Open_circuit,269,262,300,293,640,640,224,224,bbox_crop,/Users/user/Deep-Learning-PCB-Defect-Detection/outputs/stage2/processed_images/test/Open_circuit/DeepPCB_test_01_PCB__884_defect_1.png
DeepPCB,test,01_PCB__884.jpg,01_PCB__884.txt,2,1,2,Open_circuit,291,378,324,418,640,640,224,224,bbox_crop,/Users/user/Deep-Learning-PCB-Defect-Detection/outputs/stage2/processed_images/test/Open_circuit/DeepPCB_test_01_PCB__884_defect_2.png
DeepPCB,test,01_PCB__884.jpg,01_PCB__884.txt,3,2,3,Short,275,136,318,165,640,640,224,224,bbox_crop,/Users/user/Deep-Learning-PCB-Defect-Detection/outputs/stage2/processed_images/test/Short/DeepPCB_test_01_PCB__884_defect_3.png
DeepPCB,test,01_PCB__884.jpg,01_PCB__884.txt,4,3,1,Mouse_bite,404,522,437,551,640,640,224,224,bbox_crop,/Users/user/Deep-Learning-PCB-Defect-Detection/outputs/stage2/processed_images/test/Mouse_bite/DeepPCB_test_01_PCB__884_defect_4.png
DeepPCB,test,01_PCB__884.jpg,01_PCB__884.txt,5,4,4,Spur,263,418,294,449,640,640,224,224,bbox_crop,/Users/user/Deep-Learning-PCB-Defect-Detection/outputs/stage2/processed_images/test/Spur/DeepPCB_test_01_PCB__884_defect_5.png
DeepPCB,test,01_PCB__884.jpg,01_PCB__884.txt,6,5,5,Spurious_copper,329,520,361,554,640,640,224,224,bbox_crop,/Users/user/Deep-Learning-PCB-Defect-Detection/outputs/stage2/processed_images/test/Spurious_copper/DeepPCB_test_01_PCB__884_defect_6.png
DeepPCB,test,01_PCB__884.jpg,01_PCB__884.txt,7,4,4,Spur,273,212,306,238,640,640,224,224,bbox_crop,/Users/user/Deep-Learning-PCB-Defect-Detection/outputs/stage2/processed_images/test/Spur/DeepPCB_test_01_PCB__884_defect_7.png
DeepPCB,test,01_PCB__884.jpg,01_PCB__884.txt,8,4,4,Spur,249,511,287,541,640,640,224,224,bbox_crop,/Users/user/Deep-Learning-PCB-Defect-Detection/outputs/stage2/processed_images/test/Spur/DeepPCB_test_01_PCB__884_defect_8.png
DeepPCB,test,01_PCB__884.jpg,01_PCB__884.txt,9,3,1,Mouse_bite,446,543,476,570,640,640,224,224,bbox_crop,/Users/user/Deep-Learning-PCB-Defect-Detection/outputs/stage2/processed_images/test/Mouse_bite/DeepPCB_test_01_PCB__884_defect_9.png
DeepPCB,test,01_PCB__896.jpg,01_PCB__896.txt,1,1,2,Open_circuit,365,456,405,485,640,640,224,224,bbox_crop,/Users/user/Deep-Learning-PCB-Defect-Detection/outputs/stage2/processed_images/test/Open_circuit/DeepPCB_test_01_PCB__896_defect_1.png
DeepPCB,test,01_PCB__896.jpg,01_PCB__896.txt,2,2,3,Short,64,218,103,256,640,640,224,224,bbox_crop,/Users/user/Deep-Learning-PCB-Defect-Detection/outputs/stage2/processed_images/test/Short/DeepPCB_test_01_PCB__896_defect_2.png
DeepPCB,test,01_PCB__896.jpg,01_PCB__896.txt,3,3,1,Mouse_bite,406,420,436,445,640,640,224,224,bbox_crop,/Users/user/Deep-Learning-PCB-Defect-Detection/outputs/stage2/processed_images/test/Mouse_bite/DeepPCB_test_01_PCB__896_defect_3.png
DeepPCB,test,01_PCB__896.jpg,01_PCB__896.txt,4,3,1,Mouse_bite,419,294,450,319,640,640,224,224,bbox_crop,/Users/user/Deep-Learning-PCB-Defect-Detection/outputs/stage2/processed_images/test/Mouse_bite/DeepPCB_test_01_PCB__896_defect_4.png
DeepPCB,test,01_PCB__896.jpg,01_PCB__896.txt,5,5,5,Spurious_copper,283,269,315,301,640,640,224,224,bbox_crop,/Users/user/Deep-Learning-PCB-Defect-Detection/outputs/stage2/processed_images/test/Spurious_copper/DeepPCB_test_01_PCB__896_defect_5.png
DeepPCB,test,01_PCB__896.jpg,01_PCB__896.txt,6,6,0,Missing_hole,94,254,125,285,640,640,224,224,bbox_crop,/Users/user/Deep-Learning-PCB-Defect-Detection/outputs/stage2/processed_images/test/Missing_hole/DeepPCB_test_01_PCB__896_defect_6.png
DeepPCB,test,01_PCB__908.jpg,01_PCB__908.txt,1,1,2,Open_circuit,506,131,537,167,640,640,224,224,bbox_crop,/Users/user/Deep-Learning-PCB-Defect-Detection/outputs/stage2/processed_images/test/Open_circuit/DeepPCB_test_01_PCB__908_defect_1.png
DeepPCB,test,01_PCB__908.jpg,01_PCB__908.txt,2,1,2,Open_circuit,532,353,573,378,640,640,224,224,bbox_crop,/Users/user/Deep-Learning-PCB-Defect-Detection/outputs/stage2/processed_images/test/Open_circuit/DeepPCB_test_01_PCB__908_defect_2.png
DeepPCB,test,01_PCB__908.jpg,01_PCB__908.txt,3,2,3,Short,319,257,353,283,640,640,224,224,bbox_crop,/Users/user/Deep-Learning-PCB-Defect-Detection/outputs/stage2/processed_images/test/Short/DeepPCB_test_01_PCB__908_defect_3.png
DeepPCB,test,01_PCB__908.jpg,01_PCB__908.txt,4,2,3,Short,45,42,76,99,640,640,224,224,bbox_crop,/Users/user/Deep-Learning-PCB-Defect-Detection/outputs/stage2/processed_images/test/Short/DeepPCB_test_01_PCB__908_defect_4.png
DeepPCB,test,01_PCB__908.jpg,01_PCB__908.txt,5,2,3,Short,503,442,556,479,640,640,224,224,bbox_crop,/Users/user/Deep-Learning-PCB-Defect-Detection/outputs/stage2/processed_images/test/Short/DeepPCB_test_01_PCB__908_defect_5.png
DeepPCB,test,01_PCB__908.jpg,01_PCB__908.txt,6,3,1,Mouse_bite,194,394,231,418,640,640,224,224,bbox_crop,/Users/user/Deep-Learning-PCB-Defect-Detection/outputs/stage2/processed_images/test/Mouse_bite/DeepPCB_test_01_PCB__908_defect_6.png
DeepPCB,test,01_PCB__908.jpg,01_PCB__908.txt,7,3,1,Mouse_bite,69,585,105,611,640,640,224,224,bbox_crop,/Users/user/Deep-Learning-PCB-Defect-Detection/outputs/stage2/processed_images/test/Mouse_bite/DeepPCB_test_01_PCB__908_defect_7.png
DeepPCB,test,01_PCB__908.jpg,01_PCB__908.txt,8,4,4,Spur,80,140,112,170,640,640,224,224,bbox_crop,/Users/user/Deep-Learning-PCB-Defect-Detection/outputs/stage2/processed_images/test/Spur/DeepPCB_test_01_PCB__908_defect_8.png
DeepPCB,test,01_PCB__908.jpg,01_PCB__908.txt,9,5,5,Spurious_copper,164,285,193,312,640,640,224,224,bbox_crop,/Users/user/Deep-Learning-PCB-Defect-Detection/outputs/stage2/processed_images/test/Spurious_copper/DeepPCB_test_01_PCB__908_defect_9.png
DeepPCB,test,01_PCB__908.jpg,01_PCB__908.txt,10,6,0,Missing_hole,529,407,556,433,640,640,224,224,bbox_crop,/Users/user/Deep-Learning-PCB-Defect-Detection/outputs/stage2/processed_images/test/Missing_hole/DeepPCB_test_01_PCB__908_defect_10.png
DeepPCB,test,01_PCB__910.jpg,01_PCB__910.txt,1,1,2,Open_circuit,90,269,119,303,640,640,224,224,bbox_crop,/Users/user/Deep-Learning-PCB-Defect-Detection/outputs/stage2/processed_images/test/Open_circuit/DeepPCB_test_01_PCB__910_defect_1.png
DeepPCB,test,01_PCB__910.jpg,01_PCB__910.txt,2,1,2,Open_circuit,122,168,156,200,640,640,224,224,bbox_crop,/Users/user/Deep-Learning-PCB-Defect-Detection/outputs/stage2/processed_images/test/Open_circuit/DeepPCB_test_01_PCB__910_defect_2.png
DeepPCB,test,01_PCB__910.jpg,01_PCB__910.txt,3,1,2,Open_circuit,316,163,349,192,640,640,224,224,bbox_crop,/Users/user/Deep-Learning-PCB-Defect-Detection/outputs/stage2/processed_images/test/Open_circuit/DeepPCB_test_01_PCB__910_defect_3.png
DeepPCB,test,01_PCB__910.jpg,01_PCB__910.txt,4,2,3,Short,349,142,386,166,640,640,224,224,bbox_crop,/Users/user/Deep-Learning-PCB-Defect-Detection/outputs/stage2/processed_images/test/Short/DeepPCB_test_01_PCB__910_defect_4.png
DeepPCB,test,01_PCB__910.jpg,01_PCB__910.txt,5,2,3,Short,390,246,425,284,640,640,224,224,bbox_crop,/Users/user/Deep-Learning-PCB-Defect-Detection/outputs/stage2/processed_images/test/Short/DeepPCB_test_01_PCB__910_defect_5.png
DeepPCB,test,01_PCB__910.jpg,01_PCB__910.txt,6,3,1,Mouse_bite,385,89,411,118,640,640,224,224,bbox_crop,/Users/user/Deep-Learning-PCB-Defect-Detection/outputs/stage2/processed_images/test/Mouse_bite/DeepPCB_test_01_PCB__910_defect_6.png
DeepPCB,test,01_PCB__910.jpg,01_PCB__910.txt,7,3,1,Mouse_bite,547,65,575,125,640,640,224,224,bbox_crop,/Users/user/Deep-Learning-PCB-Defect-Detection/outputs/stage2/processed_images/test/Mouse_bite/DeepPCB_test_01_PCB__910_defect_7.png
DeepPCB,test,01_PCB__910.jpg,01_PCB__910.txt,8,5,5,Spurious_copper,49,64,77,100,640,640,224,224,bbox_crop,/Users/user/Deep-Learning-PCB-Defect-Detection/outputs/stage2/processed_images/test/Spurious_copper/DeepPCB_test_01_PCB__910_defect_8.png
DeepPCB,test,01_PCB__910.jpg,01_PCB__910.txt,9,6,0,Missing_hole,394,356,424,385,640,640,224,224,bbox_crop,/Users/user/Deep-Learning-PCB-Defect-Detection/outputs/stage2/processed_images/test/Missing_hole/DeepPCB_test_01_PCB__910_defect_9.png
DeepPCB,test,01_PCB__912.jpg,01_PCB__912.txt,1,4,4,Spur,204,592,241,626,640,640,224,224,bbox_crop,/Users/user/Deep-Learning-PCB-Defect-Detection/outputs/stage2/processed_images/test/Spur/DeepPCB_test_01_PCB__912_defect_1.png
DeepPCB,test,01_PCB__912.jpg,01_PCB__912.txt,2,3,1,Mouse_bite,61,611,98,639,640,640,224,224,bbox_crop,/Users/user/Deep-Learning-PCB-Defect-Detection/outputs/stage2/processed_images/test/Mouse_bite/DeepPCB_test_01_PCB__912_defect_2.png
DeepPCB,test,01_PCB__912.jpg,01_PCB__912.txt,3,4,4,Spur,24,592,55,628,640,640,224,224,bbox_crop,/Users/user/Deep-Learning-PCB-Defect-Detection/outputs/stage2/processed_images/test/Spur/DeepPCB_test_01_PCB__912_defect_3.png
DeepPCB,test,01_PCB__926.jpg,01_PCB__926.txt,1,1,2,Open_circuit,392,298,423,342,640,640,224,224,bbox_crop,/Users/user/Deep-Learning-PCB-Defect-Detection/outputs/stage2/processed_images/test/Open_circuit/DeepPCB_test_01_PCB__926_defect_1.png
DeepPCB,test,01_PCB__926.jpg,01_PCB__926.txt,2,1,2,Open_circuit,291,422,323,474,640,640,224,224,bbox_crop,/Users/user/Deep-Learning-PCB-Defect-Detection/outputs/stage2/processed_images/test/Open_circuit/DeepPCB_test_01_PCB__926_defect_2.png
DeepPCB,test,01_PCB__926.jpg,01_PCB__926.txt,3,1,2,Open_circuit,292,92,322,128,640,640,224,224,bbox_crop,/Users/user/Deep-Learning-PCB-Defect-Detection/outputs/stage2/processed_images/test/Open_circuit/DeepPCB_test_01_PCB__926_defect_3.png
DeepPCB,test,01_PCB__926.jpg,01_PCB__926.txt,4,1,2,Open_circuit,437,123,472,168,640,640,224,224,bbox_crop,/Users/user/Deep-Learning-PCB-Defect-Detection/outputs/stage2/processed_images/test/Open_circuit/DeepPCB_test_01_PCB__926_defect_4.png
DeepPCB,test,01_PCB__926.jpg,01_PCB__926.txt,5,2,3,Short,394,0,453,31,640,640,224,224,bbox_crop,/Users/user/Deep-Learning-PCB-Defect-Detection/outputs/stage2/processed_images/test/Short/DeepPCB_test_01_PCB__926_defect_5.png
DeepPCB,test,01_PCB__926.jpg,01_PCB__926.txt,6,2,3,Short,452,476,477,546,640,640,224,224,bbox_crop,/Users/user/Deep-Learning-PCB-Defect-Detection/outputs/stage2/processed_images/test/Short/DeepPCB_test_01_PCB__926_defect_6.png
DeepPCB,test,01_PCB__926.jpg,01_PCB__926.txt,7,4,4,Spur,84,374,117,401,640,640,224,224,bbox_crop,/Users/user/Deep-Learning-PCB-Defect-Detection/outputs/stage2/processed_images/test/Spur/DeepPCB_test_01_PCB__926_defect_7.png
DeepPCB,test,01_PCB__926.jpg,01_PCB__926.txt,8,5,5,Spurious_copper,225,332,257,366,640,640,224,224,bbox_crop,/Users/user/Deep-Learning-PCB-Defect-Detection/outputs/stage2/processed_images/test/Spurious_copper/DeepPCB_test_01_PCB__926_defect_8.png
DeepPCB,test,01_PCB__926.jpg,01_PCB__926.txt,9,6,0,Missing_hole,55,314,85,349,640,640,224,224,bbox_crop,/Users/user/Deep-Learning-PCB-Defect-Detection/outputs/stage2/processed_images/test/Missing_hole/DeepPCB_test_01_PCB__926_defect_9.png
DeepPCB,test,01_PCB__926.jpg,01_PCB__926.txt,10,3,1,Mouse_bite,19,589,49,623,640,640,224,224,bbox_crop,/Users/user/Deep-Learning-PCB-Defect-Detection/outputs/stage2/processed_images/test/Mouse_bite/DeepPCB_test_01_PCB__926_defect_10.png
DeepPCB,test,01_PCB__935.jpg,01_PCB__935.txt,1,1,2,Open_circuit,274,125,303,162,640,640,224,224,bbox_crop,/Users/user/Deep-Learning-PCB-Defect-Detection/outputs/stage2/processed_images/test/Open_circuit/DeepPCB_test_01_PCB__935_defect_1.png
DeepPCB,test,01_PCB__935.jpg,01_PCB__935.txt,2,1,2,Open_circuit,281,293,320,317,640,640,224,224,bbox_crop,/Users/user/Deep-Learning-PCB-Defect-Detection/outputs/stage2/processed_images/test/Open_circuit/DeepPCB_test_01_PCB__935_defect_2.png
DeepPCB,test,01_PCB__935.jpg,01_PCB__935.txt,3,1,2,Open_circuit,563,126,592,165,640,640,224,224,bbox_crop,/Users/user/Deep-Learning-PCB-Defect-Detection/outputs/stage2/processed_images/test/Open_circuit/DeepPCB_test_01_PCB__935_defect_3.png
DeepPCB,test,01_PCB__935.jpg,01_PCB__935.txt,4,2,3,Short,317,293,362,321,640,640,224,224,bbox_crop,/Users/user/Deep-Learning-PCB-Defect-Detection/outputs/stage2/processed_images/test/Short/DeepPCB_test_01_PCB__935_defect_4.png
DeepPCB,test,01_PCB__935.jpg,01_PCB__935.txt,5,2,3,Short,349,71,388,101,640,640,224,224,bbox_crop,/Users/user/Deep-Learning-PCB-Defect-Detection/outputs/stage2/processed_images/test/Short/DeepPCB_test_01_PCB__935_defect_5.png
DeepPCB,test,01_PCB__935.jpg,01_PCB__935.txt,6,3,1,Mouse_bite,183,372,221,405,640,640,224,224,bbox_crop,/Users/user/Deep-Learning-PCB-Defect-Detection/outputs/stage2/processed_images/test/Mouse_bite/DeepPCB_test_01_PCB__935_defect_6.png
DeepPCB,test,01_PCB__935.jpg,01_PCB__935.txt,7,4,4,Spur,336,487,382,520,640,640,224,224,bbox_crop,/Users/user/Deep-Learning-PCB-Defect-Detection/outputs/stage2/processed_images/test/Spur/DeepPCB_test_01_PCB__935_defect_7.png
DeepPCB,test,01_PCB__935.jpg,01_PCB__935.txt,8,5,5,Spurious_copper,496,401,525,434,640,640,224,224,bbox_crop,/Users/user/Deep-Learning-PCB-Defect-Detection/outputs/stage2/processed_images/test/Spurious_copper/DeepPCB_test_01_PCB__935_defect_8.png
DeepPCB,test,01_PCB__935.jpg,01_PCB__935.txt,9,6,0,Missing_hole,308,377,341,416,640,640,224,224,bbox_crop,/Users/user/Deep-Learning-PCB-Defect-Detection/outputs/stage2/processed_images/test/Missing_hole/DeepPCB_test_01_PCB__935_defect_9.png
DeepPCB,test,01_PCB__941.jpg,01_PCB__941.txt,1,1,2,Open_circuit,338,342,385,388,640,640,224,224,bbox_crop,/Users/user/Deep-Learning-PCB-Defect-Detection/outputs/stage2/processed_images/test/Open_circuit/DeepPCB_test_01_PCB__941_defect_1.png
DeepPCB,test,01_PCB__941.jpg,01_PCB__941.txt,2,1,2,Open_circuit,461,189,497,233,640,640,224,224,bbox_crop,/Users/user/Deep-Learning-PCB-Defect-Detection/outputs/stage2/processed_images/test/Open_circuit/DeepPCB_test_01_PCB__941_defect_2.png
DeepPCB,test,01_PCB__941.jpg,01_PCB__941.txt,3,2,3,Short,247,155,282,201,640,640,224,224,bbox_crop,/Users/user/Deep-Learning-PCB-Defect-Detection/outputs/stage2/processed_images/test/Short/DeepPCB_test_01_PCB__941_defect_3.png
DeepPCB,test,01_PCB__941.jpg,01_PCB__941.txt,4,2,3,Short,256,73,285,115,640,640,224,224,bbox_crop,/Users/user/Deep-Learning-PCB-Defect-Detection/outputs/stage2/processed_images/test/Short/DeepPCB_test_01_PCB__941_defect_4.png
DeepPCB,test,01_PCB__941.jpg,01_PCB__941.txt,5,3,1,Mouse_bite,348,196,385,237,640,640,224,224,bbox_crop,/Users/user/Deep-Learning-PCB-Defect-Detection/outputs/stage2/processed_images/test/Mouse_bite/DeepPCB_test_01_PCB__941_defect_5.png
DeepPCB,test,01_PCB__941.jpg,01_PCB__941.txt,6,4,4,Spur,189,380,222,411,640,640,224,224,bbox_crop,/Users/user/Deep-Learning-PCB-Defect-Detection/outputs/stage2/processed_images/test/Spur/DeepPCB_test_01_PCB__941_defect_6.png
DeepPCB,test,01_PCB__941.jpg,01_PCB__941.txt,7,5,5,Spurious_copper,583,461,613,492,640,640,224,224,bbox_crop,/Users/user/Deep-Learning-PCB-Defect-Detection/outputs/stage2/processed_images/test/Spurious_copper/DeepPCB_test_01_PCB__941_defect_7.png
DeepPCB,test,01_PCB__941.jpg,01_PCB__941.txt,8,6,0,Missing_hole,496,131,529,163,640,640,224,224,bbox_crop,/Users/user/Deep-Learning-PCB-Defect-Detection/outputs/stage2/processed_images/test/Missing_hole/DeepPCB_test_01_PCB__941_defect_8.png
DeepPCB,test,01_PCB__96.jpg,01_PCB__96.txt,1,1,2,Open_circuit,102,203,139,233,640,640,224,224,bbox_crop,/Users/user/Deep-Learning-PCB-Defect-Detection/outputs/stage2/processed_images/test/Open_circuit/DeepPCB_test_01_PCB__96_defect_1.png
DeepPCB,test,01_PCB__96.jpg,01_PCB__96.txt,2,2,3,Short,49,141,108,169,640,640,224,224,bbox_crop,/Users/user/Deep-Learning-PCB-Defect-Detection/outputs/stage2/processed_images/test/Short/DeepPCB_test_01_PCB__96_defect_2.png
DeepPCB,test,01_PCB__96.jpg,01_PCB__96.txt,3,4,4,Spur,104,288,135,323,640,640,224,224,bbox_crop,/Users/user/Deep-Learning-PCB-Defect-Detection/outputs/stage2/processed_images/test/Spur/DeepPCB_test_01_PCB__96_defect_3.png
DeepPCB,test,01_PCB__96.jpg,01_PCB__96.txt,4,6,0,Missing_hole,168,322,210,347,640,640,224,224,bbox_crop,/Users/user/Deep-Learning-PCB-Defect-Detection/outputs/stage2/processed_images/test/Missing_hole/DeepPCB_test_01_PCB__96_defect_4.png
DeepPCB,test,01_PCB__96.jpg,01_PCB__96.txt,5,5,5,Spurious_copper,178,246,212,288,640,640,224,224,bbox_crop,/Users/user/Deep-Learning-PCB-Defect-Detection/outputs/stage2/processed_images/test/Spurious_copper/DeepPCB_test_01_PCB__96_defect_5.png
DeepPCB,test,01_PCB__96.jpg,01_PCB__96.txt,6,3,1,Mouse_bite,219,249,255,277,640,640,224,224,bbox_crop,/Users/user/Deep-Learning-PCB-Defect-Detection/outputs/stage2/processed_images/test/Mouse_bite/DeepPCB_test_01_PCB__96_defect_6.png
DeepPCB,test,01_PCB__965.jpg,01_PCB__965.txt,1,3,1,Mouse_bite,298,317,328,343,640,640,224,224,bbox_crop,/Users/user/Deep-Learning-PCB-Defect-Detection/outputs/stage2/processed_images/test/Mouse_bite/DeepPCB_test_01_PCB__965_defect_1.png
DeepPCB,test,01_PCB__965.jpg,01_PCB__965.txt,2,2,3,Short,278,219,317,249,640,640,224,224,bbox_crop,/Users/user/Deep-Learning-PCB-Defect-Detection/outputs/stage2/processed_images/test/Short/DeepPCB_test_01_PCB__965_defect_2.png
DeepPCB,test,01_PCB__965.jpg,01_PCB__965.txt,3,3,1,Mouse_bite,273,358,299,385,640,640,224,224,bbox_crop,/Users/user/Deep-Learning-PCB-Defect-Detection/outputs/stage2/processed_images/test/Mouse_bite/DeepPCB_test_01_PCB__965_defect_3.png
DeepPCB,test,01_PCB__965.jpg,01_PCB__965.txt,4,5,5,Spurious_copper,74,301,104,330,640,640,224,224,bbox_crop,/Users/user/Deep-Learning-PCB-Defect-Detection/outputs/stage2/processed_images/test/Spurious_copper/DeepPCB_test_01_PCB__965_defect_4.png
DeepPCB,test,01_PCB__965.jpg,01_PCB__965.txt,5,3,1,Mouse_bite,424,520,452,546,640,640,224,224,bbox_crop,/Users/user/Deep-Learning-PCB-Defect-Detection/outputs/stage2/processed_images/test/Mouse_bite/DeepPCB_test_01_PCB__965_defect_5.png
DeepPCB,test,01_PCB__965.jpg,01_PCB__965.txt,6,2,3,Short,349,31,373,71,640,640,224,224,bbox_crop,/Users/user/Deep-Learning-PCB-Defect-Detection/outputs/stage2/processed_images/test/Short/DeepPCB_test_01_PCB__965_defect_6.png
DeepPCB,test,01_PCB__965.jpg,01_PCB__965.txt,7,5,5,Spurious_copper,85,186,116,216,640,640,224,224,bbox_crop,/Users/user/Deep-Learning-PCB-Defect-Detection/outputs/stage2/processed_images/test/Spurious_copper/DeepPCB_test_01_PCB__965_defect_7.png
DeepPCB,test,01_PCB__969.jpg,01_PCB__969.txt,1,1,2,Open_circuit,231,427,269,460,640,640,224,224,bbox_crop,/Users/user/Deep-Learning-PCB-Defect-Detection/outputs/stage2/processed_images/test/Open_circuit/DeepPCB_test_01_PCB__969_defect_1.png
DeepPCB,test,01_PCB__969.jpg,01_PCB__969.txt,2,2,3,Short,168,354,194,391,640,640,224,224,bbox_crop,/Users/user/Deep-Learning-PCB-Defect-Detection/outputs/stage2/processed_images/test/Short/DeepPCB_test_01_PCB__969_defect_2.png
DeepPCB,test,01_PCB__969.jpg,01_PCB__969.txt,3,3,1,Mouse_bite,365,303,394,332,640,640,224,224,bbox_crop,/Users/user/Deep-Learning-PCB-Defect-Detection/outputs/stage2/processed_images/test/Mouse_bite/DeepPCB_test_01_PCB__969_defect_3.png
DeepPCB,test,01_PCB__969.jpg,01_PCB__969.txt,4,5,5,Spurious_copper,494,426,527,457,640,640,224,224,bbox_crop,/Users/user/Deep-Learning-PCB-Defect-Detection/outputs/stage2/processed_images/test/Spurious_copper/DeepPCB_test_01_PCB__969_defect_4.png
DeepPCB,test,01_PCB__969.jpg,01_PCB__969.txt,5,4,4,Spur,284,307,315,338,640,640,224,224,bbox_crop,/Users/user/Deep-Learning-PCB-Defect-Detection/outputs/stage2/processed_images/test/Spur/DeepPCB_test_01_PCB__969_defect_5.png
DeepPCB,test,01_PCB__969.jpg,01_PCB__969.txt,6,2,3,Short,299,352,333,388,640,640,224,224,bbox_crop,/Users/user/Deep-Learning-PCB-Defect-Detection/outputs/stage2/processed_images/test/Short/DeepPCB_test_01_PCB__969_defect_6.png
DeepPCB,test,01_PCB__969.jpg,01_PCB__969.txt,7,1,2,Open_circuit,144,296,188,334,640,640,224,224,bbox_crop,/Users/user/Deep-Learning-PCB-Defect-Detection/outputs/stage2/processed_images/test/Open_circuit/DeepPCB_test_01_PCB__969_defect_7.png
DeepPCB,test,01_PCB__969.jpg,01_PCB__969.txt,8,1,2,Open_circuit,497,299,532,330,640,640,224,224,bbox_crop,/Users/user/Deep-Learning-PCB-Defect-Detection/outputs/stage2/processed_images/test/Open_circuit/DeepPCB_test_01_PCB__969_defect_8.png
DeepPCB,test,01_PCB__970.jpg,01_PCB__970.txt,1,1,2,Open_circuit,342,125,381,155,640,640,224,224,bbox_crop,/Users/user/Deep-Learning-PCB-Defect-Detection/outputs/stage2/processed_images/test/Open_circuit/DeepPCB_test_01_PCB__970_defect_1.png
DeepPCB,test,01_PCB__970.jpg,01_PCB__970.txt,2,2,3,Short,418,296,468,323,640,640,224,224,bbox_crop,/Users/user/Deep-Learning-PCB-Defect-Detection/outputs/stage2/processed_images/test/Short/DeepPCB_test_01_PCB__970_defect_2.png
DeepPCB,test,01_PCB__970.jpg,01_PCB__970.txt,3,3,1,Mouse_bite,41,304,66,332,640,640,224,224,bbox_crop,/Users/user/Deep-Learning-PCB-Defect-Detection/outputs/stage2/processed_images/test/Mouse_bite/DeepPCB_test_01_PCB__970_defect_3.png
DeepPCB,test,01_PCB__970.jpg,01_PCB__970.txt,4,2,3,Short,451,148,499,172,640,640,224,224,bbox_crop,/Users/user/Deep-Learning-PCB-Defect-Detection/outputs/stage2/processed_images/test/Short/DeepPCB_test_01_PCB__970_defect_4.png
DeepPCB,test,01_PCB__970.jpg,01_PCB__970.txt,5,4,4,Spur,175,80,211,110,640,640,224,224,bbox_crop,/Users/user/Deep-Learning-PCB-Defect-Detection/outputs/stage2/processed_images/test/Spur/DeepPCB_test_01_PCB__970_defect_5.png
DeepPCB,test,01_PCB__98.jpg,01_PCB__98.txt,1,1,2,Open_circuit,195,385,234,415,640,640,224,224,bbox_crop,/Users/user/Deep-Learning-PCB-Defect-Detection/outputs/stage2/processed_images/test/Open_circuit/DeepPCB_test_01_PCB__98_defect_1.png
DeepPCB,test,01_PCB__98.jpg,01_PCB__98.txt,2,2,3,Short,407,437,451,463,640,640,224,224,bbox_crop,/Users/user/Deep-Learning-PCB-Defect-Detection/outputs/stage2/processed_images/test/Short/DeepPCB_test_01_PCB__98_defect_2.png
DeepPCB,test,01_PCB__98.jpg,01_PCB__98.txt,3,2,3,Short,38,540,93,571,640,640,224,224,bbox_crop,/Users/user/Deep-Learning-PCB-Defect-Detection/outputs/stage2/processed_images/test/Short/DeepPCB_test_01_PCB__98_defect_3.png
DeepPCB,test,01_PCB__98.jpg,01_PCB__98.txt,4,3,1,Mouse_bite,315,505,347,532,640,640,224,224,bbox_crop,/Users/user/Deep-Learning-PCB-Defect-Detection/outputs/stage2/processed_images/test/Mouse_bite/DeepPCB_test_01_PCB__98_defect_4.png
DeepPCB,test,01_PCB__98.jpg,01_PCB__98.txt,5,3,1,Mouse_bite,475,301,502,330,640,640,224,224,bbox_crop,/Users/user/Deep-Learning-PCB-Defect-Detection/outputs/stage2/processed_images/test/Mouse_bite/DeepPCB_test_01_PCB__98_defect_5.png
DeepPCB,test,01_PCB__98.jpg,01_PCB__98.txt,6,6,0,Missing_hole,219,192,273,221,640,640,224,224,bbox_crop,/Users/user/Deep-Learning-PCB-Defect-Detection/outputs/stage2/processed_images/test/Missing_hole/DeepPCB_test_01_PCB__98_defect_6.png
DeepPCB,test,01_PCB__98.jpg,01_PCB__98.txt,7,5,5,Spurious_copper,187,293,230,333,640,640,224,224,bbox_crop,/Users/user/Deep-Learning-PCB-Defect-Detection/outputs/stage2/processed_images/test/Spurious_copper/DeepPCB_test_01_PCB__98_defect_7.png
DeepPCB,test,01_PCB__983.jpg,01_PCB__983.txt,1,1,2,Open_circuit,257,175,304,209,640,640,224,224,bbox_crop,/Users/user/Deep-Learning-PCB-Defect-Detection/outputs/stage2/processed_images/test/Open_circuit/DeepPCB_test_01_PCB__983_defect_1.png
DeepPCB,test,01_PCB__983.jpg,01_PCB__983.txt,2,2,3,Short,367,411,419,435,640,640,224,224,bbox_crop,/Users/user/Deep-Learning-PCB-Defect-Detection/outputs/stage2/processed_images/test/Short/DeepPCB_test_01_PCB__983_defect_2.png
DeepPCB,test,01_PCB__983.jpg,01_PCB__983.txt,3,3,1,Mouse_bite,291,474,317,501,640,640,224,224,bbox_crop,/Users/user/Deep-Learning-PCB-Defect-Detection/outputs/stage2/processed_images/test/Mouse_bite/DeepPCB_test_01_PCB__983_defect_3.png
DeepPCB,test,01_PCB__983.jpg,01_PCB__983.txt,4,3,1,Mouse_bite,399,249,426,280,640,640,224,224,bbox_crop,/Users/user/Deep-Learning-PCB-Defect-Detection/outputs/stage2/processed_images/test/Mouse_bite/DeepPCB_test_01_PCB__983_defect_4.png
DeepPCB,test,01_PCB__983.jpg,01_PCB__983.txt,5,4,4,Spur,390,176,418,206,640,640,224,224,bbox_crop,/Users/user/Deep-Learning-PCB-Defect-Detection/outputs/stage2/processed_images/test/Spur/DeepPCB_test_01_PCB__983_defect_5.png
DeepPCB,test,01_PCB__983.jpg,01_PCB__983.txt,6,5,5,Spurious_copper,138,198,165,226,640,640,224,224,bbox_crop,/Users/user/Deep-Learning-PCB-Defect-Detection/outputs/stage2/processed_images/test/Spurious_copper/DeepPCB_test_01_PCB__983_defect_6.png
DeepPCB,test,01_PCB__983.jpg,01_PCB__983.txt,7,4,4,Spur,264,401,290,429,640,640,224,224,bbox_crop,/Users/user/Deep-Learning-PCB-Defect-Detection/outputs/stage2/processed_images/test/Spur/DeepPCB_test_01_PCB__983_defect_7.png
DeepPCB,test,01_PCB__983.jpg,01_PCB__983.txt,8,2,3,Short,364,294,416,318,640,640,224,224,bbox_crop,/Users/user/Deep-Learning-PCB-Defect-Detection/outputs/stage2/processed_images/test/Short/DeepPCB_test_01_PCB__983_defect_8.png
DeepPCB,test,01_PCB__983.jpg,01_PCB__983.txt,9,3,1,Mouse_bite,75,330,104,357,640,640,224,224,bbox_crop,/Users/user/Deep-Learning-PCB-Defect-Detection/outputs/stage2/processed_images/test/Mouse_bite/DeepPCB_test_01_PCB__983_defect_9.png
DeepPCB,test,01_PCB__987.jpg,01_PCB__987.txt,1,1,2,Open_circuit,263,63,299,90,640,640,224,224,bbox_crop,/Users/user/Deep-Learning-PCB-Defect-Detection/outputs/stage2/processed_images/test/Open_circuit/DeepPCB_test_01_PCB__987_defect_1.png
DeepPCB,test,01_PCB__987.jpg,01_PCB__987.txt,2,2,3,Short,201,266,251,294,640,640,224,224,bbox_crop,/Users/user/Deep-Learning-PCB-Defect-Detection/outputs/stage2/processed_images/test/Short/DeepPCB_test_01_PCB__987_defect_2.png
DeepPCB,test,01_PCB__987.jpg,01_PCB__987.txt,3,3,1,Mouse_bite,296,350,322,376,640,640,224,224,bbox_crop,/Users/user/Deep-Learning-PCB-Defect-Detection/outputs/stage2/processed_images/test/Mouse_bite/DeepPCB_test_01_PCB__987_defect_3.png
DeepPCB,test,01_PCB__987.jpg,01_PCB__987.txt,4,4,4,Spur,419,333,448,361,640,640,224,224,bbox_crop,/Users/user/Deep-Learning-PCB-Defect-Detection/outputs/stage2/processed_images/test/Spur/DeepPCB_test_01_PCB__987_defect_4.png
DeepPCB,test,01_PCB__987.jpg,01_PCB__987.txt,5,5,5,Spurious_copper,341,236,370,267,640,640,224,224,bbox_crop,/Users/user/Deep-Learning-PCB-Defect-Detection/outputs/stage2/processed_images/test/Spurious_copper/DeepPCB_test_01_PCB__987_defect_5.png
DeepPCB,test,01_PCB__987.jpg,01_PCB__987.txt,6,6,0,Missing_hole,260,165,291,192,640,640,224,224,bbox_crop,/Users/user/Deep-Learning-PCB-Defect-Detection/outputs/stage2/processed_images/test/Missing_hole/DeepPCB_test_01_PCB__987_defect_6.png
DeepPCB,test,01_PCB__987.jpg,01_PCB__987.txt,7,3,1,Mouse_bite,139,327,166,356,640,640,224,224,bbox_crop,/Users/user/Deep-Learning-PCB-Defect-Detection/outputs/stage2/processed_images/test/Mouse_bite/DeepPCB_test_01_PCB__987_defect_7.png
DeepPCB,test,01_PCB__987.jpg,01_PCB__987.txt,8,2,3,Short,324,367,350,410,640,640,224,224,bbox_crop,/Users/user/Deep-Learning-PCB-Defect-Detection/outputs/stage2/processed_images/test/Short/DeepPCB_test_01_PCB__987_defect_8.png
DeepPCB,test,01_PCB__987.jpg,01_PCB__987.txt,9,1,2,Open_circuit,403,53,437,87,640,640,224,224,bbox_crop,/Users/user/Deep-Learning-PCB-Defect-Detection/outputs/stage2/processed_images/test/Open_circuit/DeepPCB_test_01_PCB__987_defect_9.png
DeepPCB,test,01_PCB__988.jpg,01_PCB__988.txt,1,1,2,Open_circuit,289,178,322,209,640,640,224,224,bbox_crop,/Users/user/Deep-Learning-PCB-Defect-Detection/outputs/stage2/processed_images/test/Open_circuit/DeepPCB_test_01_PCB__988_defect_1.png
DeepPCB,test,01_PCB__988.jpg,01_PCB__988.txt,2,2,3,Short,463,126,516,151,640,640,224,224,bbox_crop,/Users/user/Deep-Learning-PCB-Defect-Detection/outputs/stage2/processed_images/test/Short/DeepPCB_test_01_PCB__988_defect_2.png
DeepPCB,test,01_PCB__988.jpg,01_PCB__988.txt,3,3,1,Mouse_bite,407,384,432,412,640,640,224,224,bbox_crop,/Users/user/Deep-Learning-PCB-Defect-Detection/outputs/stage2/processed_images/test/Mouse_bite/DeepPCB_test_01_PCB__988_defect_3.png
DeepPCB,test,01_PCB__988.jpg,01_PCB__988.txt,4,3,1,Mouse_bite,296,21,323,47,640,640,224,224,bbox_crop,/Users/user/Deep-Learning-PCB-Defect-Detection/outputs/stage2/processed_images/test/Mouse_bite/DeepPCB_test_01_PCB__988_defect_4.png
DeepPCB,test,01_PCB__988.jpg,01_PCB__988.txt,5,4,4,Spur,199,184,227,212,640,640,224,224,bbox_crop,/Users/user/Deep-Learning-PCB-Defect-Detection/outputs/stage2/processed_images/test/Spur/DeepPCB_test_01_PCB__988_defect_5.png
DeepPCB,test,01_PCB__988.jpg,01_PCB__988.txt,6,3,1,Mouse_bite,526,327,551,352,640,640,224,224,bbox_crop,/Users/user/Deep-Learning-PCB-Defect-Detection/outputs/stage2/processed_images/test/Mouse_bite/DeepPCB_test_01_PCB__988_defect_6.png
DeepPCB,test,01_PCB__988.jpg,01_PCB__988.txt,7,5,5,Spurious_copper,302,221,335,255,640,640,224,224,bbox_crop,/Users/user/Deep-Learning-PCB-Defect-Detection/outputs/stage2/processed_images/test/Spurious_copper/DeepPCB_test_01_PCB__988_defect_7.png
DeepPCB,test,01_PCB__990.jpg,01_PCB__990.txt,1,1,2,Open_circuit,147,431,182,459,640,640,224,224,bbox_crop,/Users/user/Deep-Learning-PCB-Defect-Detection/outputs/stage2/processed_images/test/Open_circuit/DeepPCB_test_01_PCB__990_defect_1.png
DeepPCB,test,01_PCB__990.jpg,01_PCB__990.txt,2,1,2,Open_circuit,323,430,361,458,640,640,224,224,bbox_crop,/Users/user/Deep-Learning-PCB-Defect-Detection/outputs/stage2/processed_images/test/Open_circuit/DeepPCB_test_01_PCB__990_defect_2.png
DeepPCB,test,01_PCB__990.jpg,01_PCB__990.txt,3,3,1,Mouse_bite,387,481,416,504,640,640,224,224,bbox_crop,/Users/user/Deep-Learning-PCB-Defect-Detection/outputs/stage2/processed_images/test/Mouse_bite/DeepPCB_test_01_PCB__990_defect_3.png
DeepPCB,test,01_PCB__990.jpg,01_PCB__990.txt,4,3,1,Mouse_bite,401,434,431,458,640,640,224,224,bbox_crop,/Users/user/Deep-Learning-PCB-Defect-Detection/outputs/stage2/processed_images/test/Mouse_bite/DeepPCB_test_01_PCB__990_defect_4.png
DeepPCB,test,01_PCB__990.jpg,01_PCB__990.txt,5,4,4,Spur,242,470,274,498,640,640,224,224,bbox_crop,/Users/user/Deep-Learning-PCB-Defect-Detection/outputs/stage2/processed_images/test/Spur/DeepPCB_test_01_PCB__990_defect_5.png
DeepPCB,test,01_PCB__990.jpg,01_PCB__990.txt,6,5,5,Spurious_copper,128,582,159,617,640,640,224,224,bbox_crop,/Users/user/Deep-Learning-PCB-Defect-Detection/outputs/stage2/processed_images/test/Spurious_copper/DeepPCB_test_01_PCB__990_defect_6.png
DeepPCB,test,01_PCB__990.jpg,01_PCB__990.txt,7,5,5,Spurious_copper,504,606,536,636,640,640,224,224,bbox_crop,/Users/user/Deep-Learning-PCB-Defect-Detection/outputs/stage2/processed_images/test/Spurious_copper/DeepPCB_test_01_PCB__990_defect_7.png
DeepPCB,test,01_PCB__990.jpg,01_PCB__990.txt,8,3,1,Mouse_bite,346,594,373,622,640,640,224,224,bbox_crop,/Users/user/Deep-Learning-PCB-Defect-Detection/outputs/stage2/processed_images/test/Mouse_bite/DeepPCB_test_01_PCB__990_defect_8.png
DeepPCB,test,01_PCB__990.jpg,01_PCB__990.txt,9,2,3,Short,81,435,107,474,640,640,224,224,bbox_crop,/Users/user/Deep-Learning-PCB-Defect-Detection/outputs/stage2/processed_images/test/Short/DeepPCB_test_01_PCB__990_defect_9.png
DeepPCB,test,01_PCB__992.jpg,01_PCB__992.txt,1,1,2,Open_circuit,316,234,349,270,640,640,224,224,bbox_crop,/Users/user/Deep-Learning-PCB-Defect-Detection/outputs/stage2/processed_images/test/Open_circuit/DeepPCB_test_01_PCB__992_defect_1.png
DeepPCB,test,01_PCB__992.jpg,01_PCB__992.txt,2,2,3,Short,324,134,376,161,640,640,224,224,bbox_crop,/Users/user/Deep-Learning-PCB-Defect-Detection/outputs/stage2/processed_images/test/Short/DeepPCB_test_01_PCB__992_defect_2.png
DeepPCB,test,01_PCB__992.jpg,01_PCB__992.txt,3,4,4,Spur,158,135,189,161,640,640,224,224,bbox_crop,/Users/user/Deep-Learning-PCB-Defect-Detection/outputs/stage2/processed_images/test/Spur/DeepPCB_test_01_PCB__992_defect_3.png
DeepPCB,test,01_PCB__992.jpg,01_PCB__992.txt,4,5,5,Spurious_copper,137,516,165,545,640,640,224,224,bbox_crop,/Users/user/Deep-Learning-PCB-Defect-Detection/outputs/stage2/processed_images/test/Spurious_copper/DeepPCB_test_01_PCB__992_defect_4.png
DeepPCB,test,01_PCB__992.jpg,01_PCB__992.txt,5,4,4,Spur,256,434,287,468,640,640,224,224,bbox_crop,/Users/user/Deep-Learning-PCB-Defect-Detection/outputs/stage2/processed_images/test/Spur/DeepPCB_test_01_PCB__992_defect_5.png
DeepPCB,test,01_PCB__992.jpg,01_PCB__992.txt,6,3,1,Mouse_bite,158,333,187,360,640,640,224,224,bbox_crop,/Users/user/Deep-Learning-PCB-Defect-Detection/outputs/stage2/processed_images/test/Mouse_bite/DeepPCB_test_01_PCB__992_defect_6.png
DeepPCB,test,01_PCB__992.jpg,01_PCB__992.txt,7,1,2,Open_circuit,289,290,321,324,640,640,224,224,bbox_crop,/Users/user/Deep-Learning-PCB-Defect-Detection/outputs/stage2/processed_images/test/Open_circuit/DeepPCB_test_01_PCB__992_defect_7.png
DeepPCB,test,01_PCB__992.jpg,01_PCB__992.txt,8,1,2,Open_circuit,160,218,194,252,640,640,224,224,bbox_crop,/Users/user/Deep-Learning-PCB-Defect-Detection/outputs/stage2/processed_images/test/Open_circuit/DeepPCB_test_01_PCB__992_defect_8.png
DeepPCB,test,01_PCB__992.jpg,01_PCB__992.txt,9,6,0,Missing_hole,59,461,89,501,640,640,224,224,bbox_crop,/Users/user/Deep-Learning-PCB-Defect-Detection/outputs/stage2/processed_images/test/Missing_hole/DeepPCB_test_01_PCB__992_defect_9.png
DeepPCB,test,01_PCB__993.jpg,01_PCB__993.txt,1,1,2,Open_circuit,133,84,169,112,640,640,224,224,bbox_crop,/Users/user/Deep-Learning-PCB-Defect-Detection/outputs/stage2/processed_images/test/Open_circuit/DeepPCB_test_01_PCB__993_defect_1.png
DeepPCB,test,01_PCB__993.jpg,01_PCB__993.txt,2,2,3,Short,76,154,128,193,640,640,224,224,bbox_crop,/Users/user/Deep-Learning-PCB-Defect-Detection/outputs/stage2/processed_images/test/Short/DeepPCB_test_01_PCB__993_defect_2.png
DeepPCB,test,01_PCB__993.jpg,01_PCB__993.txt,3,3,1,Mouse_bite,454,247,482,271,640,640,224,224,bbox_crop,/Users/user/Deep-Learning-PCB-Defect-Detection/outputs/stage2/processed_images/test/Mouse_bite/DeepPCB_test_01_PCB__993_defect_3.png
DeepPCB,test,01_PCB__993.jpg,01_PCB__993.txt,4,4,4,Spur,429,210,462,240,640,640,224,224,bbox_crop,/Users/user/Deep-Learning-PCB-Defect-Detection/outputs/stage2/processed_images/test/Spur/DeepPCB_test_01_PCB__993_defect_4.png
DeepPCB,test,01_PCB__993.jpg,01_PCB__993.txt,5,4,4,Spur,264,210,292,237,640,640,224,224,bbox_crop,/Users/user/Deep-Learning-PCB-Defect-Detection/outputs/stage2/processed_images/test/Spur/DeepPCB_test_01_PCB__993_defect_5.png
DeepPCB,test,01_PCB__993.jpg,01_PCB__993.txt,6,3,1,Mouse_bite,332,127,364,153,640,640,224,224,bbox_crop,/Users/user/Deep-Learning-PCB-Defect-Detection/outputs/stage2/processed_images/test/Mouse_bite/DeepPCB_test_01_PCB__993_defect_6.png
DeepPCB,test,01_PCB__993.jpg,01_PCB__993.txt,7,3,1,Mouse_bite,403,97,430,122,640,640,224,224,bbox_crop,/Users/user/Deep-Learning-PCB-Defect-Detection/outputs/stage2/processed_images/test/Mouse_bite/DeepPCB_test_01_PCB__993_defect_7.png
DeepPCB,test,01_PCB__995.jpg,01_PCB__995.txt,1,1,2,Open_circuit,243,291,302,325,640,640,224,224,bbox_crop,/Users/user/Deep-Learning-PCB-Defect-Detection/outputs/stage2/processed_images/test/Open_circuit/DeepPCB_test_01_PCB__995_defect_1.png
DeepPCB,test,01_PCB__995.jpg,01_PCB__995.txt,2,2,3,Short,248,366,274,409,640,640,224,224,bbox_crop,/Users/user/Deep-Learning-PCB-Defect-Detection/outputs/stage2/processed_images/test/Short/DeepPCB_test_01_PCB__995_defect_2.png
DeepPCB,test,01_PCB__995.jpg,01_PCB__995.txt,3,2,3,Short,299,480,338,538,640,640,224,224,bbox_crop,/Users/user/Deep-Learning-PCB-Defect-Detection/outputs/stage2/processed_images/test/Short/DeepPCB_test_01_PCB__995_defect_3.png
DeepPCB,test,01_PCB__995.jpg,01_PCB__995.txt,4,2,3,Short,91,348,138,382,640,640,224,224,bbox_crop,/Users/user/Deep-Learning-PCB-Defect-Detection/outputs/stage2/processed_images/test/Short/DeepPCB_test_01_PCB__995_defect_4.png
DeepPCB,test,01_PCB__995.jpg,01_PCB__995.txt,5,3,1,Mouse_bite,293,365,324,392,640,640,224,224,bbox_crop,/Users/user/Deep-Learning-PCB-Defect-Detection/outputs/stage2/processed_images/test/Mouse_bite/DeepPCB_test_01_PCB__995_defect_5.png
DeepPCB,test,01_PCB__995.jpg,01_PCB__995.txt,6,5,5,Spurious_copper,274,263,305,294,640,640,224,224,bbox_crop,/Users/user/Deep-Learning-PCB-Defect-Detection/outputs/stage2/processed_images/test/Spurious_copper/DeepPCB_test_01_PCB__995_defect_6.png
DeepPCB,test,01_PCB__995.jpg,01_PCB__995.txt,7,5,5,Spurious_copper,461,518,490,545,640,640,224,224,bbox_crop,/Users/user/Deep-Learning-PCB-Defect-Detection/outputs/stage2/processed_images/test/Spurious_copper/DeepPCB_test_01_PCB__995_defect_7.png
DeepPCB,test,01_PCB__995.jpg,01_PCB__995.txt,8,2,3,Short,159,297,186,341,640,640,224,224,bbox_crop,/Users/user/Deep-Learning-PCB-Defect-Detection/outputs/stage2/processed_images/test/Short/DeepPCB_test_01_PCB__995_defect_8.png
