split,image_name,image_path,label_path,source_image_name,source_width,source_height,source_mode,output_width,output_height,scale_x,scale_y,offset_x,offset_y,num_boxes
train,01_PCB__1.jpg,train/images/01_PCB__1.jpg,train/labels/01_PCB__1.txt,01_PCB__1.jpg,640,640,L,640,640,1.0,1.0,0.0,0.0,10
train,01_PCB__100.jpg,train/images/01_PCB__100.jpg,train/labels/01_PCB__100.txt,01_PCB__100.jpg,640,640,L,640,640,1.0,1.0,0.0,0.0,7
train,01_PCB__1000.jpg,train/images/01_PCB__1000.jpg,train/labels/01_PCB__1000.txt,01_PCB__1000.jpg,640,640,L,640,640,1.0,1.0,0.0,0.0,8
train,01_PCB__1002.jpg,train/images/01_PCB__1002.jpg,train/labels/01_PCB__1002.txt,01_PCB__1002.jpg,640,640,L,640,640,1.0,1.0,0.0,0.0,6
train,01_PCB__1004.jpg,train/images/01_PCB__1004.jpg,train/labels/01_PCB__1004.txt,01_PCB__1004.jpg,640,640,L,640,640,1.0,1.0,0.0,0.0,7
train,01_PCB__1005.jpg,train/images/01_PCB__1005.jpg,train/labels/01_PCB__1005.txt,01_PCB__1005.jpg,640,640,L,640,640,1.0,1.0,0.0,0.0,9
train,01_PCB__1006.jpg,train/images/01_PCB__1006.jpg,train/labels/01_PCB__1006.txt,01_PCB__1006.jpg,640,640,L,640,640,1.0,1.0,0.0,0.0,10
train,01_PCB__1007.jpg,train/images/01_PCB__1007.jpg,train/labels/01_PCB__1007.txt,01_PCB__1007.jpg,640,640,L,640,640,1.0,1.0,0.0,0.0,2
train,01_PCB__1008.jpg,train/images/01_PCB__1008.jpg,train/labels/01_PCB__1008.txt,01_PCB__1008.jpg,640,640,L,640,640,1.0,1.0,0.0,0.0,4
train,01_PCB__1009.jpg,train/images/01_PCB__1009.jpg,train/labels/01_PCB__1009.txt,01_PCB__1009.jpg,640,640,L,640,640,1.0,1.0,0.0,0.0,6
train,01_PCB__1011.jpg,train/images/01_PCB__1011.jpg,train/labels/01_PCB__1011.txt,01_PCB__1011.jpg,640,640,L,640,640,1.0,1.0,0.0,0.0,7
train,01_PCB__1012.jpg,train/images/01_PCB__1012.jpg,train/labels/01_PCB__1012.txt,01_PCB__1012.jpg,640,640,L,640,640,1.0,1.0,0.0,0.0,5
train,01_PCB__1013.jpg,train/images/01_PCB__1013.jpg,train/labels/01_PCB__1013.txt,01_PCB__1013.jpg,640,640,L,640,640,1.0,1.0,0.0,0.0,9
train,01_PCB__1014.jpg,train/images/01_PCB__1014.jpg,train/labels/01_PCB__1014.txt,01_PCB__1014.jpg,640,640,L,640,640,1.0,1.0,0.0,0.0,7
train,01_PCB__1015.jpg,train/images/01_PCB__1015.jpg,train/labels/01_PCB__1015.txt,01_PCB__1015.jpg,640,640,L,640,640,1.0,1.0,0.0,0.0,4
train,01_PCB__1016.jpg,train/images/01_PCB__1016.jpg,train/labels/01_PCB__1016.txt,01_PCB__1016.jpg,640,640,L,640,640,1.0,1.0,0.0,0.0,2
train,01_PCB__1017.jpg,train/images/01_PCB__1017.jpg,train/labels/01_PCB__1017.txt,01_PCB__1017.jpg,640,640,L,640,640,1.0,1.0,0.0,0.0,6
train,01_PCB__1018.jpg,train/images/01_PCB__1018.jpg,train/labels/01_PCB__1018.txt,01_PCB__1018.jpg,640,640,L,640,640,1.0,1.0,0.0,0.0,7
train,01_PCB__102.jpg,train/images/01_PCB__102.jpg,train/labels/01_PCB__102.txt,01_PCB__102.jpg,640,640,RGB,640,640,1.0,1.0,0.0,0.0,8
train,01_PCB__1020.jpg,train/images/01_PCB__1020.jpg,train/labels/01_PCB__1020.txt,01_PCB__1020.jpg,640,640,L,640,640,1.0,1.0,0.0,0.0,5
train,01_PCB__1021.jpg,train/images/01_PCB__1021.jpg,train/labels/01_PCB__1021.txt,01_PCB__1021.jpg,640,640,L,640,640,1.0,1.0,0.0,0.0,8
train,01_PCB__1022.jpg,train/images/01_PCB__1022.jpg,train/labels/01_PCB__1022.txt,01_PCB__1022.jpg,640,640,L,640,640,1.0,1.0,0.0,0.0,10
train,01_PCB__1023.jpg,train/images/01_PCB__1023.jpg,train/labels/01_PCB__1023.txt,01_PCB__1023.jpg,640,640,L,640,640,1.0,1.0,0.0,0.0,10
train,01_PCB__1024.jpg,train/images/01_PCB__1024.jpg,train/labels/01_PCB__1024.txt,01_PCB__1024.jpg,640,640,L,640,640,1.0,1.0,0.0,0.0,6
train,01_PCB__1026.jpg,train/images/01_PCB__1026.jpg,train/labels/01_PCB__1026.txt,01_PCB__1026.jpg,640,640,L,640,640,1.0,1.0,0.0,0.0,6
train,01_PCB__1027.jpg,train/images/01_PCB__1027.jpg,train/labels/01_PCB__1027.txt,01_PCB__1027.jpg,640,640,L,640,640,1.0,1.0,0.0,0.0,6
train,01_PCB__1028.jpg,train/images/01_PCB__1028.jpg,train/labels/01_PCB__1028.txt,01_PCB__1028.jpg,640,640,L,640,640,1.0,1.0,0.0,0.0,7
train,01_PCB__1029.jpg,train/images/01_PCB__1029.jpg,train/labels/01_PCB__1029.txt,01_PCB__1029.jpg,640,640,L,640,640,1.0,1.0,0.0,0.0,8
train,01_PCB__103.jpg,train/images/01_PCB__103.jpg,train/labels/01_PCB__103.txt,01_PCB__103.jpg,640,640,L,640,640,1.0,1.0,0.0,0.0,8
train,01_PCB__1030.jpg,train/images/01_PCB__1030.jpg,train/labels/01_PCB__1030.txt,01_PCB__1030.jpg,640,640,RGB,640,640,1.0,1.0,0.0,0.0,9
train,01_PCB__1031.jpg,train/images/01_PCB__1031.jpg,train/labels/01_PCB__1031.txt,01_PCB__1031.jpg,640,640,L,640,640,1.0,1.0,0.0,0.0,7
train,01_PCB__1032.jpg,train/images/01_PCB__1032.jpg,train/labels/01_PCB__1032.txt,01_PCB__1032.jpg,640,640,L,640,640,1.0,1.0,0.0,0.0,6
train,01_PCB__1034.jpg,train/images/01_PCB__1034.jpg,train/labels/01_PCB__1034.txt,01_PCB__1034.jpg,640,640,L,640,640,1.0,1.0,0.0,0.0,10
train,01_PCB__1035.jpg,train/images/01_PCB__1035.jpg,train/labels/01_PCB__1035.txt,01_PCB__1035.jpg,640,640,L,640,640,1.0,1.0,0.0,0.0,8
train,01_PCB__1036.jpg,train/images/01_PCB__1036.jpg,train/labels/01_PCB__1036.txt,01_PCB__1036.jpg,640,640,L,640,640,1.0,1.0,0.0,0.0,7
train,01_PCB__1038.jpg,train/images/01_PCB__1038.jpg,train/labels/01_PCB__1038.txt,01_PCB__1038.jpg,640,640,L,640,640,1.0,1.0,0.0,0.0,9
train,01_PCB__1039.jpg,train/images/01_PCB__1039.jpg,train/labels/01_PCB__1039.txt,01_PCB__1039.jpg,640,640,L,640,640,1.0,1.0,0.0,0.0,8
train,01_PCB__104.jpg,train/images/01_PCB__104.jpg,train/labels/01_PCB__104.txt,01_PCB__104.jpg,640,640,L,640,640,1.0,1.0,0.0,0.0,9
train,01_PCB__1040.jpg,train/images/01_PCB__1040.jpg,train/labels/01_PCB__1040.txt,01_PCB__1040.jpg,640,640,L,640,640,1.0,1.0,0.0,0.0,6
train,01_PCB__1041.jpg,train/images/01_PCB__1041.jpg,train/labels/01_PCB__1041.txt,01_PCB__1041.jpg,640,640,RGB,640,640,1.0,1.0,0.0,0.0,9
train,01_PCB__1042.jpg,train/images/01_PCB__1042.jpg,train/labels/01_PCB__1042.txt,01_PCB__1042.jpg,640,640,L,640,640,1.0,1.0,0.0,0.0,7
train,01_PCB__1043.jpg,train/images/01_PCB__1043.jpg,train/labels/01_PCB__1043.txt,01_PCB__1043.jpg,640,640,L,640,640,1.0,1.0,0.0,0.0,7
train,01_PCB__1045.jpg,train/images/01_PCB__1045.jpg,train/labels/01_PCB__1045.txt,01_PCB__1045.jpg,640,640,L,640,640,1.0,1.0,0.0,0.0,6
train,01_PCB__1046.jpg,train/images/01_PCB__1046.jpg,train/labels/01_PCB__1046.txt,01_PCB__1046.jpg,640,640,L,640,640,1.0,1.0,0.0,0.0,6
train,01_PCB__1048.jpg,train/images/01_PCB__1048.jpg,train/labels/01_PCB__1048.txt,01_PCB__1048.jpg,640,640,L,640,640,1.0,1.0,0.0,0.0,7
train,01_PCB__1049.jpg,train/images/01_PCB__1049.jpg,train/labels/01_PCB__1049.txt,01_PCB__1049.jpg,640,640,L,640,640,1.0,1.0,0.0,0.0,6
train,01_PCB__105.jpg,train/images/01_PCB__105.jpg,train/labels/01_PCB__105.txt,01_PCB__105.jpg,640,640,L,640,640,1.0,1.0,0.0,0.0,8
train,01_PCB__1050.jpg,train/images/01_PCB__1050.jpg,train/labels/01_PCB__1050.txt,01_PCB__1050.jpg,640,640,L,640,640,1.0,1.0,0.0,0.0,7
train,01_PCB__1051.jpg,train/images/01_PCB__1051.jpg,train/labels/01_PCB__1051.txt,01_PCB__1051.jpg,640,640,L,640,640,1.0,1.0,0.0,0.0,6
train,01_PCB__1052.jpg,train/images/01_PCB__1052.jpg,train/labels/01_PCB__1052.txt,01_PCB__1052.jpg,640,640,L,640,640,1.0,1.0,0.0,0.0,6
train,01_PCB__1054.jpg,train/images/01_PCB__1054.jpg,train/labels/01_PCB__1054.txt,01_PCB__1054.jpg,640,640,L,640,640,1.0,1.0,0.0,0.0,7
train,01_PCB__1055.jpg,train/images/01_PCB__1055.jpg,train/labels/01_PCB__1055.txt,01_PCB__1055.jpg,640,640,L,640,640,1.0,1.0,0.0,0.0,7
train,01_PCB__1058.jpg,train/images/01_PCB__1058.jpg,train/labels/01_PCB__1058.txt,01_PCB__1058.jpg,640,640,RGB,640,640,1.0,1.0,0.0,0.0,6
train,01_PCB__1059.jpg,train/images/01_PCB__1059.jpg,train/labels/01_PCB__1059.txt,01_PCB__1059.jpg,640,640,L,640,640,1.0,1.0,0.0,0.0,7
train,01_PCB__106.jpg,train/images/01_PCB__106.jpg,train/labels/01_PCB__106.txt,01_PCB__106.jpg,640,640,L,640,640,1.0,1.0,0.0,0.0,10
train,01_PCB__1060.jpg,train/images/01_PCB__1060.jpg,train/labels/01_PCB__1060.txt,01_PCB__1060.jpg,640,640,L,640,640,1.0,1.0,0.0,0.0,6
train,01_PCB__1061.jpg,train/images/01_PCB__1061.jpg,train/labels/01_PCB__1061.txt,01_PCB__1061.jpg,640,640,RGB,640,640,1.0,1.0,0.0,0.0,9
train,01_PCB__1062.jpg,train/images/01_PCB__1062.jpg,train/labels/01_PCB__1062.txt,01_PCB__1062.jpg,640,640,L,640,640,1.0,1.0,0.0,0.0,6
train,01_PCB__1063.jpg,train/images/01_PCB__1063.jpg,train/labels/01_PCB__1063.txt,01_PCB__1063.jpg,640,640,L,640,640,1.0,1.0,0.0,0.0,7
train,01_PCB__1064.jpg,train/images/01_PCB__1064.jpg,train/labels/01_PCB__1064.txt,01_PCB__1064.jpg,640,640,L,640,640,1.0,1.0,0.0,0.0,9
train,01_PCB__1065.jpg,train/images/01_PCB__1065.jpg,train/labels/01_PCB__1065.txt,01_PCB__1065.jpg,640,640,L,640,640,1.0,1.0,0.0,0.0,9
train,01_PCB__1066.jpg,train/images/01_PCB__1066.jpg,train/labels/01_PCB__1066.txt,01_PCB__1066.jpg,640,640,L,640,640,1.0,1.0,0.0,0.0,8
train,01_PCB__1067.jpg,train/images/01_PCB__1067.jpg,train/labels/01_PCB__1067.txt,01_PCB__1067.jpg,640,640,L,640,640,1.0,1.0,0.0,0.0,7
train,01_PCB__1068.jpg,train/images/01_PCB__1068.jpg,train/labels/01_PCB__1068.txt,01_PCB__1068.jpg,640,640,L,640,640,1.0,1.0,0.0,0.0,8
train,01_PCB__1069.jpg,train/images/01_PCB__1069.jpg,train/labels/01_PCB__1069.txt,01_PCB__1069.jpg,640,640,L,640,640,1.0,1.0,0.0,0.0,8
train,01_PCB__107.jpg,train/images/01_PCB__107.jpg,train/labels/01_PCB__107.txt,01_PCB__107.jpg,640,640,L,640,640,1.0,1.0,0.0,0.0,8
train,01_PCB__1070.jpg,train/images/01_PCB__1070.jpg,train/labels/01_PCB__1070.txt,01_PCB__1070.jpg,640,640,L,640,640,1.0,1.0,0.0,0.0,9
train,01_PCB__1071.jpg,train/images/01_PCB__1071.jpg,train/labels/01_PCB__1071.txt,01_PCB__1071.jpg,640,640,L,640,640,1.0,1.0,0.0,0.0,6
train,01_PCB__1072.jpg,train/images/01_PCB__1072.jpg,train/labels/01_PCB__1072.txt,01_PCB__1072.jpg,640,640,RGB,640,640,1.0,1.0,0.0,0.0,10
train,01_PCB__1073.jpg,train/images/01_PCB__1073.jpg,train/labels/01_PCB__1073.txt,01_PCB__1073.jpg,640,640,L,640,640,1.0,1.0,0.0,0.0,7
train,01_PCB__1074.jpg,train/images/01_PCB__1074.jpg,train/labels/01_PCB__1074.txt,01_PCB__1074.jpg,640,640,L,640,640,1.0,1.0,0.0,0.0,8
train,01_PCB__1075.jpg,train/images/01_PCB__1075.jpg,train/labels/01_PCB__1075.txt,01_PCB__1075.jpg,640,640,L,640,640,1.0,1.0,0.0,0.0,7
train,01_PCB__1076.jpg,train/images/01_PCB__1076.jpg,train/labels/01_PCB__1076.txt,01_PCB__1076.jpg,640,640,L,640,640,1.0,1.0,0.0,0.0,8
train,01_PCB__1077.jpg,train/images/01_PCB__1077.jpg,train/labels/01_PCB__1077.txt,01_PCB__1077.jpg,640,640,L,640,640,1.0,1.0,0.0,0.0,6
train,01_PCB__1079.jpg,train/images/01_PCB__1079.jpg,train/labels/01_PCB__1079.txt,01_PCB__1079.jpg,640,640,L,640,640,1.0,1.0,0.0,0.0,7
train,01_PCB__108.jpg,train/images/01_PCB__108.jpg,train/labels/01_PCB__108.txt,01_PCB__108.jpg,640,640,L,640,640,1.0,1.0,0.0,0.0,7
train,01_PCB__1080.jpg,train/images/01_PCB__1080.jpg,train/labels/01_PCB__1080.txt,01_PCB__1080.jpg,640,640,L,640,640,1.0,1.0,0.0,0.0,7
train,01_PCB__1081.jpg,train/images/01_PCB__1081.jpg,train/labels/01_PCB__1081.txt,01_PCB__1081.jpg,640,640,L,640,640,1.0,1.0,0.0,0.0,7
train,01_PCB__1083.jpg,train/images/01_PCB__1083.jpg,train/labels/01_PCB__1083.txt,01_PCB__1083.jpg,640,640,L,640,640,1.0,1.0,0.0,0.0,8
train,01_PCB__1084.jpg,train/images/01_PCB__1084.jpg,train/labels/01_PCB__1084.txt,01_PCB__1084.jpg,640,640,L,640,640,1.0,1.0,0.0,0.0,6
train,01_PCB__1086.jpg,train/images/01_PCB__1086.jpg,train/labels/01_PCB__1086.txt,01_PCB__1086.jpg,640,640,L,640,640,1.0,1.0,0.0,0.0,7
train,01_PCB__1087.jpg,train/images/01_PCB__1087.jpg,train/labels/01_PCB__1087.txt,01_PCB__1087.jpg,640,640,L,640,640,1.0,1.0,0.0,0.0,7
train,01_PCB__1088.jpg,train/images/01_PCB__1088.jpg,train/labels/01_PCB__1088.txt,01_PCB__1088.jpg,640,640,RGB,640,640,1.0,1.0,0.0,0.0,8
train,01_PCB__1089.jpg,train/images/01_PCB__1089.jpg,train/labels/01_PCB__1089.txt,01_PCB__1089.jpg,640,640,L,640,640,1.0,1.0,0.0,0.0,7
train,01_PCB__109.jpg,train/images/01_PCB__109.jpg,train/labels/01_PCB__109.txt,01_PCB__109.jpg,640,640,L,640,640,1.0,1.0,0.0,0.0,9
train,01_PCB__1090.jpg,train/images/01_PCB__1090.jpg,train/labels/01_PCB__1090.txt,01_PCB__1090.jpg,640,640,L,640,640,1.0,1.0,0.0,0.0,9
train,01_PCB__1092.jpg,train/images/01_PCB__1092.jpg,train/labels/01_PCB__1092.txt,01_PCB__1092.jpg,640,640,L,640,640,1.0,1.0,0.0,0.0,7
train,01_PCB__1093.jpg,train/images/01_PCB__1093.jpg,train/labels/01_PCB__1093.txt,01_PCB__1093.jpg,640,640,RGB,640,640,1.0,1.0,0.0,0.0,9
train,01_PCB__1094.jpg,train/images/01_PCB__1094.jpg,train/labels/01_PCB__1094.txt,01_PCB__1094.jpg,640,640,L,640,640,1.0,1.0,0.0,0.0,7
train,01_PCB__1095.jpg,train/images/01_PCB__1095.jpg,train/labels/01_PCB__1095.txt,01_PCB__1095.jpg,640,640,L,640,640,1.0,1.0,0.0,0.0,9
train,01_PCB__1096.jpg,train/images/01_PCB__1096.jpg,train/labels/01_PCB__1096.txt,01_PCB__1096.jpg,640,640,L,640,640,1.0,1.0,0.0,0.0,7
train,01_PCB__1097.jpg,train/images/01_PCB__1097.jpg,train/labels/01_PCB__1097.txt,01_PCB__1097.jpg,640,640,L,640,640,1.0,1.0,0.0,0.0,8
train,01_PCB__1099.jpg,train/images/01_PCB__1099.jpg,train/labels/01_PCB__1099.txt,01_PCB__1099.jpg,640,640,L,640,640,1.0,1.0,0.0,0.0,10
train,01_PCB__11.jpg,train/images/01_PCB__11.jpg,train/labels/01_PCB__11.txt,01_PCB__11.jpg,640,640,L,640,640,1.0,1.0,0.0,0.0,9
train,01_PCB__110.jpg,train/images/01_PCB__110.jpg,train/labels/01_PCB__110.txt,01_PCB__110.jpg,640,640,L,640,640,1.0,1.0,0.0,0.0,9
train,01_PCB__1101.jpg,train/images/01_PCB__1101.jpg,train/labels/01_PCB__1101.txt,01_PCB__1101.jpg,640,640,L,640,640,1.0,1.0,0.0,0.0,7
train,01_PCB__1102.jpg,train/images/01_PCB__1102.jpg,train/labels/01_PCB__1102.txt,01_PCB__1102.jpg,640,640,L,640,640,1.0,1.0,0.0,0.0,8
train,01_PCB__1103.jpg,train/images/01_PCB__1103.jpg,train/labels/01_PCB__1103.txt,01_PCB__1103.jpg,640,640,RGB,640,640,1.0,1.0,0.0,0.0,6
train,01_PCB__1107.jpg,train/images/01_PCB__1107.jpg,train/labels/01_PCB__1107.txt,01_PCB__1107.jpg,640,640,L,640,640,1.0,1.0,0.0,0.0,8
train,01_PCB__1108.jpg,train/images/01_PCB__1108.jpg,train/labels/01_PCB__1108.txt,01_PCB__1108.jpg,640,640,L,640,640,1.0,1.0,0.0,0.0,8
train,01_PCB__1109.jpg,train/images/01_PCB__1109.jpg,train/labels/01_PCB__1109.txt,01_PCB__1109.jpg,640,640,L,640,640,1.0,1.0,0.0,0.0,8
train,01_PCB__1110.jpg,train/images/01_PCB__1110.jpg,train/labels/01_PCB__1110.txt,01_PCB__1110.jpg,640,640,L,640,640,1.0,1.0,0.0,0.0,7
train,01_PCB__1111.jpg,train/images/01_PCB__1111.jpg,train/labels/01_PCB__1111.txt,01_PCB__1111.jpg,640,640,L,640,640,1.0,1.0,0.0,0.0,6
train,01_PCB__1112.jpg,train/images/01_PCB__1112.jpg,train/labels/01_PCB__1112.txt,01_PCB__1112.jpg,640,640,L,640,640,1.0,1.0,0.0,0.0,7
train,01_PCB__1113.jpg,train/images/01_PCB__1113.jpg,train/labels/01_PCB__1113.txt,01_PCB__1113.jpg,640,640,L,640,640,1.0,1.0,0.0,0.0,8
train,01_PCB__1114.jpg,train/images/01_PCB__1114.jpg,train/labels/01_PCB__1114.txt,01_PCB__1114.jpg,640,640,L,640,640,1.0,1.0,0.0,0.0,6
train,01_PCB__1117.jpg,train/images/01_PCB__1117.jpg,train/labels/01_PCB__1117.txt,01_PCB__1117.jpg,640,640,L,640,640,1.0,1.0,0.0,0.0,7
train,01_PCB__1118.jpg,train/images/01_PCB__1118.jpg,train/labels/01_PCB__1118.txt,01_PCB__1118.jpg,640,640,L,640,640,1.0,1.0,0.0,0.0,7
train,01_PCB__1119.jpg,train/images/01_PCB__1119.jpg,train/labels/01_PCB__1119.txt,01_PCB__1119.jpg,640,640,RGB,640,640,1.0,1.0,0.0,0.0,8
train,01_PCB__1120.jpg,train/images/01_PCB__1120.jpg,train/labels/01_PCB__1120.txt,01_PCB__1120.jpg,640,640,L,640,640,1.0,1.0,0.0,0.0,9
train,01_PCB__1121.jpg,train/images/01_PCB__1121.jpg,train/labels/01_PCB__1121.txt,01_PCB__1121.jpg,640,640,L,640,640,1.0,1.0,0.0,0.0,7
train,01_PCB__1123.jpg,train/images/01_PCB__1123.jpg,train/labels/01_PCB__1123.txt,01_PCB__1123.jpg,640,640,L,640,640,1.0,1.0,0.0,0.0,6
train,01_PCB__1124.jpg,train/images/01_PCB__1124.jpg,train/labels/01_PCB__1124.txt,01_PCB__1124.jpg,640,640,L,640,640,1.0,1.0,0.0,0.0,7
train,01_PCB__1127.jpg,train/images/01_PCB__1127.jpg,train/labels/01_PCB__1127.txt,01_PCB__1127.jpg,640,640,L,640,640,1.0,1.0,0.0,0.0,6
train,01_PCB__1128.jpg,train/images/01_PCB__1128.jpg,train/labels/01_PCB__1128.txt,01_PCB__1128.jpg,640,640,L,640,640,1.0,1.0,0.0,0.0,5
train,01_PCB__1130.jpg,train/images/01_PCB__1130.jpg,train/labels/01_PCB__1130.txt,01_PCB__1130.jpg,640,640,L,640,640,1.0,1.0,0.0,0.0,5
train,01_PCB__1131.jpg,train/images/01_PCB__1131.jpg,train/labels/01_PCB__1131.txt,01_PCB__1131.jpg,640,640,L,640,640,1.0,1.0,0.0,0.0,5
train,01_PCB__1132.jpg,train/images/01_PCB__1132.jpg,train/labels/01_PCB__1132.txt,01_PCB__1132.jpg,640,640,L,640,640,1.0,1.0,0.0,0.0,5
train,01_PCB__1133.jpg,train/images/01_PCB__1133.jpg,train/labels/01_PCB__1133.txt,01_PCB__1133.jpg,640,640,L,640,640,1.0,1.0,0.0,0.0,5
train,01_PCB__1134.jpg,train/images/01_PCB__1134.jpg,train/labels/01_PCB__1134.txt,01_PCB__1134.jpg,640,640,L,640,640,1.0,1.0,0.0,0.0,5
train,01_PCB__1135.jpg,train/images/01_PCB__1135.jpg,train/labels/01_PCB__1135.txt,01_PCB__1135.jpg,640,640,L,640,640,1.0,1.0,0.0,0.0,5
train,01_PCB__1136.jpg,train/images/01_PCB__1136.jpg,train/labels/01_PCB__1136.txt,01_PCB__1136.jpg,640,640,L,640,640,1.0,1.0,0.0,0.0,6
train,01_PCB__1138.jpg,train/images/01_PCB__1138.jpg,train/labels/01_PCB__1138.txt,01_PCB__1138.jpg,640,640,L,640,640,1.0,1.0,0.0,0.0,6
train,01_PCB__1139.jpg,train/images/01_PCB__1139.jpg,train/labels/01_PCB__1139.txt,01_PCB__1139.jpg,640,640,L,640,640,1.0,1.0,0.0,0.0,5
train,01_PCB__114.jpg,train/images/01_PCB__114.jpg,train/labels/01_PCB__114.txt,01_PCB__114.jpg,640,640,L,640,640,1.0,1.0,0.0,0.0,7
train,01_PCB__1140.jpg,train/images/01_PCB__1140.jpg,train/labels/01_PCB__1140.txt,01_PCB__1140.jpg,640,640,L,640,640,1.0,1.0,0.0,0.0,5
train,01_PCB__1141.jpg,train/images/01_PCB__1141.jpg,train/labels/01_PCB__1141.txt,01_PCB__1141.jpg,640,640,L,640,640,1.0,1.0,0.0,0.0,5
train,01_PCB__1142.jpg,train/images/01_PCB__1142.jpg,train/labels/01_PCB__1142.txt,01_PCB__1142.jpg,640,640,L,640,640,1.0,1.0,0.0,0.0,6
train,01_PCB__1144.jpg,train/images/01_PCB__1144.jpg,train/labels/01_PCB__1144.txt,01_PCB__1144.jpg,640,640,L,640,640,1.0,1.0,0.0,0.0,5
train,01_PCB__1146.jpg,train/images/01_PCB__1146.jpg,train/labels/01_PCB__1146.txt,01_PCB__1146.jpg,640,640,L,640,640,1.0,1.0,0.0,0.0,7
train,01_PCB__1147.jpg,train/images/01_PCB__1147.jpg,train/labels/01_PCB__1147.txt,01_PCB__1147.jpg,640,640,L,640,640,1.0,1.0,0.0,0.0,7
train,01_PCB__1148.jpg,train/images/01_PCB__1148.jpg,train/labels/01_PCB__1148.txt,01_PCB__1148.jpg,640,640,L,640,640,1.0,1.0,0.0,0.0,5
train,01_PCB__1149.jpg,train/images/01_PCB__1149.jpg,train/labels/01_PCB__1149.txt,01_PCB__1149.jpg,640,640,L,640,640,1.0,1.0,0.0,0.0,6
train,01_PCB__115.jpg,train/images/01_PCB__115.jpg,train/labels/01_PCB__115.txt,01_PCB__115.jpg,640,640,L,640,640,1.0,1.0,0.0,0.0,9
train,01_PCB__1150.jpg,train/images/01_PCB__1150.jpg,train/labels/01_PCB__1150.txt,01_PCB__1150.jpg,640,640,L,640,640,1.0,1.0,0.0,0.0,8
train,01_PCB__1151.jpg,train/images/01_PCB__1151.jpg,train/labels/01_PCB__1151.txt,01_PCB__1151.jpg,640,640,L,640,640,1.0,1.0,0.0,0.0,5
train,01_PCB__1152.jpg,train/images/01_PCB__1152.jpg,train/labels/01_PCB__1152.txt,01_PCB__1152.jpg,640,640,L,640,640,1.0,1.0,0.0,0.0,4
train,01_PCB__1153.jpg,train/images/01_PCB__1153.jpg,train/labels/01_PCB__1153.txt,01_PCB__1153.jpg,640,640,L,640,640,1.0,1.0,0.0,0.0,6
train,01_PCB__1154.jpg,train/images/01_PCB__1154.jpg,train/labels/01_PCB__1154.txt,01_PCB__1154.jpg,640,640,L,640,640,1.0,1.0,0.0,0.0,5
train,01_PCB__1155.jpg,train/images/01_PCB__1155.jpg,train/labels/01_PCB__1155.txt,01_PCB__1155.jpg,640,640,L,640,640,1.0,1.0,0.0,0.0,5
train,01_PCB__1157.jpg,train/images/01_PCB__1157.jpg,train/labels/01_PCB__1157.txt,01_PCB__1157.jpg,640,640,L,640,640,1.0,1.0,0.0,0.0,5
train,01_PCB__1158.jpg,train/images/01_PCB__1158.jpg,train/labels/01_PCB__1158.txt,01_PCB__1158.jpg,640,640,L,640,640,1.0,1.0,0.0,0.0,8
train,01_PCB__116.jpg,train/images/01_PCB__116.jpg,train/labels/01_PCB__116.txt,01_PCB__116.jpg,640,640,L,640,640,1.0,1.0,0.0,0.0,9
train,01_PCB__1160.jpg,train/images/01_PCB__1160.jpg,train/labels/01_PCB__1160.txt,01_PCB__1160.jpg,640,640,L,640,640,1.0,1.0,0.0,0.0,5
train,01_PCB__1161.jpg,train/images/01_PCB__1161.jpg,train/labels/01_PCB__1161.txt,01_PCB__1161.jpg,640,640,L,640,640,1.0,1.0,0.0,0.0,5
train,01_PCB__1162.jpg,train/images/01_PCB__1162.jpg,train/labels/01_PCB__1162.txt,01_PCB__1162.jpg,640,640,L,640,640,1.0,1.0,0.0,0.0,6
train,01_PCB__1163.jpg,train/images/01_PCB__1163.jpg,train/labels/01_PCB__1163.txt,01_PCB__1163.jpg,640,640,L,640,640,1.0,1.0,0.0,0.0,6
train,01_PCB__1164.jpg,train/images/01_PCB__1164.jpg,train/labels/01_PCB__1164.txt,01_PCB__1164.jpg,640,640,L,640,640,1.0,1.0,0.0,0.0,6
train,01_PCB__1165.jpg,train/images/01_PCB__1165.jpg,train/labels/01_PCB__1165.txt,01_PCB__1165.jpg,640,640,L,640,640,1.0,1.0,0.0,0.0,7
train,01_PCB__1167.jpg,train/images/01_PCB__1167.jpg,train/labels/01_PCB__1167.txt,01_PCB__1167.jpg,640,640,L,640,640,1.0,1.0,0.0,0.0,6
train,01_PCB__1168.jpg,train/images/01_PCB__1168.jpg,train/labels/01_PCB__1168.txt,01_PCB__1168.jpg,640,640,L,640,640,1.0,1.0,0.0,0.0,5
train,01_PCB__117.jpg,train/images/01_PCB__117.jpg,train/labels/01_PCB__117.txt,01_PCB__117.jpg,640,640,L,640,640,1.0,1.0,0.0,0.0,9
train,01_PCB__1171.jpg,train/images/01_PCB__1171.jpg,train/labels/01_PCB__1171.txt,01_PCB__1171.jpg,640,640,L,640,640,1.0,1.0,0.0,0.0,5
train,01_PCB__1173.jpg,train/images/01_PCB__1173.jpg,train/labels/01_PCB__1173.txt,01_PCB__1173.jpg,640,640,L,640,640,1.0,1.0,0.0,0.0,5
train,01_PCB__1174.jpg,train/images/01_PCB__1174.jpg,train/labels/01_PCB__1174.txt,01_PCB__1174.jpg,640,640,L,640,640,1.0,1.0,0.0,0.0,5
train,01_PCB__1175.jpg,train/images/01_PCB__1175.jpg,train/labels/01_PCB__1175.txt,01_PCB__1175.jpg,640,640,L,640,640,1.0,1.0,0.0,0.0,6
train,01_PCB__1176.jpg,train/images/01_PCB__1176.jpg,train/labels/01_PCB__1176.txt,01_PCB__1176.jpg,640,640,L,640,640,1.0,1.0,0.0,0.0,4
train,01_PCB__1178.jpg,train/images/01_PCB__1178.jpg,train/labels/01_PCB__1178.txt,01_PCB__1178.jpg,640,640,L,640,640,1.0,1.0,0.0,0.0,6
train,01_PCB__1180.jpg,train/images/01_PCB__1180.jpg,train/labels/01_PCB__1180.txt,01_PCB__1180.jpg,640,640,L,640,640,1.0,1.0,0.0,0.0,5
train,01_PCB__1181.jpg,train/images/01_PCB__1181.jpg,train/labels/01_PCB__1181.txt,01_PCB__1181.jpg,640,640,L,640,640,1.0,1.0,0.0,0.0,6
train,01_PCB__1182.jpg,train/images/01_PCB__1182.jpg,train/labels/01_PCB__1182.txt,01_PCB__1182.jpg,640,640,L,640,640,1.0,1.0,0.0,0.0,6
train,01_PCB__1183.jpg,train/images/01_PCB__1183.jpg,train/labels/01_PCB__1183.txt,01_PCB__1183.jpg,640,640,L,640,640,1.0,1.0,0.0,0.0,6
train,01_PCB__1185.jpg,train/images/01_PCB__1185.jpg,train/labels/01_PCB__1185.txt,01_PCB__1185.jpg,640,640,L,640,640,1.0,1.0,0.0,0.0,4
train,01_PCB__1186.jpg,train/images/01_PCB__1186.jpg,train/labels/01_PCB__1186.txt,01_PCB__1186.jpg,640,640,L,640,640,1.0,1.0,0.0,0.0,5
train,01_PCB__1188.jpg,train/images/01_PCB__1188.jpg,train/labels/01_PCB__1188.txt,01_PCB__1188.jpg,640,640,L,640,640,1.0,1.0,0.0,0.0,6
train,01_PCB__1189.jpg,train/images/01_PCB__1189.jpg,train/labels/01_PCB__1189.txt,01_PCB__1189.jpg,640,640,L,640,640,1.0,1.0,0.0,0.0,5
train,01_PCB__119.jpg,train/images/01_PCB__119.jpg,train/labels/01_PCB__119.txt,01_PCB__119.jpg,640,640,L,640,640,1.0,1.0,0.0,0.0,8
train,01_PCB__1190.jpg,train/images/01_PCB__1190.jpg,train/labels/01_PCB__1190.txt,01_PCB__1190.jpg,640,640,L,640,640,1.0,1.0,0.0,0.0,5
train,01_PCB__1191.jpg,train/images/01_PCB__1191.jpg,train/labels/01_PCB__1191.txt,01_PCB__1191.jpg,640,640,L,640,640,1.0,1.0,0.0,0.0,4
train,01_PCB__1192.jpg,train/images/01_PCB__1192.jpg,train/labels/01_PCB__1192.txt,01_PCB__1192.jpg,640,640,L,640,640,1.0,1.0,0.0,0.0,6
train,01_PCB__1193.jpg,train/images/01_PCB__1193.jpg,train/labels/01_PCB__1193.txt,01_PCB__1193.jpg,640,640,L,640,640,1.0,1.0,0.0,0.0,5
train,01_PCB__1195.jpg,train/images/01_PCB__1195.jpg,train/labels/01_PCB__1195.txt,01_PCB__1195.jpg,640,640,L,640,640,1.0,1.0,0.0,0.0,5
train,01_PCB__1196.jpg,train/images/01_PCB__1196.jpg,train/labels/01_PCB__1196.txt,01_PCB__1196.jpg,640,640,L,640,640,1.0,1.0,0.0,0.0,5
train,01_PCB__1197.jpg,train/images/01_PCB__1197.jpg,train/labels/01_PCB__1197.txt,01_PCB__1197.jpg,640,640,L,640,640,1.0,1.0,0.0,0.0,6
train,01_PCB__1198.jpg,train/images/01_PCB__1198.jpg,train/labels/01_PCB__1198.txt,01_PCB__1198.jpg,640,640,L,640,640,1.0,1.0,0.0,0.0,5
train,01_PCB__1199.jpg,train/images/01_PCB__1199.jpg,train/labels/01_PCB__1199.txt,01_PCB__1199.jpg,640,640,L,640,640,1.0,1.0,0.0,0.0,6
train,01_PCB__1200.jpg,train/images/01_PCB__1200.jpg,train/labels/01_PCB__1200.txt,01_PCB__1200.jpg,640,640,L,640,640,1.0,1.0,0.0,0.0,5
train,01_PCB__1201.jpg,train/images/01_PCB__1201.jpg,train/labels/01_PCB__1201.txt,01_PCB__1201.jpg,640,640,L,640,640,1.0,1.0,0.0,0.0,7
train,01_PCB__1202.jpg,train/images/01_PCB__1202.jpg,train/labels/01_PCB__1202.txt,01_PCB__1202.jpg,640,640,L,640,640,1.0,1.0,0.0,0.0,6
train,01_PCB__1205.jpg,train/images/01_PCB__1205.jpg,train/labels/01_PCB__1205.txt,01_PCB__1205.jpg,640,640,L,640,640,1.0,1.0,0.0,0.0,5
train,01_PCB__1206.jpg,train/images/01_PCB__1206.jpg,train/labels/01_PCB__1206.txt,01_PCB__1206.jpg,640,640,RGB,640,640,1.0,1.0,0.0,0.0,5
train,01_PCB__1207.jpg,train/images/01_PCB__1207.jpg,train/labels/01_PCB__1207.txt,01_PCB__1207.jpg,640,640,L,640,640,1.0,1.0,0.0,0.0,6
train,01_PCB__1208.jpg,train/images/01_PCB__1208.jpg,train/labels/01_PCB__1208.txt,01_PCB__1208.jpg,640,640,L,640,640,1.0,1.0,0.0,0.0,7
train,01_PCB__121.jpg,train/images/01_PCB__121.jpg,train/labels/01_PCB__121.txt,01_PCB__121.jpg,640,640,L,640,640,1.0,1.0,0.0,0.0,8
train,01_PCB__1210.jpg,train/images/01_PCB__1210.jpg,train/labels/01_PCB__1210.txt,01_PCB__1210.jpg,640,640,L,640,640,1.0,1.0,0.0,0.0,5
train,01_PCB__1211.jpg,train/images/01_PCB__1211.jpg,train/labels/01_PCB__1211.txt,01_PCB__1211.jpg,640,640,L,640,640,1.0,1.0,0.0,0.0,6
train,01_PCB__1212.jpg,train/images/01_PCB__1212.jpg,train/labels/01_PCB__1212.txt,01_PCB__1212.jpg,640,640,L,640,640,1.0,1.0,0.0,0.0,5
train,01_PCB__1213.jpg,train/images/01_PCB__1213.jpg,train/labels/01_PCB__1213.txt,01_PCB__1213.jpg,640,640,L,640,640,1.0,1.0,0.0,0.0,5
train,01_PCB__1214.jpg,train/images/01_PCB__1214.jpg,train/labels/01_PCB__1214.txt,01_PCB__1214.jpg,640,640,L,640,640,1.0,1.0,0.0,0.0,4
train,01_PCB__1215.jpg,train/images/01_PCB__1215.jpg,train/labels/01_PCB__1215.txt,01_PCB__1215.jpg,640,640,L,640,640,1.0,1.0,0.0,0.0,6
train,01_PCB__1216.jpg,train/images/01_PCB__1216.jpg,train/labels/01_PCB__1216.txt,01_PCB__1216.jpg,640,640,L,640,640,1.0,1.0,0.0,0.0,8
train,01_PCB__1217.jpg,train/images/01_PCB__1217.jpg,train/labels/01_PCB__1217.txt,01_PCB__1217.jpg,640,640,L,640,640,1.0,1.0,0.0,0.0,6
train,01_PCB__1218.jpg,train/images/01_PCB__1218.jpg,train/labels/01_PCB__1218.txt,01_PCB__1218.jpg,640,640,L,640,640,1.0,1.0,0.0,0.0,6
train,01_PCB__1219.jpg,train/images/01_PCB__1219.jpg,train/labels/01_PCB__1219.txt,01_PCB__1219.jpg,640,640,L,640,640,1.0,1.0,0.0,0.0,6
train,01_PCB__122.jpg,train/images/01_PCB__122.jpg,train/labels/01_PCB__122.txt,01_PCB__122.jpg,640,640,L,640,640,1.0,1.0,0.0,0.0,8
train,01_PCB__1221.jpg,train/images/01_PCB__1221.jpg,train/labels/01_PCB__1221.txt,01_PCB__1221.jpg,640,640,L,640,640,1.0,1.0,0.0,0.0,6
train,01_PCB__1222.jpg,train/images/01_PCB__1222.jpg,train/labels/01_PCB__1222.txt,01_PCB__1222.jpg,640,640,L,640,640,1.0,1.0,0.0,0.0,4
train,01_PCB__1223.jpg,train/images/01_PCB__1223.jpg,train/labels/01_PCB__1223.txt,01_PCB__1223.jpg,640,640,L,640,640,1.0,1.0,0.0,0.0,3
train,01_PCB__1224.jpg,train/images/01_PCB__1224.jpg,train/labels/01_PCB__1224.txt,01_PCB__1224.jpg,640,640,L,640,640,1.0,1.0,0.0,0.0,8
train,01_PCB__1225.jpg,train/images/01_PCB__1225.jpg,train/labels/01_PCB__1225.txt,01_PCB__1225.jpg,640,640,L,640,640,1.0,1.0,0.0,0.0,6
train,01_PCB__1226.jpg,train/images/01_PCB__1226.jpg,train/labels/01_PCB__1226.txt,01_PCB__1226.jpg,640,640,L,640,640,1.0,1.0,0.0,0.0,2
train,01_PCB__1227.jpg,train/images/01_PCB__1227.jpg,train/labels/01_PCB__1227.txt,01_PCB__1227.jpg,640,640,L,640,640,1.0,1.0,0.0,0.0,10
train,01_PCB__1229.jpg,train/images/01_PCB__1229.jpg,train/labels/01_PCB__1229.txt,01_PCB__1229.jpg,640,640,L,640,640,1.0,1.0,0.0,0.0,6
train,01_PCB__1230.jpg,train/images/01_PCB__1230.jpg,train/labels/01_PCB__1230.txt,01_PCB__1230.jpg,640,640,L,640,640,1.0,1.0,0.0,0.0,7
train,01_PCB__1231.jpg,train/images/01_PCB__1231.jpg,train/labels/01_PCB__1231.txt,01_PCB__1231.jpg,640,640,L,640,640,1.0,1.0,0.0,0.0,7
train,01_PCB__1232.jpg,train/images/01_PCB__1232.jpg,train/labels/01_PCB__1232.txt,01_PCB__1232.jpg,640,640,L,640,640,1.0,1.0,0.0,0.0,5
train,01_PCB__1233.jpg,train/images/01_PCB__1233.jpg,train/labels/01_PCB__1233.txt,01_PCB__1233.jpg,640,640,L,640,640,1.0,1.0,0.0,0.0,6
train,01_PCB__1235.jpg,train/images/01_PCB__1235.jpg,train/labels/01_PCB__1235.txt,01_PCB__1235.jpg,640,640,L,640,640,1.0,1.0,0.0,0.0,6
train,01_PCB__1236.jpg,train/images/01_PCB__1236.jpg,train/labels/01_PCB__1236.txt,01_PCB__1236.jpg,640,640,L,640,640,1.0,1.0,0.0,0.0,5
train,01_PCB__1237.jpg,train/images/01_PCB__1237.jpg,train/labels/01_PCB__1237.txt,01_PCB__1237.jpg,640,640,L,640,640,1.0,1.0,0.0,0.0,4
train,01_PCB__1238.jpg,train/images/01_PCB__1238.jpg,train/labels/01_PCB__1238.txt,01_PCB__1238.jpg,640,640,L,640,640,1.0,1.0,0.0,0.0,7
train,01_PCB__1239.jpg,train/images/01_PCB__1239.jpg,train/labels/01_PCB__1239.txt,01_PCB__1239.jpg,640,640,L,640,640,1.0,1.0,0.0,0.0,5
train,01_PCB__124.jpg,train/images/01_PCB__124.jpg,train/labels/01_PCB__124.txt,01_PCB__124.jpg,640,640,L,640,640,1.0,1.0,0.0,0.0,8
train,01_PCB__1240.jpg,train/images/01_PCB__1240.jpg,train/labels/01_PCB__1240.txt,01_PCB__1240.jpg,640,640,L,640,640,1.0,1.0,0.0,0.0,7
train,01_PCB__1242.jpg,train/images/01_PCB__1242.jpg,train/labels/01_PCB__1242.txt,01_PCB__1242.jpg,640,640,L,640,640,1.0,1.0,0.0,0.0,4
train,01_PCB__1243.jpg,train/images/01_PCB__1243.jpg,train/labels/01_PCB__1243.txt,01_PCB__1243.jpg,640,640,L,640,640,1.0,1.0,0.0,0.0,7
train,01_PCB__1244.jpg,train/images/01_PCB__1244.jpg,train/labels/01_PCB__1244.txt,01_PCB__1244.jpg,640,640,L,640,640,1.0,1.0,0.0,0.0,6
train,01_PCB__1245.jpg,train/images/01_PCB__1245.jpg,train/labels/01_PCB__1245.txt,01_PCB__1245.jpg,640,640,L,640,640,1.0,1.0,0.0,0.0,6
train,01_PCB__1246.jpg,train/images/01_PCB__1246.jpg,train/labels/01_PCB__1246.txt,01_PCB__1246.jpg,640,640,L,640,640,1.0,1.0,0.0,0.0,6
train,01_PCB__1247.jpg,train/images/01_PCB__1247.jpg,train/labels/01_PCB__1247.txt,01_PCB__1247.jpg,640,640,L,640,640,1.0,1.0,0.0,0.0,4
train,01_PCB__1248.jpg,train/images/01_PCB__1248.jpg,train/labels/01_PCB__1248.txt,01_PCB__1248.jpg,640,640,L,640,640,1.0,1.0,0.0,0.0,6
train,01_PCB__1249.jpg,train/images/01_PCB__1249.jpg,train/labels/01_PCB__1249.txt,01_PCB__1249.jpg,640,640,L,640,640,1.0,1.0,0.0,0.0,3
train,01_PCB__125.jpg,train/images/01_PCB__125.jpg,train/labels/01_PCB__125.txt,01_PCB__125.jpg,640,640,L,640,640,1.0,1.0,0.0,0.0,10
train,01_PCB__1250.jpg,train/images/01_PCB__1250.jpg,train/labels/01_PCB__1250.txt,01_PCB__1250.jpg,640,640,L,640,640,1.0,1.0,0.0,0.0,5
train,01_PCB__1251.jpg,train/images/01_PCB__1251.jpg,train/labels/01_PCB__1251.txt,01_PCB__1251.jpg,640,640,L,640,640,1.0,1.0,0.0,0.0,7
train,01_PCB__1252.jpg,train/images/01_PCB__1252.jpg,train/labels/01_PCB__1252.txt,01_PCB__1252.jpg,640,640,L,640,640,1.0,1.0,0.0,0.0,5
train,01_PCB__1254.jpg,train/images/01_PCB__1254.jpg,train/labels/01_PCB__1254.txt,01_PCB__1254.jpg,640,640,L,640,640,1.0,1.0,0.0,0.0,4
train,01_PCB__1256.jpg,train/images/01_PCB__1256.jpg,train/labels/01_PCB__1256.txt,01_PCB__1256.jpg,640,640,L,640,640,1.0,1.0,0.0,0.0,4
train,01_PCB__1258.jpg,train/images/01_PCB__1258.jpg,train/labels/01_PCB__1258.txt,01_PCB__1258.jpg,640,640,L,640,640,1.0,1.0,0.0,0.0,4
train,01_PCB__1259.jpg,train/images/01_PCB__1259.jpg,train/labels/01_PCB__1259.txt,01_PCB__1259.jpg,640,640,L,640,640,1.0,1.0,0.0,0.0,3
train,01_PCB__126.jpg,train/images/01_PCB__126.jpg,train/labels/01_PCB__126.txt,01_PCB__126.jpg,640,640,L,640,640,1.0,1.0,0.0,0.0,9
train,01_PCB__1260.jpg,train/images/01_PCB__1260.jpg,train/labels/01_PCB__1260.txt,01_PCB__1260.jpg,640,640,L,640,640,1.0,1.0,0.0,0.0,4
train,01_PCB__1262.jpg,train/images/01_PCB__1262.jpg,train/labels/01_PCB__1262.txt,01_PCB__1262.jpg,640,640,L,640,640,1.0,1.0,0.0,0.0,4
train,01_PCB__1263.jpg,train/images/01_PCB__1263.jpg,train/labels/01_PCB__1263.txt,01_PCB__1263.jpg,640,640,L,640,640,1.0,1.0,0.0,0.0,5
train,01_PCB__1264.jpg,train/images/01_PCB__1264.jpg,train/labels/01_PCB__1264.txt,01_PCB__1264.jpg,640,640,L,640,640,1.0,1.0,0.0,0.0,4
train,01_PCB__1265.jpg,train/images/01_PCB__1265.jpg,train/labels/01_PCB__1265.txt,01_PCB__1265.jpg,640,640,L,640,640,1.0,1.0,0.0,0.0,6
train,01_PCB__1266.jpg,train/images/01_PCB__1266.jpg,train/labels/01_PCB__1266.txt,01_PCB__1266.jpg,640,640,L,640,640,1.0,1.0,0.0,0.0,5
train,01_PCB__1267.jpg,train/images/01_PCB__1267.jpg,train/labels/01_PCB__1267.txt,01_PCB__1267.jpg,640,640,L,640,640,1.0,1.0,0.0,0.0,3
train,01_PCB__1268.jpg,train/images/01_PCB__1268.jpg,train/labels/01_PCB__1268.txt,01_PCB__1268.jpg,640,640,L,640,640,1.0,1.0,0.0,0.0,3
train,01_PCB__1269.jpg,train/images/01_PCB__1269.jpg,train/labels/01_PCB__1269.txt,01_PCB__1269.jpg,640,640,L,640,640,1.0,1.0,0.0,0.0,4
train,01_PCB__127.jpg,train/images/01_PCB__127.jpg,train/labels/01_PCB__127.txt,01_PCB__127.jpg,640,640,L,640,640,1.0,1.0,0.0,0.0,12
train,01_PCB__1270.jpg,train/images/01_PCB__1270.jpg,train/labels/01_PCB__1270.txt,01_PCB__1270.jpg,640,640,L,640,640,1.0,1.0,0.0,0.0,7
train,01_PCB__1271.jpg,train/images/01_PCB__1271.jpg,train/labels/01_PCB__1271.txt,01_PCB__1271.jpg,640,640,L,640,640,1.0,1.0,0.0,0.0,4
train,01_PCB__1272.jpg,train/images/01_PCB__1272.jpg,train/labels/01_PCB__1272.txt,01_PCB__1272.jpg,640,640,L,640,640,1.0,1.0,0.0,0.0,3
train,01_PCB__1273.jpg,train/images/01_PCB__1273.jpg,train/labels/01_PCB__1273.txt,01_PCB__1273.jpg,640,640,L,640,640,1.0,1.0,0.0,0.0,4
train,01_PCB__1274.jpg,train/images/01_PCB__1274.jpg,train/labels/01_PCB__1274.txt,01_PCB__1274.jpg,640,640,L,640,640,1.0,1.0,0.0,0.0,4
train,01_PCB__1275.jpg,train/images/01_PCB__1275.jpg,train/labels/01_PCB__1275.txt,01_PCB__1275.jpg,640,640,L,640,640,1.0,1.0,0.0,0.0,5
train,01_PCB__1276.jpg,train/images/01_PCB__1276.jpg,train/labels/01_PCB__1276.txt,01_PCB__1276.jpg,640,640,L,640,640,1.0,1.0,0.0,0.0,6
train,01_PCB__1277.jpg,train/images/01_PCB__1277.jpg,train/labels/01_PCB__1277.txt,01_PCB__1277.jpg,640,640,L,640,640,1.0,1.0,0.0,0.0,3
train,01_PCB__1278.jpg,train/images/01_PCB__1278.jpg,train/labels/01_PCB__1278.txt,01_PCB__1278.jpg,640,640,L,640,640,1.0,1.0,0.0,0.0,4
train,01_PCB__1279.jpg,train/images/01_PCB__1279.jpg,train/labels/01_PCB__1279.txt,01_PCB__1279.jpg,640,640,L,640,640,1.0,1.0,0.0,0.0,7
train,01_PCB__128.jpg,train/images/01_PCB__128.jpg,train/labels/01_PCB__128.txt,01_PCB__128.jpg,640,640,L,640,640,1.0,1.0,0.0,0.0,7
train,01_PCB__1281.jpg,train/images/01_PCB__1281.jpg,train/labels/01_PCB__1281.txt,01_PCB__1281.jpg,640,640,L,640,640,1.0,1.0,0.0,0.0,6
train,01_PCB__1282.jpg,train/images/01_PCB__1282.jpg,train/labels/01_PCB__1282.txt,01_PCB__1282.jpg,640,640,L,640,640,1.0,1.0,0.0,0.0,7
train,01_PCB__1283.jpg,train/images/01_PCB__1283.jpg,train/labels/01_PCB__1283.txt,01_PCB__1283.jpg,640,640,L,640,640,1.0,1.0,0.0,0.0,6
train,01_PCB__1286.jpg,train/images/01_PCB__1286.jpg,train/labels/01_PCB__1286.txt,01_PCB__1286.jpg,640,640,L,640,640,1.0,1.0,0.0,0.0,4
train,01_PCB__1287.jpg,train/images/01_PCB__1287.jpg,train/labels/01_PCB__1287.txt,01_PCB__1287.jpg,640,640,L,640,640,1.0,1.0,0.0,0.0,5
train,01_PCB__1288.jpg,train/images/01_PCB__1288.jpg,train/labels/01_PCB__1288.txt,01_PCB__1288.jpg,640,640,L,640,640,1.0,1.0,0.0,0.0,7
train,01_PCB__1289.jpg,train/images/01_PCB__1289.jpg,train/labels/01_PCB__1289.txt,01_PCB__1289.jpg,640,640,L,640,640,1.0,1.0,0.0,0.0,5
train,01_PCB__1290.jpg,train/images/01_PCB__1290.jpg,train/labels/01_PCB__1290.txt,01_PCB__1290.jpg,640,640,L,640,640,1.0,1.0,0.0,0.0,4
train,01_PCB__1291.jpg,train/images/01_PCB__1291.jpg,train/labels/01_PCB__1291.txt,01_PCB__1291.jpg,640,640,L,640,640,1.0,1.0,0.0,0.0,4
train,01_PCB__1294.jpg,train/images/01_PCB__1294.jpg,train/labels/01_PCB__1294.txt,01_PCB__1294.jpg,640,640,L,640,640,1.0,1.0,0.0,0.0,5
train,01_PCB__1295.jpg,train/images/01_PCB__1295.jpg,train/labels/01_PCB__1295.txt,01_PCB__1295.jpg,640,640,L,640,640,1.0,1.0,0.0,0.0,6
train,01_PCB__1297.jpg,train/images/01_PCB__1297.jpg,train/labels/01_PCB__1297.txt,01_PCB__1297.jpg,640,640,L,640,640,1.0,1.0,0.0,0.0,5
train,01_PCB__1298.jpg,train/images/01_PCB__1298.jpg,train/labels/01_PCB__1298.txt,01_PCB__1298.jpg,640,640,L,640,640,1.0,1.0,0.0,0.0,5
train,01_PCB__130.jpg,train/images/01_PCB__130.jpg,train/labels/01_PCB__130.txt,01_PCB__130.jpg,640,640,L,640,640,1.0,1.0,0.0,0.0,9
train,01_PCB__1300.jpg,train/images/01_PCB__1300.jpg,train/labels/01_PCB__1300.txt,01_PCB__1300.jpg,640,640,L,640,640,1.0,1.0,0.0,0.0,4
train,01_PCB__1303.jpg,train/images/01_PCB__1303.jpg,train/labels/01_PCB__1303.txt,01_PCB__1303.jpg,640,640,L,640,640,1.0,1.0,0.0,0.0,5
train,01_PCB__1305.jpg,train/images/01_PCB__1305.jpg,train/labels/01_PCB__1305.txt,01_PCB__1305.jpg,640,640,L,640,640,1.0,1.0,0.0,0.0,6
train,01_PCB__1306.jpg,train/images/01_PCB__1306.jpg,train/labels/01_PCB__1306.txt,01_PCB__1306.jpg,640,640,L,640,640,1.0,1.0,0.0,0.0,5
train,01_PCB__1307.jpg,train/images/01_PCB__1307.jpg,train/labels/01_PCB__1307.txt,01_PCB__1307.jpg,640,640,RGB,640,640,1.0,1.0,0.0,0.0,6
train,01_PCB__1308.jpg,train/images/01_PCB__1308.jpg,train/labels/01_PCB__1308.txt,01_PCB__1308.jpg,640,640,L,640,640,1.0,1.0,0.0,0.0,7
train,01_PCB__1309.jpg,train/images/01_PCB__1309.jpg,train/labels/01_PCB__1309.txt,01_PCB__1309.jpg,640,640,L,640,640,1.0,1.0,0.0,0.0,6
train,01_PCB__131.jpg,train/images/01_PCB__131.jpg,train/labels/01_PCB__131.txt,01_PCB__131.jpg,640,640,L,640,640,1.0,1.0,0.0,0.0,8
train,01_PCB__1310.jpg,train/images/01_PCB__1310.jpg,train/labels/01_PCB__1310.txt,01_PCB__1310.jpg,640,640,L,640,640,1.0,1.0,0.0,0.0,7
train,01_PCB__1311.jpg,train/images/01_PCB__1311.jpg,train/labels/01_PCB__1311.txt,01_PCB__1311.jpg,640,640,L,640,640,1.0,1.0,0.0,0.0,8
train,01_PCB__1312.jpg,train/images/01_PCB__1312.jpg,train/labels/01_PCB__1312.txt,01_PCB__1312.jpg,640,640,RGB,640,640,1.0,1.0,0.0,0.0,8
train,01_PCB__1314.jpg,train/images/01_PCB__1314.jpg,train/labels/01_PCB__1314.txt,01_PCB__1314.jpg,640,640,L,640,640,1.0,1.0,0.0,0.0,10
train,01_PCB__1315.jpg,train/images/01_PCB__1315.jpg,train/labels/01_PCB__1315.txt,01_PCB__1315.jpg,640,640,L,640,640,1.0,1.0,0.0,0.0,13
train,01_PCB__1316.jpg,train/images/01_PCB__1316.jpg,train/labels/01_PCB__1316.txt,01_PCB__1316.jpg,640,640,L,640,640,1.0,1.0,0.0,0.0,12
train,01_PCB__1317.jpg,train/images/01_PCB__1317.jpg,train/labels/01_PCB__1317.txt,01_PCB__1317.jpg,640,640,L,640,640,1.0,1.0,0.0,0.0,10
train,01_PCB__1318.jpg,train/images/01_PCB__1318.jpg,train/labels/01_PCB__1318.txt,01_PCB__1318.jpg,640,640,RGB,640,640,1.0,1.0,0.0,0.0,9
train,01_PCB__1319.jpg,train/images/01_PCB__1319.jpg,train/labels/01_PCB__1319.txt,01_PCB__1319.jpg,640,640,L,640,640,1.0,1.0,0.0,0.0,9
train,01_PCB__132.jpg,train/images/01_PCB__132.jpg,train/labels/01_PCB__132.txt,01_PCB__132.jpg,640,640,L,640,640,1.0,1.0,0.0,0.0,8
train,01_PCB__1320.jpg,train/images/01_PCB__1320.jpg,train/labels/01_PCB__1320.txt,01_PCB__1320.jpg,640,640,L,640,640,1.0,1.0,0.0,0.0,9
train,01_PCB__1321.jpg,train/images/01_PCB__1321.jpg,train/labels/01_PCB__1321.txt,01_PCB__1321.jpg,640,640,L,640,640,1.0,1.0,0.0,0.0,9
train,01_PCB__1322.jpg,train/images/01_PCB__1322.jpg,train/labels/01_PCB__1322.txt,01_PCB__1322.jpg,640,640,RGB,640,640,1.0,1.0,0.0,0.0,8
train,01_PCB__1323.jpg,train/images/01_PCB__1323.jpg,train/labels/01_PCB__1323.txt,01_PCB__1323.jpg,640,640,RGB,640,640,1.0,1.0,0.0,0.0,8
train,01_PCB__1324.jpg,train/images/01_PCB__1324.jpg,train/labels/01_PCB__1324.txt,01_PCB__1324.jpg,640,640,L,640,640,1.0,1.0,0.0,0.0,10
train,01_PCB__1325.jpg,train/images/01_PCB__1325.jpg,train/labels/01_PCB__1325.txt,01_PCB__1325.jpg,640,640,L,640,640,1.0,1.0,0.0,0.0,8
train,01_PCB__1326.jpg,train/images/01_PCB__1326.jpg,train/labels/01_PCB__1326.txt,01_PCB__1326.jpg,640,640,L,640,640,1.0,1.0,0.0,0.0,7
train,01_PCB__1328.jpg,train/images/01_PCB__1328.jpg,train/labels/01_PCB__1328.txt,01_PCB__1328.jpg,640,640,L,640,640,1.0,1.0,0.0,0.0,6
train,01_PCB__1329.jpg,train/images/01_PCB__1329.jpg,train/labels/01_PCB__1329.txt,01_PCB__1329.jpg,640,640,L,640,640,1.0,1.0,0.0,0.0,6
train,01_PCB__133.jpg,train/images/01_PCB__133.jpg,train/labels/01_PCB__133.txt,01_PCB__133.jpg,640,640,L,640,640,1.0,1.0,0.0,0.0,9
train,01_PCB__1330.jpg,train/images/01_PCB__1330.jpg,train/labels/01_PCB__1330.txt,01_PCB__1330.jpg,640,640,RGB,640,640,1.0,1.0,0.0,0.0,5
train,01_PCB__1331.jpg,train/images/01_PCB__1331.jpg,train/labels/01_PCB__1331.txt,01_PCB__1331.jpg,640,640,RGB,640,640,1.0,1.0,0.0,0.0,5
train,01_PCB__1332.jpg,train/images/01_PCB__1332.jpg,train/labels/01_PCB__1332.txt,01_PCB__1332.jpg,640,640,L,640,640,1.0,1.0,0.0,0.0,4
train,01_PCB__1333.jpg,train/images/01_PCB__1333.jpg,train/labels/01_PCB__1333.txt,01_PCB__1333.jpg,640,640,L,640,640,1.0,1.0,0.0,0.0,5
train,01_PCB__1334.jpg,train/images/01_PCB__1334.jpg,train/labels/01_PCB__1334.txt,01_PCB__1334.jpg,640,640,L,640,640,1.0,1.0,0.0,0.0,5
train,01_PCB__1335.jpg,train/images/01_PCB__1335.jpg,train/labels/01_PCB__1335.txt,01_PCB__1335.jpg,640,640,L,640,640,1.0,1.0,0.0,0.0,5
train,01_PCB__1337.jpg,train/images/01_PCB__1337.jpg,train/labels/01_PCB__1337.txt,01_PCB__1337.jpg,640,640,L,640,640,1.0,1.0,0.0,0.0,7
train,01_PCB__1338.jpg,train/images/01_PCB__1338.jpg,train/labels/01_PCB__1338.txt,01_PCB__1338.jpg,640,640,L,640,640,1.0,1.0,0.0,0.0,5
train,01_PCB__1339.jpg,train/images/01_PCB__1339.jpg,train/labels/01_PCB__1339.txt,01_PCB__1339.jpg,640,640,L,640,640,1.0,1.0,0.0,0.0,6
train,01_PCB__134.jpg,train/images/01_PCB__134.jpg,train/labels/01_PCB__134.txt,01_PCB__134.jpg,640,640,L,640,640,1.0,1.0,0.0,0.0,6
train,01_PCB__1340.jpg,train/images/01_PCB__1340.jpg,train/labels/01_PCB__1340.txt,01_PCB__1340.jpg,640,640,L,640,640,1.0,1.0,0.0,0.0,5
train,01_PCB__1341.jpg,train/images/01_PCB__1341.jpg,train/labels/01_PCB__1341.txt,01_PCB__1341.jpg,640,640,L,640,640,1.0,1.0,0.0,0.0,5
train,01_PCB__1342.jpg,train/images/01_PCB__1342.jpg,train/labels/01_PCB__1342.txt,01_PCB__1342.jpg,640,640,L,640,640,1.0,1.0,0.0,0.0,5
train,01_PCB__1343.jpg,train/images/01_PCB__1343.jpg,train/labels/01_PCB__1343.txt,01_PCB__1343.jpg,640,640,L,640,640,1.0,1.0,0.0,0.0,5
train,01_PCB__1344.jpg,train/images/01_PCB__1344.jpg,train/labels/01_PCB__1344.txt,01_PCB__1344.jpg,640,640,L,640,640,1.0,1.0,0.0,0.0,6
train,01_PCB__1345.jpg,train/images/01_PCB__1345.jpg,train/labels/01_PCB__1345.txt,01_PCB__1345.jpg,640,640,L,640,640,1.0,1.0,0.0,0.0,5
train,01_PCB__1346.jpg,train/images/01_PCB__1346.jpg,train/labels/01_PCB__1346.txt,01_PCB__1346.jpg,640,640,L,640,640,1.0,1.0,0.0,0.0,6
train,01_PCB__1347.jpg,train/images/01_PCB__1347.jpg,train/labels/01_PCB__1347.txt,01_PCB__1347.jpg,640,640,L,640,640,1.0,1.0,0.0,0.0,6
train,01_PCB__135.jpg,train/images/01_PCB__135.jpg,train/labels/01_PCB__135.txt,01_PCB__135.jpg,640,640,L,640,640,1.0,1.0,0.0,0.0,7
train,01_PCB__1350.jpg,train/images/01_PCB__1350.jpg,train/labels/01_PCB__1350.txt,01_PCB__1350.jpg,640,640,L,640,640,1.0,1.0,0.0,0.0,5
train,01_PCB__1353.jpg,train/images/01_PCB__1353.jpg,train/labels/01_PCB__1353.txt,01_PCB__1353.jpg,640,640,L,640,640,1.0,1.0,0.0,0.0,8
train,01_PCB__1354.jpg,train/images/01_PCB__1354.jpg,train/labels/01_PCB__1354.txt,01_PCB__1354.jpg,640,640,L,640,640,1.0,1.0,0.0,0.0,8
train,01_PCB__1355.jpg,train/images/01_PCB__1355.jpg,train/labels/01_PCB__1355.txt,01_PCB__1355.jpg,640,640,L,640,640,1.0,1.0,0.0,0.0,5
train,01_PCB__1356.jpg,train/images/01_PCB__1356.jpg,train/labels/01_PCB__1356.txt,01_PCB__1356.jpg,640,640,L,640,640,1.0,1.0,0.0,0.0,6
train,01_PCB__1357.jpg,train/images/01_PCB__1357.jpg,train/labels/01_PCB__1357.txt,01_PCB__1357.jpg,640,640,L,640,640,1.0,1.0,0.0,0.0,7
train,01_PCB__1358.jpg,train/images/01_PCB__1358.jpg,train/labels/01_PCB__1358.txt,01_PCB__1358.jpg,640,640,L,640,640,1.0,1.0,0.0,0.0,6
train,01_PCB__1359.jpg,train/images/01_PCB__1359.jpg,train/labels/01_PCB__1359.txt,01_PCB__1359.jpg,640,640,L,640,640,1.0,1.0,0.0,0.0,10
train,01_PCB__136.jpg,train/images/01_PCB__136.jpg,train/labels/01_PCB__136.txt,01_PCB__136.jpg,640,640,L,640,640,1.0,1.0,0.0,0.0,7
train,01_PCB__1360.jpg,train/images/01_PCB__1360.jpg,train/labels/01_PCB__1360.txt,01_PCB__1360.jpg,640,640,L,640,640,1.0,1.0,0.0,0.0,6
train,01_PCB__1361.jpg,train/images/01_PCB__1361.jpg,train/labels/01_PCB__1361.txt,01_PCB__1361.jpg,640,640,L,640,640,1.0,1.0,0.0,0.0,5
train,01_PCB__1362.jpg,train/images/01_PCB__1362.jpg,train/labels/01_PCB__1362.txt,01_PCB__1362.jpg,640,640,L,640,640,1.0,1.0,0.0,0.0,6
train,01_PCB__1363.jpg,train/images/01_PCB__1363.jpg,train/labels/01_PCB__1363.txt,01_PCB__1363.jpg,640,640,L,640,640,1.0,1.0,0.0,0.0,6
train,01_PCB__1364.jpg,train/images/01_PCB__1364.jpg,train/labels/01_PCB__1364.txt,01_PCB__1364.jpg,640,640,L,640,640,1.0,1.0,0.0,0.0,6
train,01_PCB__1366.jpg,train/images/01_PCB__1366.jpg,train/labels/01_PCB__1366.txt,01_PCB__1366.jpg,640,640,L,640,640,1.0,1.0,0.0,0.0,6
train,01_PCB__1367.jpg,train/images/01_PCB__1367.jpg,train/labels/01_PCB__1367.txt,01_PCB__1367.jpg,640,640,L,640,640,1.0,1.0,0.0,0.0,7
train,01_PCB__1368.jpg,train/images/01_PCB__1368.jpg,train/labels/01_PCB__1368.txt,01_PCB__1368.jpg,640,640,L,640,640,1.0,1.0,0.0,0.0,5
train,01_PCB__137.jpg,train/images/01_PCB__137.jpg,train/labels/01_PCB__137.txt,01_PCB__137.jpg,640,640,L,640,640,1.0,1.0,0.0,0.0,11
train,01_PCB__1370.jpg,train/images/01_PCB__1370.jpg,train/labels/01_PCB__1370.txt,01_PCB__1370.jpg,640,640,L,640,640,1.0,1.0,0.0,0.0,7
train,01_PCB__1371.jpg,train/images/01_PCB__1371.jpg,train/labels/01_PCB__1371.txt,01_PCB__1371.jpg,640,640,L,640,640,1.0,1.0,0.0,0.0,5
train,01_PCB__1372.jpg,train/images/01_PCB__1372.jpg,train/labels/01_PCB__1372.txt,01_PCB__1372.jpg,640,640,L,640,640,1.0,1.0,0.0,0.0,6
train,01_PCB__1373.jpg,train/images/01_PCB__1373.jpg,train/labels/01_PCB__1373.txt,01_PCB__1373.jpg,640,640,L,640,640,1.0,1.0,0.0,0.0,6
train,01_PCB__1374.jpg,train/images/01_PCB__1374.jpg,train/labels/01_PCB__1374.txt,01_PCB__1374.jpg,640,640,L,640,640,1.0,1.0,0.0,0.0,5
train,01_PCB__1375.jpg,train/images/01_PCB__1375.jpg,train/labels/01_PCB__1375.txt,01_PCB__1375.jpg,640,640,L,640,640,1.0,1.0,0.0,0.0,6
train,01_PCB__1376.jpg,train/images/01_PCB__1376.jpg,train/labels/01_PCB__1376.txt,01_PCB__1376.jpg,640,640,L,640,640,1.0,1.0,0.0,0.0,5
train,01_PCB__1377.jpg,train/images/01_PCB__1377.jpg,train/labels/01_PCB__1377.txt,01_PCB__1377.jpg,640,640,L,640,640,1.0,1.0,0.0,0.0,5
train,01_PCB__1378.jpg,train/images/01_PCB__1378.jpg,train/labels/01_PCB__1378.txt,01_PCB__1378.jpg,640,640,L,640,640,1.0,1.0,0.0,0.0,6
train,01_PCB__1379.jpg,train/images/01_PCB__1379.jpg,train/labels/01_PCB__1379.txt,01_PCB__1379.jpg,640,640,L,640,640,1.0,1.0,0.0,0.0,6
train,01_PCB__138.jpg,train/images/01_PCB__138.jpg,train/labels/01_PCB__138.txt,01_PCB__138.jpg,640,640,L,640,640,1.0,1.0,0.0,0.0,9
train,01_PCB__1380.jpg,train/images/01_PCB__1380.jpg,train/labels/01_PCB__1380.txt,01_PCB__1380.jpg,640,640,L,640,640,1.0,1.0,0.0,0.0,4
train,01_PCB__1381.jpg,train/images/01_PCB__1381.jpg,train/labels/01_PCB__1381.txt,01_PCB__1381.jpg,640,640,L,640,640,1.0,1.0,0.0,0.0,7
train,01_PCB__1382.jpg,train/images/01_PCB__1382.jpg,train/labels/01_PCB__1382.txt,01_PCB__1382.jpg,640,640,L,640,640,1.0,1.0,0.0,0.0,7
train,01_PCB__1383.jpg,train/images/01_PCB__1383.jpg,train/labels/01_PCB__1383.txt,01_PCB__1383.jpg,640,640,L,640,640,1.0,1.0,0.0,0.0,5
train,01_PCB__1384.jpg,train/images/01_PCB__1384.jpg,train/labels/01_PCB__1384.txt,01_PCB__1384.jpg,640,640,RGB,640,640,1.0,1.0,0.0,0.0,8
train,01_PCB__1386.jpg,train/images/01_PCB__1386.jpg,train/labels/01_PCB__1386.txt,01_PCB__1386.jpg,640,640,L,640,640,1.0,1.0,0.0,0.0,5
train,01_PCB__1387.jpg,train/images/01_PCB__1387.jpg,train/labels/01_PCB__1387.txt,01_PCB__1387.jpg,640,640,L,640,640,1.0,1.0,0.0,0.0,6
train,01_PCB__139.jpg,train/images/01_PCB__139.jpg,train/labels/01_PCB__139.txt,01_PCB__139.jpg,640,640,L,640,640,1.0,1.0,0.0,0.0,8
train,01_PCB__1391.jpg,train/images/01_PCB__1391.jpg,train/labels/01_PCB__1391.txt,01_PCB__1391.jpg,640,640,L,640,640,1.0,1.0,0.0,0.0,4
train,01_PCB__1394.jpg,train/images/01_PCB__1394.jpg,train/labels/01_PCB__1394.txt,01_PCB__1394.jpg,640,640,L,640,640,1.0,1.0,0.0,0.0,6
train,01_PCB__1396.jpg,train/images/01_PCB__1396.jpg,train/labels/01_PCB__1396.txt,01_PCB__1396.jpg,640,640,L,640,640,1.0,1.0,0.0,0.0,5
train,01_PCB__1397.jpg,train/images/01_PCB__1397.jpg,train/labels/01_PCB__1397.txt,01_PCB__1397.jpg,640,640,L,640,640,1.0,1.0,0.0,0.0,8
train,01_PCB__1398.jpg,train/images/01_PCB__1398.jpg,train/labels/01_PCB__1398.txt,01_PCB__1398.jpg,640,640,L,640,640,1.0,1.0,0.0,0.0,7
train,01_PCB__1399.jpg,train/images/01_PCB__1399.jpg,train/labels/01_PCB__1399.txt,01_PCB__1399.jpg,640,640,L,640,640,1.0,1.0,0.0,0.0,6
train,01_PCB__140.jpg,train/images/01_PCB__140.jpg,train/labels/01_PCB__140.txt,01_PCB__140.jpg,640,640,L,640,640,1.0,1.0,0.0,0.0,8
train,01_PCB__1401.jpg,train/images/01_PCB__1401.jpg,train/labels/01_PCB__1401.txt,01_PCB__1401.jpg,640,640,L,640,640,1.0,1.0,0.0,0.0,5
train,01_PCB__1403.jpg,train/images/01_PCB__1403.jpg,train/labels/01_PCB__1403.txt,01_PCB__1403.jpg,640,640,L,640,640,1.0,1.0,0.0,0.0,6
train,01_PCB__1405.jpg,train/images/01_PCB__1405.jpg,train/labels/01_PCB__1405.txt,01_PCB__1405.jpg,640,640,L,640,640,1.0,1.0,0.0,0.0,6
train,01_PCB__1406.jpg,train/images/01_PCB__1406.jpg,train/labels/01_PCB__1406.txt,01_PCB__1406.jpg,640,640,L,640,640,1.0,1.0,0.0,0.0,4
train,01_PCB__1407.jpg,train/images/01_PCB__1407.jpg,train/labels/01_PCB__1407.txt,01_PCB__1407.jpg,640,640,L,640,640,1.0,1.0,0.0,0.0,5
train,01_PCB__1408.jpg,train/images/01_PCB__1408.jpg,train/labels/01_PCB__1408.txt,01_PCB__1408.jpg,640,640,L,640,640,1.0,1.0,0.0,0.0,5
train,01_PCB__1409.jpg,train/images/01_PCB__1409.jpg,train/labels/01_PCB__1409.txt,01_PCB__1409.jpg,640,640,L,640,640,1.0,1.0,0.0,0.0,6
train,01_PCB__1410.jpg,train/images/01_PCB__1410.jpg,train/labels/01_PCB__1410.txt,01_PCB__1410.jpg,640,640,L,640,640,1.0,1.0,0.0,0.0,5
train,01_PCB__1411.jpg,train/images/01_PCB__1411.jpg,train/labels/01_PCB__1411.txt,01_PCB__1411.jpg,640,640,L,640,640,1.0,1.0,0.0,0.0,8
train,01_PCB__1413.jpg,train/images/01_PCB__1413.jpg,train/labels/01_PCB__1413.txt,01_PCB__1413.jpg,640,640,L,640,640,1.0,1.0,0.0,0.0,5
train,01_PCB__1414.jpg,train/images/01_PCB__1414.jpg,train/labels/01_PCB__1414.txt,01_PCB__1414.jpg,640,640,L,640,640,1.0,1.0,0.0,0.0,5
train,01_PCB__1415.jpg,train/images/01_PCB__1415.jpg,train/labels/01_PCB__1415.txt,01_PCB__1415.jpg,640,640,L,640,640,1.0,1.0,0.0,0.0,6
train,01_PCB__1416.jpg,train/images/01_PCB__1416.jpg,train/labels/01_PCB__1416.txt,01_PCB__1416.jpg,640,640,L,640,640,1.0,1.0,0.0,0.0,6
train,01_PCB__1417.jpg,train/images/01_PCB__1417.jpg,train/labels/01_PCB__1417.txt,01_PCB__1417.jpg,640,640,L,640,640,1.0,1.0,0.0,0.0,5
train,01_PCB__1419.jpg,train/images/01_PCB__1419.jpg,train/labels/01_PCB__1419.txt,01_PCB__1419.jpg,640,640,L,640,640,1.0,1.0,0.0,0.0,3
train,01_PCB__1421.jpg,train/images/01_PCB__1421.jpg,train/labels/01_PCB__1421.txt,01_PCB__1421.jpg,640,640,L,640,640,1.0,1.0,0.0,0.0,6
train,01_PCB__1423.jpg,train/images/01_PCB__1423.jpg,train/labels/01_PCB__1423.txt,01_PCB__1423.jpg,640,640,L,640,640,1.0,1.0,0.0,0.0,6
train,01_PCB__1424.jpg,train/images/01_PCB__1424.jpg,train/labels/01_PCB__1424.txt,01_PCB__1424.jpg,640,640,L,640,640,1.0,1.0,0.0,0.0,4
train,01_PCB__1425.jpg,train/images/01_PCB__1425.jpg,train/labels/01_PCB__1425.txt,01_PCB__1425.jpg,640,640,L,640,640,1.0,1.0,0.0,0.0,6
train,01_PCB__1426.jpg,train/images/01_PCB__1426.jpg,train/labels/01_PCB__1426.txt,01_PCB__1426.jpg,640,640,L,640,640,1.0,1.0,0.0,0.0,4
train,01_PCB__1428.jpg,train/images/01_PCB__1428.jpg,train/labels/01_PCB__1428.txt,01_PCB__1428.jpg,640,640,L,640,640,1.0,1.0,0.0,0.0,7
train,01_PCB__1429.jpg,train/images/01_PCB__1429.jpg,train/labels/01_PCB__1429.txt,01_PCB__1429.jpg,640,640,L,640,640,1.0,1.0,0.0,0.0,4
train,01_PCB__143.jpg,train/images/01_PCB__143.jpg,train/labels/01_PCB__143.txt,01_PCB__143.jpg,640,640,L,640,640,1.0,1.0,0.0,0.0,6
train,01_PCB__1430.jpg,train/images/01_PCB__1430.jpg,train/labels/01_PCB__1430.txt,01_PCB__1430.jpg,640,640,L,640,640,1.0,1.0,0.0,0.0,5
train,01_PCB__1431.jpg,train/images/01_PCB__1431.jpg,train/labels/01_PCB__1431.txt,01_PCB__1431.jpg,640,640,L,640,640,1.0,1.0,0.0,0.0,4
train,01_PCB__1432.jpg,train/images/01_PCB__1432.jpg,train/labels/01_PCB__1432.txt,01_PCB__1432.jpg,640,640,L,640,640,1.0,1.0,0.0,0.0,5
train,01_PCB__1433.jpg,train/images/01_PCB__1433.jpg,train/labels/01_PCB__1433.txt,01_PCB__1433.jpg,640,640,L,640,640,1.0,1.0,0.0,0.0,4
train,01_PCB__1435.jpg,train/images/01_PCB__1435.jpg,train/labels/01_PCB__1435.txt,01_PCB__1435.jpg,640,640,L,640,640,1.0,1.0,0.0,0.0,5
train,01_PCB__1436.jpg,train/images/01_PCB__1436.jpg,train/labels/01_PCB__1436.txt,01_PCB__1436.jpg,640,640,L,640,640,1.0,1.0,0.0,0.0,6
train,01_PCB__1438.jpg,train/images/01_PCB__1438.jpg,train/labels/01_PCB__1438.txt,01_PCB__1438.jpg,640,640,L,640,640,1.0,1.0,0.0,0.0,7
train,01_PCB__1439.jpg,train/images/01_PCB__1439.jpg,train/labels/01_PCB__1439.txt,01_PCB__1439.jpg,640,640,L,640,640,1.0,1.0,0.0,0.0,4
train,01_PCB__1440.jpg,train/images/01_PCB__1440.jpg,train/labels/01_PCB__1440.txt,01_PCB__1440.jpg,640,640,L,640,640,1.0,1.0,0.0,0.0,8
train,01_PCB__1441.jpg,train/images/01_PCB__1441.jpg,train/labels/01_PCB__1441.txt,01_PCB__1441.jpg,640,640,L,640,640,1.0,1.0,0.0,0.0,6
train,01_PCB__1443.jpg,train/images/01_PCB__1443.jpg,train/labels/01_PCB__1443.txt,01_PCB__1443.jpg,640,640,L,640,640,1.0,1.0,0.0,0.0,5
train,01_PCB__1444.jpg,train/images/01_PCB__1444.jpg,train/labels/01_PCB__1444.txt,01_PCB__1444.jpg,640,640,L,640,640,1.0,1.0,0.0,0.0,6
train,01_PCB__1445.jpg,train/images/01_PCB__1445.jpg,train/labels/01_PCB__1445.txt,01_PCB__1445.jpg,640,640,L,640,640,1.0,1.0,0.0,0.0,7
train,01_PCB__1447.jpg,train/images/01_PCB__1447.jpg,train/labels/01_PCB__1447.txt,01_PCB__1447.jpg,640,640,L,640,640,1.0,1.0,0.0,0.0,6
train,01_PCB__1448.jpg,train/images/01_PCB__1448.jpg,train/labels/01_PCB__1448.txt,01_PCB__1448.jpg,640,640,L,640,640,1.0,1.0,0.0,0.0,6
train,01_PCB__1449.jpg,train/images/01_PCB__1449.jpg,train/labels/01_PCB__1449.txt,01_PCB__1449.jpg,640,640,L,640,640,1.0,1.0,0.0,0.0,4
train,01_PCB__1450.jpg,train/images/01_PCB__1450.jpg,train/labels/01_PCB__1450.txt,01_PCB__1450.jpg,640,640,L,640,640,1.0,1.0,0.0,0.0,6
train,01_PCB__1451.jpg,train/images/01_PCB__1451.jpg,train/labels/01_PCB__1451.txt,01_PCB__1451.jpg,640,640,L,640,640,1.0,1.0,0.0,0.0,6
train,01_PCB__1452.jpg,train/images/01_PCB__1452.jpg,train/labels/01_PCB__1452.txt,01_PCB__1452.jpg,640,640,L,640,640,1.0,1.0,0.0,0.0,7
train,01_PCB__1454.jpg,train/images/01_PCB__1454.jpg,train/labels/01_PCB__1454.txt,01_PCB__1454.jpg,640,640,L,640,640,1.0,1.0,0.0,0.0,6
train,01_PCB__1456.jpg,train/images/01_PCB__1456.jpg,train/labels/01_PCB__1456.txt,01_PCB__1456.jpg,640,640,L,640,640,1.0,1.0,0.0,0.0,7
train,01_PCB__1458.jpg,train/images/01_PCB__1458.jpg,train/labels/01_PCB__1458.txt,01_PCB__1458.jpg,640,640,L,640,640,1.0,1.0,0.0,0.0,7
train,01_PCB__146.jpg,train/images/01_PCB__146.jpg,train/labels/01_PCB__146.txt,01_PCB__146.jpg,640,640,L,640,640,1.0,1.0,0.0,0.0,8
train,01_PCB__1460.jpg,train/images/01_PCB__1460.jpg,train/labels/01_PCB__1460.txt,01_PCB__1460.jpg,640,640,L,640,640,1.0,1.0,0.0,0.0,7
train,01_PCB__1462.jpg,train/images/01_PCB__1462.jpg,train/labels/01_PCB__1462.txt,01_PCB__1462.jpg,640,640,L,640,640,1.0,1.0,0.0,0.0,6
train,01_PCB__1463.jpg,train/images/01_PCB__1463.jpg,train/labels/01_PCB__1463.txt,01_PCB__1463.jpg,640,640,L,640,640,1.0,1.0,0.0,0.0,3
train,01_PCB__1464.jpg,train/images/01_PCB__1464.jpg,train/labels/01_PCB__1464.txt,01_PCB__1464.jpg,640,640,L,640,640,1.0,1.0,0.0,0.0,5
train,01_PCB__1465.jpg,train/images/01_PCB__1465.jpg,train/labels/01_PCB__1465.txt,01_PCB__1465.jpg,640,640,L,640,640,1.0,1.0,0.0,0.0,5
train,01_PCB__1466.jpg,train/images/01_PCB__1466.jpg,train/labels/01_PCB__1466.txt,01_PCB__1466.jpg,640,640,L,640,640,1.0,1.0,0.0,0.0,4
train,01_PCB__1467.jpg,train/images/01_PCB__1467.jpg,train/labels/01_PCB__1467.txt,01_PCB__1467.jpg,640,640,L,640,640,1.0,1.0,0.0,0.0,5
train,01_PCB__1468.jpg,train/images/01_PCB__1468.jpg,train/labels/01_PCB__1468.txt,01_PCB__1468.jpg,640,640,L,640,640,1.0,1.0,0.0,0.0,4
train,01_PCB__1469.jpg,train/images/01_PCB__1469.jpg,train/labels/01_PCB__1469.txt,01_PCB__1469.jpg,640,640,L,640,640,1.0,1.0,0.0,0.0,5
train,01_PCB__147.jpg,train/images/01_PCB__147.jpg,train/labels/01_PCB__147.txt,01_PCB__147.jpg,640,640,L,640,640,1.0,1.0,0.0,0.0,8
train,01_PCB__1470.jpg,train/images/01_PCB__1470.jpg,train/labels/01_PCB__1470.txt,01_PCB__1470.jpg,640,640,L,640,640,1.0,1.0,0.0,0.0,6
train,01_PCB__1471.jpg,train/images/01_PCB__1471.jpg,train/labels/01_PCB__1471.txt,01_PCB__1471.jpg,640,640,L,640,640,1.0,1.0,0.0,0.0,4
train,01_PCB__1472.jpg,train/images/01_PCB__1472.jpg,train/labels/01_PCB__1472.txt,01_PCB__1472.jpg,640,640,L,640,640,1.0,1.0,0.0,0.0,5
train,01_PCB__1473.jpg,train/images/01_PCB__1473.jpg,train/labels/01_PCB__1473.txt,01_PCB__1473.jpg,640,640,L,640,640,1.0,1.0,0.0,0.0,6
train,01_PCB__1474.jpg,train/images/01_PCB__1474.jpg,train/labels/01_PCB__1474.txt,01_PCB__1474.jpg,640,640,L,640,640,1.0,1.0,0.0,0.0,5
train,01_PCB__1475.jpg,train/images/01_PCB__1475.jpg,train/labels/01_PCB__1475.txt,01_PCB__1475.jpg,640,640,L,640,640,1.0,1.0,0.0,0.0,7
train,01_PCB__1476.jpg,train/images/01_PCB__1476.jpg,train/labels/01_PCB__1476.txt,01_PCB__1476.jpg,640,640,L,640,640,1.0,1.0,0.0,0.0,4
train,01_PCB__1477.jpg,train/images/01_PCB__1477.jpg,train/labels/01_PCB__1477.txt,01_PCB__1477.jpg,640,640,L,640,640,1.0,1.0,0.0,0.0,7
train,01_PCB__1478.jpg,train/images/01_PCB__1478.jpg,train/labels/01_PCB__1478.txt,01_PCB__1478.jpg,640,640,L,640,640,1.0,1.0,0.0,0.0,5
train,01_PCB__1479.jpg,train/images/01_PCB__1479.jpg,train/labels/01_PCB__1479.txt,01_PCB__1479.jpg,640,640,L,640,640,1.0,1.0,0.0,0.0,5
train,01_PCB__148.jpg,train/images/01_PCB__148.jpg,train/labels/01_PCB__148.txt,01_PCB__148.jpg,640,640,L,640,640,1.0,1.0,0.0,0.0,9
train,01_PCB__1480.jpg,train/images/01_PCB__1480.jpg,train/labels/01_PCB__1480.txt,01_PCB__1480.jpg,640,640,L,640,640,1.0,1.0,0.0,0.0,6
train,01_PCB__1481.jpg,train/images/01_PCB__1481.jpg,train/labels/01_PCB__1481.txt,01_PCB__1481.jpg,640,640,L,640,640,1.0,1.0,0.0,0.0,5
train,01_PCB__1482.jpg,train/images/01_PCB__1482.jpg,train/labels/01_PCB__1482.txt,01_PCB__1482.jpg,640,640,L,640,640,1.0,1.0,0.0,0.0,7
train,01_PCB__1485.jpg,train/images/01_PCB__1485.jpg,train/labels/01_PCB__1485.txt,01_PCB__1485.jpg,640,640,L,640,640,1.0,1.0,0.0,0.0,6
train,01_PCB__1489.jpg,train/images/01_PCB__1489.jpg,train/labels/01_PCB__1489.txt,01_PCB__1489.jpg,640,640,L,640,640,1.0,1.0,0.0,0.0,4
train,01_PCB__149.jpg,train/images/01_PCB__149.jpg,train/labels/01_PCB__149.txt,01_PCB__149.jpg,640,640,L,640,640,1.0,1.0,0.0,0.0,9
train,01_PCB__1491.jpg,train/images/01_PCB__1491.jpg,train/labels/01_PCB__1491.txt,01_PCB__1491.jpg,640,640,L,640,640,1.0,1.0,0.0,0.0,5
train,01_PCB__1493.jpg,train/images/01_PCB__1493.jpg,train/labels/01_PCB__1493.txt,01_PCB__1493.jpg,640,640,L,640,640,1.0,1.0,0.0,0.0,7
train,01_PCB__1494.jpg,train/images/01_PCB__1494.jpg,train/labels/01_PCB__1494.txt,01_PCB__1494.jpg,640,640,L,640,640,1.0,1.0,0.0,0.0,4
train,01_PCB__1495.jpg,train/images/01_PCB__1495.jpg,train/labels/01_PCB__1495.txt,01_PCB__1495.jpg,640,640,L,640,640,1.0,1.0,0.0,0.0,5
train,01_PCB__1497.jpg,train/images/01_PCB__1497.jpg,train/labels/01_PCB__1497.txt,01_PCB__1497.jpg,640,640,L,640,640,1.0,1.0,0.0,0.0,6
train,01_PCB__1498.jpg,train/images/01_PCB__1498.jpg,train/labels/01_PCB__1498.txt,01_PCB__1498.jpg,640,640,L,640,640,1.0,1.0,0.0,0.0,8
train,01_PCB__1499.jpg,train/images/01_PCB__1499.jpg,train/labels/01_PCB__1499.txt,01_PCB__1499.jpg,640,640,L,640,640,1.0,1.0,0.0,0.0,4
train,01_PCB__15.jpg,train/images/01_PCB__15.jpg,train/labels/01_PCB__15.txt,01_PCB__15.jpg,640,640,L,640,640,1.0,1.0,0.0,0.0,10
train,01_PCB__150.jpg,train/images/01_PCB__150.jpg,train/labels/01_PCB__150.txt,01_PCB__150.jpg,640,640,L,640,640,1.0,1.0,0.0,0.0,9
train,01_PCB__1500.jpg,train/images/01_PCB__1500.jpg,train/labels/01_PCB__1500.txt,01_PCB__1500.jpg,640,640,L,640,640,1.0,1.0,0.0,0.0,6
train,01_PCB__151.jpg,train/images/01_PCB__151.jpg,train/labels/01_PCB__151.txt,01_PCB__151.jpg,640,640,RGB,640,640,1.0,1.0,0.0,0.0,6
train,01_PCB__152.jpg,train/images/01_PCB__152.jpg,train/labels/01_PCB__152.txt,01_PCB__152.jpg,640,640,L,640,640,1.0,1.0,0.0,0.0,7
train,01_PCB__153.jpg,train/images/01_PCB__153.jpg,train/labels/01_PCB__153.txt,01_PCB__153.jpg,640,640,L,640,640,1.0,1.0,0.0,0.0,9
train,01_PCB__154.jpg,train/images/01_PCB__154.jpg,train/labels/01_PCB__154.txt,01_PCB__154.jpg,640,640,L,640,640,1.0,1.0,0.0,0.0,7
train,01_PCB__156.jpg,train/images/01_PCB__156.jpg,train/labels/01_PCB__156.txt,01_PCB__156.jpg,640,640,L,640,640,1.0,1.0,0.0,0.0,9
train,01_PCB__157.jpg,train/images/01_PCB__157.jpg,train/labels/01_PCB__157.txt,01_PCB__157.jpg,640,640,L,640,640,1.0,1.0,0.0,0.0,9
train,01_PCB__158.jpg,train/images/01_PCB__158.jpg,train/labels/01_PCB__158.txt,01_PCB__158.jpg,640,640,L,640,640,1.0,1.0,0.0,0.0,5
train,01_PCB__159.jpg,train/images/01_PCB__159.jpg,train/labels/01_PCB__159.txt,01_PCB__159.jpg,640,640,L,640,640,1.0,1.0,0.0,0.0,8
train,01_PCB__16.jpg,train/images/01_PCB__16.jpg,train/labels/01_PCB__16.txt,01_PCB__16.jpg,640,640,L,640,640,1.0,1.0,0.0,0.0,5
train,01_PCB__162.jpg,train/images/01_PCB__162.jpg,train/labels/01_PCB__162.txt,01_PCB__162.jpg,640,640,L,640,640,1.0,1.0,0.0,0.0,9
train,01_PCB__163.jpg,train/images/01_PCB__163.jpg,train/labels/01_PCB__163.txt,01_PCB__163.jpg,640,640,L,640,640,1.0,1.0,0.0,0.0,7
train,01_PCB__164.jpg,train/images/01_PCB__164.jpg,train/labels/01_PCB__164.txt,01_PCB__164.jpg,640,640,L,640,640,1.0,1.0,0.0,0.0,7
train,01_PCB__165.jpg,train/images/01_PCB__165.jpg,train/labels/01_PCB__165.txt,01_PCB__165.jpg,640,640,L,640,640,1.0,1.0,0.0,0.0,9
train,01_PCB__166.jpg,train/images/01_PCB__166.jpg,train/labels/01_PCB__166.txt,01_PCB__166.jpg,640,640,L,640,640,1.0,1.0,0.0,0.0,7
train,01_PCB__167.jpg,train/images/01_PCB__167.jpg,train/labels/01_PCB__167.txt,01_PCB__167.jpg,640,640,L,640,640,1.0,1.0,0.0,0.0,8
train,01_PCB__168.jpg,train/images/01_PCB__168.jpg,train/labels/01_PCB__168.txt,01_PCB__168.jpg,640,640,L,640,640,1.0,1.0,0.0,0.0,7
train,01_PCB__169.jpg,train/images/01_PCB__169.jpg,train/labels/01_PCB__169.txt,01_PCB__169.jpg,640,640,L,640,640,1.0,1.0,0.0,0.0,8
train,01_PCB__17.jpg,train/images/01_PCB__17.jpg,train/labels/01_PCB__17.txt,01_PCB__17.jpg,640,640,L,640,640,1.0,1.0,0.0,0.0,8
train,01_PCB__170.jpg,train/images/01_PCB__170.jpg,train/labels/01_PCB__170.txt,01_PCB__170.jpg,640,640,L,640,640,1.0,1.0,0.0,0.0,6
train,01_PCB__171.jpg,train/images/01_PCB__171.jpg,train/labels/01_PCB__171.txt,01_PCB__171.jpg,640,640,L,640,640,1.0,1.0,0.0,0.0,8
train,01_PCB__172.jpg,train/images/01_PCB__172.jpg,train/labels/01_PCB__172.txt,01_PCB__172.jpg,640,640,L,640,640,1.0,1.0,0.0,0.0,7
train,01_PCB__173.jpg,train/images/01_PCB__173.jpg,train/labels/01_PCB__173.txt,01_PCB__173.jpg,640,640,L,640,640,1.0,1.0,0.0,0.0,7
train,01_PCB__175.jpg,train/images/01_PCB__175.jpg,train/labels/01_PCB__175.txt,01_PCB__175.jpg,640,640,L,640,640,1.0,1.0,0.0,0.0,7
train,01_PCB__176.jpg,train/images/01_PCB__176.jpg,train/labels/01_PCB__176.txt,01_PCB__176.jpg,640,640,L,640,640,1.0,1.0,0.0,0.0,6
train,01_PCB__177.jpg,train/images/01_PCB__177.jpg,train/labels/01_PCB__177.txt,01_PCB__177.jpg,640,640,L,640,640,1.0,1.0,0.0,0.0,8
train,01_PCB__178.jpg,train/images/01_PCB__178.jpg,train/labels/01_PCB__178.txt,01_PCB__178.jpg,640,640,RGB,640,640,1.0,1.0,0.0,0.0,6
train,01_PCB__179.jpg,train/images/01_PCB__179.jpg,train/labels/01_PCB__179.txt,01_PCB__179.jpg,640,640,L,640,640,1.0,1.0,0.0,0.0,8
train,01_PCB__18.jpg,train/images/01_PCB__18.jpg,train/labels/01_PCB__18.txt,01_PCB__18.jpg,640,640,L,640,640,1.0,1.0,0.0,0.0,9
train,01_PCB__180.jpg,train/images/01_PCB__180.jpg,train/labels/01_PCB__180.txt,01_PCB__180.jpg,640,640,L,640,640,1.0,1.0,0.0,0.0,7
train,01_PCB__182.jpg,train/images/01_PCB__182.jpg,train/labels/01_PCB__182.txt,01_PCB__182.jpg,640,640,L,640,640,1.0,1.0,0.0,0.0,8
train,01_PCB__183.jpg,train/images/01_PCB__183.jpg,train/labels/01_PCB__183.txt,01_PCB__183.jpg,640,640,L,640,640,1.0,1.0,0.0,0.0,7
train,01_PCB__184.jpg,train/images/01_PCB__184.jpg,train/labels/01_PCB__184.txt,01_PCB__184.jpg,640,640,L,640,640,1.0,1.0,0.0,0.0,9
train,01_PCB__185.jpg,train/images/01_PCB__185.jpg,train/labels/01_PCB__185.txt,01_PCB__185.jpg,640,640,L,640,640,1.0,1.0,0.0,0.0,7
train,01_PCB__186.jpg,train/images/01_PCB__186.jpg,train/labels/01_PCB__186.txt,01_PCB__186.jpg,640,640,L,640,640,1.0,1.0,0.0,0.0,6
train,01_PCB__187.jpg,train/images/01_PCB__187.jpg,train/labels/01_PCB__187.txt,01_PCB__187.jpg,640,640,L,640,640,1.0,1.0,0.0,0.0,6
train,01_PCB__188.jpg,train/images/01_PCB__188.jpg,train/labels/01_PCB__188.txt,01_PCB__188.jpg,640,640,L,640,640,1.0,1.0,0.0,0.0,8
train,01_PCB__190.jpg,train/images/01_PCB__190.jpg,train/labels/01_PCB__190.txt,01_PCB__190.jpg,640,640,L,640,640,1.0,1.0,0.0,0.0,8
train,01_PCB__191.jpg,train/images/01_PCB__191.jpg,train/labels/01_PCB__191.txt,01_PCB__191.jpg,640,640,L,640,640,1.0,1.0,0.0,0.0,6
train,01_PCB__192.jpg,train/images/01_PCB__192.jpg,train/labels/01_PCB__192.txt,01_PCB__192.jpg,640,640,L,640,640,1.0,1.0,0.0,0.0,4
train,01_PCB__193.jpg,train/images/01_PCB__193.jpg,train/labels/01_PCB__193.txt,01_PCB__193.jpg,640,640,L,640,640,1.0,1.0,0.0,0.0,7
train,01_PCB__194.jpg,train/images/01_PCB__194.jpg,train/labels/01_PCB__194.txt,01_PCB__194.jpg,640,640,L,640,640,1.0,1.0,0.0,0.0,6
train,01_PCB__196.jpg,train/images/01_PCB__196.jpg,train/labels/01_PCB__196.txt,01_PCB__196.jpg,640,640,L,640,640,1.0,1.0,0.0,0.0,7
train,01_PCB__197.jpg,train/images/01_PCB__197.jpg,train/labels/01_PCB__197.txt,01_PCB__197.jpg,640,640,L,640,640,1.0,1.0,0.0,0.0,5
train,01_PCB__198.jpg,train/images/01_PCB__198.jpg,train/labels/01_PCB__198.txt,01_PCB__198.jpg,640,640,L,640,640,1.0,1.0,0.0,0.0,6
train,01_PCB__2.jpg,train/images/01_PCB__2.jpg,train/labels/01_PCB__2.txt,01_PCB__2.jpg,640,640,L,640,640,1.0,1.0,0.0,0.0,6
train,01_PCB__20.jpg,train/images/01_PCB__20.jpg,train/labels/01_PCB__20.txt,01_PCB__20.jpg,640,640,L,640,640,1.0,1.0,0.0,0.0,6
train,01_PCB__200.jpg,train/images/01_PCB__200.jpg,train/labels/01_PCB__200.txt,01_PCB__200.jpg,640,640,L,640,640,1.0,1.0,0.0,0.0,5
train,01_PCB__201.jpg,train/images/01_PCB__201.jpg,train/labels/01_PCB__201.txt,01_PCB__201.jpg,640,640,L,640,640,1.0,1.0,0.0,0.0,5
train,01_PCB__202.jpg,train/images/01_PCB__202.jpg,train/labels/01_PCB__202.txt,01_PCB__202.jpg,640,640,L,640,640,1.0,1.0,0.0,0.0,5
train,01_PCB__203.jpg,train/images/01_PCB__203.jpg,train/labels/01_PCB__203.txt,01_PCB__203.jpg,640,640,L,640,640,1.0,1.0,0.0,0.0,4
train,01_PCB__204.jpg,train/images/01_PCB__204.jpg,train/labels/01_PCB__204.txt,01_PCB__204.jpg,640,640,L,640,640,1.0,1.0,0.0,0.0,5
train,01_PCB__205.jpg,train/images/01_PCB__205.jpg,train/labels/01_PCB__205.txt,01_PCB__205.jpg,640,640,L,640,640,1.0,1.0,0.0,0.0,6
train,01_PCB__206.jpg,train/images/01_PCB__206.jpg,train/labels/01_PCB__206.txt,01_PCB__206.jpg,640,640,L,640,640,1.0,1.0,0.0,0.0,5
train,01_PCB__207.jpg,train/images/01_PCB__207.jpg,train/labels/01_PCB__207.txt,01_PCB__207.jpg,640,640,L,640,640,1.0,1.0,0.0,0.0,5
train,01_PCB__208.jpg,train/images/01_PCB__208.jpg,train/labels/01_PCB__208.txt,01_PCB__208.jpg,640,640,L,640,640,1.0,1.0,0.0,0.0,4
train,01_PCB__209.jpg,train/images/01_PCB__209.jpg,train/labels/01_PCB__209.txt,01_PCB__209.jpg,640,640,L,640,640,1.0,1.0,0.0,0.0,4
train,01_PCB__21.jpg,train/images/01_PCB__21.jpg,train/labels/01_PCB__21.txt,01_PCB__21.jpg,640,640,L,640,640,1.0,1.0,0.0,0.0,6
train,01_PCB__210.jpg,train/images/01_PCB__210.jpg,train/labels/01_PCB__210.txt,01_PCB__210.jpg,640,640,L,640,640,1.0,1.0,0.0,0.0,5
train,01_PCB__211.jpg,train/images/01_PCB__211.jpg,train/labels/01_PCB__211.txt,01_PCB__211.jpg,640,640,L,640,640,1.0,1.0,0.0,0.0,5
train,01_PCB__212.jpg,train/images/01_PCB__212.jpg,train/labels/01_PCB__212.txt,01_PCB__212.jpg,640,640,L,640,640,1.0,1.0,0.0,0.0,4
train,01_PCB__213.jpg,train/images/01_PCB__213.jpg,train/labels/01_PCB__213.txt,01_PCB__213.jpg,640,640,L,640,640,1.0,1.0,0.0,0.0,5
train,01_PCB__215.jpg,train/images/01_PCB__215.jpg,train/labels/01_PCB__215.txt,01_PCB__215.jpg,640,640,L,640,640,1.0,1.0,0.0,0.0,5
train,01_PCB__216.jpg,train/images/01_PCB__216.jpg,train/labels/01_PCB__216.txt,01_PCB__216.jpg,640,640,L,640,640,1.0,1.0,0.0,0.0,6
train,01_PCB__217.jpg,train/images/01_PCB__217.jpg,train/labels/01_PCB__217.txt,01_PCB__217.jpg,640,640,L,640,640,1.0,1.0,0.0,0.0,6
train,01_PCB__218.jpg,train/images/01_PCB__218.jpg,train/labels/01_PCB__218.txt,01_PCB__218.jpg,640,640,L,640,640,1.0,1.0,0.0,0.0,6
train,01_PCB__219.jpg,train/images/01_PCB__219.jpg,train/labels/01_PCB__219.txt,01_PCB__219.jpg,640,640,L,640,640,1.0,1.0,0.0,0.0,6
train,01_PCB__22.jpg,train/images/01_PCB__22.jpg,train/labels/01_PCB__22.txt,01_PCB__22.jpg,640,640,L,640,640,1.0,1.0,0.0,0.0,5
train,01_PCB__220.jpg,train/images/01_PCB__220.jpg,train/labels/01_PCB__220.txt,01_PCB__220.jpg,640,640,L,640,640,1.0,1.0,0.0,0.0,5
train,01_PCB__221.jpg,train/images/01_PCB__221.jpg,train/labels/01_PCB__221.txt,01_PCB__221.jpg,640,640,L,640,640,1.0,1.0,0.0,0.0,6
train,01_PCB__223.jpg,train/images/01_PCB__223.jpg,train/labels/01_PCB__223.txt,01_PCB__223.jpg,640,640,L,640,640,1.0,1.0,0.0,0.0,7
train,01_PCB__224.jpg,train/images/01_PCB__224.jpg,train/labels/01_PCB__224.txt,01_PCB__224.jpg,640,640,L,640,640,1.0,1.0,0.0,0.0,8
train,01_PCB__225.jpg,train/images/01_PCB__225.jpg,train/labels/01_PCB__225.txt,01_PCB__225.jpg,640,640,L,640,640,1.0,1.0,0.0,0.0,9
train,01_PCB__226.jpg,train/images/01_PCB__226.jpg,train/labels/01_PCB__226.txt,01_PCB__226.jpg,640,640,L,640,640,1.0,1.0,0.0,0.0,6
train,01_PCB__227.jpg,train/images/01_PCB__227.jpg,train/labels/01_PCB__227.txt,01_PCB__227.jpg,640,640,L,640,640,1.0,1.0,0.0,0.0,5
train,01_PCB__229.jpg,train/images/01_PCB__229.jpg,train/labels/01_PCB__229.txt,01_PCB__229.jpg,640,640,L,640,640,1.0,1.0,0.0,0.0,6
train,01_PCB__230.jpg,train/images/01_PCB__230.jpg,train/labels/01_PCB__230.txt,01_PCB__230.jpg,640,640,L,640,640,1.0,1.0,0.0,0.0,6
train,01_PCB__231.jpg,train/images/01_PCB__231.jpg,train/labels/01_PCB__231.txt,01_PCB__231.jpg,640,640,L,640,640,1.0,1.0,0.0,0.0,7
train,01_PCB__232.jpg,train/images/01_PCB__232.jpg,train/labels/01_PCB__232.txt,01_PCB__232.jpg,640,640,L,640,640,1.0,1.0,0.0,0.0,6
train,01_PCB__233.jpg,train/images/01_PCB__233.jpg,train/labels/01_PCB__233.txt,01_PCB__233.jpg,640,640,L,640,640,1.0,1.0,0.0,0.0,6
train,01_PCB__234.jpg,train/images/01_PCB__234.jpg,train/labels/01_PCB__234.txt,01_PCB__234.jpg,640,640,L,640,640,1.0,1.0,0.0,0.0,7
train,01_PCB__235.jpg,train/images/01_PCB__235.jpg,train/labels/01_PCB__235.txt,01_PCB__235.jpg,640,640,L,640,640,1.0,1.0,0.0,0.0,5
train,01_PCB__236.jpg,train/images/01_PCB__236.jpg,train/labels/01_PCB__236.txt,01_PCB__236.jpg,640,640,L,640,640,1.0,1.0,0.0,0.0,7
train,01_PCB__237.jpg,train/images/01_PCB__237.jpg,train/labels/01_PCB__237.txt,01_PCB__237.jpg,640,640,L,640,640,1.0,1.0,0.0,0.0,7
train,01_PCB__238.jpg,train/images/01_PCB__238.jpg,train/labels/01_PCB__238.txt,01_PCB__238.jpg,640,640,L,640,640,1.0,1.0,0.0,0.0,8
train,01_PCB__239.jpg,train/images/01_PCB__239.jpg,train/labels/01_PCB__239.txt,01_PCB__239.jpg,640,640,L,640,640,1.0,1.0,0.0,0.0,7
train,01_PCB__24.jpg,train/images/01_PCB__24.jpg,train/labels/01_PCB__24.txt,01_PCB__24.jpg,640,640,L,640,640,1.0,1.0,0.0,0.0,8
train,01_PCB__240.jpg,train/images/01_PCB__240.jpg,train/labels/01_PCB__240.txt,01_PCB__240.jpg,640,640,L,640,640,1.0,1.0,0.0,0.0,9
train,01_PCB__241.jpg,train/images/01_PCB__241.jpg,train/labels/01_PCB__241.txt,01_PCB__241.jpg,640,640,L,640,640,1.0,1.0,0.0,0.0,8
train,01_PCB__242.jpg,train/images/01_PCB__242.jpg,train/labels/01_PCB__242.txt,01_PCB__242.jpg,640,640,L,640,640,1.0,1.0,0.0,0.0,7
train,01_PCB__243.jpg,train/images/01_PCB__243.jpg,train/labels/01_PCB__243.txt,01_PCB__243.jpg,640,640,L,640,640,1.0,1.0,0.0,0.0,6
train,01_PCB__244.jpg,train/images/01_PCB__244.jpg,train/labels/01_PCB__244.txt,01_PCB__244.jpg,640,640,L,640,640,1.0,1.0,0.0,0.0,7
train,01_PCB__247.jpg,train/images/01_PCB__247.jpg,train/labels/01_PCB__247.txt,01_PCB__247.jpg,640,640,L,640,640,1.0,1.0,0.0,0.0,5
train,01_PCB__248.jpg,train/images/01_PCB__248.jpg,train/labels/01_PCB__248.txt,01_PCB__248.jpg,640,640,L,640,640,1.0,1.0,0.0,0.0,5
train,01_PCB__249.jpg,train/images/01_PCB__249.jpg,train/labels/01_PCB__249.txt,01_PCB__249.jpg,640,640,L,640,640,1.0,1.0,0.0,0.0,7
train,01_PCB__25.jpg,train/images/01_PCB__25.jpg,train/labels/01_PCB__25.txt,01_PCB__25.jpg,640,640,L,640,640,1.0,1.0,0.0,0.0,8
train,01_PCB__250.jpg,train/images/01_PCB__250.jpg,train/labels/01_PCB__250.txt,01_PCB__250.jpg,640,640,L,640,640,1.0,1.0,0.0,0.0,6
train,01_PCB__251.jpg,train/images/01_PCB__251.jpg,train/labels/01_PCB__251.txt,01_PCB__251.jpg,640,640,L,640,640,1.0,1.0,0.0,0.0,6
train,01_PCB__252.jpg,train/images/01_PCB__252.jpg,train/labels/01_PCB__252.txt,01_PCB__252.jpg,640,640,L,640,640,1.0,1.0,0.0,0.0,8
train,01_PCB__253.jpg,train/images/01_PCB__253.jpg,train/labels/01_PCB__253.txt,01_PCB__253.jpg,640,640,L,640,640,1.0,1.0,0.0,0.0,7
train,01_PCB__254.jpg,train/images/01_PCB__254.jpg,train/labels/01_PCB__254.txt,01_PCB__254.jpg,640,640,L,640,640,1.0,1.0,0.0,0.0,6
train,01_PCB__255.jpg,train/images/01_PCB__255.jpg,train/labels/01_PCB__255.txt,01_PCB__255.jpg,640,640,L,640,640,1.0,1.0,0.0,0.0,8
train,01_PCB__256.jpg,train/images/01_PCB__256.jpg,train/labels/01_PCB__256.txt,01_PCB__256.jpg,640,640,L,640,640,1.0,1.0,0.0,0.0,8
train,01_PCB__258.jpg,train/images/01_PCB__258.jpg,train/labels/01_PCB__258.txt,01_PCB__258.jpg,640,640,L,640,640,1.0,1.0,0.0,0.0,7
train,01_PCB__259.jpg,train/images/01_PCB__259.jpg,train/labels/01_PCB__259.txt,01_PCB__259.jpg,640,640,L,640,640,1.0,1.0,0.0,0.0,6
train,01_PCB__26.jpg,train/images/01_PCB__26.jpg,train/labels/01_PCB__26.txt,01_PCB__26.jpg,640,640,L,640,640,1.0,1.0,0.0,0.0,8
train,01_PCB__260.jpg,train/images/01_PCB__260.jpg,train/labels/01_PCB__260.txt,01_PCB__260.jpg,640,640,L,640,640,1.0,1.0,0.0,0.0,5
train,01_PCB__261.jpg,train/images/01_PCB__261.jpg,train/labels/01_PCB__261.txt,01_PCB__261.jpg,640,640,L,640,640,1.0,1.0,0.0,0.0,5
train,01_PCB__262.jpg,train/images/01_PCB__262.jpg,train/labels/01_PCB__262.txt,01_PCB__262.jpg,640,640,L,640,640,1.0,1.0,0.0,0.0,7
train,01_PCB__263.jpg,train/images/01_PCB__263.jpg,train/labels/01_PCB__263.txt,01_PCB__263.jpg,640,640,L,640,640,1.0,1.0,0.0,0.0,7
train,01_PCB__264.jpg,train/images/01_PCB__264.jpg,train/labels/01_PCB__264.txt,01_PCB__264.jpg,640,640,L,640,640,1.0,1.0,0.0,0.0,5
train,01_PCB__265.jpg,train/images/01_PCB__265.jpg,train/labels/01_PCB__265.txt,01_PCB__265.jpg,640,640,L,640,640,1.0,1.0,0.0,0.0,6
train,01_PCB__266.jpg,train/images/01_PCB__266.jpg,train/labels/01_PCB__266.txt,01_PCB__266.jpg,640,640,L,640,640,1.0,1.0,0.0,0.0,6
train,01_PCB__267.jpg,train/images/01_PCB__267.jpg,train/labels/01_PCB__267.txt,01_PCB__267.jpg,640,640,L,640,640,1.0,1.0,0.0,0.0,7
train,01_PCB__268.jpg,train/images/01_PCB__268.jpg,train/labels/01_PCB__268.txt,01_PCB__268.jpg,640,640,L,640,640,1.0,1.0,0.0,0.0,8
train,01_PCB__27.jpg,train/images/01_PCB__27.jpg,train/labels/01_PCB__27.txt,01_PCB__27.jpg,640,640,L,640,640,1.0,1.0,0.0,0.0,9
train,01_PCB__270.jpg,train/images/01_PCB__270.jpg,train/labels/01_PCB__270.txt,01_PCB__270.jpg,640,640,L,640,640,1.0,1.0,0.0,0.0,5
train,01_PCB__272.jpg,train/images/01_PCB__272.jpg,train/labels/01_PCB__272.txt,01_PCB__272.jpg,640,640,L,640,640,1.0,1.0,0.0,0.0,5
train,01_PCB__274.jpg,train/images/01_PCB__274.jpg,train/labels/01_PCB__274.txt,01_PCB__274.jpg,640,640,L,640,640,1.0,1.0,0.0,0.0,6
train,01_PCB__276.jpg,train/images/01_PCB__276.jpg,train/labels/01_PCB__276.txt,01_PCB__276.jpg,640,640,L,640,640,1.0,1.0,0.0,0.0,4
train,01_PCB__277.jpg,train/images/01_PCB__277.jpg,train/labels/01_PCB__277.txt,01_PCB__277.jpg,640,640,L,640,640,1.0,1.0,0.0,0.0,5
train,01_PCB__278.jpg,train/images/01_PCB__278.jpg,train/labels/01_PCB__278.txt,01_PCB__278.jpg,640,640,L,640,640,1.0,1.0,0.0,0.0,6
train,01_PCB__279.jpg,train/images/01_PCB__279.jpg,train/labels/01_PCB__279.txt,01_PCB__279.jpg,640,640,L,640,640,1.0,1.0,0.0,0.0,5
train,01_PCB__28.jpg,train/images/01_PCB__28.jpg,train/labels/01_PCB__28.txt,01_PCB__28.jpg,640,640,L,640,640,1.0,1.0,0.0,0.0,10
train,01_PCB__280.jpg,train/images/01_PCB__280.jpg,train/labels/01_PCB__280.txt,01_PCB__280.jpg,640,640,L,640,640,1.0,1.0,0.0,0.0,7
train,01_PCB__281.jpg,train/images/01_PCB__281.jpg,train/labels/01_PCB__281.txt,01_PCB__281.jpg,640,640,L,640,640,1.0,1.0,0.0,0.0,5
train,01_PCB__283.jpg,train/images/01_PCB__283.jpg,train/labels/01_PCB__283.txt,01_PCB__283.jpg,640,640,L,640,640,1.0,1.0,0.0,0.0,6
train,01_PCB__284.jpg,train/images/01_PCB__284.jpg,train/labels/01_PCB__284.txt,01_PCB__284.jpg,640,640,L,640,640,1.0,1.0,0.0,0.0,6
train,01_PCB__285.jpg,train/images/01_PCB__285.jpg,train/labels/01_PCB__285.txt,01_PCB__285.jpg,640,640,L,640,640,1.0,1.0,0.0,0.0,4
train,01_PCB__286.jpg,train/images/01_PCB__286.jpg,train/labels/01_PCB__286.txt,01_PCB__286.jpg,640,640,L,640,640,1.0,1.0,0.0,0.0,4
train,01_PCB__287.jpg,train/images/01_PCB__287.jpg,train/labels/01_PCB__287.txt,01_PCB__287.jpg,640,640,RGB,640,640,1.0,1.0,0.0,0.0,6
train,01_PCB__288.jpg,train/images/01_PCB__288.jpg,train/labels/01_PCB__288.txt,01_PCB__288.jpg,640,640,L,640,640,1.0,1.0,0.0,0.0,4
train,01_PCB__289.jpg,train/images/01_PCB__289.jpg,train/labels/01_PCB__289.txt,01_PCB__289.jpg,640,640,L,640,640,1.0,1.0,0.0,0.0,6
train,01_PCB__29.jpg,train/images/01_PCB__29.jpg,train/labels/01_PCB__29.txt,01_PCB__29.jpg,640,640,L,640,640,1.0,1.0,0.0,0.0,9
train,01_PCB__290.jpg,train/images/01_PCB__290.jpg,train/labels/01_PCB__290.txt,01_PCB__290.jpg,640,640,L,640,640,1.0,1.0,0.0,0.0,5
train,01_PCB__291.jpg,train/images/01_PCB__291.jpg,train/labels/01_PCB__291.txt,01_PCB__291.jpg,640,640,L,640,640,1.0,1.0,0.0,0.0,7
train,01_PCB__292.jpg,train/images/01_PCB__292.jpg,train/labels/01_PCB__292.txt,01_PCB__292.jpg,640,640,L,640,640,1.0,1.0,0.0,0.0,5
train,01_PCB__293.jpg,train/images/01_PCB__293.jpg,train/labels/01_PCB__293.txt,01_PCB__293.jpg,640,640,L,640,640,1.0,1.0,0.0,0.0,6
train,01_PCB__294.jpg,train/images/01_PCB__294.jpg,train/labels/01_PCB__294.txt,01_PCB__294.jpg,640,640,L,640,640,1.0,1.0,0.0,0.0,5
train,01_PCB__295.jpg,train/images/01_PCB__295.jpg,train/labels/01_PCB__295.txt,01_PCB__295.jpg,640,640,L,640,640,1.0,1.0,0.0,0.0,7
train,01_PCB__296.jpg,train/images/01_PCB__296.jpg,train/labels/01_PCB__296.txt,01_PCB__296.jpg,640,640,L,640,640,1.0,1.0,0.0,0.0,8
train,01_PCB__297.jpg,train/images/01_PCB__297.jpg,train/labels/01_PCB__297.txt,01_PCB__297.jpg,640,640,L,640,640,1.0,1.0,0.0,0.0,5
train,01_PCB__298.jpg,train/images/01_PCB__298.jpg,train/labels/01_PCB__298.txt,01_PCB__298.jpg,640,640,L,640,640,1.0,1.0,0.0,0.0,6
train,01_PCB__299.jpg,train/images/01_PCB__299.jpg,train/labels/01_PCB__299.txt,01_PCB__299.jpg,640,640,L,640,640,1.0,1.0,0.0,0.0,7
train,01_PCB__3.jpg,train/images/01_PCB__3.jpg,train/labels/01_PCB__3.txt,01_PCB__3.jpg,640,640,L,640,640,1.0,1.0,0.0,0.0,7
train,01_PCB__30.jpg,train/images/01_PCB__30.jpg,train/labels/01_PCB__30.txt,01_PCB__30.jpg,640,640,L,640,640,1.0,1.0,0.0,0.0,3
train,01_PCB__301.jpg,train/images/01_PCB__301.jpg,train/labels/01_PCB__301.txt,01_PCB__301.jpg,640,640,L,640,640,1.0,1.0,0.0,0.0,6
train,01_PCB__303.jpg,train/images/01_PCB__303.jpg,train/labels/01_PCB__303.txt,01_PCB__303.jpg,640,640,L,640,640,1.0,1.0,0.0,0.0,5
train,01_PCB__304.jpg,train/images/01_PCB__304.jpg,train/labels/01_PCB__304.txt,01_PCB__304.jpg,640,640,L,640,640,1.0,1.0,0.0,0.0,4
train,01_PCB__305.jpg,train/images/01_PCB__305.jpg,train/labels/01_PCB__305.txt,01_PCB__305.jpg,640,640,L,640,640,1.0,1.0,0.0,0.0,5
train,01_PCB__306.jpg,train/images/01_PCB__306.jpg,train/labels/01_PCB__306.txt,01_PCB__306.jpg,640,640,RGB,640,640,1.0,1.0,0.0,0.0,6
train,01_PCB__307.jpg,train/images/01_PCB__307.jpg,train/labels/01_PCB__307.txt,01_PCB__307.jpg,640,640,L,640,640,1.0,1.0,0.0,0.0,7
train,01_PCB__308.jpg,train/images/01_PCB__308.jpg,train/labels/01_PCB__308.txt,01_PCB__308.jpg,640,640,L,640,640,1.0,1.0,0.0,0.0,3
train,01_PCB__309.jpg,train/images/01_PCB__309.jpg,train/labels/01_PCB__309.txt,01_PCB__309.jpg,640,640,L,640,640,1.0,1.0,0.0,0.0,5
train,01_PCB__310.jpg,train/images/01_PCB__310.jpg,train/labels/01_PCB__310.txt,01_PCB__310.jpg,640,640,L,640,640,1.0,1.0,0.0,0.0,7
train,01_PCB__311.jpg,train/images/01_PCB__311.jpg,train/labels/01_PCB__311.txt,01_PCB__311.jpg,640,640,L,640,640,1.0,1.0,0.0,0.0,5
train,01_PCB__312.jpg,train/images/01_PCB__312.jpg,train/labels/01_PCB__312.txt,01_PCB__312.jpg,640,640,L,640,640,1.0,1.0,0.0,0.0,6
train,01_PCB__313.jpg,train/images/01_PCB__313.jpg,train/labels/01_PCB__313.txt,01_PCB__313.jpg,640,640,L,640,640,1.0,1.0,0.0,0.0,6
train,01_PCB__316.jpg,train/images/01_PCB__316.jpg,train/labels/01_PCB__316.txt,01_PCB__316.jpg,640,640,L,640,640,1.0,1.0,0.0,0.0,6
train,01_PCB__318.jpg,train/images/01_PCB__318.jpg,train/labels/01_PCB__318.txt,01_PCB__318.jpg,640,640,L,640,640,1.0,1.0,0.0,0.0,7
train,01_PCB__319.jpg,train/images/01_PCB__319.jpg,train/labels/01_PCB__319.txt,01_PCB__319.jpg,640,640,L,640,640,1.0,1.0,0.0,0.0,6
train,01_PCB__32.jpg,train/images/01_PCB__32.jpg,train/labels/01_PCB__32.txt,01_PCB__32.jpg,640,640,L,640,640,1.0,1.0,0.0,0.0,10
train,01_PCB__321.jpg,train/images/01_PCB__321.jpg,train/labels/01_PCB__321.txt,01_PCB__321.jpg,640,640,L,640,640,1.0,1.0,0.0,0.0,6
train,01_PCB__322.jpg,train/images/01_PCB__322.jpg,train/labels/01_PCB__322.txt,01_PCB__322.jpg,640,640,L,640,640,1.0,1.0,0.0,0.0,7
train,01_PCB__323.jpg,train/images/01_PCB__323.jpg,train/labels/01_PCB__323.txt,01_PCB__323.jpg,640,640,L,640,640,1.0,1.0,0.0,0.0,7
train,01_PCB__324.jpg,train/images/01_PCB__324.jpg,train/labels/01_PCB__324.txt,01_PCB__324.jpg,640,640,L,640,640,1.0,1.0,0.0,0.0,7
train,01_PCB__325.jpg,train/images/01_PCB__325.jpg,train/labels/01_PCB__325.txt,01_PCB__325.jpg,640,640,L,640,640,1.0,1.0,0.0,0.0,7
train,01_PCB__326.jpg,train/images/01_PCB__326.jpg,train/labels/01_PCB__326.txt,01_PCB__326.jpg,640,640,L,640,640,1.0,1.0,0.0,0.0,8
train,01_PCB__327.jpg,train/images/01_PCB__327.jpg,train/labels/01_PCB__327.txt,01_PCB__327.jpg,640,640,L,640,640,1.0,1.0,0.0,0.0,7
train,01_PCB__328.jpg,train/images/01_PCB__328.jpg,train/labels/01_PCB__328.txt,01_PCB__328.jpg,640,640,L,640,640,1.0,1.0,0.0,0.0,7
train,01_PCB__329.jpg,train/images/01_PCB__329.jpg,train/labels/01_PCB__329.txt,01_PCB__329.jpg,640,640,L,640,640,1.0,1.0,0.0,0.0,6
train,01_PCB__33.jpg,train/images/01_PCB__33.jpg,train/labels/01_PCB__33.txt,01_PCB__33.jpg,640,640,L,640,640,1.0,1.0,0.0,0.0,8
train,01_PCB__331.jpg,train/images/01_PCB__331.jpg,train/labels/01_PCB__331.txt,01_PCB__331.jpg,640,640,L,640,640,1.0,1.0,0.0,0.0,6
train,01_PCB__332.jpg,train/images/01_PCB__332.jpg,train/labels/01_PCB__332.txt,01_PCB__332.jpg,640,640,L,640,640,1.0,1.0,0.0,0.0,7
train,01_PCB__333.jpg,train/images/01_PCB__333.jpg,train/labels/01_PCB__333.txt,01_PCB__333.jpg,640,640,L,640,640,1.0,1.0,0.0,0.0,6
train,01_PCB__334.jpg,train/images/01_PCB__334.jpg,train/labels/01_PCB__334.txt,01_PCB__334.jpg,640,640,L,640,640,1.0,1.0,0.0,0.0,6
train,01_PCB__335.jpg,train/images/01_PCB__335.jpg,train/labels/01_PCB__335.txt,01_PCB__335.jpg,640,640,L,640,640,1.0,1.0,0.0,0.0,6
train,01_PCB__338.jpg,train/images/01_PCB__338.jpg,train/labels/01_PCB__338.txt,01_PCB__338.jpg,640,640,L,640,640,1.0,1.0,0.0,0.0,7
train,01_PCB__339.jpg,train/images/01_PCB__339.jpg,train/labels/01_PCB__339.txt,01_PCB__339.jpg,640,640,L,640,640,1.0,1.0,0.0,0.0,7
train,01_PCB__34.jpg,train/images/01_PCB__34.jpg,train/labels/01_PCB__34.txt,01_PCB__34.jpg,640,640,L,640,640,1.0,1.0,0.0,0.0,6
train,01_PCB__340.jpg,train/images/01_PCB__340.jpg,train/labels/01_PCB__340.txt,01_PCB__340.jpg,640,640,L,640,640,1.0,1.0,0.0,0.0,9
train,01_PCB__341.jpg,train/images/01_PCB__341.jpg,train/labels/01_PCB__341.txt,01_PCB__341.jpg,640,640,L,640,640,1.0,1.0,0.0,0.0,9
train,01_PCB__342.jpg,train/images/01_PCB__342.jpg,train/labels/01_PCB__342.txt,01_PCB__342.jpg,640,640,L,640,640,1.0,1.0,0.0,0.0,7
train,01_PCB__343.jpg,train/images/01_PCB__343.jpg,train/labels/01_PCB__343.txt,01_PCB__343.jpg,640,640,L,640,640,1.0,1.0,0.0,0.0,8
train,01_PCB__344.jpg,train/images/01_PCB__344.jpg,train/labels/01_PCB__344.txt,01_PCB__344.jpg,640,640,L,640,640,1.0,1.0,0.0,0.0,7
train,01_PCB__345.jpg,train/images/01_PCB__345.jpg,train/labels/01_PCB__345.txt,01_PCB__345.jpg,640,640,L,640,640,1.0,1.0,0.0,0.0,8
train,01_PCB__35.jpg,train/images/01_PCB__35.jpg,train/labels/01_PCB__35.txt,01_PCB__35.jpg,640,640,L,640,640,1.0,1.0,0.0,0.0,9
train,01_PCB__350.jpg,train/images/01_PCB__350.jpg,train/labels/01_PCB__350.txt,01_PCB__350.jpg,640,640,L,640,640,1.0,1.0,0.0,0.0,8
train,01_PCB__352.jpg,train/images/01_PCB__352.jpg,train/labels/01_PCB__352.txt,01_PCB__352.jpg,640,640,L,640,640,1.0,1.0,0.0,0.0,6
train,01_PCB__353.jpg,train/images/01_PCB__353.jpg,train/labels/01_PCB__353.txt,01_PCB__353.jpg,640,640,L,640,640,1.0,1.0,0.0,0.0,6
train,01_PCB__354.jpg,train/images/01_PCB__354.jpg,train/labels/01_PCB__354.txt,01_PCB__354.jpg,640,640,L,640,640,1.0,1.0,0.0,0.0,7
train,01_PCB__355.jpg,train/images/01_PCB__355.jpg,train/labels/01_PCB__355.txt,01_PCB__355.jpg,640,640,L,640,640,1.0,1.0,0.0,0.0,5
train,01_PCB__356.jpg,train/images/01_PCB__356.jpg,train/labels/01_PCB__356.txt,01_PCB__356.jpg,640,640,L,640,640,1.0,1.0,0.0,0.0,6
train,01_PCB__357.jpg,train/images/01_PCB__357.jpg,train/labels/01_PCB__357.txt,01_PCB__357.jpg,640,640,L,640,640,1.0,1.0,0.0,0.0,6
train,01_PCB__359.jpg,train/images/01_PCB__359.jpg,train/labels/01_PCB__359.txt,01_PCB__359.jpg,640,640,L,640,640,1.0,1.0,0.0,0.0,7
train,01_PCB__36.jpg,train/images/01_PCB__36.jpg,train/labels/01_PCB__36.txt,01_PCB__36.jpg,640,640,L,640,640,1.0,1.0,0.0,0.0,9
train,01_PCB__360.jpg,train/images/01_PCB__360.jpg,train/labels/01_PCB__360.txt,01_PCB__360.jpg,640,640,L,640,640,1.0,1.0,0.0,0.0,7
train,01_PCB__361.jpg,train/images/01_PCB__361.jpg,train/labels/01_PCB__361.txt,01_PCB__361.jpg,640,640,L,640,640,1.0,1.0,0.0,0.0,6
train,01_PCB__362.jpg,train/images/01_PCB__362.jpg,train/labels/01_PCB__362.txt,01_PCB__362.jpg,640,640,L,640,640,1.0,1.0,0.0,0.0,5
train,01_PCB__363.jpg,train/images/01_PCB__363.jpg,train/labels/01_PCB__363.txt,01_PCB__363.jpg,640,640,L,640,640,1.0,1.0,0.0,0.0,5
train,01_PCB__364.jpg,train/images/01_PCB__364.jpg,train/labels/01_PCB__364.txt,01_PCB__364.jpg,640,640,L,640,640,1.0,1.0,0.0,0.0,6
train,01_PCB__365.jpg,train/images/01_PCB__365.jpg,train/labels/01_PCB__365.txt,01_PCB__365.jpg,640,640,L,640,640,1.0,1.0,0.0,0.0,7
train,01_PCB__366.jpg,train/images/01_PCB__366.jpg,train/labels/01_PCB__366.txt,01_PCB__366.jpg,640,640,L,640,640,1.0,1.0,0.0,0.0,5
train,01_PCB__367.jpg,train/images/01_PCB__367.jpg,train/labels/01_PCB__367.txt,01_PCB__367.jpg,640,640,L,640,640,1.0,1.0,0.0,0.0,6
train,01_PCB__369.jpg,train/images/01_PCB__369.jpg,train/labels/01_PCB__369.txt,01_PCB__369.jpg,640,640,L,640,640,1.0,1.0,0.0,0.0,7
train,01_PCB__37.jpg,train/images/01_PCB__37.jpg,train/labels/01_PCB__37.txt,01_PCB__37.jpg,640,640,L,640,640,1.0,1.0,0.0,0.0,8
train,01_PCB__370.jpg,train/images/01_PCB__370.jpg,train/labels/01_PCB__370.txt,01_PCB__370.jpg,640,640,L,640,640,1.0,1.0,0.0,0.0,8
train,01_PCB__371.jpg,train/images/01_PCB__371.jpg,train/labels/01_PCB__371.txt,01_PCB__371.jpg,640,640,L,640,640,1.0,1.0,0.0,0.0,6
train,01_PCB__372.jpg,train/images/01_PCB__372.jpg,train/labels/01_PCB__372.txt,01_PCB__372.jpg,640,640,L,640,640,1.0,1.0,0.0,0.0,6
train,01_PCB__373.jpg,train/images/01_PCB__373.jpg,train/labels/01_PCB__373.txt,01_PCB__373.jpg,640,640,L,640,640,1.0,1.0,0.0,0.0,7
train,01_PCB__374.jpg,train/images/01_PCB__374.jpg,train/labels/01_PCB__374.txt,01_PCB__374.jpg,640,640,L,640,640,1.0,1.0,0.0,0.0,7
train,01_PCB__375.jpg,train/images/01_PCB__375.jpg,train/labels/01_PCB__375.txt,01_PCB__375.jpg,640,640,L,640,640,1.0,1.0,0.0,0.0,6
train,01_PCB__376.jpg,train/images/01_PCB__376.jpg,train/labels/01_PCB__376.txt,01_PCB__376.jpg,640,640,L,640,640,1.0,1.0,0.0,0.0,5
train,01_PCB__377.jpg,train/images/01_PCB__377.jpg,train/labels/01_PCB__377.txt,01_PCB__377.jpg,640,640,L,640,640,1.0,1.0,0.0,0.0,5
train,01_PCB__379.jpg,train/images/01_PCB__379.jpg,train/labels/01_PCB__379.txt,01_PCB__379.jpg,640,640,L,640,640,1.0,1.0,0.0,0.0,7
train,01_PCB__38.jpg,train/images/01_PCB__38.jpg,train/labels/01_PCB__38.txt,01_PCB__38.jpg,640,640,L,640,640,1.0,1.0,0.0,0.0,8
train,01_PCB__380.jpg,train/images/01_PCB__380.jpg,train/labels/01_PCB__380.txt,01_PCB__380.jpg,640,640,L,640,640,1.0,1.0,0.0,0.0,8
train,01_PCB__381.jpg,train/images/01_PCB__381.jpg,train/labels/01_PCB__381.txt,01_PCB__381.jpg,640,640,L,640,640,1.0,1.0,0.0,0.0,10
train,01_PCB__382.jpg,train/images/01_PCB__382.jpg,train/labels/01_PCB__382.txt,01_PCB__382.jpg,640,640,L,640,640,1.0,1.0,0.0,0.0,6
train,01_PCB__383.jpg,train/images/01_PCB__383.jpg,train/labels/01_PCB__383.txt,01_PCB__383.jpg,640,640,L,640,640,1.0,1.0,0.0,0.0,7
train,01_PCB__385.jpg,train/images/01_PCB__385.jpg,train/labels/01_PCB__385.txt,01_PCB__385.jpg,640,640,L,640,640,1.0,1.0,0.0,0.0,4
train,01_PCB__386.jpg,train/images/01_PCB__386.jpg,train/labels/01_PCB__386.txt,01_PCB__386.jpg,640,640,L,640,640,1.0,1.0,0.0,0.0,6
train,01_PCB__387.jpg,train/images/01_PCB__387.jpg,train/labels/01_PCB__387.txt,01_PCB__387.jpg,640,640,L,640,640,1.0,1.0,0.0,0.0,5
train,01_PCB__389.jpg,train/images/01_PCB__389.jpg,train/labels/01_PCB__389.txt,01_PCB__389.jpg,640,640,L,640,640,1.0,1.0,0.0,0.0,4
train,01_PCB__39.jpg,train/images/01_PCB__39.jpg,train/labels/01_PCB__39.txt,01_PCB__39.jpg,640,640,L,640,640,1.0,1.0,0.0,0.0,7
train,01_PCB__391.jpg,train/images/01_PCB__391.jpg,train/labels/01_PCB__391.txt,01_PCB__391.jpg,640,640,L,640,640,1.0,1.0,0.0,0.0,5
train,01_PCB__392.jpg,train/images/01_PCB__392.jpg,train/labels/01_PCB__392.txt,01_PCB__392.jpg,640,640,L,640,640,1.0,1.0,0.0,0.0,7
train,01_PCB__393.jpg,train/images/01_PCB__393.jpg,train/labels/01_PCB__393.txt,01_PCB__393.jpg,640,640,L,640,640,1.0,1.0,0.0,0.0,6
train,01_PCB__394.jpg,train/images/01_PCB__394.jpg,train/labels/01_PCB__394.txt,01_PCB__394.jpg,640,640,L,640,640,1.0,1.0,0.0,0.0,8
train,01_PCB__395.jpg,train/images/01_PCB__395.jpg,train/labels/01_PCB__395.txt,01_PCB__395.jpg,640,640,L,640,640,1.0,1.0,0.0,0.0,7
train,01_PCB__396.jpg,train/images/01_PCB__396.jpg,train/labels/01_PCB__396.txt,01_PCB__396.jpg,640,640,L,640,640,1.0,1.0,0.0,0.0,7
train,01_PCB__397.jpg,train/images/01_PCB__397.jpg,train/labels/01_PCB__397.txt,01_PCB__397.jpg,640,640,L,640,640,1.0,1.0,0.0,0.0,5
train,01_PCB__4.jpg,train/images/01_PCB__4.jpg,train/labels/01_PCB__4.txt,01_PCB__4.jpg,640,640,RGB,640,640,1.0,1.0,0.0,0.0,6
train,01_PCB__40.jpg,train/images/01_PCB__40.jpg,train/labels/01_PCB__40.txt,01_PCB__40.jpg,640,640,L,640,640,1.0,1.0,0.0,0.0,6
train,01_PCB__400.jpg,train/images/01_PCB__400.jpg,train/labels/01_PCB__400.txt,01_PCB__400.jpg,640,640,L,640,640,1.0,1.0,0.0,0.0,7
train,01_PCB__401.jpg,train/images/01_PCB__401.jpg,train/labels/01_PCB__401.txt,01_PCB__401.jpg,640,640,L,640,640,1.0,1.0,0.0,0.0,9
train,01_PCB__402.jpg,train/images/01_PCB__402.jpg,train/labels/01_PCB__402.txt,01_PCB__402.jpg,640,640,L,640,640,1.0,1.0,0.0,0.0,6
train,01_PCB__403.jpg,train/images/01_PCB__403.jpg,train/labels/01_PCB__403.txt,01_PCB__403.jpg,640,640,L,640,640,1.0,1.0,0.0,0.0,6
train,01_PCB__404.jpg,train/images/01_PCB__404.jpg,train/labels/01_PCB__404.txt,01_PCB__404.jpg,640,640,L,640,640,1.0,1.0,0.0,0.0,8
train,01_PCB__406.jpg,train/images/01_PCB__406.jpg,train/labels/01_PCB__406.txt,01_PCB__406.jpg,640,640,L,640,640,1.0,1.0,0.0,0.0,5
train,01_PCB__407.jpg,train/images/01_PCB__407.jpg,train/labels/01_PCB__407.txt,01_PCB__407.jpg,640,640,L,640,640,1.0,1.0,0.0,0.0,6
train,01_PCB__408.jpg,train/images/01_PCB__408.jpg,train/labels/01_PCB__408.txt,01_PCB__408.jpg,640,640,L,640,640,1.0,1.0,0.0,0.0,6
train,01_PCB__409.jpg,train/images/01_PCB__409.jpg,train/labels/01_PCB__409.txt,01_PCB__409.jpg,640,640,L,640,640,1.0,1.0,0.0,0.0,5
train,01_PCB__41.jpg,train/images/01_PCB__41.jpg,train/labels/01_PCB__41.txt,01_PCB__41.jpg,640,640,L,640,640,1.0,1.0,0.0,0.0,9
train,01_PCB__410.jpg,train/images/01_PCB__410.jpg,train/labels/01_PCB__410.txt,01_PCB__410.jpg,640,640,L,640,640,1.0,1.0,0.0,0.0,6
train,01_PCB__411.jpg,train/images/01_PCB__411.jpg,train/labels/01_PCB__411.txt,01_PCB__411.jpg,640,640,L,640,640,1.0,1.0,0.0,0.0,6
train,01_PCB__412.jpg,train/images/01_PCB__412.jpg,train/labels/01_PCB__412.txt,01_PCB__412.jpg,640,640,L,640,640,1.0,1.0,0.0,0.0,9
train,01_PCB__413.jpg,train/images/01_PCB__413.jpg,train/labels/01_PCB__413.txt,01_PCB__413.jpg,640,640,L,640,640,1.0,1.0,0.0,0.0,8
train,01_PCB__414.jpg,train/images/01_PCB__414.jpg,train/labels/01_PCB__414.txt,01_PCB__414.jpg,640,640,L,640,640,1.0,1.0,0.0,0.0,6
train,01_PCB__415.jpg,train/images/01_PCB__415.jpg,train/labels/01_PCB__415.txt,01_PCB__415.jpg,640,640,L,640,640,1.0,1.0,0.0,0.0,6
train,01_PCB__416.jpg,train/images/01_PCB__416.jpg,train/labels/01_PCB__416.txt,01_PCB__416.jpg,640,640,L,640,640,1.0,1.0,0.0,0.0,7
train,01_PCB__417.jpg,train/images/01_PCB__417.jpg,train/labels/01_PCB__417.txt,01_PCB__417.jpg,640,640,L,640,640,1.0,1.0,0.0,0.0,4
train,01_PCB__418.jpg,train/images/01_PCB__418.jpg,train/labels/01_PCB__418.txt,01_PCB__418.jpg,640,640,L,640,640,1.0,1.0,0.0,0.0,6
train,01_PCB__419.jpg,train/images/01_PCB__419.jpg,train/labels/01_PCB__419.txt,01_PCB__419.jpg,640,640,L,640,640,1.0,1.0,0.0,0.0,5
train,01_PCB__42.jpg,train/images/01_PCB__42.jpg,train/labels/01_PCB__42.txt,01_PCB__42.jpg,640,640,L,640,640,1.0,1.0,0.0,0.0,10
train,01_PCB__420.jpg,train/images/01_PCB__420.jpg,train/labels/01_PCB__420.txt,01_PCB__420.jpg,640,640,L,640,640,1.0,1.0,0.0,0.0,6
train,01_PCB__422.jpg,train/images/01_PCB__422.jpg,train/labels/01_PCB__422.txt,01_PCB__422.jpg,640,640,L,640,640,1.0,1.0,0.0,0.0,6
train,01_PCB__423.jpg,train/images/01_PCB__423.jpg,train/labels/01_PCB__423.txt,01_PCB__423.jpg,640,640,L,640,640,1.0,1.0,0.0,0.0,6
train,01_PCB__424.jpg,train/images/01_PCB__424.jpg,train/labels/01_PCB__424.txt,01_PCB__424.jpg,640,640,L,640,640,1.0,1.0,0.0,0.0,6
train,01_PCB__425.jpg,train/images/01_PCB__425.jpg,train/labels/01_PCB__425.txt,01_PCB__425.jpg,640,640,L,640,640,1.0,1.0,0.0,0.0,5
train,01_PCB__43.jpg,train/images/01_PCB__43.jpg,train/labels/01_PCB__43.txt,01_PCB__43.jpg,640,640,L,640,640,1.0,1.0,0.0,0.0,8
train,01_PCB__430.jpg,train/images/01_PCB__430.jpg,train/labels/01_PCB__430.txt,01_PCB__430.jpg,640,640,L,640,640,1.0,1.0,0.0,0.0,6
train,01_PCB__431.jpg,train/images/01_PCB__431.jpg,train/labels/01_PCB__431.txt,01_PCB__431.jpg,640,640,L,640,640,1.0,1.0,0.0,0.0,6
train,01_PCB__432.jpg,train/images/01_PCB__432.jpg,train/labels/01_PCB__432.txt,01_PCB__432.jpg,640,640,L,640,640,1.0,1.0,0.0,0.0,6
train,01_PCB__433.jpg,train/images/01_PCB__433.jpg,train/labels/01_PCB__433.txt,01_PCB__433.jpg,640,640,L,640,640,1.0,1.0,0.0,0.0,8
train,01_PCB__434.jpg,train/images/01_PCB__434.jpg,train/labels/01_PCB__434.txt,01_PCB__434.jpg,640,640,L,640,640,1.0,1.0,0.0,0.0,7
train,01_PCB__435.jpg,train/images/01_PCB__435.jpg,train/labels/01_PCB__435.txt,01_PCB__435.jpg,640,640,L,640,640,1.0,1.0,0.0,0.0,6
train,01_PCB__436.jpg,train/images/01_PCB__436.jpg,train/labels/01_PCB__436.txt,01_PCB__436.jpg,640,640,L,640,640,1.0,1.0,0.0,0.0,6
train,01_PCB__437.jpg,train/images/01_PCB__437.jpg,train/labels/01_PCB__437.txt,01_PCB__437.jpg,640,640,L,640,640,1.0,1.0,0.0,0.0,6
train,01_PCB__439.jpg,train/images/01_PCB__439.jpg,train/labels/01_PCB__439.txt,01_PCB__439.jpg,640,640,L,640,640,1.0,1.0,0.0,0.0,5
train,01_PCB__44.jpg,train/images/01_PCB__44.jpg,train/labels/01_PCB__44.txt,01_PCB__44.jpg,640,640,L,640,640,1.0,1.0,0.0,0.0,10
train,01_PCB__440.jpg,train/images/01_PCB__440.jpg,train/labels/01_PCB__440.txt,01_PCB__440.jpg,640,640,L,640,640,1.0,1.0,0.0,0.0,6
train,01_PCB__441.jpg,train/images/01_PCB__441.jpg,train/labels/01_PCB__441.txt,01_PCB__441.jpg,640,640,L,640,640,1.0,1.0,0.0,0.0,9
train,01_PCB__443.jpg,train/images/01_PCB__443.jpg,train/labels/01_PCB__443.txt,01_PCB__443.jpg,640,640,L,640,640,1.0,1.0,0.0,0.0,7
train,01_PCB__444.jpg,train/images/01_PCB__444.jpg,train/labels/01_PCB__444.txt,01_PCB__444.jpg,640,640,L,640,640,1.0,1.0,0.0,0.0,8
train,01_PCB__445.jpg,train/images/01_PCB__445.jpg,train/labels/01_PCB__445.txt,01_PCB__445.jpg,640,640,L,640,640,1.0,1.0,0.0,0.0,7
train,01_PCB__446.jpg,train/images/01_PCB__446.jpg,train/labels/01_PCB__446.txt,01_PCB__446.jpg,640,640,L,640,640,1.0,1.0,0.0,0.0,7
train,01_PCB__447.jpg,train/images/01_PCB__447.jpg,train/labels/01_PCB__447.txt,01_PCB__447.jpg,640,640,L,640,640,1.0,1.0,0.0,0.0,7
train,01_PCB__448.jpg,train/images/01_PCB__448.jpg,train/labels/01_PCB__448.txt,01_PCB__448.jpg,640,640,L,640,640,1.0,1.0,0.0,0.0,7
train,01_PCB__449.jpg,train/images/01_PCB__449.jpg,train/labels/01_PCB__449.txt,01_PCB__449.jpg,640,640,L,640,640,1.0,1.0,0.0,0.0,7
train,01_PCB__450.jpg,train/images/01_PCB__450.jpg,train/labels/01_PCB__450.txt,01_PCB__450.jpg,640,640,L,640,640,1.0,1.0,0.0,0.0,9
train,01_PCB__451.jpg,train/images/01_PCB__451.jpg,train/labels/01_PCB__451.txt,01_PCB__451.jpg,640,640,L,640,640,1.0,1.0,0.0,0.0,5
train,01_PCB__452.jpg,train/images/01_PCB__452.jpg,train/labels/01_PCB__452.txt,01_PCB__452.jpg,640,640,L,640,640,1.0,1.0,0.0,0.0,4
train,01_PCB__453.jpg,train/images/01_PCB__453.jpg,train/labels/01_PCB__453.txt,01_PCB__453.jpg,640,640,L,640,640,1.0,1.0,0.0,0.0,6
train,01_PCB__454.jpg,train/images/01_PCB__454.jpg,train/labels/01_PCB__454.txt,01_PCB__454.jpg,640,640,L,640,640,1.0,1.0,0.0,0.0,5
train,01_PCB__455.jpg,train/images/01_PCB__455.jpg,train/labels/01_PCB__455.txt,01_PCB__455.jpg,640,640,L,640,640,1.0,1.0,0.0,0.0,5
train,01_PCB__457.jpg,train/images/01_PCB__457.jpg,train/labels/01_PCB__457.txt,01_PCB__457.jpg,640,640,L,640,640,1.0,1.0,0.0,0.0,7
train,01_PCB__458.jpg,train/images/01_PCB__458.jpg,train/labels/01_PCB__458.txt,01_PCB__458.jpg,640,640,L,640,640,1.0,1.0,0.0,0.0,7
train,01_PCB__459.jpg,train/images/01_PCB__459.jpg,train/labels/01_PCB__459.txt,01_PCB__459.jpg,640,640,L,640,640,1.0,1.0,0.0,0.0,5
train,01_PCB__46.jpg,train/images/01_PCB__46.jpg,train/labels/01_PCB__46.txt,01_PCB__46.jpg,640,640,L,640,640,1.0,1.0,0.0,0.0,9
train,01_PCB__460.jpg,train/images/01_PCB__460.jpg,train/labels/01_PCB__460.txt,01_PCB__460.jpg,640,640,L,640,640,1.0,1.0,0.0,0.0,5
train,01_PCB__461.jpg,train/images/01_PCB__461.jpg,train/labels/01_PCB__461.txt,01_PCB__461.jpg,640,640,L,640,640,1.0,1.0,0.0,0.0,5
train,01_PCB__462.jpg,train/images/01_PCB__462.jpg,train/labels/01_PCB__462.txt,01_PCB__462.jpg,640,640,L,640,640,1.0,1.0,0.0,0.0,5
train,01_PCB__463.jpg,train/images/01_PCB__463.jpg,train/labels/01_PCB__463.txt,01_PCB__463.jpg,640,640,L,640,640,1.0,1.0,0.0,0.0,5
train,01_PCB__464.jpg,train/images/01_PCB__464.jpg,train/labels/01_PCB__464.txt,01_PCB__464.jpg,640,640,L,640,640,1.0,1.0,0.0,0.0,5
train,01_PCB__466.jpg,train/images/01_PCB__466.jpg,train/labels/01_PCB__466.txt,01_PCB__466.jpg,640,640,L,640,640,1.0,1.0,0.0,0.0,5
train,01_PCB__467.jpg,train/images/01_PCB__467.jpg,train/labels/01_PCB__467.txt,01_PCB__467.jpg,640,640,L,640,640,1.0,1.0,0.0,0.0,9
train,01_PCB__468.jpg,train/images/01_PCB__468.jpg,train/labels/01_PCB__468.txt,01_PCB__468.jpg,640,640,L,640,640,1.0,1.0,0.0,0.0,6
train,01_PCB__469.jpg,train/images/01_PCB__469.jpg,train/labels/01_PCB__469.txt,01_PCB__469.jpg,640,640,L,640,640,1.0,1.0,0.0,0.0,7
train,01_PCB__47.jpg,train/images/01_PCB__47.jpg,train/labels/01_PCB__47.txt,01_PCB__47.jpg,640,640,L,640,640,1.0,1.0,0.0,0.0,6
train,01_PCB__470.jpg,train/images/01_PCB__470.jpg,train/labels/01_PCB__470.txt,01_PCB__470.jpg,640,640,L,640,640,1.0,1.0,0.0,0.0,7
train,01_PCB__471.jpg,train/images/01_PCB__471.jpg,train/labels/01_PCB__471.txt,01_PCB__471.jpg,640,640,L,640,640,1.0,1.0,0.0,0.0,6
train,01_PCB__472.jpg,train/images/01_PCB__472.jpg,train/labels/01_PCB__472.txt,01_PCB__472.jpg,640,640,L,640,640,1.0,1.0,0.0,0.0,6
train,01_PCB__473.jpg,train/images/01_PCB__473.jpg,train/labels/01_PCB__473.txt,01_PCB__473.jpg,640,640,RGB,640,640,1.0,1.0,0.0,0.0,7
train,01_PCB__474.jpg,train/images/01_PCB__474.jpg,train/labels/01_PCB__474.txt,01_PCB__474.jpg,640,640,L,640,640,1.0,1.0,0.0,0.0,5
train,01_PCB__477.jpg,train/images/01_PCB__477.jpg,train/labels/01_PCB__477.txt,01_PCB__477.jpg,640,640,L,640,640,1.0,1.0,0.0,0.0,7
train,01_PCB__478.jpg,train/images/01_PCB__478.jpg,train/labels/01_PCB__478.txt,01_PCB__478.jpg,640,640,L,640,640,1.0,1.0,0.0,0.0,6
train,01_PCB__479.jpg,train/images/01_PCB__479.jpg,train/labels/01_PCB__479.txt,01_PCB__479.jpg,640,640,L,640,640,1.0,1.0,0.0,0.0,7
train,01_PCB__48.jpg,train/images/01_PCB__48.jpg,train/labels/01_PCB__48.txt,01_PCB__48.jpg,640,640,L,640,640,1.0,1.0,0.0,0.0,10
train,01_PCB__481.jpg,train/images/01_PCB__481.jpg,train/labels/01_PCB__481.txt,01_PCB__481.jpg,640,640,L,640,640,1.0,1.0,0.0,0.0,8
train,01_PCB__482.jpg,train/images/01_PCB__482.jpg,train/labels/01_PCB__482.txt,01_PCB__482.jpg,640,640,L,640,640,1.0,1.0,0.0,0.0,10
train,01_PCB__483.jpg,train/images/01_PCB__483.jpg,train/labels/01_PCB__483.txt,01_PCB__483.jpg,640,640,L,640,640,1.0,1.0,0.0,0.0,9
train,01_PCB__486.jpg,train/images/01_PCB__486.jpg,train/labels/01_PCB__486.txt,01_PCB__486.jpg,640,640,L,640,640,1.0,1.0,0.0,0.0,7
train,01_PCB__488.jpg,train/images/01_PCB__488.jpg,train/labels/01_PCB__488.txt,01_PCB__488.jpg,640,640,L,640,640,1.0,1.0,0.0,0.0,9
train,01_PCB__489.jpg,train/images/01_PCB__489.jpg,train/labels/01_PCB__489.txt,01_PCB__489.jpg,640,640,L,640,640,1.0,1.0,0.0,0.0,10
train,01_PCB__49.jpg,train/images/01_PCB__49.jpg,train/labels/01_PCB__49.txt,01_PCB__49.jpg,640,640,L,640,640,1.0,1.0,0.0,0.0,8
train,01_PCB__490.jpg,train/images/01_PCB__490.jpg,train/labels/01_PCB__490.txt,01_PCB__490.jpg,640,640,L,640,640,1.0,1.0,0.0,0.0,8
train,01_PCB__491.jpg,train/images/01_PCB__491.jpg,train/labels/01_PCB__491.txt,01_PCB__491.jpg,640,640,L,640,640,1.0,1.0,0.0,0.0,8
train,01_PCB__492.jpg,train/images/01_PCB__492.jpg,train/labels/01_PCB__492.txt,01_PCB__492.jpg,640,640,L,640,640,1.0,1.0,0.0,0.0,8
train,01_PCB__493.jpg,train/images/01_PCB__493.jpg,train/labels/01_PCB__493.txt,01_PCB__493.jpg,640,640,L,640,640,1.0,1.0,0.0,0.0,7
train,01_PCB__496.jpg,train/images/01_PCB__496.jpg,train/labels/01_PCB__496.txt,01_PCB__496.jpg,640,640,L,640,640,1.0,1.0,0.0,0.0,5
train,01_PCB__497.jpg,train/images/01_PCB__497.jpg,train/labels/01_PCB__497.txt,01_PCB__497.jpg,640,640,L,640,640,1.0,1.0,0.0,0.0,11
train,01_PCB__498.jpg,train/images/01_PCB__498.jpg,train/labels/01_PCB__498.txt,01_PCB__498.jpg,640,640,L,640,640,1.0,1.0,0.0,0.0,10
train,01_PCB__499.jpg,train/images/01_PCB__499.jpg,train/labels/01_PCB__499.txt,01_PCB__499.jpg,640,640,L,640,640,1.0,1.0,0.0,0.0,13
train,01_PCB__5.jpg,train/images/01_PCB__5.jpg,train/labels/01_PCB__5.txt,01_PCB__5.jpg,640,640,L,640,640,1.0,1.0,0.0,0.0,8
train,01_PCB__501.jpg,train/images/01_PCB__501.jpg,train/labels/01_PCB__501.txt,01_PCB__501.jpg,640,640,L,640,640,1.0,1.0,0.0,0.0,10
train,01_PCB__502.jpg,train/images/01_PCB__502.jpg,train/labels/01_PCB__502.txt,01_PCB__502.jpg,640,640,L,640,640,1.0,1.0,0.0,0.0,12
train,01_PCB__503.jpg,train/images/01_PCB__503.jpg,train/labels/01_PCB__503.txt,01_PCB__503.jpg,640,640,L,640,640,1.0,1.0,0.0,0.0,12
train,01_PCB__504.jpg,train/images/01_PCB__504.jpg,train/labels/01_PCB__504.txt,01_PCB__504.jpg,640,640,L,640,640,1.0,1.0,0.0,0.0,12
train,01_PCB__505.jpg,train/images/01_PCB__505.jpg,train/labels/01_PCB__505.txt,01_PCB__505.jpg,640,640,L,640,640,1.0,1.0,0.0,0.0,12
train,01_PCB__506.jpg,train/images/01_PCB__506.jpg,train/labels/01_PCB__506.txt,01_PCB__506.jpg,640,640,L,640,640,1.0,1.0,0.0,0.0,12
train,01_PCB__507.jpg,train/images/01_PCB__507.jpg,train/labels/01_PCB__507.txt,01_PCB__507.jpg,640,640,L,640,640,1.0,1.0,0.0,0.0,12
train,01_PCB__508.jpg,train/images/01_PCB__508.jpg,train/labels/01_PCB__508.txt,01_PCB__508.jpg,640,640,L,640,640,1.0,1.0,0.0,0.0,12
train,01_PCB__51.jpg,train/images/01_PCB__51.jpg,train/labels/01_PCB__51.txt,01_PCB__51.jpg,640,640,L,640,640,1.0,1.0,0.0,0.0,6
train,01_PCB__511.jpg,train/images/01_PCB__511.jpg,train/labels/01_PCB__511.txt,01_PCB__511.jpg,640,640,L,640,640,1.0,1.0,0.0,0.0,9
train,01_PCB__512.jpg,train/images/01_PCB__512.jpg,train/labels/01_PCB__512.txt,01_PCB__512.jpg,640,640,L,640,640,1.0,1.0,0.0,0.0,9
train,01_PCB__513.jpg,train/images/01_PCB__513.jpg,train/labels/01_PCB__513.txt,01_PCB__513.jpg,640,640,L,640,640,1.0,1.0,0.0,0.0,7
train,01_PCB__514.jpg,train/images/01_PCB__514.jpg,train/labels/01_PCB__514.txt,01_PCB__514.jpg,640,640,L,640,640,1.0,1.0,0.0,0.0,9
train,01_PCB__515.jpg,train/images/01_PCB__515.jpg,train/labels/01_PCB__515.txt,01_PCB__515.jpg,640,640,L,640,640,1.0,1.0,0.0,0.0,10
train,01_PCB__516.jpg,train/images/01_PCB__516.jpg,train/labels/01_PCB__516.txt,01_PCB__516.jpg,640,640,L,640,640,1.0,1.0,0.0,0.0,8
train,01_PCB__517.jpg,train/images/01_PCB__517.jpg,train/labels/01_PCB__517.txt,01_PCB__517.jpg,640,640,L,640,640,1.0,1.0,0.0,0.0,12
train,01_PCB__518.jpg,train/images/01_PCB__518.jpg,train/labels/01_PCB__518.txt,01_PCB__518.jpg,640,640,L,640,640,1.0,1.0,0.0,0.0,7
train,01_PCB__519.jpg,train/images/01_PCB__519.jpg,train/labels/01_PCB__519.txt,01_PCB__519.jpg,640,640,L,640,640,1.0,1.0,0.0,0.0,7
train,01_PCB__520.jpg,train/images/01_PCB__520.jpg,train/labels/01_PCB__520.txt,01_PCB__520.jpg,640,640,L,640,640,1.0,1.0,0.0,0.0,6
train,01_PCB__521.jpg,train/images/01_PCB__521.jpg,train/labels/01_PCB__521.txt,01_PCB__521.jpg,640,640,L,640,640,1.0,1.0,0.0,0.0,7
train,01_PCB__522.jpg,train/images/01_PCB__522.jpg,train/labels/01_PCB__522.txt,01_PCB__522.jpg,640,640,L,640,640,1.0,1.0,0.0,0.0,4
train,01_PCB__523.jpg,train/images/01_PCB__523.jpg,train/labels/01_PCB__523.txt,01_PCB__523.jpg,640,640,L,640,640,1.0,1.0,0.0,0.0,7
train,01_PCB__525.jpg,train/images/01_PCB__525.jpg,train/labels/01_PCB__525.txt,01_PCB__525.jpg,640,640,L,640,640,1.0,1.0,0.0,0.0,6
train,01_PCB__526.jpg,train/images/01_PCB__526.jpg,train/labels/01_PCB__526.txt,01_PCB__526.jpg,640,640,L,640,640,1.0,1.0,0.0,0.0,7
train,01_PCB__527.jpg,train/images/01_PCB__527.jpg,train/labels/01_PCB__527.txt,01_PCB__527.jpg,640,640,L,640,640,1.0,1.0,0.0,0.0,7
train,01_PCB__528.jpg,train/images/01_PCB__528.jpg,train/labels/01_PCB__528.txt,01_PCB__528.jpg,640,640,L,640,640,1.0,1.0,0.0,0.0,9
train,01_PCB__529.jpg,train/images/01_PCB__529.jpg,train/labels/01_PCB__529.txt,01_PCB__529.jpg,640,640,L,640,640,1.0,1.0,0.0,0.0,7
train,01_PCB__53.jpg,train/images/01_PCB__53.jpg,train/labels/01_PCB__53.txt,01_PCB__53.jpg,640,640,L,640,640,1.0,1.0,0.0,0.0,9
train,01_PCB__530.jpg,train/images/01_PCB__530.jpg,train/labels/01_PCB__530.txt,01_PCB__530.jpg,640,640,L,640,640,1.0,1.0,0.0,0.0,7
train,01_PCB__531.jpg,train/images/01_PCB__531.jpg,train/labels/01_PCB__531.txt,01_PCB__531.jpg,640,640,L,640,640,1.0,1.0,0.0,0.0,7
train,01_PCB__532.jpg,train/images/01_PCB__532.jpg,train/labels/01_PCB__532.txt,01_PCB__532.jpg,640,640,L,640,640,1.0,1.0,0.0,0.0,8
train,01_PCB__533.jpg,train/images/01_PCB__533.jpg,train/labels/01_PCB__533.txt,01_PCB__533.jpg,640,640,L,640,640,1.0,1.0,0.0,0.0,6
train,01_PCB__534.jpg,train/images/01_PCB__534.jpg,train/labels/01_PCB__534.txt,01_PCB__534.jpg,640,640,L,640,640,1.0,1.0,0.0,0.0,5
train,01_PCB__536.jpg,train/images/01_PCB__536.jpg,train/labels/01_PCB__536.txt,01_PCB__536.jpg,640,640,L,640,640,1.0,1.0,0.0,0.0,8
train,01_PCB__537.jpg,train/images/01_PCB__537.jpg,train/labels/01_PCB__537.txt,01_PCB__537.jpg,640,640,L,640,640,1.0,1.0,0.0,0.0,7
train,01_PCB__538.jpg,train/images/01_PCB__538.jpg,train/labels/01_PCB__538.txt,01_PCB__538.jpg,640,640,L,640,640,1.0,1.0,0.0,0.0,9
train,01_PCB__539.jpg,train/images/01_PCB__539.jpg,train/labels/01_PCB__539.txt,01_PCB__539.jpg,640,640,L,640,640,1.0,1.0,0.0,0.0,9
train,01_PCB__54.jpg,train/images/01_PCB__54.jpg,train/labels/01_PCB__54.txt,01_PCB__54.jpg,640,640,L,640,640,1.0,1.0,0.0,0.0,9
train,01_PCB__540.jpg,train/images/01_PCB__540.jpg,train/labels/01_PCB__540.txt,01_PCB__540.jpg,640,640,RGB,640,640,1.0,1.0,0.0,0.0,5
train,01_PCB__541.jpg,train/images/01_PCB__541.jpg,train/labels/01_PCB__541.txt,01_PCB__541.jpg,640,640,L,640,640,1.0,1.0,0.0,0.0,7
train,01_PCB__542.jpg,train/images/01_PCB__542.jpg,train/labels/01_PCB__542.txt,01_PCB__542.jpg,640,640,L,640,640,1.0,1.0,0.0,0.0,7
train,01_PCB__546.jpg,train/images/01_PCB__546.jpg,train/labels/01_PCB__546.txt,01_PCB__546.jpg,640,640,L,640,640,1.0,1.0,0.0,0.0,8
train,01_PCB__547.jpg,train/images/01_PCB__547.jpg,train/labels/01_PCB__547.txt,01_PCB__547.jpg,640,640,L,640,640,1.0,1.0,0.0,0.0,10
train,01_PCB__548.jpg,train/images/01_PCB__548.jpg,train/labels/01_PCB__548.txt,01_PCB__548.jpg,640,640,L,640,640,1.0,1.0,0.0,0.0,8
train,01_PCB__55.jpg,train/images/01_PCB__55.jpg,train/labels/01_PCB__55.txt,01_PCB__55.jpg,640,640,L,640,640,1.0,1.0,0.0,0.0,7
train,01_PCB__550.jpg,train/images/01_PCB__550.jpg,train/labels/01_PCB__550.txt,01_PCB__550.jpg,640,640,L,640,640,1.0,1.0,0.0,0.0,5
train,01_PCB__551.jpg,train/images/01_PCB__551.jpg,train/labels/01_PCB__551.txt,01_PCB__551.jpg,640,640,L,640,640,1.0,1.0,0.0,0.0,6
train,01_PCB__552.jpg,train/images/01_PCB__552.jpg,train/labels/01_PCB__552.txt,01_PCB__552.jpg,640,640,L,640,640,1.0,1.0,0.0,0.0,6
train,01_PCB__553.jpg,train/images/01_PCB__553.jpg,train/labels/01_PCB__553.txt,01_PCB__553.jpg,640,640,L,640,640,1.0,1.0,0.0,0.0,6
train,01_PCB__554.jpg,train/images/01_PCB__554.jpg,train/labels/01_PCB__554.txt,01_PCB__554.jpg,640,640,L,640,640,1.0,1.0,0.0,0.0,7
train,01_PCB__555.jpg,train/images/01_PCB__555.jpg,train/labels/01_PCB__555.txt,01_PCB__555.jpg,640,640,RGB,640,640,1.0,1.0,0.0,0.0,6
train,01_PCB__556.jpg,train/images/01_PCB__556.jpg,train/labels/01_PCB__556.txt,01_PCB__556.jpg,640,640,L,640,640,1.0,1.0,0.0,0.0,7
train,01_PCB__557.jpg,train/images/01_PCB__557.jpg,train/labels/01_PCB__557.txt,01_PCB__557.jpg,640,640,L,640,640,1.0,1.0,0.0,0.0,7
train,01_PCB__559.jpg,train/images/01_PCB__559.jpg,train/labels/01_PCB__559.txt,01_PCB__559.jpg,640,640,L,640,640,1.0,1.0,0.0,0.0,7
train,01_PCB__56.jpg,train/images/01_PCB__56.jpg,train/labels/01_PCB__56.txt,01_PCB__56.jpg,640,640,L,640,640,1.0,1.0,0.0,0.0,7
train,01_PCB__560.jpg,train/images/01_PCB__560.jpg,train/labels/01_PCB__560.txt,01_PCB__560.jpg,640,640,L,640,640,1.0,1.0,0.0,0.0,11
train,01_PCB__561.jpg,train/images/01_PCB__561.jpg,train/labels/01_PCB__561.txt,01_PCB__561.jpg,640,640,L,640,640,1.0,1.0,0.0,0.0,10
train,01_PCB__562.jpg,train/images/01_PCB__562.jpg,train/labels/01_PCB__562.txt,01_PCB__562.jpg,640,640,L,640,640,1.0,1.0,0.0,0.0,6
train,01_PCB__563.jpg,train/images/01_PCB__563.jpg,train/labels/01_PCB__563.txt,01_PCB__563.jpg,640,640,L,640,640,1.0,1.0,0.0,0.0,9
train,01_PCB__564.jpg,train/images/01_PCB__564.jpg,train/labels/01_PCB__564.txt,01_PCB__564.jpg,640,640,L,640,640,1.0,1.0,0.0,0.0,7
train,01_PCB__565.jpg,train/images/01_PCB__565.jpg,train/labels/01_PCB__565.txt,01_PCB__565.jpg,640,640,L,640,640,1.0,1.0,0.0,0.0,9
train,01_PCB__566.jpg,train/images/01_PCB__566.jpg,train/labels/01_PCB__566.txt,01_PCB__566.jpg,640,640,L,640,640,1.0,1.0,0.0,0.0,8
train,01_PCB__567.jpg,train/images/01_PCB__567.jpg,train/labels/01_PCB__567.txt,01_PCB__567.jpg,640,640,L,640,640,1.0,1.0,0.0,0.0,8
train,01_PCB__568.jpg,train/images/01_PCB__568.jpg,train/labels/01_PCB__568.txt,01_PCB__568.jpg,640,640,L,640,640,1.0,1.0,0.0,0.0,5
train,01_PCB__57.jpg,train/images/01_PCB__57.jpg,train/labels/01_PCB__57.txt,01_PCB__57.jpg,640,640,L,640,640,1.0,1.0,0.0,0.0,9
train,01_PCB__570.jpg,train/images/01_PCB__570.jpg,train/labels/01_PCB__570.txt,01_PCB__570.jpg,640,640,L,640,640,1.0,1.0,0.0,0.0,5
train,01_PCB__572.jpg,train/images/01_PCB__572.jpg,train/labels/01_PCB__572.txt,01_PCB__572.jpg,640,640,L,640,640,1.0,1.0,0.0,0.0,8
train,01_PCB__573.jpg,train/images/01_PCB__573.jpg,train/labels/01_PCB__573.txt,01_PCB__573.jpg,640,640,L,640,640,1.0,1.0,0.0,0.0,9
train,01_PCB__574.jpg,train/images/01_PCB__574.jpg,train/labels/01_PCB__574.txt,01_PCB__574.jpg,640,640,L,640,640,1.0,1.0,0.0,0.0,5
train,01_PCB__575.jpg,train/images/01_PCB__575.jpg,train/labels/01_PCB__575.txt,01_PCB__575.jpg,640,640,L,640,640,1.0,1.0,0.0,0.0,5
train,01_PCB__576.jpg,train/images/01_PCB__576.jpg,train/labels/01_PCB__576.txt,01_PCB__576.jpg,640,640,L,640,640,1.0,1.0,0.0,0.0,5
train,01_PCB__577.jpg,train/images/01_PCB__577.jpg,train/labels/01_PCB__577.txt,01_PCB__577.jpg,640,640,L,640,640,1.0,1.0,0.0,0.0,6
train,01_PCB__578.jpg,train/images/01_PCB__578.jpg,train/labels/01_PCB__578.txt,01_PCB__578.jpg,640,640,L,640,640,1.0,1.0,0.0,0.0,7
train,01_PCB__579.jpg,train/images/01_PCB__579.jpg,train/labels/01_PCB__579.txt,01_PCB__579.jpg,640,640,L,640,640,1.0,1.0,0.0,0.0,6
train,01_PCB__580.jpg,train/images/01_PCB__580.jpg,train/labels/01_PCB__580.txt,01_PCB__580.jpg,640,640,L,640,640,1.0,1.0,0.0,0.0,8
train,01_PCB__581.jpg,train/images/01_PCB__581.jpg,train/labels/01_PCB__581.txt,01_PCB__581.jpg,640,640,L,640,640,1.0,1.0,0.0,0.0,6
train,01_PCB__582.jpg,train/images/01_PCB__582.jpg,train/labels/01_PCB__582.txt,01_PCB__582.jpg,640,640,L,640,640,1.0,1.0,0.0,0.0,6
train,01_PCB__583.jpg,train/images/01_PCB__583.jpg,train/labels/01_PCB__583.txt,01_PCB__583.jpg,640,640,L,640,640,1.0,1.0,0.0,0.0,6
train,01_PCB__585.jpg,train/images/01_PCB__585.jpg,train/labels/01_PCB__585.txt,01_PCB__585.jpg,640,640,L,640,640,1.0,1.0,0.0,0.0,6
train,01_PCB__586.jpg,train/images/01_PCB__586.jpg,train/labels/01_PCB__586.txt,01_PCB__586.jpg,640,640,L,640,640,1.0,1.0,0.0,0.0,6
train,01_PCB__587.jpg,train/images/01_PCB__587.jpg,train/labels/01_PCB__587.txt,01_PCB__587.jpg,640,640,L,640,640,1.0,1.0,0.0,0.0,7
train,01_PCB__589.jpg,train/images/01_PCB__589.jpg,train/labels/01_PCB__589.txt,01_PCB__589.jpg,640,640,L,640,640,1.0,1.0,0.0,0.0,8
train,01_PCB__59.jpg,train/images/01_PCB__59.jpg,train/labels/01_PCB__59.txt,01_PCB__59.jpg,640,640,L,640,640,1.0,1.0,0.0,0.0,6
train,01_PCB__590.jpg,train/images/01_PCB__590.jpg,train/labels/01_PCB__590.txt,01_PCB__590.jpg,640,640,L,640,640,1.0,1.0,0.0,0.0,7
train,01_PCB__591.jpg,train/images/01_PCB__591.jpg,train/labels/01_PCB__591.txt,01_PCB__591.jpg,640,640,L,640,640,1.0,1.0,0.0,0.0,3
train,01_PCB__592.jpg,train/images/01_PCB__592.jpg,train/labels/01_PCB__592.txt,01_PCB__592.jpg,640,640,L,640,640,1.0,1.0,0.0,0.0,4
train,01_PCB__593.jpg,train/images/01_PCB__593.jpg,train/labels/01_PCB__593.txt,01_PCB__593.jpg,640,640,L,640,640,1.0,1.0,0.0,0.0,5
train,01_PCB__594.jpg,train/images/01_PCB__594.jpg,train/labels/01_PCB__594.txt,01_PCB__594.jpg,640,640,L,640,640,1.0,1.0,0.0,0.0,4
train,01_PCB__595.jpg,train/images/01_PCB__595.jpg,train/labels/01_PCB__595.txt,01_PCB__595.jpg,640,640,L,640,640,1.0,1.0,0.0,0.0,4
train,01_PCB__597.jpg,train/images/01_PCB__597.jpg,train/labels/01_PCB__597.txt,01_PCB__597.jpg,640,640,L,640,640,1.0,1.0,0.0,0.0,9
train,01_PCB__598.jpg,train/images/01_PCB__598.jpg,train/labels/01_PCB__598.txt,01_PCB__598.jpg,640,640,L,640,640,1.0,1.0,0.0,0.0,6
train,01_PCB__599.jpg,train/images/01_PCB__599.jpg,train/labels/01_PCB__599.txt,01_PCB__599.jpg,640,640,L,640,640,1.0,1.0,0.0,0.0,7
train,01_PCB__6.jpg,train/images/01_PCB__6.jpg,train/labels/01_PCB__6.txt,01_PCB__6.jpg,640,640,L,640,640,1.0,1.0,0.0,0.0,9
train,01_PCB__60.jpg,train/images/01_PCB__60.jpg,train/labels/01_PCB__60.txt,01_PCB__60.jpg,640,640,L,640,640,1.0,1.0,0.0,0.0,7
train,01_PCB__600.jpg,train/images/01_PCB__600.jpg,train/labels/01_PCB__600.txt,01_PCB__600.jpg,640,640,L,640,640,1.0,1.0,0.0,0.0,6
train,01_PCB__602.jpg,train/images/01_PCB__602.jpg,train/labels/01_PCB__602.txt,01_PCB__602.jpg,640,640,L,640,640,1.0,1.0,0.0,0.0,5
train,01_PCB__603.jpg,train/images/01_PCB__603.jpg,train/labels/01_PCB__603.txt,01_PCB__603.jpg,640,640,L,640,640,1.0,1.0,0.0,0.0,8
train,01_PCB__604.jpg,train/images/01_PCB__604.jpg,train/labels/01_PCB__604.txt,01_PCB__604.jpg,640,640,L,640,640,1.0,1.0,0.0,0.0,5
train,01_PCB__605.jpg,train/images/01_PCB__605.jpg,train/labels/01_PCB__605.txt,01_PCB__605.jpg,640,640,L,640,640,1.0,1.0,0.0,0.0,4
train,01_PCB__606.jpg,train/images/01_PCB__606.jpg,train/labels/01_PCB__606.txt,01_PCB__606.jpg,640,640,L,640,640,1.0,1.0,0.0,0.0,6
train,01_PCB__607.jpg,train/images/01_PCB__607.jpg,train/labels/01_PCB__607.txt,01_PCB__607.jpg,640,640,L,640,640,1.0,1.0,0.0,0.0,6
train,01_PCB__608.jpg,train/images/01_PCB__608.jpg,train/labels/01_PCB__608.txt,01_PCB__608.jpg,640,640,L,640,640,1.0,1.0,0.0,0.0,4
train,01_PCB__609.jpg,train/images/01_PCB__609.jpg,train/labels/01_PCB__609.txt,01_PCB__609.jpg,640,640,L,640,640,1.0,1.0,0.0,0.0,4
train,01_PCB__61.jpg,train/images/01_PCB__61.jpg,train/labels/01_PCB__61.txt,01_PCB__61.jpg,640,640,L,640,640,1.0,1.0,0.0,0.0,8
train,01_PCB__610.jpg,train/images/01_PCB__610.jpg,train/labels/01_PCB__610.txt,01_PCB__610.jpg,640,640,L,640,640,1.0,1.0,0.0,0.0,3
train,01_PCB__611.jpg,train/images/01_PCB__611.jpg,train/labels/01_PCB__611.txt,01_PCB__611.jpg,640,640,L,640,640,1.0,1.0,0.0,0.0,3
train,01_PCB__612.jpg,train/images/01_PCB__612.jpg,train/labels/01_PCB__612.txt,01_PCB__612.jpg,640,640,L,640,640,1.0,1.0,0.0,0.0,4
train,01_PCB__613.jpg,train/images/01_PCB__613.jpg,train/labels/01_PCB__613.txt,01_PCB__613.jpg,640,640,L,640,640,1.0,1.0,0.0,0.0,4
train,01_PCB__614.jpg,train/images/01_PCB__614.jpg,train/labels/01_PCB__614.txt,01_PCB__614.jpg,640,640,L,640,640,1.0,1.0,0.0,0.0,4
train,01_PCB__615.jpg,train/images/01_PCB__615.jpg,train/labels/01_PCB__615.txt,01_PCB__615.jpg,640,640,L,640,640,1.0,1.0,0.0,0.0,5
train,01_PCB__616.jpg,train/images/01_PCB__616.jpg,train/labels/01_PCB__616.txt,01_PCB__616.jpg,640,640,L,640,640,1.0,1.0,0.0,0.0,5
train,01_PCB__617.jpg,train/images/01_PCB__617.jpg,train/labels/01_PCB__617.txt,01_PCB__617.jpg,640,640,L,640,640,1.0,1.0,0.0,0.0,6
train,01_PCB__618.jpg,train/images/01_PCB__618.jpg,train/labels/01_PCB__618.txt,01_PCB__618.jpg,640,640,L,640,640,1.0,1.0,0.0,0.0,7
train,01_PCB__619.jpg,train/images/01_PCB__619.jpg,train/labels/01_PCB__619.txt,01_PCB__619.jpg,640,640,L,640,640,1.0,1.0,0.0,0.0,7
train,01_PCB__62.jpg,train/images/01_PCB__62.jpg,train/labels/01_PCB__62.txt,01_PCB__62.jpg,640,640,L,640,640,1.0,1.0,0.0,0.0,8
train,01_PCB__621.jpg,train/images/01_PCB__621.jpg,train/labels/01_PCB__621.txt,01_PCB__621.jpg,640,640,L,640,640,1.0,1.0,0.0,0.0,6
train,01_PCB__622.jpg,train/images/01_PCB__622.jpg,train/labels/01_PCB__622.txt,01_PCB__622.jpg,640,640,L,640,640,1.0,1.0,0.0,0.0,6
train,01_PCB__624.jpg,train/images/01_PCB__624.jpg,train/labels/01_PCB__624.txt,01_PCB__624.jpg,640,640,L,640,640,1.0,1.0,0.0,0.0,7
train,01_PCB__625.jpg,train/images/01_PCB__625.jpg,train/labels/01_PCB__625.txt,01_PCB__625.jpg,640,640,L,640,640,1.0,1.0,0.0,0.0,5
train,01_PCB__627.jpg,train/images/01_PCB__627.jpg,train/labels/01_PCB__627.txt,01_PCB__627.jpg,640,640,L,640,640,1.0,1.0,0.0,0.0,5
train,01_PCB__628.jpg,train/images/01_PCB__628.jpg,train/labels/01_PCB__628.txt,01_PCB__628.jpg,640,640,L,640,640,1.0,1.0,0.0,0.0,4
train,01_PCB__629.jpg,train/images/01_PCB__629.jpg,train/labels/01_PCB__629.txt,01_PCB__629.jpg,640,640,L,640,640,1.0,1.0,0.0,0.0,5
train,01_PCB__630.jpg,train/images/01_PCB__630.jpg,train/labels/01_PCB__630.txt,01_PCB__630.jpg,640,640,L,640,640,1.0,1.0,0.0,0.0,5
train,01_PCB__631.jpg,train/images/01_PCB__631.jpg,train/labels/01_PCB__631.txt,01_PCB__631.jpg,640,640,L,640,640,1.0,1.0,0.0,0.0,5
train,01_PCB__633.jpg,train/images/01_PCB__633.jpg,train/labels/01_PCB__633.txt,01_PCB__633.jpg,640,640,L,640,640,1.0,1.0,0.0,0.0,5
train,01_PCB__634.jpg,train/images/01_PCB__634.jpg,train/labels/01_PCB__634.txt,01_PCB__634.jpg,640,640,L,640,640,1.0,1.0,0.0,0.0,5
train,01_PCB__635.jpg,train/images/01_PCB__635.jpg,train/labels/01_PCB__635.txt,01_PCB__635.jpg,640,640,L,640,640,1.0,1.0,0.0,0.0,9
train,01_PCB__636.jpg,train/images/01_PCB__636.jpg,train/labels/01_PCB__636.txt,01_PCB__636.jpg,640,640,L,640,640,1.0,1.0,0.0,0.0,6
train,01_PCB__639.jpg,train/images/01_PCB__639.jpg,train/labels/01_PCB__639.txt,01_PCB__639.jpg,640,640,L,640,640,1.0,1.0,0.0,0.0,4
train,01_PCB__64.jpg,train/images/01_PCB__64.jpg,train/labels/01_PCB__64.txt,01_PCB__64.jpg,640,640,L,640,640,1.0,1.0,0.0,0.0,8
train,01_PCB__640.jpg,train/images/01_PCB__640.jpg,train/labels/01_PCB__640.txt,01_PCB__640.jpg,640,640,L,640,640,1.0,1.0,0.0,0.0,6
train,01_PCB__643.jpg,train/images/01_PCB__643.jpg,train/labels/01_PCB__643.txt,01_PCB__643.jpg,640,640,L,640,640,1.0,1.0,0.0,0.0,4
train,01_PCB__644.jpg,train/images/01_PCB__644.jpg,train/labels/01_PCB__644.txt,01_PCB__644.jpg,640,640,L,640,640,1.0,1.0,0.0,0.0,5
train,01_PCB__646.jpg,train/images/01_PCB__646.jpg,train/labels/01_PCB__646.txt,01_PCB__646.jpg,640,640,L,640,640,1.0,1.0,0.0,0.0,3
train,01_PCB__647.jpg,train/images/01_PCB__647.jpg,train/labels/01_PCB__647.txt,01_PCB__647.jpg,640,640,L,640,640,1.0,1.0,0.0,0.0,4
train,01_PCB__649.jpg,train/images/01_PCB__649.jpg,train/labels/01_PCB__649.txt,01_PCB__649.jpg,640,640,L,640,640,1.0,1.0,0.0,0.0,6
train,01_PCB__65.jpg,train/images/01_PCB__65.jpg,train/labels/01_PCB__65.txt,01_PCB__65.jpg,640,640,L,640,640,1.0,1.0,0.0,0.0,9
train,01_PCB__650.jpg,train/images/01_PCB__650.jpg,train/labels/01_PCB__650.txt,01_PCB__650.jpg,640,640,L,640,640,1.0,1.0,0.0,0.0,6
train,01_PCB__651.jpg,train/images/01_PCB__651.jpg,train/labels/01_PCB__651.txt,01_PCB__651.jpg,640,640,L,640,640,1.0,1.0,0.0,0.0,5
train,01_PCB__652.jpg,train/images/01_PCB__652.jpg,train/labels/01_PCB__652.txt,01_PCB__652.jpg,640,640,L,640,640,1.0,1.0,0.0,0.0,4
train,01_PCB__654.jpg,train/images/01_PCB__654.jpg,train/labels/01_PCB__654.txt,01_PCB__654.jpg,640,640,L,640,640,1.0,1.0,0.0,0.0,6
train,01_PCB__655.jpg,train/images/01_PCB__655.jpg,train/labels/01_PCB__655.txt,01_PCB__655.jpg,640,640,L,640,640,1.0,1.0,0.0,0.0,6
train,01_PCB__656.jpg,train/images/01_PCB__656.jpg,train/labels/01_PCB__656.txt,01_PCB__656.jpg,640,640,L,640,640,1.0,1.0,0.0,0.0,5
train,01_PCB__657.jpg,train/images/01_PCB__657.jpg,train/labels/01_PCB__657.txt,01_PCB__657.jpg,640,640,L,640,640,1.0,1.0,0.0,0.0,5
train,01_PCB__658.jpg,train/images/01_PCB__658.jpg,train/labels/01_PCB__658.txt,01_PCB__658.jpg,640,640,L,640,640,1.0,1.0,0.0,0.0,7
train,01_PCB__659.jpg,train/images/01_PCB__659.jpg,train/labels/01_PCB__659.txt,01_PCB__659.jpg,640,640,L,640,640,1.0,1.0,0.0,0.0,4
train,01_PCB__66.jpg,train/images/01_PCB__66.jpg,train/labels/01_PCB__66.txt,01_PCB__66.jpg,640,640,L,640,640,1.0,1.0,0.0,0.0,8
train,01_PCB__660.jpg,train/images/01_PCB__660.jpg,train/labels/01_PCB__660.txt,01_PCB__660.jpg,640,640,L,640,640,1.0,1.0,0.0,0.0,6
train,01_PCB__662.jpg,train/images/01_PCB__662.jpg,train/labels/01_PCB__662.txt,01_PCB__662.jpg,640,640,L,640,640,1.0,1.0,0.0,0.0,7
train,01_PCB__664.jpg,train/images/01_PCB__664.jpg,train/labels/01_PCB__664.txt,01_PCB__664.jpg,640,640,L,640,640,1.0,1.0,0.0,0.0,8
train,01_PCB__665.jpg,train/images/01_PCB__665.jpg,train/labels/01_PCB__665.txt,01_PCB__665.jpg,640,640,L,640,640,1.0,1.0,0.0,0.0,6
train,01_PCB__667.jpg,train/images/01_PCB__667.jpg,train/labels/01_PCB__667.txt,01_PCB__667.jpg,640,640,L,640,640,1.0,1.0,0.0,0.0,5
train,01_PCB__668.jpg,train/images/01_PCB__668.jpg,train/labels/01_PCB__668.txt,01_PCB__668.jpg,640,640,L,640,640,1.0,1.0,0.0,0.0,6
train,01_PCB__670.jpg,train/images/01_PCB__670.jpg,train/labels/01_PCB__670.txt,01_PCB__670.jpg,640,640,L,640,640,1.0,1.0,0.0,0.0,6
train,01_PCB__671.jpg,train/images/01_PCB__671.jpg,train/labels/01_PCB__671.txt,01_PCB__671.jpg,640,640,L,640,640,1.0,1.0,0.0,0.0,6
train,01_PCB__672.jpg,train/images/01_PCB__672.jpg,train/labels/01_PCB__672.txt,01_PCB__672.jpg,640,640,L,640,640,1.0,1.0,0.0,0.0,6
train,01_PCB__674.jpg,train/images/01_PCB__674.jpg,train/labels/01_PCB__674.txt,01_PCB__674.jpg,640,640,L,640,640,1.0,1.0,0.0,0.0,6
train,01_PCB__676.jpg,train/images/01_PCB__676.jpg,train/labels/01_PCB__676.txt,01_PCB__676.jpg,640,640,L,640,640,1.0,1.0,0.0,0.0,6
train,01_PCB__677.jpg,train/images/01_PCB__677.jpg,train/labels/01_PCB__677.txt,01_PCB__677.jpg,640,640,L,640,640,1.0,1.0,0.0,0.0,6
train,01_PCB__678.jpg,train/images/01_PCB__678.jpg,train/labels/01_PCB__678.txt,01_PCB__678.jpg,640,640,L,640,640,1.0,1.0,0.0,0.0,4
train,01_PCB__679.jpg,train/images/01_PCB__679.jpg,train/labels/01_PCB__679.txt,01_PCB__679.jpg,640,640,L,640,640,1.0,1.0,0.0,0.0,8
train,01_PCB__68.jpg,train/images/01_PCB__68.jpg,train/labels/01_PCB__68.txt,01_PCB__68.jpg,640,640,L,640,640,1.0,1.0,0.0,0.0,9
train,01_PCB__680.jpg,train/images/01_PCB__680.jpg,train/labels/01_PCB__680.txt,01_PCB__680.jpg,640,640,L,640,640,1.0,1.0,0.0,0.0,6
train,01_PCB__681.jpg,train/images/01_PCB__681.jpg,train/labels/01_PCB__681.txt,01_PCB__681.jpg,640,640,L,640,640,1.0,1.0,0.0,0.0,5
train,01_PCB__682.jpg,train/images/01_PCB__682.jpg,train/labels/01_PCB__682.txt,01_PCB__682.jpg,640,640,L,640,640,1.0,1.0,0.0,0.0,6
train,01_PCB__684.jpg,train/images/01_PCB__684.jpg,train/labels/01_PCB__684.txt,01_PCB__684.jpg,640,640,L,640,640,1.0,1.0,0.0,0.0,8
train,01_PCB__685.jpg,train/images/01_PCB__685.jpg,train/labels/01_PCB__685.txt,01_PCB__685.jpg,640,640,L,640,640,1.0,1.0,0.0,0.0,8
train,01_PCB__686.jpg,train/images/01_PCB__686.jpg,train/labels/01_PCB__686.txt,01_PCB__686.jpg,640,640,L,640,640,1.0,1.0,0.0,0.0,4
train,01_PCB__687.jpg,train/images/01_PCB__687.jpg,train/labels/01_PCB__687.txt,01_PCB__687.jpg,640,640,L,640,640,1.0,1.0,0.0,0.0,4
train,01_PCB__688.jpg,train/images/01_PCB__688.jpg,train/labels/01_PCB__688.txt,01_PCB__688.jpg,640,640,L,640,640,1.0,1.0,0.0,0.0,7
train,01_PCB__689.jpg,train/images/01_PCB__689.jpg,train/labels/01_PCB__689.txt,01_PCB__689.jpg,640,640,L,640,640,1.0,1.0,0.0,0.0,6
train,01_PCB__69.jpg,train/images/01_PCB__69.jpg,train/labels/01_PCB__69.txt,01_PCB__69.jpg,640,640,L,640,640,1.0,1.0,0.0,0.0,8
train,01_PCB__690.jpg,train/images/01_PCB__690.jpg,train/labels/01_PCB__690.txt,01_PCB__690.jpg,640,640,L,640,640,1.0,1.0,0.0,0.0,6
train,01_PCB__691.jpg,train/images/01_PCB__691.jpg,train/labels/01_PCB__691.txt,01_PCB__691.jpg,640,640,L,640,640,1.0,1.0,0.0,0.0,5
train,01_PCB__692.jpg,train/images/01_PCB__692.jpg,train/labels/01_PCB__692.txt,01_PCB__692.jpg,640,640,L,640,640,1.0,1.0,0.0,0.0,5
train,01_PCB__693.jpg,train/images/01_PCB__693.jpg,train/labels/01_PCB__693.txt,01_PCB__693.jpg,640,640,L,640,640,1.0,1.0,0.0,0.0,3
train,01_PCB__695.jpg,train/images/01_PCB__695.jpg,train/labels/01_PCB__695.txt,01_PCB__695.jpg,640,640,L,640,640,1.0,1.0,0.0,0.0,9
train,01_PCB__696.jpg,train/images/01_PCB__696.jpg,train/labels/01_PCB__696.txt,01_PCB__696.jpg,640,640,L,640,640,1.0,1.0,0.0,0.0,6
train,01_PCB__697.jpg,train/images/01_PCB__697.jpg,train/labels/01_PCB__697.txt,01_PCB__697.jpg,640,640,L,640,640,1.0,1.0,0.0,0.0,7
train,01_PCB__698.jpg,train/images/01_PCB__698.jpg,train/labels/01_PCB__698.txt,01_PCB__698.jpg,640,640,L,640,640,1.0,1.0,0.0,0.0,7
train,01_PCB__699.jpg,train/images/01_PCB__699.jpg,train/labels/01_PCB__699.txt,01_PCB__699.jpg,640,640,L,640,640,1.0,1.0,0.0,0.0,8
train,01_PCB__7.jpg,train/images/01_PCB__7.jpg,train/labels/01_PCB__7.txt,01_PCB__7.jpg,640,640,L,640,640,1.0,1.0,0.0,0.0,9
train,01_PCB__70.jpg,train/images/01_PCB__70.jpg,train/labels/01_PCB__70.txt,01_PCB__70.jpg,640,640,L,640,640,1.0,1.0,0.0,0.0,8
train,01_PCB__701.jpg,train/images/01_PCB__701.jpg,train/labels/01_PCB__701.txt,01_PCB__701.jpg,640,640,L,640,640,1.0,1.0,0.0,0.0,9
train,01_PCB__702.jpg,train/images/01_PCB__702.jpg,train/labels/01_PCB__702.txt,01_PCB__702.jpg,640,640,L,640,640,1.0,1.0,0.0,0.0,8
train,01_PCB__703.jpg,train/images/01_PCB__703.jpg,train/labels/01_PCB__703.txt,01_PCB__703.jpg,640,640,L,640,640,1.0,1.0,0.0,0.0,6
train,01_PCB__704.jpg,train/images/01_PCB__704.jpg,train/labels/01_PCB__704.txt,01_PCB__704.jpg,640,640,L,640,640,1.0,1.0,0.0,0.0,5
train,01_PCB__705.jpg,train/images/01_PCB__705.jpg,train/labels/01_PCB__705.txt,01_PCB__705.jpg,640,640,L,640,640,1.0,1.0,0.0,0.0,7
train,01_PCB__706.jpg,train/images/01_PCB__706.jpg,train/labels/01_PCB__706.txt,01_PCB__706.jpg,640,640,L,640,640,1.0,1.0,0.0,0.0,8
train,01_PCB__707.jpg,train/images/01_PCB__707.jpg,train/labels/01_PCB__707.txt,01_PCB__707.jpg,640,640,L,640,640,1.0,1.0,0.0,0.0,7
train,01_PCB__708.jpg,train/images/01_PCB__708.jpg,train/labels/01_PCB__708.txt,01_PCB__708.jpg,640,640,L,640,640,1.0,1.0,0.0,0.0,7
train,01_PCB__709.jpg,train/images/01_PCB__709.jpg,train/labels/01_PCB__709.txt,01_PCB__709.jpg,640,640,L,640,640,1.0,1.0,0.0,0.0,5
train,01_PCB__71.jpg,train/images/01_PCB__71.jpg,train/labels/01_PCB__71.txt,01_PCB__71.jpg,640,640,L,640,640,1.0,1.0,0.0,0.0,10
train,01_PCB__711.jpg,train/images/01_PCB__711.jpg,train/labels/01_PCB__711.txt,01_PCB__711.jpg,640,640,L,640,640,1.0,1.0,0.0,0.0,8
train,01_PCB__713.jpg,train/images/01_PCB__713.jpg,train/labels/01_PCB__713.txt,01_PCB__713.jpg,640,640,L,640,640,1.0,1.0,0.0,0.0,7
train,01_PCB__714.jpg,train/images/01_PCB__714.jpg,train/labels/01_PCB__714.txt,01_PCB__714.jpg,640,640,L,640,640,1.0,1.0,0.0,0.0,8
train,01_PCB__715.jpg,train/images/01_PCB__715.jpg,train/labels/01_PCB__715.txt,01_PCB__715.jpg,640,640,L,640,640,1.0,1.0,0.0,0.0,8
train,01_PCB__717.jpg,train/images/01_PCB__717.jpg,train/labels/01_PCB__717.txt,01_PCB__717.jpg,640,640,L,640,640,1.0,1.0,0.0,0.0,5
train,01_PCB__718.jpg,train/images/01_PCB__718.jpg,train/labels/01_PCB__718.txt,01_PCB__718.jpg,640,640,L,640,640,1.0,1.0,0.0,0.0,7
train,01_PCB__719.jpg,train/images/01_PCB__719.jpg,train/labels/01_PCB__719.txt,01_PCB__719.jpg,640,640,L,640,640,1.0,1.0,0.0,0.0,8
train,01_PCB__72.jpg,train/images/01_PCB__72.jpg,train/labels/01_PCB__72.txt,01_PCB__72.jpg,640,640,L,640,640,1.0,1.0,0.0,0.0,7
train,01_PCB__720.jpg,train/images/01_PCB__720.jpg,train/labels/01_PCB__720.txt,01_PCB__720.jpg,640,640,L,640,640,1.0,1.0,0.0,0.0,7
train,01_PCB__721.jpg,train/images/01_PCB__721.jpg,train/labels/01_PCB__721.txt,01_PCB__721.jpg,640,640,L,640,640,1.0,1.0,0.0,0.0,8
train,01_PCB__722.jpg,train/images/01_PCB__722.jpg,train/labels/01_PCB__722.txt,01_PCB__722.jpg,640,640,L,640,640,1.0,1.0,0.0,0.0,6
train,01_PCB__723.jpg,train/images/01_PCB__723.jpg,train/labels/01_PCB__723.txt,01_PCB__723.jpg,640,640,L,640,640,1.0,1.0,0.0,0.0,6
train,01_PCB__725.jpg,train/images/01_PCB__725.jpg,train/labels/01_PCB__725.txt,01_PCB__725.jpg,640,640,L,640,640,1.0,1.0,0.0,0.0,8
train,01_PCB__727.jpg,train/images/01_PCB__727.jpg,train/labels/01_PCB__727.txt,01_PCB__727.jpg,640,640,L,640,640,1.0,1.0,0.0,0.0,8
train,01_PCB__728.jpg,train/images/01_PCB__728.jpg,train/labels/01_PCB__728.txt,01_PCB__728.jpg,640,640,L,640,640,1.0,1.0,0.0,0.0,7
train,01_PCB__729.jpg,train/images/01_PCB__729.jpg,train/labels/01_PCB__729.txt,01_PCB__729.jpg,640,640,L,640,640,1.0,1.0,0.0,0.0,7
train,01_PCB__73.jpg,train/images/01_PCB__73.jpg,train/labels/01_PCB__73.txt,01_PCB__73.jpg,640,640,L,640,640,1.0,1.0,0.0,0.0,7
train,01_PCB__730.jpg,train/images/01_PCB__730.jpg,train/labels/01_PCB__730.txt,01_PCB__730.jpg,640,640,L,640,640,1.0,1.0,0.0,0.0,6
train,01_PCB__731.jpg,train/images/01_PCB__731.jpg,train/labels/01_PCB__731.txt,01_PCB__731.jpg,640,640,L,640,640,1.0,1.0,0.0,0.0,6
train,01_PCB__735.jpg,train/images/01_PCB__735.jpg,train/labels/01_PCB__735.txt,01_PCB__735.jpg,640,640,L,640,640,1.0,1.0,0.0,0.0,4
train,01_PCB__736.jpg,train/images/01_PCB__736.jpg,train/labels/01_PCB__736.txt,01_PCB__736.jpg,640,640,L,640,640,1.0,1.0,0.0,0.0,7
train,01_PCB__738.jpg,train/images/01_PCB__738.jpg,train/labels/01_PCB__738.txt,01_PCB__738.jpg,640,640,L,640,640,1.0,1.0,0.0,0.0,12
train,01_PCB__739.jpg,train/images/01_PCB__739.jpg,train/labels/01_PCB__739.txt,01_PCB__739.jpg,640,640,L,640,640,1.0,1.0,0.0,0.0,7
train,01_PCB__74.jpg,train/images/01_PCB__74.jpg,train/labels/01_PCB__74.txt,01_PCB__74.jpg,640,640,L,640,640,1.0,1.0,0.0,0.0,9
train,01_PCB__740.jpg,train/images/01_PCB__740.jpg,train/labels/01_PCB__740.txt,01_PCB__740.jpg,640,640,L,640,640,1.0,1.0,0.0,0.0,9
train,01_PCB__741.jpg,train/images/01_PCB__741.jpg,train/labels/01_PCB__741.txt,01_PCB__741.jpg,640,640,L,640,640,1.0,1.0,0.0,0.0,10
train,01_PCB__742.jpg,train/images/01_PCB__742.jpg,train/labels/01_PCB__742.txt,01_PCB__742.jpg,640,640,L,640,640,1.0,1.0,0.0,0.0,9
train,01_PCB__743.jpg,train/images/01_PCB__743.jpg,train/labels/01_PCB__743.txt,01_PCB__743.jpg,640,640,L,640,640,1.0,1.0,0.0,0.0,3
train,01_PCB__744.jpg,train/images/01_PCB__744.jpg,train/labels/01_PCB__744.txt,01_PCB__744.jpg,640,640,L,640,640,1.0,1.0,0.0,0.0,7
train,01_PCB__745.jpg,train/images/01_PCB__745.jpg,train/labels/01_PCB__745.txt,01_PCB__745.jpg,640,640,L,640,640,1.0,1.0,0.0,0.0,8
train,01_PCB__746.jpg,train/images/01_PCB__746.jpg,train/labels/01_PCB__746.txt,01_PCB__746.jpg,640,640,L,640,640,1.0,1.0,0.0,0.0,10
train,01_PCB__749.jpg,train/images/01_PCB__749.jpg,train/labels/01_PCB__749.txt,01_PCB__749.jpg,640,640,L,640,640,1.0,1.0,0.0,0.0,9
train,01_PCB__75.jpg,train/images/01_PCB__75.jpg,train/labels/01_PCB__75.txt,01_PCB__75.jpg,640,640,L,640,640,1.0,1.0,0.0,0.0,8
train,01_PCB__750.jpg,train/images/01_PCB__750.jpg,train/labels/01_PCB__750.txt,01_PCB__750.jpg,640,640,L,640,640,1.0,1.0,0.0,0.0,10
train,01_PCB__751.jpg,train/images/01_PCB__751.jpg,train/labels/01_PCB__751.txt,01_PCB__751.jpg,640,640,L,640,640,1.0,1.0,0.0,0.0,7
train,01_PCB__753.jpg,train/images/01_PCB__753.jpg,train/labels/01_PCB__753.txt,01_PCB__753.jpg,640,640,L,640,640,1.0,1.0,0.0,0.0,10
train,01_PCB__754.jpg,train/images/01_PCB__754.jpg,train/labels/01_PCB__754.txt,01_PCB__754.jpg,640,640,L,640,640,1.0,1.0,0.0,0.0,9
train,01_PCB__755.jpg,train/images/01_PCB__755.jpg,train/labels/01_PCB__755.txt,01_PCB__755.jpg,640,640,L,640,640,1.0,1.0,0.0,0.0,10
train,01_PCB__756.jpg,train/images/01_PCB__756.jpg,train/labels/01_PCB__756.txt,01_PCB__756.jpg,640,640,L,640,640,1.0,1.0,0.0,0.0,3
train,01_PCB__757.jpg,train/images/01_PCB__757.jpg,train/labels/01_PCB__757.txt,01_PCB__757.jpg,640,640,L,640,640,1.0,1.0,0.0,0.0,9
train,01_PCB__759.jpg,train/images/01_PCB__759.jpg,train/labels/01_PCB__759.txt,01_PCB__759.jpg,640,640,L,640,640,1.0,1.0,0.0,0.0,7
train,01_PCB__76.jpg,train/images/01_PCB__76.jpg,train/labels/01_PCB__76.txt,01_PCB__76.jpg,640,640,L,640,640,1.0,1.0,0.0,0.0,9
train,01_PCB__760.jpg,train/images/01_PCB__760.jpg,train/labels/01_PCB__760.txt,01_PCB__760.jpg,640,640,L,640,640,1.0,1.0,0.0,0.0,6
train,01_PCB__762.jpg,train/images/01_PCB__762.jpg,train/labels/01_PCB__762.txt,01_PCB__762.jpg,640,640,L,640,640,1.0,1.0,0.0,0.0,8
train,01_PCB__763.jpg,train/images/01_PCB__763.jpg,train/labels/01_PCB__763.txt,01_PCB__763.jpg,640,640,L,640,640,1.0,1.0,0.0,0.0,9
train,01_PCB__764.jpg,train/images/01_PCB__764.jpg,train/labels/01_PCB__764.txt,01_PCB__764.jpg,640,640,L,640,640,1.0,1.0,0.0,0.0,10
train,01_PCB__765.jpg,train/images/01_PCB__765.jpg,train/labels/01_PCB__765.txt,01_PCB__765.jpg,640,640,L,640,640,1.0,1.0,0.0,0.0,11
train,01_PCB__766.jpg,train/images/01_PCB__766.jpg,train/labels/01_PCB__766.txt,01_PCB__766.jpg,640,640,L,640,640,1.0,1.0,0.0,0.0,8
train,01_PCB__768.jpg,train/images/01_PCB__768.jpg,train/labels/01_PCB__768.txt,01_PCB__768.jpg,640,640,L,640,640,1.0,1.0,0.0,0.0,7
train,01_PCB__769.jpg,train/images/01_PCB__769.jpg,train/labels/01_PCB__769.txt,01_PCB__769.jpg,640,640,L,640,640,1.0,1.0,0.0,0.0,8
train,01_PCB__77.jpg,train/images/01_PCB__77.jpg,train/labels/01_PCB__77.txt,01_PCB__77.jpg,640,640,L,640,640,1.0,1.0,0.0,0.0,8
train,01_PCB__770.jpg,train/images/01_PCB__770.jpg,train/labels/01_PCB__770.txt,01_PCB__770.jpg,640,640,L,640,640,1.0,1.0,0.0,0.0,6
train,01_PCB__773.jpg,train/images/01_PCB__773.jpg,train/labels/01_PCB__773.txt,01_PCB__773.jpg,640,640,L,640,640,1.0,1.0,0.0,0.0,6
train,01_PCB__774.jpg,train/images/01_PCB__774.jpg,train/labels/01_PCB__774.txt,01_PCB__774.jpg,640,640,L,640,640,1.0,1.0,0.0,0.0,7
train,01_PCB__775.jpg,train/images/01_PCB__775.jpg,train/labels/01_PCB__775.txt,01_PCB__775.jpg,640,640,L,640,640,1.0,1.0,0.0,0.0,9
train,01_PCB__776.jpg,train/images/01_PCB__776.jpg,train/labels/01_PCB__776.txt,01_PCB__776.jpg,640,640,L,640,640,1.0,1.0,0.0,0.0,9
train,01_PCB__777.jpg,train/images/01_PCB__777.jpg,train/labels/01_PCB__777.txt,01_PCB__777.jpg,640,640,L,640,640,1.0,1.0,0.0,0.0,10
train,01_PCB__778.jpg,train/images/01_PCB__778.jpg,train/labels/01_PCB__778.txt,01_PCB__778.jpg,640,640,L,640,640,1.0,1.0,0.0,0.0,8
train,01_PCB__779.jpg,train/images/01_PCB__779.jpg,train/labels/01_PCB__779.txt,01_PCB__779.jpg,640,640,L,640,640,1.0,1.0,0.0,0.0,11
train,01_PCB__78.jpg,train/images/01_PCB__78.jpg,train/labels/01_PCB__78.txt,01_PCB__78.jpg,640,640,L,640,640,1.0,1.0,0.0,0.0,8
train,01_PCB__780.jpg,train/images/01_PCB__780.jpg,train/labels/01_PCB__780.txt,01_PCB__780.jpg,640,640,L,640,640,1.0,1.0,0.0,0.0,9
train,01_PCB__782.jpg,train/images/01_PCB__782.jpg,train/labels/01_PCB__782.txt,01_PCB__782.jpg,640,640,L,640,640,1.0,1.0,0.0,0.0,4
train,01_PCB__783.jpg,train/images/01_PCB__783.jpg,train/labels/01_PCB__783.txt,01_PCB__783.jpg,640,640,L,640,640,1.0,1.0,0.0,0.0,8
train,01_PCB__784.jpg,train/images/01_PCB__784.jpg,train/labels/01_PCB__784.txt,01_PCB__784.jpg,640,640,L,640,640,1.0,1.0,0.0,0.0,9
train,01_PCB__786.jpg,train/images/01_PCB__786.jpg,train/labels/01_PCB__786.txt,01_PCB__786.jpg,640,640,L,640,640,1.0,1.0,0.0,0.0,9
train,01_PCB__787.jpg,train/images/01_PCB__787.jpg,train/labels/01_PCB__787.txt,01_PCB__787.jpg,640,640,L,640,640,1.0,1.0,0.0,0.0,8
train,01_PCB__788.jpg,train/images/01_PCB__788.jpg,train/labels/01_PCB__788.txt,01_PCB__788.jpg,640,640,L,640,640,1.0,1.0,0.0,0.0,7
train,01_PCB__79.jpg,train/images/01_PCB__79.jpg,train/labels/01_PCB__79.txt,01_PCB__79.jpg,640,640,L,640,640,1.0,1.0,0.0,0.0,6
train,01_PCB__792.jpg,train/images/01_PCB__792.jpg,train/labels/01_PCB__792.txt,01_PCB__792.jpg,640,640,L,640,640,1.0,1.0,0.0,0.0,9
train,01_PCB__793.jpg,train/images/01_PCB__793.jpg,train/labels/01_PCB__793.txt,01_PCB__793.jpg,640,640,L,640,640,1.0,1.0,0.0,0.0,9
train,01_PCB__794.jpg,train/images/01_PCB__794.jpg,train/labels/01_PCB__794.txt,01_PCB__794.jpg,640,640,L,640,640,1.0,1.0,0.0,0.0,6
train,01_PCB__795.jpg,train/images/01_PCB__795.jpg,train/labels/01_PCB__795.txt,01_PCB__795.jpg,640,640,L,640,640,1.0,1.0,0.0,0.0,8
train,01_PCB__796.jpg,train/images/01_PCB__796.jpg,train/labels/01_PCB__796.txt,01_PCB__796.jpg,640,640,L,640,640,1.0,1.0,0.0,0.0,9
train,01_PCB__797.jpg,train/images/01_PCB__797.jpg,train/labels/01_PCB__797.txt,01_PCB__797.jpg,640,640,L,640,640,1.0,1.0,0.0,0.0,7
train,01_PCB__798.jpg,train/images/01_PCB__798.jpg,train/labels/01_PCB__798.txt,01_PCB__798.jpg,640,640,L,640,640,1.0,1.0,0.0,0.0,11
train,01_PCB__80.jpg,train/images/01_PCB__80.jpg,train/labels/01_PCB__80.txt,01_PCB__80.jpg,640,640,L,640,640,1.0,1.0,0.0,0.0,9
train,01_PCB__801.jpg,train/images/01_PCB__801.jpg,train/labels/01_PCB__801.txt,01_PCB__801.jpg,640,640,L,640,640,1.0,1.0,0.0,0.0,8
train,01_PCB__802.jpg,train/images/01_PCB__802.jpg,train/labels/01_PCB__802.txt,01_PCB__802.jpg,640,640,L,640,640,1.0,1.0,0.0,0.0,8
train,01_PCB__803.jpg,train/images/01_PCB__803.jpg,train/labels/01_PCB__803.txt,01_PCB__803.jpg,640,640,L,640,640,1.0,1.0,0.0,0.0,10
train,01_PCB__804.jpg,train/images/01_PCB__804.jpg,train/labels/01_PCB__804.txt,01_PCB__804.jpg,640,640,L,640,640,1.0,1.0,0.0,0.0,10
train,01_PCB__806.jpg,train/images/01_PCB__806.jpg,train/labels/01_PCB__806.txt,01_PCB__806.jpg,640,640,L,640,640,1.0,1.0,0.0,0.0,6
train,01_PCB__808.jpg,train/images/01_PCB__808.jpg,train/labels/01_PCB__808.txt,01_PCB__808.jpg,640,640,L,640,640,1.0,1.0,0.0,0.0,6
train,01_PCB__809.jpg,train/images/01_PCB__809.jpg,train/labels/01_PCB__809.txt,01_PCB__809.jpg,640,640,L,640,640,1.0,1.0,0.0,0.0,7
train,01_PCB__81.jpg,train/images/01_PCB__81.jpg,train/labels/01_PCB__81.txt,01_PCB__81.jpg,640,640,L,640,640,1.0,1.0,0.0,0.0,7
train,01_PCB__810.jpg,train/images/01_PCB__810.jpg,train/labels/01_PCB__810.txt,01_PCB__810.jpg,640,640,RGB,640,640,1.0,1.0,0.0,0.0,9
train,01_PCB__811.jpg,train/images/01_PCB__811.jpg,train/labels/01_PCB__811.txt,01_PCB__811.jpg,640,640,L,640,640,1.0,1.0,0.0,0.0,7
train,01_PCB__812.jpg,train/images/01_PCB__812.jpg,train/labels/01_PCB__812.txt,01_PCB__812.jpg,640,640,L,640,640,1.0,1.0,0.0,0.0,8
train,01_PCB__813.jpg,train/images/01_PCB__813.jpg,train/labels/01_PCB__813.txt,01_PCB__813.jpg,640,640,L,640,640,1.0,1.0,0.0,0.0,8
train,01_PCB__814.jpg,train/images/01_PCB__814.jpg,train/labels/01_PCB__814.txt,01_PCB__814.jpg,640,640,RGB,640,640,1.0,1.0,0.0,0.0,6
train,01_PCB__815.jpg,train/images/01_PCB__815.jpg,train/labels/01_PCB__815.txt,01_PCB__815.jpg,640,640,L,640,640,1.0,1.0,0.0,0.0,7
train,01_PCB__816.jpg,train/images/01_PCB__816.jpg,train/labels/01_PCB__816.txt,01_PCB__816.jpg,640,640,L,640,640,1.0,1.0,0.0,0.0,8
train,01_PCB__818.jpg,train/images/01_PCB__818.jpg,train/labels/01_PCB__818.txt,01_PCB__818.jpg,640,640,RGB,640,640,1.0,1.0,0.0,0.0,10
train,01_PCB__820.jpg,train/images/01_PCB__820.jpg,train/labels/01_PCB__820.txt,01_PCB__820.jpg,640,640,L,640,640,1.0,1.0,0.0,0.0,7
train,01_PCB__821.jpg,train/images/01_PCB__821.jpg,train/labels/01_PCB__821.txt,01_PCB__821.jpg,640,640,L,640,640,1.0,1.0,0.0,0.0,10
train,01_PCB__822.jpg,train/images/01_PCB__822.jpg,train/labels/01_PCB__822.txt,01_PCB__822.jpg,640,640,L,640,640,1.0,1.0,0.0,0.0,7
train,01_PCB__823.jpg,train/images/01_PCB__823.jpg,train/labels/01_PCB__823.txt,01_PCB__823.jpg,640,640,L,640,640,1.0,1.0,0.0,0.0,7
train,01_PCB__824.jpg,train/images/01_PCB__824.jpg,train/labels/01_PCB__824.txt,01_PCB__824.jpg,640,640,L,640,640,1.0,1.0,0.0,0.0,9
train,01_PCB__825.jpg,train/images/01_PCB__825.jpg,train/labels/01_PCB__825.txt,01_PCB__825.jpg,640,640,L,640,640,1.0,1.0,0.0,0.0,8
train,01_PCB__829.jpg,train/images/01_PCB__829.jpg,train/labels/01_PCB__829.txt,01_PCB__829.jpg,640,640,L,640,640,1.0,1.0,0.0,0.0,8
train,01_PCB__830.jpg,train/images/01_PCB__830.jpg,train/labels/01_PCB__830.txt,01_PCB__830.jpg,640,640,L,640,640,1.0,1.0,0.0,0.0,7
train,01_PCB__831.jpg,train/images/01_PCB__831.jpg,train/labels/01_PCB__831.txt,01_PCB__831.jpg,640,640,L,640,640,1.0,1.0,0.0,0.0,8
train,01_PCB__832.jpg,train/images/01_PCB__832.jpg,train/labels/01_PCB__832.txt,01_PCB__832.jpg,640,640,L,640,640,1.0,1.0,0.0,0.0,7
train,01_PCB__834.jpg,train/images/01_PCB__834.jpg,train/labels/01_PCB__834.txt,01_PCB__834.jpg,640,640,L,640,640,1.0,1.0,0.0,0.0,7
train,01_PCB__835.jpg,train/images/01_PCB__835.jpg,train/labels/01_PCB__835.txt,01_PCB__835.jpg,640,640,RGB,640,640,1.0,1.0,0.0,0.0,7
train,01_PCB__836.jpg,train/images/01_PCB__836.jpg,train/labels/01_PCB__836.txt,01_PCB__836.jpg,640,640,L,640,640,1.0,1.0,0.0,0.0,8
train,01_PCB__837.jpg,train/images/01_PCB__837.jpg,train/labels/01_PCB__837.txt,01_PCB__837.jpg,640,640,L,640,640,1.0,1.0,0.0,0.0,6
train,01_PCB__838.jpg,train/images/01_PCB__838.jpg,train/labels/01_PCB__838.txt,01_PCB__838.jpg,640,640,L,640,640,1.0,1.0,0.0,0.0,8
train,01_PCB__839.jpg,train/images/01_PCB__839.jpg,train/labels/01_PCB__839.txt,01_PCB__839.jpg,640,640,L,640,640,1.0,1.0,0.0,0.0,6
train,01_PCB__84.jpg,train/images/01_PCB__84.jpg,train/labels/01_PCB__84.txt,01_PCB__84.jpg,640,640,L,640,640,1.0,1.0,0.0,0.0,6
train,01_PCB__840.jpg,train/images/01_PCB__840.jpg,train/labels/01_PCB__840.txt,01_PCB__840.jpg,640,640,L,640,640,1.0,1.0,0.0,0.0,5
train,01_PCB__841.jpg,train/images/01_PCB__841.jpg,train/labels/01_PCB__841.txt,01_PCB__841.jpg,640,640,L,640,640,1.0,1.0,0.0,0.0,9
train,01_PCB__842.jpg,train/images/01_PCB__842.jpg,train/labels/01_PCB__842.txt,01_PCB__842.jpg,640,640,L,640,640,1.0,1.0,0.0,0.0,6
train,01_PCB__844.jpg,train/images/01_PCB__844.jpg,train/labels/01_PCB__844.txt,01_PCB__844.jpg,640,640,L,640,640,1.0,1.0,0.0,0.0,9
train,01_PCB__845.jpg,train/images/01_PCB__845.jpg,train/labels/01_PCB__845.txt,01_PCB__845.jpg,640,640,L,640,640,1.0,1.0,0.0,0.0,8
train,01_PCB__847.jpg,train/images/01_PCB__847.jpg,train/labels/01_PCB__847.txt,01_PCB__847.jpg,640,640,L,640,640,1.0,1.0,0.0,0.0,10
train,01_PCB__848.jpg,train/images/01_PCB__848.jpg,train/labels/01_PCB__848.txt,01_PCB__848.jpg,640,640,L,640,640,1.0,1.0,0.0,0.0,9
train,01_PCB__849.jpg,train/images/01_PCB__849.jpg,train/labels/01_PCB__849.txt,01_PCB__849.jpg,640,640,L,640,640,1.0,1.0,0.0,0.0,9
train,01_PCB__85.jpg,train/images/01_PCB__85.jpg,train/labels/01_PCB__85.txt,01_PCB__85.jpg,640,640,L,640,640,1.0,1.0,0.0,0.0,9
train,01_PCB__850.jpg,train/images/01_PCB__850.jpg,train/labels/01_PCB__850.txt,01_PCB__850.jpg,640,640,L,640,640,1.0,1.0,0.0,0.0,7
train,01_PCB__851.jpg,train/images/01_PCB__851.jpg,train/labels/01_PCB__851.txt,01_PCB__851.jpg,640,640,L,640,640,1.0,1.0,0.0,0.0,6
train,01_PCB__852.jpg,train/images/01_PCB__852.jpg,train/labels/01_PCB__852.txt,01_PCB__852.jpg,640,640,L,640,640,1.0,1.0,0.0,0.0,4
train,01_PCB__854.jpg,train/images/01_PCB__854.jpg,train/labels/01_PCB__854.txt,01_PCB__854.jpg,640,640,L,640,640,1.0,1.0,0.0,0.0,2
train,01_PCB__855.jpg,train/images/01_PCB__855.jpg,train/labels/01_PCB__855.txt,01_PCB__855.jpg,640,640,L,640,640,1.0,1.0,0.0,0.0,1
train,01_PCB__856.jpg,train/images/01_PCB__856.jpg,train/labels/01_PCB__856.txt,01_PCB__856.jpg,640,640,L,640,640,1.0,1.0,0.0,0.0,4
train,01_PCB__858.jpg,train/images/01_PCB__858.jpg,train/labels/01_PCB__858.txt,01_PCB__858.jpg,640,640,L,640,640,1.0,1.0,0.0,0.0,4
train,01_PCB__859.jpg,train/images/01_PCB__859.jpg,train/labels/01_PCB__859.txt,01_PCB__859.jpg,640,640,L,640,640,1.0,1.0,0.0,0.0,3
train,01_PCB__86.jpg,train/images/01_PCB__86.jpg,train/labels/01_PCB__86.txt,01_PCB__86.jpg,640,640,L,640,640,1.0,1.0,0.0,0.0,6
train,01_PCB__860.jpg,train/images/01_PCB__860.jpg,train/labels/01_PCB__860.txt,01_PCB__860.jpg,640,640,L,640,640,1.0,1.0,0.0,0.0,3
train,01_PCB__861.jpg,train/images/01_PCB__861.jpg,train/labels/01_PCB__861.txt,01_PCB__861.jpg,640,640,L,640,640,1.0,1.0,0.0,0.0,3
train,01_PCB__862.jpg,train/images/01_PCB__862.jpg,train/labels/01_PCB__862.txt,01_PCB__862.jpg,640,640,L,640,640,1.0,1.0,0.0,0.0,2
train,01_PCB__863.jpg,train/images/01_PCB__863.jpg,train/labels/01_PCB__863.txt,01_PCB__863.jpg,640,640,L,640,640,1.0,1.0,0.0,0.0,1
train,01_PCB__864.jpg,train/images/01_PCB__864.jpg,train/labels/01_PCB__864.txt,01_PCB__864.jpg,640,640,L,640,640,1.0,1.0,0.0,0.0,1
train,01_PCB__865.jpg,train/images/01_PCB__865.jpg,train/labels/01_PCB__865.txt,01_PCB__865.jpg,640,640,L,640,640,1.0,1.0,0.0,0.0,5
train,01_PCB__866.jpg,train/images/01_PCB__866.jpg,train/labels/01_PCB__866.txt,01_PCB__866.jpg,640,640,L,640,640,1.0,1.0,0.0,0.0,5
train,01_PCB__867.jpg,train/images/01_PCB__867.jpg,train/labels/01_PCB__867.txt,01_PCB__867.jpg,640,640,L,640,640,1.0,1.0,0.0,0.0,6
train,01_PCB__869.jpg,train/images/01_PCB__869.jpg,train/labels/01_PCB__869.txt,01_PCB__869.jpg,640,640,L,640,640,1.0,1.0,0.0,0.0,6
train,01_PCB__87.jpg,train/images/01_PCB__87.jpg,train/labels/01_PCB__87.txt,01_PCB__87.jpg,640,640,L,640,640,1.0,1.0,0.0,0.0,9
train,01_PCB__870.jpg,train/images/01_PCB__870.jpg,train/labels/01_PCB__870.txt,01_PCB__870.jpg,640,640,L,640,640,1.0,1.0,0.0,0.0,5
train,01_PCB__871.jpg,train/images/01_PCB__871.jpg,train/labels/01_PCB__871.txt,01_PCB__871.jpg,640,640,L,640,640,1.0,1.0,0.0,0.0,5
train,01_PCB__872.jpg,train/images/01_PCB__872.jpg,train/labels/01_PCB__872.txt,01_PCB__872.jpg,640,640,L,640,640,1.0,1.0,0.0,0.0,4
train,01_PCB__873.jpg,train/images/01_PCB__873.jpg,train/labels/01_PCB__873.txt,01_PCB__873.jpg,640,640,L,640,640,1.0,1.0,0.0,0.0,5
train,01_PCB__874.jpg,train/images/01_PCB__874.jpg,train/labels/01_PCB__874.txt,01_PCB__874.jpg,640,640,L,640,640,1.0,1.0,0.0,0.0,7
train,01_PCB__875.jpg,train/images/01_PCB__875.jpg,train/labels/01_PCB__875.txt,01_PCB__875.jpg,640,640,L,640,640,1.0,1.0,0.0,0.0,7
train,01_PCB__877.jpg,train/images/01_PCB__877.jpg,train/labels/01_PCB__877.txt,01_PCB__877.jpg,640,640,L,640,640,1.0,1.0,0.0,0.0,8
train,01_PCB__878.jpg,train/images/01_PCB__878.jpg,train/labels/01_PCB__878.txt,01_PCB__878.jpg,640,640,L,640,640,1.0,1.0,0.0,0.0,5
train,01_PCB__88.jpg,train/images/01_PCB__88.jpg,train/labels/01_PCB__88.txt,01_PCB__88.jpg,640,640,L,640,640,1.0,1.0,0.0,0.0,9
train,01_PCB__880.jpg,train/images/01_PCB__880.jpg,train/labels/01_PCB__880.txt,01_PCB__880.jpg,640,640,L,640,640,1.0,1.0,0.0,0.0,8
train,01_PCB__881.jpg,train/images/01_PCB__881.jpg,train/labels/01_PCB__881.txt,01_PCB__881.jpg,640,640,L,640,640,1.0,1.0,0.0,0.0,10
train,01_PCB__882.jpg,train/images/01_PCB__882.jpg,train/labels/01_PCB__882.txt,01_PCB__882.jpg,640,640,L,640,640,1.0,1.0,0.0,0.0,8
train,01_PCB__883.jpg,train/images/01_PCB__883.jpg,train/labels/01_PCB__883.txt,01_PCB__883.jpg,640,640,L,640,640,1.0,1.0,0.0,0.0,8
train,01_PCB__885.jpg,train/images/01_PCB__885.jpg,train/labels/01_PCB__885.txt,01_PCB__885.jpg,640,640,L,640,640,1.0,1.0,0.0,0.0,10
train,01_PCB__886.jpg,train/images/01_PCB__886.jpg,train/labels/01_PCB__886.txt,01_PCB__886.jpg,640,640,L,640,640,1.0,1.0,0.0,0.0,6
train,01_PCB__888.jpg,train/images/01_PCB__888.jpg,train/labels/01_PCB__888.txt,01_PCB__888.jpg,640,640,L,640,640,1.0,1.0,0.0,0.0,7
train,01_PCB__889.jpg,train/images/01_PCB__889.jpg,train/labels/01_PCB__889.txt,01_PCB__889.jpg,640,640,L,640,640,1.0,1.0,0.0,0.0,9
train,01_PCB__89.jpg,train/images/01_PCB__89.jpg,train/labels/01_PCB__89.txt,01_PCB__89.jpg,640,640,L,640,640,1.0,1.0,0.0,0.0,8
train,01_PCB__890.jpg,train/images/01_PCB__890.jpg,train/labels/01_PCB__890.txt,01_PCB__890.jpg,640,640,L,640,640,1.0,1.0,0.0,0.0,8
train,01_PCB__891.jpg,train/images/01_PCB__891.jpg,train/labels/01_PCB__891.txt,01_PCB__891.jpg,640,640,L,640,640,1.0,1.0,0.0,0.0,7
train,01_PCB__892.jpg,train/images/01_PCB__892.jpg,train/labels/01_PCB__892.txt,01_PCB__892.jpg,640,640,L,640,640,1.0,1.0,0.0,0.0,8
train,01_PCB__893.jpg,train/images/01_PCB__893.jpg,train/labels/01_PCB__893.txt,01_PCB__893.jpg,640,640,L,640,640,1.0,1.0,0.0,0.0,8
train,01_PCB__894.jpg,train/images/01_PCB__894.jpg,train/labels/01_PCB__894.txt,01_PCB__894.jpg,640,640,L,640,640,1.0,1.0,0.0,0.0,9
train,01_PCB__897.jpg,train/images/01_PCB__897.jpg,train/labels/01_PCB__897.txt,01_PCB__897.jpg,640,640,L,640,640,1.0,1.0,0.0,0.0,6
train,01_PCB__898.jpg,train/images/01_PCB__898.jpg,train/labels/01_PCB__898.txt,01_PCB__898.jpg,640,640,L,640,640,1.0,1.0,0.0,0.0,8
train,01_PCB__899.jpg,train/images/01_PCB__899.jpg,train/labels/01_PCB__899.txt,01_PCB__899.jpg,640,640,L,640,640,1.0,1.0,0.0,0.0,6
train,01_PCB__9.jpg,train/images/01_PCB__9.jpg,train/labels/01_PCB__9.txt,01_PCB__9.jpg,640,640,L,640,640,1.0,1.0,0.0,0.0,5
train,01_PCB__90.jpg,train/images/01_PCB__90.jpg,train/labels/01_PCB__90.txt,01_PCB__90.jpg,640,640,L,640,640,1.0,1.0,0.0,0.0,7
train,01_PCB__900.jpg,train/images/01_PCB__900.jpg,train/labels/01_PCB__900.txt,01_PCB__900.jpg,640,640,L,640,640,1.0,1.0,0.0,0.0,7
train,01_PCB__901.jpg,train/images/01_PCB__901.jpg,train/labels/01_PCB__901.txt,01_PCB__901.jpg,640,640,L,640,640,1.0,1.0,0.0,0.0,8
train,01_PCB__903.jpg,train/images/01_PCB__903.jpg,train/labels/01_PCB__903.txt,01_PCB__903.jpg,640,640,L,640,640,1.0,1.0,0.0,0.0,9
train,01_PCB__904.jpg,train/images/01_PCB__904.jpg,train/labels/01_PCB__904.txt,01_PCB__904.jpg,640,640,L,640,640,1.0,1.0,0.0,0.0,8
train,01_PCB__905.jpg,train/images/01_PCB__905.jpg,train/labels/01_PCB__905.txt,01_PCB__905.jpg,640,640,L,640,640,1.0,1.0,0.0,0.0,9
train,01_PCB__907.jpg,train/images/01_PCB__907.jpg,train/labels/01_PCB__907.txt,01_PCB__907.jpg,640,640,L,640,640,1.0,1.0,0.0,0.0,8
train,01_PCB__909.jpg,train/images/01_PCB__909.jpg,train/labels/01_PCB__909.txt,01_PCB__909.jpg,640,640,L,640,640,1.0,1.0,0.0,0.0,8
train,01_PCB__91.jpg,train/images/01_PCB__91.jpg,train/labels/01_PCB__91.txt,01_PCB__91.jpg,640,640,L,640,640,1.0,1.0,0.0,0.0,9
train,01_PCB__911.jpg,train/images/01_PCB__911.jpg,train/labels/01_PCB__911.txt,01_PCB__911.jpg,640,640,L,640,640,1.0,1.0,0.0,0.0,8
train,01_PCB__913.jpg,train/images/01_PCB__913.jpg,train/labels/01_PCB__913.txt,01_PCB__913.jpg,640,640,L,640,640,1.0,1.0,0.0,0.0,6
train,01_PCB__914.jpg,train/images/01_PCB__914.jpg,train/labels/01_PCB__914.txt,01_PCB__914.jpg,640,640,L,640,640,1.0,1.0,0.0,0.0,9
train,01_PCB__915.jpg,train/images/01_PCB__915.jpg,train/labels/01_PCB__915.txt,01_PCB__915.jpg,640,640,L,640,640,1.0,1.0,0.0,0.0,8
train,01_PCB__916.jpg,train/images/01_PCB__916.jpg,train/labels/01_PCB__916.txt,01_PCB__916.jpg,640,640,L,640,640,1.0,1.0,0.0,0.0,8
train,01_PCB__917.jpg,train/images/01_PCB__917.jpg,train/labels/01_PCB__917.txt,01_PCB__917.jpg,640,640,L,640,640,1.0,1.0,0.0,0.0,15
train,01_PCB__918.jpg,train/images/01_PCB__918.jpg,train/labels/01_PCB__918.txt,01_PCB__918.jpg,640,640,L,640,640,1.0,1.0,0.0,0.0,9
train,01_PCB__919.jpg,train/images/01_PCB__919.jpg,train/labels/01_PCB__919.txt,01_PCB__919.jpg,640,640,L,640,640,1.0,1.0,0.0,0.0,10
train,01_PCB__92.jpg,train/images/01_PCB__92.jpg,train/labels/01_PCB__92.txt,01_PCB__92.jpg,640,640,L,640,640,1.0,1.0,0.0,0.0,9
train,01_PCB__920.jpg,train/images/01_PCB__920.jpg,train/labels/01_PCB__920.txt,01_PCB__920.jpg,640,640,L,640,640,1.0,1.0,0.0,0.0,11
train,01_PCB__923.jpg,train/images/01_PCB__923.jpg,train/labels/01_PCB__923.txt,01_PCB__923.jpg,640,640,L,640,640,1.0,1.0,0.0,0.0,8
train,01_PCB__925.jpg,train/images/01_PCB__925.jpg,train/labels/01_PCB__925.txt,01_PCB__925.jpg,640,640,L,640,640,1.0,1.0,0.0,0.0,11
train,01_PCB__927.jpg,train/images/01_PCB__927.jpg,train/labels/01_PCB__927.txt,01_PCB__927.jpg,640,640,L,640,640,1.0,1.0,0.0,0.0,9
train,01_PCB__928.jpg,train/images/01_PCB__928.jpg,train/labels/01_PCB__928.txt,01_PCB__928.jpg,640,640,L,640,640,1.0,1.0,0.0,0.0,11
train,01_PCB__929.jpg,train/images/01_PCB__929.jpg,train/labels/01_PCB__929.txt,01_PCB__929.jpg,640,640,L,640,640,1.0,1.0,0.0,0.0,9
train,01_PCB__93.jpg,train/images/01_PCB__93.jpg,train/labels/01_PCB__93.txt,01_PCB__93.jpg,640,640,L,640,640,1.0,1.0,0.0,0.0,7
train,01_PCB__930.jpg,train/images/01_PCB__930.jpg,train/labels/01_PCB__930.txt,01_PCB__930.jpg,640,640,L,640,640,1.0,1.0,0.0,0.0,7
train,01_PCB__931.jpg,train/images/01_PCB__931.jpg,train/labels/01_PCB__931.txt,01_PCB__931.jpg,640,640,L,640,640,1.0,1.0,0.0,0.0,8
train,01_PCB__932.jpg,train/images/01_PCB__932.jpg,train/labels/01_PCB__932.txt,01_PCB__932.jpg,640,640,L,640,640,1.0,1.0,0.0,0.0,8
train,01_PCB__933.jpg,train/images/01_PCB__933.jpg,train/labels/01_PCB__933.txt,01_PCB__933.jpg,640,640,RGB,640,640,1.0,1.0,0.0,0.0,8
train,01_PCB__934.jpg,train/images/01_PCB__934.jpg,train/labels/01_PCB__934.txt,01_PCB__934.jpg,640,640,L,640,640,1.0,1.0,0.0,0.0,9
train,01_PCB__936.jpg,train/images/01_PCB__936.jpg,train/labels/01_PCB__936.txt,01_PCB__936.jpg,640,640,L,640,640,1.0,1.0,0.0,0.0,9
train,01_PCB__937.jpg,train/images/01_PCB__937.jpg,train/labels/01_PCB__937.txt,01_PCB__937.jpg,640,640,L,640,640,1.0,1.0,0.0,0.0,8
train,01_PCB__938.jpg,train/images/01_PCB__938.jpg,train/labels/01_PCB__938.txt,01_PCB__938.jpg,640,640,L,640,640,1.0,1.0,0.0,0.0,7
train,01_PCB__939.jpg,train/images/01_PCB__939.jpg,train/labels/01_PCB__939.txt,01_PCB__939.jpg,640,640,L,640,640,1.0,1.0,0.0,0.0,8
train,01_PCB__94.jpg,train/images/01_PCB__94.jpg,train/labels/01_PCB__94.txt,01_PCB__94.jpg,640,640,L,640,640,1.0,1.0,0.0,0.0,7
train,01_PCB__940.jpg,train/images/01_PCB__940.jpg,train/labels/01_PCB__940.txt,01_PCB__940.jpg,640,640,L,640,640,1.0,1.0,0.0,0.0,9
train,01_PCB__942.jpg,train/images/01_PCB__942.jpg,train/labels/01_PCB__942.txt,01_PCB__942.jpg,640,640,L,640,640,1.0,1.0,0.0,0.0,7
train,01_PCB__943.jpg,train/images/01_PCB__943.jpg,train/labels/01_PCB__943.txt,01_PCB__943.jpg,640,640,L,640,640,1.0,1.0,0.0,0.0,7
train,01_PCB__944.jpg,train/images/01_PCB__944.jpg,train/labels/01_PCB__944.txt,01_PCB__944.jpg,640,640,L,640,640,1.0,1.0,0.0,0.0,10
train,01_PCB__945.jpg,train/images/01_PCB__945.jpg,train/labels/01_PCB__945.txt,01_PCB__945.jpg,640,640,L,640,640,1.0,1.0,0.0,0.0,9
train,01_PCB__946.jpg,train/images/01_PCB__946.jpg,train/labels/01_PCB__946.txt,01_PCB__946.jpg,640,640,L,640,640,1.0,1.0,0.0,0.0,8
train,01_PCB__947.jpg,train/images/01_PCB__947.jpg,train/labels/01_PCB__947.txt,01_PCB__947.jpg,640,640,L,640,640,1.0,1.0,0.0,0.0,7
train,01_PCB__948.jpg,train/images/01_PCB__948.jpg,train/labels/01_PCB__948.txt,01_PCB__948.jpg,640,640,L,640,640,1.0,1.0,0.0,0.0,10
train,01_PCB__949.jpg,train/images/01_PCB__949.jpg,train/labels/01_PCB__949.txt,01_PCB__949.jpg,640,640,L,640,640,1.0,1.0,0.0,0.0,8
train,01_PCB__950.jpg,train/images/01_PCB__950.jpg,train/labels/01_PCB__950.txt,01_PCB__950.jpg,640,640,L,640,640,1.0,1.0,0.0,0.0,8
train,01_PCB__951.jpg,train/images/01_PCB__951.jpg,train/labels/01_PCB__951.txt,01_PCB__951.jpg,640,640,L,640,640,1.0,1.0,0.0,0.0,6
train,01_PCB__953.jpg,train/images/01_PCB__953.jpg,train/labels/01_PCB__953.txt,01_PCB__953.jpg,640,640,L,640,640,1.0,1.0,0.0,0.0,9
train,01_PCB__954.jpg,train/images/01_PCB__954.jpg,train/labels/01_PCB__954.txt,01_PCB__954.jpg,640,640,L,640,640,1.0,1.0,0.0,0.0,7
train,01_PCB__955.jpg,train/images/01_PCB__955.jpg,train/labels/01_PCB__955.txt,01_PCB__955.jpg,640,640,L,640,640,1.0,1.0,0.0,0.0,10
train,01_PCB__956.jpg,train/images/01_PCB__956.jpg,train/labels/01_PCB__956.txt,01_PCB__956.jpg,640,640,L,640,640,1.0,1.0,0.0,0.0,11
train,01_PCB__957.jpg,train/images/01_PCB__957.jpg,train/labels/01_PCB__957.txt,01_PCB__957.jpg,640,640,L,640,640,1.0,1.0,0.0,0.0,7
train,01_PCB__958.jpg,train/images/01_PCB__958.jpg,train/labels/01_PCB__958.txt,01_PCB__958.jpg,640,640,L,640,640,1.0,1.0,0.0,0.0,6
train,01_PCB__960.jpg,train/images/01_PCB__960.jpg,train/labels/01_PCB__960.txt,01_PCB__960.jpg,640,640,L,640,640,1.0,1.0,0.0,0.0,8
train,01_PCB__961.jpg,train/images/01_PCB__961.jpg,train/labels/01_PCB__961.txt,01_PCB__961.jpg,640,640,L,640,640,1.0,1.0,0.0,0.0,7
train,01_PCB__962.jpg,train/images/01_PCB__962.jpg,train/labels/01_PCB__962.txt,01_PCB__962.jpg,640,640,L,640,640,1.0,1.0,0.0,0.0,9
train,01_PCB__963.jpg,train/images/01_PCB__963.jpg,train/labels/01_PCB__963.txt,01_PCB__963.jpg,640,640,L,640,640,1.0,1.0,0.0,0.0,7
train,01_PCB__964.jpg,train/images/01_PCB__964.jpg,train/labels/01_PCB__964.txt,01_PCB__964.jpg,640,640,L,640,640,1.0,1.0,0.0,0.0,8
train,01_PCB__967.jpg,train/images/01_PCB__967.jpg,train/labels/01_PCB__967.txt,01_PCB__967.jpg,640,640,L,640,640,1.0,1.0,0.0,0.0,9
train,01_PCB__968.jpg,train/images/01_PCB__968.jpg,train/labels/01_PCB__968.txt,01_PCB__968.jpg,640,640,L,640,640,1.0,1.0,0.0,0.0,8
train,01_PCB__97.jpg,train/images/01_PCB__97.jpg,train/labels/01_PCB__97.txt,01_PCB__97.jpg,640,640,L,640,640,1.0,1.0,0.0,0.0,8
train,01_PCB__971.jpg,train/images/01_PCB__971.jpg,train/labels/01_PCB__971.txt,01_PCB__971.jpg,640,640,L,640,640,1.0,1.0,0.0,0.0,8
train,01_PCB__972.jpg,train/images/01_PCB__972.jpg,train/labels/01_PCB__972.txt,01_PCB__972.jpg,640,640,L,640,640,1.0,1.0,0.0,0.0,9
train,01_PCB__974.jpg,train/images/01_PCB__974.jpg,train/labels/01_PCB__974.txt,01_PCB__974.jpg,640,640,L,640,640,1.0,1.0,0.0,0.0,7
train,01_PCB__975.jpg,train/images/01_PCB__975.jpg,train/labels/01_PCB__975.txt,01_PCB__975.jpg,640,640,L,640,640,1.0,1.0,0.0,0.0,7
train,01_PCB__976.jpg,train/images/01_PCB__976.jpg,train/labels/01_PCB__976.txt,01_PCB__976.jpg,640,640,L,640,640,1.0,1.0,0.0,0.0,7
train,01_PCB__977.jpg,train/images/01_PCB__977.jpg,train/labels/01_PCB__977.txt,01_PCB__977.jpg,640,640,L,640,640,1.0,1.0,0.0,0.0,8
train,01_PCB__978.jpg,train/images/01_PCB__978.jpg,train/labels/01_PCB__978.txt,01_PCB__978.jpg,640,640,L,640,640,1.0,1.0,0.0,0.0,6
train,01_PCB__980.jpg,train/images/01_PCB__980.jpg,train/labels/01_PCB__980.txt,01_PCB__980.jpg,640,640,L,640,640,1.0,1.0,0.0,0.0,7
train,01_PCB__981.jpg,train/images/01_PCB__981.jpg,train/labels/01_PCB__981.txt,01_PCB__981.jpg,640,640,L,640,640,1.0,1.0,0.0,0.0,7
train,01_PCB__982.jpg,train/images/01_PCB__982.jpg,train/labels/01_PCB__982.txt,01_PCB__982.jpg,640,640,L,640,640,1.0,1.0,0.0,0.0,8
train,01_PCB__984.jpg,train/images/01_PCB__984.jpg,train/labels/01_PCB__984.txt,01_PCB__984.jpg,640,640,L,640,640,1.0,1.0,0.0,0.0,7
train,01_PCB__986.jpg,train/images/01_PCB__986.jpg,train/labels/01_PCB__986.txt,01_PCB__986.jpg,640,640,L,640,640,1.0,1.0,0.0,0.0,7
train,01_PCB__989.jpg,train/images/01_PCB__989.jpg,train/labels/01_PCB__989.txt,01_PCB__989.jpg,640,640,L,640,640,1.0,1.0,0.0,0.0,7
train,01_PCB__99.jpg,train/images/01_PCB__99.jpg,train/labels/01_PCB__99.txt,01_PCB__99.jpg,640,640,L,640,640,1.0,1.0,0.0,0.0,6
train,01_PCB__991.jpg,train/images/01_PCB__991.jpg,train/labels/01_PCB__991.txt,01_PCB__991.jpg,640,640,L,640,640,1.0,1.0,0.0,0.0,7
train,01_PCB__994.jpg,train/images/01_PCB__994.jpg,train/labels/01_PCB__994.txt,01_PCB__994.jpg,640,640,L,640,640,1.0,1.0,0.0,0.0,6
train,01_PCB__996.jpg,train/images/01_PCB__996.jpg,train/labels/01_PCB__996.txt,01_PCB__996.jpg,640,640,L,640,640,1.0,1.0,0.0,0.0,8
train,01_PCB__997.jpg,train/images/01_PCB__997.jpg,train/labels/01_PCB__997.txt,01_PCB__997.jpg,640,640,L,640,640,1.0,1.0,0.0,0.0,8
train,01_PCB__999.jpg,train/images/01_PCB__999.jpg,train/labels/01_PCB__999.txt,01_PCB__999.jpg,640,640,L,640,640,1.0,1.0,0.0,0.0,7
valid,01_PCB__10.jpg,valid/images/01_PCB__10.jpg,valid/labels/01_PCB__10.txt,01_PCB__10.jpg,640,640,L,640,640,1.0,1.0,0.0,0.0,6
valid,01_PCB__1001.jpg,valid/images/01_PCB__1001.jpg,valid/labels/01_PCB__1001.txt,01_PCB__1001.jpg,640,640,L,640,640,1.0,1.0,0.0,0.0,8
valid,01_PCB__1003.jpg,valid/images/01_PCB__1003.jpg,valid/labels/01_PCB__1003.txt,01_PCB__1003.jpg,640,640,L,640,640,1.0,1.0,0.0,0.0,5
valid,01_PCB__1010.jpg,valid/images/01_PCB__1010.jpg,valid/labels/01_PCB__1010.txt,01_PCB__1010.jpg,640,640,L,640,640,1.0,1.0,0.0,0.0,7
valid,01_PCB__1025.jpg,valid/images/01_PCB__1025.jpg,valid/labels/01_PCB__1025.txt,01_PCB__1025.jpg,640,640,L,640,640,1.0,1.0,0.0,0.0,9
valid,01_PCB__1033.jpg,valid/images/01_PCB__1033.jpg,valid/labels/01_PCB__1033.txt,01_PCB__1033.jpg,640,640,L,640,640,1.0,1.0,0.0,0.0,7
valid,01_PCB__1037.jpg,valid/images/01_PCB__1037.jpg,valid/labels/01_PCB__1037.txt,01_PCB__1037.jpg,640,640,L,640,640,1.0,1.0,0.0,0.0,7
valid,01_PCB__1056.jpg,valid/images/01_PCB__1056.jpg,valid/labels/01_PCB__1056.txt,01_PCB__1056.jpg,640,640,L,640,640,1.0,1.0,0.0,0.0,6
valid,01_PCB__1091.jpg,valid/images/01_PCB__1091.jpg,valid/labels/01_PCB__1091.txt,01_PCB__1091.jpg,640,640,L,640,640,1.0,1.0,0.0,0.0,8
valid,01_PCB__1098.jpg,valid/images/01_PCB__1098.jpg,valid/labels/01_PCB__1098.txt,01_PCB__1098.jpg,640,640,L,640,640,1.0,1.0,0.0,0.0,10
valid,01_PCB__1104.jpg,valid/images/01_PCB__1104.jpg,valid/labels/01_PCB__1104.txt,01_PCB__1104.jpg,640,640,L,640,640,1.0,1.0,0.0,0.0,7
valid,01_PCB__1105.jpg,valid/images/01_PCB__1105.jpg,valid/labels/01_PCB__1105.txt,01_PCB__1105.jpg,640,640,L,640,640,1.0,1.0,0.0,0.0,6
valid,01_PCB__1106.jpg,valid/images/01_PCB__1106.jpg,valid/labels/01_PCB__1106.txt,01_PCB__1106.jpg,640,640,L,640,640,1.0,1.0,0.0,0.0,7
valid,01_PCB__111.jpg,valid/images/01_PCB__111.jpg,valid/labels/01_PCB__111.txt,01_PCB__111.jpg,640,640,L,640,640,1.0,1.0,0.0,0.0,9
valid,01_PCB__1116.jpg,valid/images/01_PCB__1116.jpg,valid/labels/01_PCB__1116.txt,01_PCB__1116.jpg,640,640,L,640,640,1.0,1.0,0.0,0.0,9
valid,01_PCB__1122.jpg,valid/images/01_PCB__1122.jpg,valid/labels/01_PCB__1122.txt,01_PCB__1122.jpg,640,640,L,640,640,1.0,1.0,0.0,0.0,6
valid,01_PCB__1125.jpg,valid/images/01_PCB__1125.jpg,valid/labels/01_PCB__1125.txt,01_PCB__1125.jpg,640,640,L,640,640,1.0,1.0,0.0,0.0,4
valid,01_PCB__1129.jpg,valid/images/01_PCB__1129.jpg,valid/labels/01_PCB__1129.txt,01_PCB__1129.jpg,640,640,L,640,640,1.0,1.0,0.0,0.0,5
valid,01_PCB__1137.jpg,valid/images/01_PCB__1137.jpg,valid/labels/01_PCB__1137.txt,01_PCB__1137.jpg,640,640,L,640,640,1.0,1.0,0.0,0.0,5
valid,01_PCB__1156.jpg,valid/images/01_PCB__1156.jpg,valid/labels/01_PCB__1156.txt,01_PCB__1156.jpg,640,640,L,640,640,1.0,1.0,0.0,0.0,5
valid,01_PCB__1172.jpg,valid/images/01_PCB__1172.jpg,valid/labels/01_PCB__1172.txt,01_PCB__1172.jpg,640,640,L,640,640,1.0,1.0,0.0,0.0,5
valid,01_PCB__1179.jpg,valid/images/01_PCB__1179.jpg,valid/labels/01_PCB__1179.txt,01_PCB__1179.jpg,640,640,L,640,640,1.0,1.0,0.0,0.0,5
valid,01_PCB__118.jpg,valid/images/01_PCB__118.jpg,valid/labels/01_PCB__118.txt,01_PCB__118.jpg,640,640,L,640,640,1.0,1.0,0.0,0.0,9
valid,01_PCB__1194.jpg,valid/images/01_PCB__1194.jpg,valid/labels/01_PCB__1194.txt,01_PCB__1194.jpg,640,640,L,640,640,1.0,1.0,0.0,0.0,5
valid,01_PCB__12.jpg,valid/images/01_PCB__12.jpg,valid/labels/01_PCB__12.txt,01_PCB__12.jpg,640,640,L,640,640,1.0,1.0,0.0,0.0,6
valid,01_PCB__1204.jpg,valid/images/01_PCB__1204.jpg,valid/labels/01_PCB__1204.txt,01_PCB__1204.jpg,640,640,L,640,640,1.0,1.0,0.0,0.0,6
valid,01_PCB__1220.jpg,valid/images/01_PCB__1220.jpg,valid/labels/01_PCB__1220.txt,01_PCB__1220.jpg,640,640,L,640,640,1.0,1.0,0.0,0.0,6
valid,01_PCB__123.jpg,valid/images/01_PCB__123.jpg,valid/labels/01_PCB__123.txt,01_PCB__123.jpg,640,640,L,640,640,1.0,1.0,0.0,0.0,10
valid,01_PCB__1234.jpg,valid/images/01_PCB__1234.jpg,valid/labels/01_PCB__1234.txt,01_PCB__1234.jpg,640,640,L,640,640,1.0,1.0,0.0,0.0,6
valid,01_PCB__1241.jpg,valid/images/01_PCB__1241.jpg,valid/labels/01_PCB__1241.txt,01_PCB__1241.jpg,640,640,L,640,640,1.0,1.0,0.0,0.0,7
valid,01_PCB__1257.jpg,valid/images/01_PCB__1257.jpg,valid/labels/01_PCB__1257.txt,01_PCB__1257.jpg,640,640,L,640,640,1.0,1.0,0.0,0.0,3
valid,01_PCB__1284.jpg,valid/images/01_PCB__1284.jpg,valid/labels/01_PCB__1284.txt,01_PCB__1284.jpg,640,640,L,640,640,1.0,1.0,0.0,0.0,8
valid,01_PCB__129.jpg,valid/images/01_PCB__129.jpg,valid/labels/01_PCB__129.txt,01_PCB__129.jpg,640,640,L,640,640,1.0,1.0,0.0,0.0,7
valid,01_PCB__1296.jpg,valid/images/01_PCB__1296.jpg,valid/labels/01_PCB__1296.txt,01_PCB__1296.jpg,640,640,L,640,640,1.0,1.0,0.0,0.0,5
valid,01_PCB__1301.jpg,valid/images/01_PCB__1301.jpg,valid/labels/01_PCB__1301.txt,01_PCB__1301.jpg,640,640,L,640,640,1.0,1.0,0.0,0.0,4
valid,01_PCB__1302.jpg,valid/images/01_PCB__1302.jpg,valid/labels/01_PCB__1302.txt,01_PCB__1302.jpg,640,640,L,640,640,1.0,1.0,0.0,0.0,5
valid,01_PCB__1304.jpg,valid/images/01_PCB__1304.jpg,valid/labels/01_PCB__1304.txt,01_PCB__1304.jpg,640,640,L,640,640,1.0,1.0,0.0,0.0,4
valid,01_PCB__1327.jpg,valid/images/01_PCB__1327.jpg,valid/labels/01_PCB__1327.txt,01_PCB__1327.jpg,640,640,L,640,640,1.0,1.0,0.0,0.0,6
valid,01_PCB__1336.jpg,valid/images/01_PCB__1336.jpg,valid/labels/01_PCB__1336.txt,01_PCB__1336.jpg,640,640,L,640,640,1.0,1.0,0.0,0.0,6
valid,01_PCB__1348.jpg,valid/images/01_PCB__1348.jpg,valid/labels/01_PCB__1348.txt,01_PCB__1348.jpg,640,640,L,640,640,1.0,1.0,0.0,0.0,6
valid,01_PCB__1349.jpg,valid/images/01_PCB__1349.jpg,valid/labels/01_PCB__1349.txt,01_PCB__1349.jpg,640,640,L,640,640,1.0,1.0,0.0,0.0,6
valid,01_PCB__1351.jpg,valid/images/01_PCB__1351.jpg,valid/labels/01_PCB__1351.txt,01_PCB__1351.jpg,640,640,L,640,640,1.0,1.0,0.0,0.0,8
valid,01_PCB__1369.jpg,valid/images/01_PCB__1369.jpg,valid/labels/01_PCB__1369.txt,01_PCB__1369.jpg,640,640,L,640,640,1.0,1.0,0.0,0.0,4
valid,01_PCB__1389.jpg,valid/images/01_PCB__1389.jpg,valid/labels/01_PCB__1389.txt,01_PCB__1389.jpg,640,640,L,640,640,1.0,1.0,0.0,0.0,6
valid,01_PCB__1392.jpg,valid/images/01_PCB__1392.jpg,valid/labels/01_PCB__1392.txt,01_PCB__1392.jpg,640,640,L,640,640,1.0,1.0,0.0,0.0,5
valid,01_PCB__1393.jpg,valid/images/01_PCB__1393.jpg,valid/labels/01_PCB__1393.txt,01_PCB__1393.jpg,640,640,L,640,640,1.0,1.0,0.0,0.0,6
valid,01_PCB__14.jpg,valid/images/01_PCB__14.jpg,valid/labels/01_PCB__14.txt,01_PCB__14.jpg,640,640,L,640,640,1.0,1.0,0.0,0.0,9
valid,01_PCB__1412.jpg,valid/images/01_PCB__1412.jpg,valid/labels/01_PCB__1412.txt,01_PCB__1412.jpg,640,640,L,640,640,1.0,1.0,0.0,0.0,6
valid,01_PCB__142.jpg,valid/images/01_PCB__142.jpg,valid/labels/01_PCB__142.txt,01_PCB__142.jpg,640,640,L,640,640,1.0,1.0,0.0,0.0,6
valid,01_PCB__1422.jpg,valid/images/01_PCB__1422.jpg,valid/labels/01_PCB__1422.txt,01_PCB__1422.jpg,640,640,L,640,640,1.0,1.0,0.0,0.0,5
valid,01_PCB__1434.jpg,valid/images/01_PCB__1434.jpg,valid/labels/01_PCB__1434.txt,01_PCB__1434.jpg,640,640,L,640,640,1.0,1.0,0.0,0.0,5
valid,01_PCB__1437.jpg,valid/images/01_PCB__1437.jpg,valid/labels/01_PCB__1437.txt,01_PCB__1437.jpg,640,640,L,640,640,1.0,1.0,0.0,0.0,9
valid,01_PCB__144.jpg,valid/images/01_PCB__144.jpg,valid/labels/01_PCB__144.txt,01_PCB__144.jpg,640,640,L,640,640,1.0,1.0,0.0,0.0,7
valid,01_PCB__1442.jpg,valid/images/01_PCB__1442.jpg,valid/labels/01_PCB__1442.txt,01_PCB__1442.jpg,640,640,L,640,640,1.0,1.0,0.0,0.0,5
valid,01_PCB__1446.jpg,valid/images/01_PCB__1446.jpg,valid/labels/01_PCB__1446.txt,01_PCB__1446.jpg,640,640,L,640,640,1.0,1.0,0.0,0.0,5
valid,01_PCB__1455.jpg,valid/images/01_PCB__1455.jpg,valid/labels/01_PCB__1455.txt,01_PCB__1455.jpg,640,640,L,640,640,1.0,1.0,0.0,0.0,7
valid,01_PCB__1457.jpg,valid/images/01_PCB__1457.jpg,valid/labels/01_PCB__1457.txt,01_PCB__1457.jpg,640,640,L,640,640,1.0,1.0,0.0,0.0,6
valid,01_PCB__1459.jpg,valid/images/01_PCB__1459.jpg,valid/labels/01_PCB__1459.txt,01_PCB__1459.jpg,640,640,L,640,640,1.0,1.0,0.0,0.0,5
valid,01_PCB__1484.jpg,valid/images/01_PCB__1484.jpg,valid/labels/01_PCB__1484.txt,01_PCB__1484.jpg,640,640,L,640,640,1.0,1.0,0.0,0.0,4
valid,01_PCB__1488.jpg,valid/images/01_PCB__1488.jpg,valid/labels/01_PCB__1488.txt,01_PCB__1488.jpg,640,640,L,640,640,1.0,1.0,0.0,0.0,6
valid,01_PCB__161.jpg,valid/images/01_PCB__161.jpg,valid/labels/01_PCB__161.txt,01_PCB__161.jpg,640,640,L,640,640,1.0,1.0,0.0,0.0,9
valid,01_PCB__174.jpg,valid/images/01_PCB__174.jpg,valid/labels/01_PCB__174.txt,01_PCB__174.jpg,640,640,L,640,640,1.0,1.0,0.0,0.0,6
valid,01_PCB__19.jpg,valid/images/01_PCB__19.jpg,valid/labels/01_PCB__19.txt,01_PCB__19.jpg,640,640,L,640,640,1.0,1.0,0.0,0.0,7
valid,01_PCB__195.jpg,valid/images/01_PCB__195.jpg,valid/labels/01_PCB__195.txt,01_PCB__195.jpg,640,640,L,640,640,1.0,1.0,0.0,0.0,4
valid,01_PCB__199.jpg,valid/images/01_PCB__199.jpg,valid/labels/01_PCB__199.txt,01_PCB__199.jpg,640,640,L,640,640,1.0,1.0,0.0,0.0,4
valid,01_PCB__214.jpg,valid/images/01_PCB__214.jpg,valid/labels/01_PCB__214.txt,01_PCB__214.jpg,640,640,L,640,640,1.0,1.0,0.0,0.0,5
valid,01_PCB__222.jpg,valid/images/01_PCB__222.jpg,valid/labels/01_PCB__222.txt,01_PCB__222.jpg,640,640,L,640,640,1.0,1.0,0.0,0.0,9
valid,01_PCB__245.jpg,valid/images/01_PCB__245.jpg,valid/labels/01_PCB__245.txt,01_PCB__245.jpg,640,640,L,640,640,1.0,1.0,0.0,0.0,6
valid,01_PCB__257.jpg,valid/images/01_PCB__257.jpg,valid/labels/01_PCB__257.txt,01_PCB__257.jpg,640,640,L,640,640,1.0,1.0,0.0,0.0,7
valid,01_PCB__271.jpg,valid/images/01_PCB__271.jpg,valid/labels/01_PCB__271.txt,01_PCB__271.jpg,640,640,L,640,640,1.0,1.0,0.0,0.0,7
valid,01_PCB__273.jpg,valid/images/01_PCB__273.jpg,valid/labels/01_PCB__273.txt,01_PCB__273.jpg,640,640,L,640,640,1.0,1.0,0.0,0.0,5
valid,01_PCB__300.jpg,valid/images/01_PCB__300.jpg,valid/labels/01_PCB__300.txt,01_PCB__300.jpg,640,640,L,640,640,1.0,1.0,0.0,0.0,5
valid,01_PCB__317.jpg,valid/images/01_PCB__317.jpg,valid/labels/01_PCB__317.txt,01_PCB__317.jpg,640,640,L,640,640,1.0,1.0,0.0,0.0,7
valid,01_PCB__336.jpg,valid/images/01_PCB__336.jpg,valid/labels/01_PCB__336.txt,01_PCB__336.jpg,640,640,L,640,640,1.0,1.0,0.0,0.0,5
valid,01_PCB__337.jpg,valid/images/01_PCB__337.jpg,valid/labels/01_PCB__337.txt,01_PCB__337.jpg,640,640,L,640,640,1.0,1.0,0.0,0.0,5
valid,01_PCB__347.jpg,valid/images/01_PCB__347.jpg,valid/labels/01_PCB__347.txt,01_PCB__347.jpg,640,640,L,640,640,1.0,1.0,0.0,0.0,6
valid,01_PCB__368.jpg,valid/images/01_PCB__368.jpg,valid/labels/01_PCB__368.txt,01_PCB__368.jpg,640,640,L,640,640,1.0,1.0,0.0,0.0,7
valid,01_PCB__390.jpg,valid/images/01_PCB__390.jpg,valid/labels/01_PCB__390.txt,01_PCB__390.jpg,640,640,L,640,640,1.0,1.0,0.0,0.0,5
valid,01_PCB__398.jpg,valid/images/01_PCB__398.jpg,valid/labels/01_PCB__398.txt,01_PCB__398.jpg,640,640,L,640,640,1.0,1.0,0.0,0.0,5
valid,01_PCB__399.jpg,valid/images/01_PCB__399.jpg,valid/labels/01_PCB__399.txt,01_PCB__399.jpg,640,640,L,640,640,1.0,1.0,0.0,0.0,3
valid,01_PCB__405.jpg,valid/images/01_PCB__405.jpg,valid/labels/01_PCB__405.txt,01_PCB__405.jpg,640,640,L,640,640,1.0,1.0,0.0,0.0,6
valid,01_PCB__428.jpg,valid/images/01_PCB__428.jpg,valid/labels/01_PCB__428.txt,01_PCB__428.jpg,640,640,L,640,640,1.0,1.0,0.0,0.0,6
valid,01_PCB__429.jpg,valid/images/01_PCB__429.jpg,valid/labels/01_PCB__429.txt,01_PCB__429.jpg,640,640,L,640,640,1.0,1.0,0.0,0.0,5
valid,01_PCB__442.jpg,valid/images/01_PCB__442.jpg,valid/labels/01_PCB__442.txt,01_PCB__442.jpg,640,640,L,640,640,1.0,1.0,0.0,0.0,7
valid,01_PCB__45.jpg,valid/images/01_PCB__45.jpg,valid/labels/01_PCB__45.txt,01_PCB__45.jpg,640,640,L,640,640,1.0,1.0,0.0,0.0,8
valid,01_PCB__456.jpg,valid/images/01_PCB__456.jpg,valid/labels/01_PCB__456.txt,01_PCB__456.jpg,640,640,L,640,640,1.0,1.0,0.0,0.0,5
valid,01_PCB__465.jpg,valid/images/01_PCB__465.jpg,valid/labels/01_PCB__465.txt,01_PCB__465.jpg,640,640,L,640,640,1.0,1.0,0.0,0.0,5
valid,01_PCB__475.jpg,valid/images/01_PCB__475.jpg,valid/labels/01_PCB__475.txt,01_PCB__475.jpg,640,640,L,640,640,1.0,1.0,0.0,0.0,5
valid,01_PCB__480.jpg,valid/images/01_PCB__480.jpg,valid/labels/01_PCB__480.txt,01_PCB__480.jpg,640,640,L,640,640,1.0,1.0,0.0,0.0,7
valid,01_PCB__485.jpg,valid/images/01_PCB__485.jpg,valid/labels/01_PCB__485.txt,01_PCB__485.jpg,640,640,L,640,640,1.0,1.0,0.0,0.0,8
valid,01_PCB__487.jpg,valid/images/01_PCB__487.jpg,valid/labels/01_PCB__487.txt,01_PCB__487.jpg,640,640,L,640,640,1.0,1.0,0.0,0.0,7
valid,01_PCB__500.jpg,valid/images/01_PCB__500.jpg,valid/labels/01_PCB__500.txt,01_PCB__500.jpg,640,640,L,640,640,1.0,1.0,0.0,0.0,12
valid,01_PCB__509.jpg,valid/images/01_PCB__509.jpg,valid/labels/01_PCB__509.txt,01_PCB__509.jpg,640,640,L,640,640,1.0,1.0,0.0,0.0,12
valid,01_PCB__52.jpg,valid/images/01_PCB__52.jpg,valid/labels/01_PCB__52.txt,01_PCB__52.jpg,640,640,L,640,640,1.0,1.0,0.0,0.0,7
valid,01_PCB__524.jpg,valid/images/01_PCB__524.jpg,valid/labels/01_PCB__524.txt,01_PCB__524.jpg,640,640,L,640,640,1.0,1.0,0.0,0.0,9
valid,01_PCB__535.jpg,valid/images/01_PCB__535.jpg,valid/labels/01_PCB__535.txt,01_PCB__535.jpg,640,640,L,640,640,1.0,1.0,0.0,0.0,5
valid,01_PCB__543.jpg,valid/images/01_PCB__543.jpg,valid/labels/01_PCB__543.txt,01_PCB__543.jpg,640,640,L,640,640,1.0,1.0,0.0,0.0,10
valid,01_PCB__544.jpg,valid/images/01_PCB__544.jpg,valid/labels/01_PCB__544.txt,01_PCB__544.jpg,640,640,L,640,640,1.0,1.0,0.0,0.0,8
valid,01_PCB__545.jpg,valid/images/01_PCB__545.jpg,valid/labels/01_PCB__545.txt,01_PCB__545.jpg,640,640,L,640,640,1.0,1.0,0.0,0.0,7
valid,01_PCB__549.jpg,valid/images/01_PCB__549.jpg,valid/labels/01_PCB__549.txt,01_PCB__549.jpg,640,640,L,640,640,1.0,1.0,0.0,0.0,7
valid,01_PCB__571.jpg,valid/images/01_PCB__571.jpg,valid/labels/01_PCB__571.txt,01_PCB__571.jpg,640,640,L,640,640,1.0,1.0,0.0,0.0,8
valid,01_PCB__584.jpg,valid/images/01_PCB__584.jpg,valid/labels/01_PCB__584.txt,01_PCB__584.jpg,640,640,L,640,640,1.0,1.0,0.0,0.0,7
valid,01_PCB__596.jpg,valid/images/01_PCB__596.jpg,valid/labels/01_PCB__596.txt,01_PCB__596.jpg,640,640,L,640,640,1.0,1.0,0.0,0.0,5
valid,01_PCB__601.jpg,valid/images/01_PCB__601.jpg,valid/labels/01_PCB__601.txt,01_PCB__601.jpg,640,640,L,640,640,1.0,1.0,0.0,0.0,5
valid,01_PCB__620.jpg,valid/images/01_PCB__620.jpg,valid/labels/01_PCB__620.txt,01_PCB__620.jpg,640,640,L,640,640,1.0,1.0,0.0,0.0,7
valid,01_PCB__626.jpg,valid/images/01_PCB__626.jpg,valid/labels/01_PCB__626.txt,01_PCB__626.jpg,640,640,L,640,640,1.0,1.0,0.0,0.0,4
valid,01_PCB__63.jpg,valid/images/01_PCB__63.jpg,valid/labels/01_PCB__63.txt,01_PCB__63.jpg,640,640,L,640,640,1.0,1.0,0.0,0.0,7
valid,01_PCB__642.jpg,valid/images/01_PCB__642.jpg,valid/labels/01_PCB__642.txt,01_PCB__642.jpg,640,640,L,640,640,1.0,1.0,0.0,0.0,5
valid,01_PCB__645.jpg,valid/images/01_PCB__645.jpg,valid/labels/01_PCB__645.txt,01_PCB__645.jpg,640,640,L,640,640,1.0,1.0,0.0,0.0,6
valid,01_PCB__648.jpg,valid/images/01_PCB__648.jpg,valid/labels/01_PCB__648.txt,01_PCB__648.jpg,640,640,L,640,640,1.0,1.0,0.0,0.0,4
valid,01_PCB__661.jpg,valid/images/01_PCB__661.jpg,valid/labels/01_PCB__661.txt,01_PCB__661.jpg,640,640,L,640,640,1.0,1.0,0.0,0.0,7
valid,01_PCB__663.jpg,valid/images/01_PCB__663.jpg,valid/labels/01_PCB__663.txt,01_PCB__663.jpg,640,640,L,640,640,1.0,1.0,0.0,0.0,7
valid,01_PCB__67.jpg,valid/images/01_PCB__67.jpg,valid/labels/01_PCB__67.txt,01_PCB__67.jpg,640,640,L,640,640,1.0,1.0,0.0,0.0,7
valid,01_PCB__673.jpg,valid/images/01_PCB__673.jpg,valid/labels/01_PCB__673.txt,01_PCB__673.jpg,640,640,L,640,640,1.0,1.0,0.0,0.0,4
valid,01_PCB__700.jpg,valid/images/01_PCB__700.jpg,valid/labels/01_PCB__700.txt,01_PCB__700.jpg,640,640,L,640,640,1.0,1.0,0.0,0.0,7
valid,01_PCB__710.jpg,valid/images/01_PCB__710.jpg,valid/labels/01_PCB__710.txt,01_PCB__710.jpg,640,640,L,640,640,1.0,1.0,0.0,0.0,6
valid,01_PCB__716.jpg,valid/images/01_PCB__716.jpg,valid/labels/01_PCB__716.txt,01_PCB__716.jpg,640,640,L,640,640,1.0,1.0,0.0,0.0,8
valid,01_PCB__732.jpg,valid/images/01_PCB__732.jpg,valid/labels/01_PCB__732.txt,01_PCB__732.jpg,640,640,L,640,640,1.0,1.0,0.0,0.0,7
valid,01_PCB__733.jpg,valid/images/01_PCB__733.jpg,valid/labels/01_PCB__733.txt,01_PCB__733.jpg,640,640,L,640,640,1.0,1.0,0.0,0.0,5
valid,01_PCB__752.jpg,valid/images/01_PCB__752.jpg,valid/labels/01_PCB__752.txt,01_PCB__752.jpg,640,640,L,640,640,1.0,1.0,0.0,0.0,7
valid,01_PCB__767.jpg,valid/images/01_PCB__767.jpg,valid/labels/01_PCB__767.txt,01_PCB__767.jpg,640,640,RGB,640,640,1.0,1.0,0.0,0.0,9
valid,01_PCB__772.jpg,valid/images/01_PCB__772.jpg,valid/labels/01_PCB__772.txt,01_PCB__772.jpg,640,640,L,640,640,1.0,1.0,0.0,0.0,8
valid,01_PCB__781.jpg,valid/images/01_PCB__781.jpg,valid/labels/01_PCB__781.txt,01_PCB__781.jpg,640,640,L,640,640,1.0,1.0,0.0,0.0,8
valid,01_PCB__785.jpg,valid/images/01_PCB__785.jpg,valid/labels/01_PCB__785.txt,01_PCB__785.jpg,640,640,L,640,640,1.0,1.0,0.0,0.0,9
valid,01_PCB__790.jpg,valid/images/01_PCB__790.jpg,valid/labels/01_PCB__790.txt,01_PCB__790.jpg,640,640,L,640,640,1.0,1.0,0.0,0.0,5
valid,01_PCB__791.jpg,valid/images/01_PCB__791.jpg,valid/labels/01_PCB__791.txt,01_PCB__791.jpg,640,640,L,640,640,1.0,1.0,0.0,0.0,9
valid,01_PCB__799.jpg,valid/images/01_PCB__799.jpg,valid/labels/01_PCB__799.txt,01_PCB__799.jpg,640,640,L,640,640,1.0,1.0,0.0,0.0,10
valid,01_PCB__8.jpg,valid/images/01_PCB__8.jpg,valid/labels/01_PCB__8.txt,01_PCB__8.jpg,640,640,L,640,640,1.0,1.0,0.0,0.0,8
valid,01_PCB__800.jpg,valid/images/01_PCB__800.jpg,valid/labels/01_PCB__800.txt,01_PCB__800.jpg,640,640,L,640,640,1.0,1.0,0.0,0.0,8
valid,01_PCB__817.jpg,valid/images/01_PCB__817.jpg,valid/labels/01_PCB__817.txt,01_PCB__817.jpg,640,640,L,640,640,1.0,1.0,0.0,0.0,9
valid,01_PCB__826.jpg,valid/images/01_PCB__826.jpg,valid/labels/01_PCB__826.txt,01_PCB__826.jpg,640,640,L,640,640,1.0,1.0,0.0,0.0,8
valid,01_PCB__83.jpg,valid/images/01_PCB__83.jpg,valid/labels/01_PCB__83.txt,01_PCB__83.jpg,640,640,L,640,640,1.0,1.0,0.0,0.0,7
valid,01_PCB__853.jpg,valid/images/01_PCB__853.jpg,valid/labels/01_PCB__853.txt,01_PCB__853.jpg,640,640,L,640,640,1.0,1.0,0.0,0.0,4
valid,01_PCB__876.jpg,valid/images/01_PCB__876.jpg,valid/labels/01_PCB__876.txt,01_PCB__876.jpg,640,640,L,640,640,1.0,1.0,0.0,0.0,8
valid,01_PCB__879.jpg,valid/images/01_PCB__879.jpg,valid/labels/01_PCB__879.txt,01_PCB__879.jpg,640,640,L,640,640,1.0,1.0,0.0,0.0,6
valid,01_PCB__887.jpg,valid/images/01_PCB__887.jpg,valid/labels/01_PCB__887.txt,01_PCB__887.jpg,640,640,L,640,640,1.0,1.0,0.0,0.0,8
valid,01_PCB__895.jpg,valid/images/01_PCB__895.jpg,valid/labels/01_PCB__895.txt,01_PCB__895.jpg,640,640,L,640,640,1.0,1.0,0.0,0.0,8
valid,01_PCB__902.jpg,valid/images/01_PCB__902.jpg,valid/labels/01_PCB__902.txt,01_PCB__902.jpg,640,640,L,640,640,1.0,1.0,0.0,0.0,9
valid,01_PCB__906.jpg,valid/images/01_PCB__906.jpg,valid/labels/01_PCB__906.txt,01_PCB__906.jpg,640,640,L,640,640,1.0,1.0,0.0,0.0,9
valid,01_PCB__921.jpg,valid/images/01_PCB__921.jpg,valid/labels/01_PCB__921.txt,01_PCB__921.jpg,640,640,L,640,640,1.0,1.0,0.0,0.0,13
valid,01_PCB__922.jpg,valid/images/01_PCB__922.jpg,valid/labels/01_PCB__922.txt,01_PCB__922.jpg,640,640,L,640,640,1.0,1.0,0.0,0.0,10
valid,01_PCB__924.jpg,valid/images/01_PCB__924.jpg,valid/labels/01_PCB__924.txt,01_PCB__924.jpg,640,640,L,640,640,1.0,1.0,0.0,0.0,10
valid,01_PCB__95.jpg,valid/images/01_PCB__95.jpg,valid/labels/01_PCB__95.txt,01_PCB__95.jpg,640,640,RGB,640,640,1.0,1.0,0.0,0.0,8
valid,01_PCB__952.jpg,valid/images/01_PCB__952.jpg,valid/labels/01_PCB__952.txt,01_PCB__952.jpg,640,640,L,640,640,1.0,1.0,0.0,0.0,9
valid,01_PCB__959.jpg,valid/images/01_PCB__959.jpg,valid/labels/01_PCB__959.txt,01_PCB__959.jpg,640,640,L,640,640,1.0,1.0,0.0,0.0,9
valid,01_PCB__966.jpg,valid/images/01_PCB__966.jpg,valid/labels/01_PCB__966.txt,01_PCB__966.jpg,640,640,L,640,640,1.0,1.0,0.0,0.0,8
valid,01_PCB__973.jpg,valid/images/01_PCB__973.jpg,valid/labels/01_PCB__973.txt,01_PCB__973.jpg,640,640,L,640,640,1.0,1.0,0.0,0.0,9
valid,01_PCB__979.jpg,valid/images/01_PCB__979.jpg,valid/labels/01_PCB__979.txt,01_PCB__979.jpg,640,640,L,640,640,1.0,1.0,0.0,0.0,6
valid,01_PCB__985.jpg,valid/images/01_PCB__985.jpg,valid/labels/01_PCB__985.txt,01_PCB__985.jpg,640,640,L,640,640,1.0,1.0,0.0,0.0,5
valid,01_PCB__998.jpg,valid/images/01_PCB__998.jpg,valid/labels/01_PCB__998.txt,01_PCB__998.jpg,640,640,L,640,640,1.0,1.0,0.0,0.0,7
test,01_PCB__101.jpg,test/images/01_PCB__101.jpg,test/labels/01_PCB__101.txt,01_PCB__101.jpg,640,640,L,640,640,1.0,1.0,0.0,0.0,9
test,01_PCB__1019.jpg,test/images/01_PCB__1019.jpg,test/labels/01_PCB__1019.txt,01_PCB__1019.jpg,640,640,L,640,640,1.0,1.0,0.0,0.0,7
test,01_PCB__1044.jpg,test/images/01_PCB__1044.jpg,test/labels/01_PCB__1044.txt,01_PCB__1044.jpg,640,640,L,640,640,1.0,1.0,0.0,0.0,10
test,01_PCB__1047.jpg,test/images/01_PCB__1047.jpg,test/labels/01_PCB__1047.txt,01_PCB__1047.jpg,640,640,L,640,640,1.0,1.0,0.0,0.0,7
test,01_PCB__1053.jpg,test/images/01_PCB__1053.jpg,test/labels/01_PCB__1053.txt,01_PCB__1053.jpg,640,640,L,640,640,1.0,1.0,0.0,0.0,6
test,01_PCB__1057.jpg,test/images/01_PCB__1057.jpg,test/labels/01_PCB__1057.txt,01_PCB__1057.jpg,640,640,RGB,640,640,1.0,1.0,0.0,0.0,6
test,01_PCB__1078.jpg,test/images/01_PCB__1078.jpg,test/labels/01_PCB__1078.txt,01_PCB__1078.jpg,640,640,RGB,640,640,1.0,1.0,0.0,0.0,7
test,01_PCB__1082.jpg,test/images/01_PCB__1082.jpg,test/labels/01_PCB__1082.txt,01_PCB__1082.jpg,640,640,L,640,640,1.0,1.0,0.0,0.0,7
test,01_PCB__1085.jpg,test/images/01_PCB__1085.jpg,test/labels/01_PCB__1085.txt,01_PCB__1085.jpg,640,640,L,640,640,1.0,1.0,0.0,0.0,7
test,01_PCB__1100.jpg,test/images/01_PCB__1100.jpg,test/labels/01_PCB__1100.txt,01_PCB__1100.jpg,640,640,L,640,640,1.0,1.0,0.0,0.0,9
test,01_PCB__1115.jpg,test/images/01_PCB__1115.jpg,test/labels/01_PCB__1115.txt,01_PCB__1115.jpg,640,640,L,640,640,1.0,1.0,0.0,0.0,9
test,01_PCB__112.jpg,test/images/01_PCB__112.jpg,test/labels/01_PCB__112.txt,01_PCB__112.jpg,640,640,L,640,640,1.0,1.0,0.0,0.0,8
test,01_PCB__1126.jpg,test/images/01_PCB__1126.jpg,test/labels/01_PCB__1126.txt,01_PCB__1126.jpg,640,640,L,640,640,1.0,1.0,0.0,0.0,5
test,01_PCB__113.jpg,test/images/01_PCB__113.jpg,test/labels/01_PCB__113.txt,01_PCB__113.jpg,640,640,L,640,640,1.0,1.0,0.0,0.0,8
test,01_PCB__1143.jpg,test/images/01_PCB__1143.jpg,test/labels/01_PCB__1143.txt,01_PCB__1143.jpg,640,640,L,640,640,1.0,1.0,0.0,0.0,5
test,01_PCB__1145.jpg,test/images/01_PCB__1145.jpg,test/labels/01_PCB__1145.txt,01_PCB__1145.jpg,640,640,L,640,640,1.0,1.0,0.0,0.0,6
test,01_PCB__1159.jpg,test/images/01_PCB__1159.jpg,test/labels/01_PCB__1159.txt,01_PCB__1159.jpg,640,640,L,640,640,1.0,1.0,0.0,0.0,6
test,01_PCB__1166.jpg,test/images/01_PCB__1166.jpg,test/labels/01_PCB__1166.txt,01_PCB__1166.jpg,640,640,L,640,640,1.0,1.0,0.0,0.0,5
test,01_PCB__1169.jpg,test/images/01_PCB__1169.jpg,test/labels/01_PCB__1169.txt,01_PCB__1169.jpg,640,640,L,640,640,1.0,1.0,0.0,0.0,7
test,01_PCB__1170.jpg,test/images/01_PCB__1170.jpg,test/labels/01_PCB__1170.txt,01_PCB__1170.jpg,640,640,L,640,640,1.0,1.0,0.0,0.0,7
test,01_PCB__1177.jpg,test/images/01_PCB__1177.jpg,test/labels/01_PCB__1177.txt,01_PCB__1177.jpg,640,640,L,640,640,1.0,1.0,0.0,0.0,5
test,01_PCB__1184.jpg,test/images/01_PCB__1184.jpg,test/labels/01_PCB__1184.txt,01_PCB__1184.jpg,640,640,L,640,640,1.0,1.0,0.0,0.0,4
test,01_PCB__1187.jpg,test/images/01_PCB__1187.jpg,test/labels/01_PCB__1187.txt,01_PCB__1187.jpg,640,640,L,640,640,1.0,1.0,0.0,0.0,5
test,01_PCB__120.jpg,test/images/01_PCB__120.jpg,test/labels/01_PCB__120.txt,01_PCB__120.jpg,640,640,L,640,640,1.0,1.0,0.0,0.0,7
test,01_PCB__1203.jpg,test/images/01_PCB__1203.jpg,test/labels/01_PCB__1203.txt,01_PCB__1203.jpg,640,640,L,640,640,1.0,1.0,0.0,0.0,7
test,01_PCB__1209.jpg,test/images/01_PCB__1209.jpg,test/labels/01_PCB__1209.txt,01_PCB__1209.jpg,640,640,L,640,640,1.0,1.0,0.0,0.0,8
test,01_PCB__1228.jpg,test/images/01_PCB__1228.jpg,test/labels/01_PCB__1228.txt,01_PCB__1228.jpg,640,640,L,640,640,1.0,1.0,0.0,0.0,7
test,01_PCB__1253.jpg,test/images/01_PCB__1253.jpg,test/labels/01_PCB__1253.txt,01_PCB__1253.jpg,640,640,L,640,640,1.0,1.0,0.0,0.0,1
test,01_PCB__1255.jpg,test/images/01_PCB__1255.jpg,test/labels/01_PCB__1255.txt,01_PCB__1255.jpg,640,640,L,640,640,1.0,1.0,0.0,0.0,5
test,01_PCB__1261.jpg,test/images/01_PCB__1261.jpg,test/labels/01_PCB__1261.txt,01_PCB__1261.jpg,640,640,L,640,640,1.0,1.0,0.0,0.0,2
test,01_PCB__1280.jpg,test/images/01_PCB__1280.jpg,test/labels/01_PCB__1280.txt,01_PCB__1280.jpg,640,640,L,640,640,1.0,1.0,0.0,0.0,2
test,01_PCB__1285.jpg,test/images/01_PCB__1285.jpg,test/labels/01_PCB__1285.txt,01_PCB__1285.jpg,640,640,L,640,640,1.0,1.0,0.0,0.0,5
test,01_PCB__1292.jpg,test/images/01_PCB__1292.jpg,test/labels/01_PCB__1292.txt,01_PCB__1292.jpg,640,640,L,640,640,1.0,1.0,0.0,0.0,7
test,01_PCB__1293.jpg,test/images/01_PCB__1293.jpg,test/labels/01_PCB__1293.txt,01_PCB__1293.jpg,640,640,L,640,640,1.0,1.0,0.0,0.0,5
test,01_PCB__1299.jpg,test/images/01_PCB__1299.jpg,test/labels/01_PCB__1299.txt,01_PCB__1299.jpg,640,640,L,640,640,1.0,1.0,0.0,0.0,5
test,01_PCB__13.jpg,test/images/01_PCB__13.jpg,test/labels/01_PCB__13.txt,01_PCB__13.jpg,640,640,L,640,640,1.0,1.0,0.0,0.0,5
test,01_PCB__1313.jpg,test/images/01_PCB__1313.jpg,test/labels/01_PCB__1313.txt,01_PCB__1313.jpg,640,640,L,640,640,1.0,1.0,0.0,0.0,6
test,01_PCB__1352.jpg,test/images/01_PCB__1352.jpg,test/labels/01_PCB__1352.txt,01_PCB__1352.jpg,640,640,L,640,640,1.0,1.0,0.0,0.0,6
test,01_PCB__1365.jpg,test/images/01_PCB__1365.jpg,test/labels/01_PCB__1365.txt,01_PCB__1365.jpg,640,640,L,640,640,1.0,1.0,0.0,0.0,6
test,01_PCB__1385.jpg,test/images/01_PCB__1385.jpg,test/labels/01_PCB__1385.txt,01_PCB__1385.jpg,640,640,L,640,640,1.0,1.0,0.0,0.0,8
test,01_PCB__1388.jpg,test/images/01_PCB__1388.jpg,test/labels/01_PCB__1388.txt,01_PCB__1388.jpg,640,640,L,640,640,1.0,1.0,0.0,0.0,6
test,01_PCB__1390.jpg,test/images/01_PCB__1390.jpg,test/labels/01_PCB__1390.txt,01_PCB__1390.jpg,640,640,L,640,640,1.0,1.0,0.0,0.0,5
test,01_PCB__1395.jpg,test/images/01_PCB__1395.jpg,test/labels/01_PCB__1395.txt,01_PCB__1395.jpg,640,640,L,640,640,1.0,1.0,0.0,0.0,5
test,01_PCB__1400.jpg,test/images/01_PCB__1400.jpg,test/labels/01_PCB__1400.txt,01_PCB__1400.jpg,640,640,L,640,640,1.0,1.0,0.0,0.0,4
test,01_PCB__1402.jpg,test/images/01_PCB__1402.jpg,test/labels/01_PCB__1402.txt,01_PCB__1402.jpg,640,640,L,640,640,1.0,1.0,0.0,0.0,5
test,01_PCB__1404.jpg,test/images/01_PCB__1404.jpg,test/labels/01_PCB__1404.txt,01_PCB__1404.jpg,640,640,L,640,640,1.0,1.0,0.0,0.0,6
test,01_PCB__141.jpg,test/images/01_PCB__141.jpg,test/labels/01_PCB__141.txt,01_PCB__141.jpg,640,640,L,640,640,1.0,1.0,0.0,0.0,8
test,01_PCB__1418.jpg,test/images/01_PCB__1418.jpg,test/labels/01_PCB__1418.txt,01_PCB__1418.jpg,640,640,L,640,640,1.0,1.0,0.0,0.0,5
test,01_PCB__1420.jpg,test/images/01_PCB__1420.jpg,test/labels/01_PCB__1420.txt,01_PCB__1420.jpg,640,640,L,640,640,1.0,1.0,0.0,0.0,4
test,01_PCB__1427.jpg,test/images/01_PCB__1427.jpg,test/labels/01_PCB__1427.txt,01_PCB__1427.jpg,640,640,L,640,640,1.0,1.0,0.0,0.0,5
test,01_PCB__145.jpg,test/images/01_PCB__145.jpg,test/labels/01_PCB__145.txt,01_PCB__145.jpg,640,640,L,640,640,1.0,1.0,0.0,0.0,8
test,01_PCB__1453.jpg,test/images/01_PCB__1453.jpg,test/labels/01_PCB__1453.txt,01_PCB__1453.jpg,640,640,L,640,640,1.0,1.0,0.0,0.0,5
test,01_PCB__1461.jpg,test/images/01_PCB__1461.jpg,test/labels/01_PCB__1461.txt,01_PCB__1461.jpg,640,640,L,640,640,1.0,1.0,0.0,0.0,5
test,01_PCB__1483.jpg,test/images/01_PCB__1483.jpg,test/labels/01_PCB__1483.txt,01_PCB__1483.jpg,640,640,L,640,640,1.0,1.0,0.0,0.0,5
test,01_PCB__1486.jpg,test/images/01_PCB__1486.jpg,test/labels/01_PCB__1486.txt,01_PCB__1486.jpg,640,640,L,640,640,1.0,1.0,0.0,0.0,5
test,01_PCB__1487.jpg,test/images/01_PCB__1487.jpg,test/labels/01_PCB__1487.txt,01_PCB__1487.jpg,640,640,L,640,640,1.0,1.0,0.0,0.0,4
test,01_PCB__1490.jpg,test/images/01_PCB__1490.jpg,test/labels/01_PCB__1490.txt,01_PCB__1490.jpg,640,640,L,640,640,1.0,1.0,0.0,0.0,4
test,01_PCB__1492.jpg,test/images/01_PCB__1492.jpg,test/labels/01_PCB__1492.txt,01_PCB__1492.jpg,640,640,L,640,640,1.0,1.0,0.0,0.0,3
test,01_PCB__1496.jpg,test/images/01_PCB__1496.jpg,test/labels/01_PCB__1496.txt,01_PCB__1496.jpg,640,640,L,640,640,1.0,1.0,0.0,0.0,7
test,01_PCB__155.jpg,test/images/01_PCB__155.jpg,test/labels/01_PCB__155.txt,01_PCB__155.jpg,640,640,L,640,640,1.0,1.0,0.0,0.0,8
test,01_PCB__160.jpg,test/images/01_PCB__160.jpg,test/labels/01_PCB__160.txt,01_PCB__160.jpg,640,640,L,640,640,1.0,1.0,0.0,0.0,7
test,01_PCB__181.jpg,test/images/01_PCB__181.jpg,test/labels/01_PCB__181.txt,01_PCB__181.jpg,640,640,L,640,640,1.0,1.0,0.0,0.0,9
test,01_PCB__189.jpg,test/images/01_PCB__189.jpg,test/labels/01_PCB__189.txt,01_PCB__189.jpg,640,640,L,640,640,1.0,1.0,0.0,0.0,7
test,01_PCB__228.jpg,test/images/01_PCB__228.jpg,test/labels/01_PCB__228.txt,01_PCB__228.jpg,640,640,L,640,640,1.0,1.0,0.0,0.0,6
test,01_PCB__23.jpg,test/images/01_PCB__23.jpg,test/labels/01_PCB__23.txt,01_PCB__23.jpg,640,640,L,640,640,1.0,1.0,0.0,0.0,5
test,01_PCB__246.jpg,test/images/01_PCB__246.jpg,test/labels/01_PCB__246.txt,01_PCB__246.jpg,640,640,L,640,640,1.0,1.0,0.0,0.0,5
test,01_PCB__269.jpg,test/images/01_PCB__269.jpg,test/labels/01_PCB__269.txt,01_PCB__269.jpg,640,640,L,640,640,1.0,1.0,0.0,0.0,6
test,01_PCB__275.jpg,test/images/01_PCB__275.jpg,test/labels/01_PCB__275.txt,01_PCB__275.jpg,640,640,L,640,640,1.0,1.0,0.0,0.0,6
test,01_PCB__282.jpg,test/images/01_PCB__282.jpg,test/labels/01_PCB__282.txt,01_PCB__282.jpg,640,640,L,640,640,1.0,1.0,0.0,0.0,6
test,01_PCB__302.jpg,test/images/01_PCB__302.jpg,test/labels/01_PCB__302.txt,01_PCB__302.jpg,640,640,L,640,640,1.0,1.0,0.0,0.0,7
test,01_PCB__31.jpg,test/images/01_PCB__31.jpg,test/labels/01_PCB__31.txt,01_PCB__31.jpg,640,640,L,640,640,1.0,1.0,0.0,0.0,10
test,01_PCB__314.jpg,test/images/01_PCB__314.jpg,test/labels/01_PCB__314.txt,01_PCB__314.jpg,640,640,L,640,640,1.0,1.0,0.0,0.0,6
test,01_PCB__315.jpg,test/images/01_PCB__315.jpg,test/labels/01_PCB__315.txt,01_PCB__315.jpg,640,640,L,640,640,1.0,1.0,0.0,0.0,6
test,01_PCB__320.jpg,test/images/01_PCB__320.jpg,test/labels/01_PCB__320.txt,01_PCB__320.jpg,640,640,L,640,640,1.0,1.0,0.0,0.0,5
test,01_PCB__330.jpg,test/images/01_PCB__330.jpg,test/labels/01_PCB__330.txt,01_PCB__330.jpg,640,640,RGB,640,640,1.0,1.0,0.0,0.0,6
test,01_PCB__346.jpg,test/images/01_PCB__346.jpg,test/labels/01_PCB__346.txt,01_PCB__346.jpg,640,640,L,640,640,1.0,1.0,0.0,0.0,8
test,01_PCB__348.jpg,test/images/01_PCB__348.jpg,test/labels/01_PCB__348.txt,01_PCB__348.jpg,640,640,L,640,640,1.0,1.0,0.0,0.0,8
test,01_PCB__349.jpg,test/images/01_PCB__349.jpg,test/labels/01_PCB__349.txt,01_PCB__349.jpg,640,640,L,640,640,1.0,1.0,0.0,0.0,7
test,01_PCB__351.jpg,test/images/01_PCB__351.jpg,test/labels/01_PCB__351.txt,01_PCB__351.jpg,640,640,L,640,640,1.0,1.0,0.0,0.0,6
test,01_PCB__358.jpg,test/images/01_PCB__358.jpg,test/labels/01_PCB__358.txt,01_PCB__358.jpg,640,640,L,640,640,1.0,1.0,0.0,0.0,5
test,01_PCB__378.jpg,test/images/01_PCB__378.jpg,test/labels/01_PCB__378.txt,01_PCB__378.jpg,640,640,L,640,640,1.0,1.0,0.0,0.0,7
test,01_PCB__384.jpg,test/images/01_PCB__384.jpg,test/labels/01_PCB__384.txt,01_PCB__384.jpg,640,640,L,640,640,1.0,1.0,0.0,0.0,5
test,01_PCB__388.jpg,test/images/01_PCB__388.jpg,test/labels/01_PCB__388.txt,01_PCB__388.jpg,640,640,L,640,640,1.0,1.0,0.0,0.0,5
test,01_PCB__421.jpg,test/images/01_PCB__421.jpg,test/labels/01_PCB__421.txt,01_PCB__421.jpg,640,640,L,640,640,1.0,1.0,0.0,0.0,7
test,01_PCB__426.jpg,test/images/01_PCB__426.jpg,test/labels/01_PCB__426.txt,01_PCB__426.jpg,640,640,L,640,640,1.0,1.0,0.0,0.0,6
test,01_PCB__427.jpg,test/images/01_PCB__427.jpg,test/labels/01_PCB__427.txt,01_PCB__427.jpg,640,640,L,640,640,1.0,1.0,0.0,0.0,6
test,01_PCB__438.jpg,test/images/01_PCB__438.jpg,test/labels/01_PCB__438.txt,01_PCB__438.jpg,640,640,L,640,640,1.0,1.0,0.0,0.0,9
test,01_PCB__476.jpg,test/images/01_PCB__476.jpg,test/labels/01_PCB__476.txt,01_PCB__476.jpg,640,640,L,640,640,1.0,1.0,0.0,0.0,6
test,01_PCB__484.jpg,test/images/01_PCB__484.jpg,test/labels/01_PCB__484.txt,01_PCB__484.jpg,640,640,L,640,640,1.0,1.0,0.0,0.0,10
test,01_PCB__494.jpg,test/images/01_PCB__494.jpg,test/labels/01_PCB__494.txt,01_PCB__494.jpg,640,640,RGB,640,640,1.0,1.0,0.0,0.0,7
test,01_PCB__495.jpg,test/images/01_PCB__495.jpg,test/labels/01_PCB__495.txt,01_PCB__495.jpg,640,640,L,640,640,1.0,1.0,0.0,0.0,7
test,01_PCB__50.jpg,test/images/01_PCB__50.jpg,test/labels/01_PCB__50.txt,01_PCB__50.jpg,640,640,L,640,640,1.0,1.0,0.0,0.0,8
test,01_PCB__510.jpg,test/images/01_PCB__510.jpg,test/labels/01_PCB__510.txt,01_PCB__510.jpg,640,640,L,640,640,1.0,1.0,0.0,0.0,12
test,01_PCB__558.jpg,test/images/01_PCB__558.jpg,test/labels/01_PCB__558.txt,01_PCB__558.jpg,640,640,L,640,640,1.0,1.0,0.0,0.0,5
test,01_PCB__569.jpg,test/images/01_PCB__569.jpg,test/labels/01_PCB__569.txt,01_PCB__569.jpg,640,640,L,640,640,1.0,1.0,0.0,0.0,5
test,01_PCB__58.jpg,test/images/01_PCB__58.jpg,test/labels/01_PCB__58.txt,01_PCB__58.jpg,640,640,L,640,640,1.0,1.0,0.0,0.0,7
test,01_PCB__588.jpg,test/images/01_PCB__588.jpg,test/labels/01_PCB__588.txt,01_PCB__588.jpg,640,640,L,640,640,1.0,1.0,0.0,0.0,10
test,01_PCB__623.jpg,test/images/01_PCB__623.jpg,test/labels/01_PCB__623.txt,01_PCB__623.jpg,640,640,L,640,640,1.0,1.0,0.0,0.0,4
test,01_PCB__632.jpg,test/images/01_PCB__632.jpg,test/labels/01_PCB__632.txt,01_PCB__632.jpg,640,640,L,640,640,1.0,1.0,0.0,0.0,4
test,01_PCB__637.jpg,test/images/01_PCB__637.jpg,test/labels/01_PCB__637.txt,01_PCB__637.jpg,640,640,L,640,640,1.0,1.0,0.0,0.0,5
test,01_PCB__638.jpg,test/images/01_PCB__638.jpg,test/labels/01_PCB__638.txt,01_PCB__638.jpg,640,640,L,640,640,1.0,1.0,0.0,0.0,6
test,01_PCB__641.jpg,test/images/01_PCB__641.jpg,test/labels/01_PCB__641.txt,01_PCB__641.jpg,640,640,L,640,640,1.0,1.0,0.0,0.0,6
test,01_PCB__653.jpg,test/images/01_PCB__653.jpg,test/labels/01_PCB__653.txt,01_PCB__653.jpg,640,640,L,640,640,1.0,1.0,0.0,0.0,8
test,01_PCB__666.jpg,test/images/01_PCB__666.jpg,test/labels/01_PCB__666.txt,01_PCB__666.jpg,640,640,L,640,640,1.0,1.0,0.0,0.0,6
test,01_PCB__669.jpg,test/images/01_PCB__669.jpg,test/labels/01_PCB__669.txt,01_PCB__669.jpg,640,640,L,640,640,1.0,1.0,0.0,0.0,6
test,01_PCB__675.jpg,test/images/01_PCB__675.jpg,test/labels/01_PCB__675.txt,01_PCB__675.jpg,640,640,L,640,640,1.0,1.0,0.0,0.0,6
test,01_PCB__683.jpg,test/images/01_PCB__683.jpg,test/labels/01_PCB__683.txt,01_PCB__683.jpg,640,640,L,640,640,1.0,1.0,0.0,0.0,7
test,01_PCB__694.jpg,test/images/01_PCB__694.jpg,test/labels/01_PCB__694.txt,01_PCB__694.jpg,640,640,L,640,640,1.0,1.0,0.0,0.0,5
test,01_PCB__712.jpg,test/images/01_PCB__712.jpg,test/labels/01_PCB__712.txt,01_PCB__712.jpg,640,640,L,640,640,1.0,1.0,0.0,0.0,7
test,01_PCB__724.jpg,test/images/01_PCB__724.jpg,test/labels/01_PCB__724.txt,01_PCB__724.jpg,640,640,L,640,640,1.0,1.0,0.0,0.0,9
test,01_PCB__726.jpg,test/images/01_PCB__726.jpg,test/labels/01_PCB__726.txt,01_PCB__726.jpg,640,640,L,640,640,1.0,1.0,0.0,0.0,8
test,01_PCB__734.jpg,test/images/01_PCB__734.jpg,test/labels/01_PCB__734.txt,01_PCB__734.jpg,640,640,L,640,640,1.0,1.0,0.0,0.0,7
test,01_PCB__737.jpg,test/images/01_PCB__737.jpg,test/labels/01_PCB__737.txt,01_PCB__737.jpg,640,640,L,640,640,1.0,1.0,0.0,0.0,9
test,01_PCB__747.jpg,test/images/01_PCB__747.jpg,test/labels/01_PCB__747.txt,01_PCB__747.jpg,640,640,L,640,640,1.0,1.0,0.0,0.0,6
test,01_PCB__748.jpg,test/images/01_PCB__748.jpg,test/labels/01_PCB__748.txt,01_PCB__748.jpg,640,640,L,640,640,1.0,1.0,0.0,0.0,4
test,01_PCB__758.jpg,test/images/01_PCB__758.jpg,test/labels/01_PCB__758.txt,01_PCB__758.jpg,640,640,L,640,640,1.0,1.0,0.0,0.0,7
test,01_PCB__761.jpg,test/images/01_PCB__761.jpg,test/labels/01_PCB__761.txt,01_PCB__761.jpg,640,640,L,640,640,1.0,1.0,0.0,0.0,6
test,01_PCB__771.jpg,test/images/01_PCB__771.jpg,test/labels/01_PCB__771.txt,01_PCB__771.jpg,640,640,L,640,640,1.0,1.0,0.0,0.0,10
test,01_PCB__789.jpg,test/images/01_PCB__789.jpg,test/labels/01_PCB__789.txt,01_PCB__789.jpg,640,640,L,640,640,1.0,1.0,0.0,0.0,8
test,01_PCB__805.jpg,test/images/01_PCB__805.jpg,test/labels/01_PCB__805.txt,01_PCB__805.jpg,640,640,L,640,640,1.0,1.0,0.0,0.0,7
test,01_PCB__807.jpg,test/images/01_PCB__807.jpg,test/labels/01_PCB__807.txt,01_PCB__807.jpg,640,640,L,640,640,1.0,1.0,0.0,0.0,7
test,01_PCB__819.jpg,test/images/01_PCB__819.jpg,test/labels/01_PCB__819.txt,01_PCB__819.jpg,640,640,L,640,640,1.0,1.0,0.0,0.0,8
test,01_PCB__82.jpg,test/images/01_PCB__82.jpg,test/labels/01_PCB__82.txt,01_PCB__82.jpg,640,640,L,640,640,1.0,1.0,0.0,0.0,6
test,01_PCB__827.jpg,test/images/01_PCB__827.jpg,test/labels/01_PCB__827.txt,01_PCB__827.jpg,640,640,L,640,640,1.0,1.0,0.0,0.0,9
test,01_PCB__828.jpg,test/images/01_PCB__828.jpg,test/labels/01_PCB__828.txt,01_PCB__828.jpg,640,640,L,640,640,1.0,1.0,0.0,0.0,8
test,01_PCB__833.jpg,test/images/01_PCB__833.jpg,test/labels/01_PCB__833.txt,01_PCB__833.jpg,640,640,L,640,640,1.0,1.0,0.0,0.0,7
test,01_PCB__843.jpg,test/images/01_PCB__843.jpg,test/labels/01_PCB__843.txt,01_PCB__843.jpg,640,640,L,640,640,1.0,1.0,0.0,0.0,8
test,01_PCB__846.jpg,test/images/01_PCB__846.jpg,test/labels/01_PCB__846.txt,01_PCB__846.jpg,640,640,L,640,640,1.0,1.0,0.0,0.0,7
test,01_PCB__857.jpg,test/images/01_PCB__857.jpg,test/labels/01_PCB__857.txt,01_PCB__857.jpg,640,640,L,640,640,1.0,1.0,0.0,0.0,4
test,01_PCB__868.jpg,test/images/01_PCB__868.jpg,test/labels/01_PCB__868.txt,01_PCB__868.jpg,640,640,L,640,640,1.0,1.0,0.0,0.0,7
test,01_PCB__884.jpg,test/images/01_PCB__884.jpg,test/labels/01_PCB__884.txt,01_PCB__884.jpg,640,640,L,640,640,1.0,1.0,0.0,0.0,9
test,01_PCB__896.jpg,test/images/01_PCB__896.jpg,test/labels/01_PCB__896.txt,01_PCB__896.jpg,640,640,L,640,640,1.0,1.0,0.0,0.0,6
test,01_PCB__908.jpg,test/images/01_PCB__908.jpg,test/labels/01_PCB__908.txt,01_PCB__908.jpg,640,640,L,640,640,1.0,1.0,0.0,0.0,10
test,01_PCB__910.jpg,test/images/01_PCB__910.jpg,test/labels/01_PCB__910.txt,01_PCB__910.jpg,640,640,L,640,640,1.0,1.0,0.0,0.0,9
test,01_PCB__912.jpg,test/images/01_PCB__912.jpg,test/labels/01_PCB__912.txt,01_PCB__912.jpg,640,640,L,640,640,1.0,1.0,0.0,0.0,3
test,01_PCB__926.jpg,test/images/01_PCB__926.jpg,test/labels/01_PCB__926.txt,01_PCB__926.jpg,640,640,L,640,640,1.0,1.0,0.0,0.0,10
test,01_PCB__935.jpg,test/images/01_PCB__935.jpg,test/labels/01_PCB__935.txt,01_PCB__935.jpg,640,640,L,640,640,1.0,1.0,0.0,0.0,9
test,01_PCB__941.jpg,test/images/01_PCB__941.jpg,test/labels/01_PCB__941.txt,01_PCB__941.jpg,640,640,L,640,640,1.0,1.0,0.0,0.0,8
test,01_PCB__96.jpg,test/images/01_PCB__96.jpg,test/labels/01_PCB__96.txt,01_PCB__96.jpg,640,640,L,640,640,1.0,1.0,0.0,0.0,6
test,01_PCB__965.jpg,test/images/01_PCB__965.jpg,test/labels/01_PCB__965.txt,01_PCB__965.jpg,640,640,L,640,640,1.0,1.0,0.0,0.0,7
test,01_PCB__969.jpg,test/images/01_PCB__969.jpg,test/labels/01_PCB__969.txt,01_PCB__969.jpg,640,640,L,640,640,1.0,1.0,0.0,0.0,8
test,01_PCB__970.jpg,test/images/01_PCB__970.jpg,test/labels/01_PCB__970.txt,01_PCB__970.jpg,640,640,L,640,640,1.0,1.0,0.0,0.0,5
test,01_PCB__98.jpg,test/images/01_PCB__98.jpg,test/labels/01_PCB__98.txt,01_PCB__98.jpg,640,640,L,640,640,1.0,1.0,0.0,0.0,7
test,01_PCB__983.jpg,test/images/01_PCB__983.jpg,test/labels/01_PCB__983.txt,01_PCB__983.jpg,640,640,L,640,640,1.0,1.0,0.0,0.0,9
test,01_PCB__987.jpg,test/images/01_PCB__987.jpg,test/labels/01_PCB__987.txt,01_PCB__987.jpg,640,640,L,640,640,1.0,1.0,0.0,0.0,9
test,01_PCB__988.jpg,test/images/01_PCB__988.jpg,test/labels/01_PCB__988.txt,01_PCB__988.jpg,640,640,L,640,640,1.0,1.0,0.0,0.0,7
test,01_PCB__990.jpg,test/images/01_PCB__990.jpg,test/labels/01_PCB__990.txt,01_PCB__990.jpg,640,640,L,640,640,1.0,1.0,0.0,0.0,9
test,01_PCB__992.jpg,test/images/01_PCB__992.jpg,test/labels/01_PCB__992.txt,01_PCB__992.jpg,640,640,L,640,640,1.0,1.0,0.0,0.0,9
test,01_PCB__993.jpg,test/images/01_PCB__993.jpg,test/labels/01_PCB__993.txt,01_PCB__993.jpg,640,640,L,640,640,1.0,1.0,0.0,0.0,7
test,01_PCB__995.jpg,test/images/01_PCB__995.jpg,test/labels/01_PCB__995.txt,01_PCB__995.jpg,640,640,L,640,640,1.0,1.0,0.0,0.0,8
