dataset,split,image,image_path,label_path,width,height,mode,format,label_exists
DeepPCB,train,01_PCB__564.jpg,/Users/user/Deep-Learning-PCB-Defect-Detection/data/DeepPCB/train/images/01_PCB__564.jpg,/Users/user/Deep-Learning-PCB-Defect-Detection/data/DeepPCB/train/labels/01_PCB__564.txt,640,640,L,.jpg,True
DeepPCB,train,01_PCB__559.jpg,/Users/user/Deep-Learning-PCB-Defect-Detection/data/DeepPCB/train/images/01_PCB__559.jpg,/Users/user/Deep-Learning-PCB-Defect-Detection/data/DeepPCB/train/labels/01_PCB__559.txt,640,640,L,.jpg,True
DeepPCB,train,01_PCB__565.jpg,/Users/user/Deep-Learning-PCB-Defect-Detection/data/DeepPCB/train/images/01_PCB__565.jpg,/Users/user/Deep-Learning-PCB-Defect-Detection/data/DeepPCB/train/labels/01_PCB__565.txt,640,640,L,.jpg,True
DeepPCB,train,01_PCB__598.jpg,/Users/user/Deep-Learning-PCB-Defect-Detection/data/DeepPCB/train/images/01_PCB__598.jpg,/Users/user/Deep-Learning-PCB-Defect-Detection/data/DeepPCB/train/labels/01_PCB__598.txt,640,640,L,.jpg,True
DeepPCB,train,01_PCB__567.jpg,/Users/user/Deep-Learning-PCB-Defect-Detection/data/DeepPCB/train/images/01_PCB__567.jpg,/Users/user/Deep-Learning-PCB-Defect-Detection/data/DeepPCB/train/labels/01_PCB__567.txt,640,640,L,.jpg,False
DeepPCB,train,01_PCB__573.jpg,/Users/user/Deep-Learning-PCB-Defect-Detection/data/DeepPCB/train/images/01_PCB__573.jpg,/Users/user/Deep-Learning-PCB-Defect-Detection/data/DeepPCB/train/labels/01_PCB__573.txt,640,640,L,.jpg,False
DeepPCB,train,01_PCB__639.jpg,/Users/user/Deep-Learning-PCB-Defect-Detection/data/DeepPCB/train/images/01_PCB__639.jpg,/Users/user/Deep-Learning-PCB-Defect-Detection/data/DeepPCB/train/labels/01_PCB__639.txt,640,640,L,.jpg,False
DeepPCB,train,01_PCB__604.jpg,/Users/user/Deep-Learning-PCB-Defect-Detection/data/DeepPCB/train/images/01_PCB__604.jpg,/Users/user/Deep-Learning-PCB-Defect-Detection/data/DeepPCB/train/labels/01_PCB__604.txt,640,640,L,.jpg,True
DeepPCB,train,01_PCB__599.jpg,/Users/user/Deep-Learning-PCB-Defect-Detection/data/DeepPCB/train/images/01_PCB__599.jpg,/Users/user/Deep-Learning-PCB-Defect-Detection/data/DeepPCB/train/labels/01_PCB__599.txt,640,640,L,.jpg,True
DeepPCB,train,01_PCB__562.jpg,/Users/user/Deep-Learning-PCB-Defect-Detection/data/DeepPCB/train/images/01_PCB__562.jpg,/Users/user/Deep-Learning-PCB-Defect-Detection/data/DeepPCB/train/labels/01_PCB__562.txt,640,640,L,.jpg,False
DeepPCB,train,01_PCB__576.jpg,/Users/user/Deep-Learning-PCB-Defect-Detection/data/DeepPCB/train/images/01_PCB__576.jpg,/Users/user/Deep-Learning-PCB-Defect-Detection/data/DeepPCB/train/labels/01_PCB__576.txt,640,640,L,.jpg,True
DeepPCB,train,01_PCB__628.jpg,/Users/user/Deep-Learning-PCB-Defect-Detection/data/DeepPCB/train/images/01_PCB__628.jpg,/Users/user/Deep-Learning-PCB-Defect-Detection/data/DeepPCB/train/labels/01_PCB__628.txt,640,640,L,.jpg,False
DeepPCB,train,01_PCB__614.jpg,/Users/user/Deep-Learning-PCB-Defect-Detection/data/DeepPCB/train/images/01_PCB__614.jpg,/Users/user/Deep-Learning-PCB-Defect-Detection/data/DeepPCB/train/labels/01_PCB__614.txt,640,640,L,.jpg,True
DeepPCB,train,01_PCB__629.jpg,/Users/user/Deep-Learning-PCB-Defect-Detection/data/DeepPCB/train/images/01_PCB__629.jpg,/Users/user/Deep-Learning-PCB-Defect-Detection/data/DeepPCB/train/labels/01_PCB__629.txt,640,640,L,.jpg,True
DeepPCB,train,01_PCB__577.jpg,/Users/user/Deep-Learning-PCB-Defect-Detection/data/DeepPCB/train/images/01_PCB__577.jpg,/Users/user/Deep-Learning-PCB-Defect-Detection/data/DeepPCB/train/labels/01_PCB__577.txt,640,640,L,.jpg,False
DeepPCB,train,01_PCB__563.jpg,/Users/user/Deep-Learning-PCB-Defect-Detection/data/DeepPCB/train/images/01_PCB__563.jpg,/Users/user/Deep-Learning-PCB-Defect-Detection/data/DeepPCB/train/labels/01_PCB__563.txt,640,640,L,.jpg,True
DeepPCB,train,01_PCB__575.jpg,/Users/user/Deep-Learning-PCB-Defect-Detection/data/DeepPCB/train/images/01_PCB__575.jpg,/Users/user/Deep-Learning-PCB-Defect-Detection/data/DeepPCB/train/labels/01_PCB__575.txt,640,640,L,.jpg,False
DeepPCB,train,01_PCB__602.jpg,/Users/user/Deep-Learning-PCB-Defect-Detection/data/DeepPCB/train/images/01_PCB__602.jpg,/Users/user/Deep-Learning-PCB-Defect-Detection/data/DeepPCB/train/labels/01_PCB__602.txt,640,640,L,.jpg,False
DeepPCB,train,01_PCB__548.jpg,/Users/user/Deep-Learning-PCB-Defect-Detection/data/DeepPCB/train/images/01_PCB__548.jpg,/Users/user/Deep-Learning-PCB-Defect-Detection/data/DeepPCB/train/labels/01_PCB__548.txt,640,640,L,.jpg,False
DeepPCB,train,01_PCB__513.jpg,/Users/user/Deep-Learning-PCB-Defect-Detection/data/DeepPCB/train/images/01_PCB__513.jpg,/Users/user/Deep-Learning-PCB-Defect-Detection/data/DeepPCB/train/labels/01_PCB__513.txt,640,640,L,.jpg,False
DeepPCB,train,01_PCB__473.jpg,/Users/user/Deep-Learning-PCB-Defect-Detection/data/DeepPCB/train/images/01_PCB__473.jpg,/Users/user/Deep-Learning-PCB-Defect-Detection/data/DeepPCB/train/labels/01_PCB__473.txt,640,640,RGB,.jpg,True
DeepPCB,train,01_PCB__665.jpg,/Users/user/Deep-Learning-PCB-Defect-Detection/data/DeepPCB/train/images/01_PCB__665.jpg,/Users/user/Deep-Learning-PCB-Defect-Detection/data/DeepPCB/train/labels/01_PCB__665.txt,640,640,L,.jpg,False
DeepPCB,train,01_PCB__670.jpg,/Users/user/Deep-Learning-PCB-Defect-Detection/data/DeepPCB/train/images/01_PCB__670.jpg,/Users/user/Deep-Learning-PCB-Defect-Detection/data/DeepPCB/train/labels/01_PCB__670.txt,640,640,L,.jpg,True
DeepPCB,train,01_PCB__664.jpg,/Users/user/Deep-Learning-PCB-Defect-Detection/data/DeepPCB/train/images/01_PCB__664.jpg,/Users/user/Deep-Learning-PCB-Defect-Detection/data/DeepPCB/train/labels/01_PCB__664.txt,640,640,L,.jpg,False
DeepPCB,train,01_PCB__466.jpg,/Users/user/Deep-Learning-PCB-Defect-Detection/data/DeepPCB/train/images/01_PCB__466.jpg,/Users/user/Deep-Learning-PCB-Defect-Detection/data/DeepPCB/train/labels/01_PCB__466.txt,640,640,L,.jpg,False
DeepPCB,train,01_PCB__506.jpg,/Users/user/Deep-Learning-PCB-Defect-Detection/data/DeepPCB/train/images/01_PCB__506.jpg,/Users/user/Deep-Learning-PCB-Defect-Detection/data/DeepPCB/train/labels/01_PCB__506.txt,640,640,L,.jpg,True
DeepPCB,train,01_PCB__512.jpg,/Users/user/Deep-Learning-PCB-Defect-Detection/data/DeepPCB/train/images/01_PCB__512.jpg,/Users/user/Deep-Learning-PCB-Defect-Detection/data/DeepPCB/train/labels/01_PCB__512.txt,640,640,L,.jpg,False
DeepPCB,train,01_PCB__69.jpg,/Users/user/Deep-Learning-PCB-Defect-Detection/data/DeepPCB/train/images/01_PCB__69.jpg,/Users/user/Deep-Learning-PCB-Defect-Detection/data/DeepPCB/train/labels/01_PCB__69.txt,640,640,L,.jpg,True
DeepPCB,train,01_PCB__504.jpg,/Users/user/Deep-Learning-PCB-Defect-Detection/data/DeepPCB/train/images/01_PCB__504.jpg,/Users/user/Deep-Learning-PCB-Defect-Detection/data/DeepPCB/train/labels/01_PCB__504.txt,640,640,L,.jpg,False
DeepPCB,train,01_PCB__538.jpg,/Users/user/Deep-Learning-PCB-Defect-Detection/data/DeepPCB/train/images/01_PCB__538.jpg,/Users/user/Deep-Learning-PCB-Defect-Detection/data/DeepPCB/train/labels/01_PCB__538.txt,640,640,L,.jpg,True
DeepPCB,train,01_PCB__470.jpg,/Users/user/Deep-Learning-PCB-Defect-Detection/data/DeepPCB/train/images/01_PCB__470.jpg,/Users/user/Deep-Learning-PCB-Defect-Detection/data/DeepPCB/train/labels/01_PCB__470.txt,640,640,L,.jpg,False
DeepPCB,train,01_PCB__458.jpg,/Users/user/Deep-Learning-PCB-Defect-Detection/data/DeepPCB/train/images/01_PCB__458.jpg,/Users/user/Deep-Learning-PCB-Defect-Detection/data/DeepPCB/train/labels/01_PCB__458.txt,640,640,L,.jpg,True
DeepPCB,train,01_PCB__459.jpg,/Users/user/Deep-Learning-PCB-Defect-Detection/data/DeepPCB/train/images/01_PCB__459.jpg,/Users/user/Deep-Learning-PCB-Defect-Detection/data/DeepPCB/train/labels/01_PCB__459.txt,640,640,L,.jpg,True
DeepPCB,train,01_PCB__505.jpg,/Users/user/Deep-Learning-PCB-Defect-Detection/data/DeepPCB/train/images/01_PCB__505.jpg,/Users/user/Deep-Learning-PCB-Defect-Detection/data/DeepPCB/train/labels/01_PCB__505.txt,640,640,L,.jpg,False
DeepPCB,train,01_PCB__688.jpg,/Users/user/Deep-Learning-PCB-Defect-Detection/data/DeepPCB/train/images/01_PCB__688.jpg,/Users/user/Deep-Learning-PCB-Defect-Detection/data/DeepPCB/train/labels/01_PCB__688.txt,640,640,L,.jpg,False
DeepPCB,train,01_PCB__677.jpg,/Users/user/Deep-Learning-PCB-Defect-Detection/data/DeepPCB/train/images/01_PCB__677.jpg,/Users/user/Deep-Learning-PCB-Defect-Detection/data/DeepPCB/train/labels/01_PCB__677.txt,640,640,L,.jpg,False
DeepPCB,train,01_PCB__676.jpg,/Users/user/Deep-Learning-PCB-Defect-Detection/data/DeepPCB/train/images/01_PCB__676.jpg,/Users/user/Deep-Learning-PCB-Defect-Detection/data/DeepPCB/train/labels/01_PCB__676.txt,640,640,L,.jpg,True
DeepPCB,train,01_PCB__460.jpg,/Users/user/Deep-Learning-PCB-Defect-Detection/data/DeepPCB/train/images/01_PCB__460.jpg,/Users/user/Deep-Learning-PCB-Defect-Detection/data/DeepPCB/train/labels/01_PCB__460.txt,640,640,L,.jpg,True
DeepPCB,train,01_PCB__448.jpg,/Users/user/Deep-Learning-PCB-Defect-Detection/data/DeepPCB/train/images/01_PCB__448.jpg,/Users/user/Deep-Learning-PCB-Defect-Detection/data/DeepPCB/train/labels/01_PCB__448.txt,640,640,L,.jpg,True
DeepPCB,train,01_PCB__514.jpg,/Users/user/Deep-Learning-PCB-Defect-Detection/data/DeepPCB/train/images/01_PCB__514.jpg,/Users/user/Deep-Learning-PCB-Defect-Detection/data/DeepPCB/train/labels/01_PCB__514.txt,640,640,L,.jpg,True
DeepPCB,train,01_PCB__528.jpg,/Users/user/Deep-Learning-PCB-Defect-Detection/data/DeepPCB/train/images/01_PCB__528.jpg,/Users/user/Deep-Learning-PCB-Defect-Detection/data/DeepPCB/train/labels/01_PCB__528.txt,640,640,L,.jpg,True
DeepPCB,train,01_PCB__47.jpg,/Users/user/Deep-Learning-PCB-Defect-Detection/data/DeepPCB/train/images/01_PCB__47.jpg,/Users/user/Deep-Learning-PCB-Defect-Detection/data/DeepPCB/train/labels/01_PCB__47.txt,640,640,L,.jpg,True
DeepPCB,train,01_PCB__53.jpg,/Users/user/Deep-Learning-PCB-Defect-Detection/data/DeepPCB/train/images/01_PCB__53.jpg,/Users/user/Deep-Learning-PCB-Defect-Detection/data/DeepPCB/train/labels/01_PCB__53.txt,640,640,L,.jpg,True
DeepPCB,train,01_PCB__462.jpg,/Users/user/Deep-Learning-PCB-Defect-Detection/data/DeepPCB/train/images/01_PCB__462.jpg,/Users/user/Deep-Learning-PCB-Defect-Detection/data/DeepPCB/train/labels/01_PCB__462.txt,640,640,L,.jpg,False
DeepPCB,train,01_PCB__660.jpg,/Users/user/Deep-Learning-PCB-Defect-Detection/data/DeepPCB/train/images/01_PCB__660.jpg,/Users/user/Deep-Learning-PCB-Defect-Detection/data/DeepPCB/train/labels/01_PCB__660.txt,640,640,L,.jpg,False
DeepPCB,train,01_PCB__488.jpg,/Users/user/Deep-Learning-PCB-Defect-Detection/data/DeepPCB/train/images/01_PCB__488.jpg,/Users/user/Deep-Learning-PCB-Defect-Detection/data/DeepPCB/train/labels/01_PCB__488.txt,640,640,L,.jpg,False
DeepPCB,train,01_PCB__503.jpg,/Users/user/Deep-Learning-PCB-Defect-Detection/data/DeepPCB/train/images/01_PCB__503.jpg,/Users/user/Deep-Learning-PCB-Defect-Detection/data/DeepPCB/train/labels/01_PCB__503.txt,640,640,L,.jpg,True
DeepPCB,train,01_PCB__517.jpg,/Users/user/Deep-Learning-PCB-Defect-Detection/data/DeepPCB/train/images/01_PCB__517.jpg,/Users/user/Deep-Learning-PCB-Defect-Detection/data/DeepPCB/train/labels/01_PCB__517.txt,640,640,L,.jpg,False
DeepPCB,train,01_PCB__701.jpg,/Users/user/Deep-Learning-PCB-Defect-Detection/data/DeepPCB/train/images/01_PCB__701.jpg,/Users/user/Deep-Learning-PCB-Defect-Detection/data/DeepPCB/train/labels/01_PCB__701.txt,640,640,L,.jpg,True
DeepPCB,train,01_PCB__532.jpg,/Users/user/Deep-Learning-PCB-Defect-Detection/data/DeepPCB/train/images/01_PCB__532.jpg,/Users/user/Deep-Learning-PCB-Defect-Detection/data/DeepPCB/train/labels/01_PCB__532.txt,640,640,L,.jpg,False
DeepPCB,train,01_PCB__644.jpg,/Users/user/Deep-Learning-PCB-Defect-Detection/data/DeepPCB/train/images/01_PCB__644.jpg,/Users/user/Deep-Learning-PCB-Defect-Detection/data/DeepPCB/train/labels/01_PCB__644.txt,640,640,L,.jpg,True
DeepPCB,train,01_PCB__650.jpg,/Users/user/Deep-Learning-PCB-Defect-Detection/data/DeepPCB/train/images/01_PCB__650.jpg,/Users/user/Deep-Learning-PCB-Defect-Detection/data/DeepPCB/train/labels/01_PCB__650.txt,640,640,L,.jpg,True
DeepPCB,train,01_PCB__678.jpg,/Users/user/Deep-Learning-PCB-Defect-Detection/data/DeepPCB/train/images/01_PCB__678.jpg,/Users/user/Deep-Learning-PCB-Defect-Detection/data/DeepPCB/train/labels/01_PCB__678.txt,640,640,L,.jpg,False
DeepPCB,train,01_PCB__527.jpg,/Users/user/Deep-Learning-PCB-Defect-Detection/data/DeepPCB/train/images/01_PCB__527.jpg,/Users/user/Deep-Learning-PCB-Defect-Detection/data/DeepPCB/train/labels/01_PCB__527.txt,640,640,L,.jpg,True
DeepPCB,train,01_PCB__62.jpg,/Users/user/Deep-Learning-PCB-Defect-Detection/data/DeepPCB/train/images/01_PCB__62.jpg,/Users/user/Deep-Learning-PCB-Defect-Detection/data/DeepPCB/train/labels/01_PCB__62.txt,640,640,L,.jpg,False
DeepPCB,train,01_PCB__60.jpg,/Users/user/Deep-Learning-PCB-Defect-Detection/data/DeepPCB/train/images/01_PCB__60.jpg,/Users/user/Deep-Learning-PCB-Defect-Detection/data/DeepPCB/train/labels/01_PCB__60.txt,640,640,L,.jpg,False
DeepPCB,train,01_PCB__48.jpg,/Users/user/Deep-Learning-PCB-Defect-Detection/data/DeepPCB/train/images/01_PCB__48.jpg,/Users/user/Deep-Learning-PCB-Defect-Detection/data/DeepPCB/train/labels/01_PCB__48.txt,640,640,L,.jpg,False
DeepPCB,train,01_PCB__531.jpg,/Users/user/Deep-Learning-PCB-Defect-Detection/data/DeepPCB/train/images/01_PCB__531.jpg,/Users/user/Deep-Learning-PCB-Defect-Detection/data/DeepPCB/train/labels/01_PCB__531.txt,640,640,L,.jpg,False
DeepPCB,train,01_PCB__492.jpg,/Users/user/Deep-Learning-PCB-Defect-Detection/data/DeepPCB/train/images/01_PCB__492.jpg,/Users/user/Deep-Learning-PCB-Defect-Detection/data/DeepPCB/train/labels/01_PCB__492.txt,640,640,L,.jpg,False
DeepPCB,train,01_PCB__445.jpg,/Users/user/Deep-Learning-PCB-Defect-Detection/data/DeepPCB/train/images/01_PCB__445.jpg,/Users/user/Deep-Learning-PCB-Defect-Detection/data/DeepPCB/train/labels/01_PCB__445.txt,640,640,L,.jpg,True
DeepPCB,train,01_PCB__684.jpg,/Users/user/Deep-Learning-PCB-Defect-Detection/data/DeepPCB/train/images/01_PCB__684.jpg,/Users/user/Deep-Learning-PCB-Defect-Detection/data/DeepPCB/train/labels/01_PCB__684.txt,640,640,L,.jpg,True
DeepPCB,train,01_PCB__646.jpg,/Users/user/Deep-Learning-PCB-Defect-Detection/data/DeepPCB/train/images/01_PCB__646.jpg,/Users/user/Deep-Learning-PCB-Defect-Detection/data/DeepPCB/train/labels/01_PCB__646.txt,640,640,L,.jpg,True
DeepPCB,train,01_PCB__444.jpg,/Users/user/Deep-Learning-PCB-Defect-Detection/data/DeepPCB/train/images/01_PCB__444.jpg,/Users/user/Deep-Learning-PCB-Defect-Detection/data/DeepPCB/train/labels/01_PCB__444.txt,640,640,L,.jpg,False
DeepPCB,train,01_PCB__493.jpg,/Users/user/Deep-Learning-PCB-Defect-Detection/data/DeepPCB/train/images/01_PCB__493.jpg,/Users/user/Deep-Learning-PCB-Defect-Detection/data/DeepPCB/train/labels/01_PCB__493.txt,640,640,L,.jpg,True
DeepPCB,train,01_PCB__61.jpg,/Users/user/Deep-Learning-PCB-Defect-Detection/data/DeepPCB/train/images/01_PCB__61.jpg,/Users/user/Deep-Learning-PCB-Defect-Detection/data/DeepPCB/train/labels/01_PCB__61.txt,640,640,L,.jpg,True
DeepPCB,train,01_PCB__59.jpg,/Users/user/Deep-Learning-PCB-Defect-Detection/data/DeepPCB/train/images/01_PCB__59.jpg,/Users/user/Deep-Learning-PCB-Defect-Detection/data/DeepPCB/train/labels/01_PCB__59.txt,640,640,L,.jpg,True
DeepPCB,train,01_PCB__65.jpg,/Users/user/Deep-Learning-PCB-Defect-Detection/data/DeepPCB/train/images/01_PCB__65.jpg,/Users/user/Deep-Learning-PCB-Defect-Detection/data/DeepPCB/train/labels/01_PCB__65.txt,640,640,L,.jpg,False
DeepPCB,train,01_PCB__508.jpg,/Users/user/Deep-Learning-PCB-Defect-Detection/data/DeepPCB/train/images/01_PCB__508.jpg,/Users/user/Deep-Learning-PCB-Defect-Detection/data/DeepPCB/train/labels/01_PCB__508.txt,640,640,L,.jpg,True
DeepPCB,train,01_PCB__497.jpg,/Users/user/Deep-Learning-PCB-Defect-Detection/data/DeepPCB/train/images/01_PCB__497.jpg,/Users/user/Deep-Learning-PCB-Defect-Detection/data/DeepPCB/train/labels/01_PCB__497.txt,640,640,L,.jpg,False
DeepPCB,train,01_PCB__483.jpg,/Users/user/Deep-Learning-PCB-Defect-Detection/data/DeepPCB/train/images/01_PCB__483.jpg,/Users/user/Deep-Learning-PCB-Defect-Detection/data/DeepPCB/train/labels/01_PCB__483.txt,640,640,L,.jpg,False
DeepPCB,train,01_PCB__468.jpg,/Users/user/Deep-Learning-PCB-Defect-Detection/data/DeepPCB/train/images/01_PCB__468.jpg,/Users/user/Deep-Learning-PCB-Defect-Detection/data/DeepPCB/train/labels/01_PCB__468.txt,640,640,L,.jpg,True
DeepPCB,train,01_PCB__454.jpg,/Users/user/Deep-Learning-PCB-Defect-Detection/data/DeepPCB/train/images/01_PCB__454.jpg,/Users/user/Deep-Learning-PCB-Defect-Detection/data/DeepPCB/train/labels/01_PCB__454.txt,640,640,L,.jpg,False
DeepPCB,train,01_PCB__681.jpg,/Users/user/Deep-Learning-PCB-Defect-Detection/data/DeepPCB/train/images/01_PCB__681.jpg,/Users/user/Deep-Learning-PCB-Defect-Detection/data/DeepPCB/train/labels/01_PCB__681.txt,640,640,L,.jpg,True
DeepPCB,train,01_PCB__656.jpg,/Users/user/Deep-Learning-PCB-Defect-Detection/data/DeepPCB/train/images/01_PCB__656.jpg,/Users/user/Deep-Learning-PCB-Defect-Detection/data/DeepPCB/train/labels/01_PCB__656.txt,640,640,L,.jpg,True
DeepPCB,train,01_PCB__657.jpg,/Users/user/Deep-Learning-PCB-Defect-Detection/data/DeepPCB/train/images/01_PCB__657.jpg,/Users/user/Deep-Learning-PCB-Defect-Detection/data/DeepPCB/train/labels/01_PCB__657.txt,640,640,L,.jpg,True
DeepPCB,train,01_PCB__482.jpg,/Users/user/Deep-Learning-PCB-Defect-Detection/data/DeepPCB/train/images/01_PCB__482.jpg,/Users/user/Deep-Learning-PCB-Defect-Detection/data/DeepPCB/train/labels/01_PCB__482.txt,640,640,L,.jpg,True
DeepPCB,train,01_PCB__496.jpg,/Users/user/Deep-Learning-PCB-Defect-Detection/data/DeepPCB/train/images/01_PCB__496.jpg,/Users/user/Deep-Learning-PCB-Defect-Detection/data/DeepPCB/train/labels/01_PCB__496.txt,640,640,L,.jpg,True
DeepPCB,train,01_PCB__66.jpg,/Users/user/Deep-Learning-PCB-Defect-Detection/data/DeepPCB/train/images/01_PCB__66.jpg,/Users/user/Deep-Learning-PCB-Defect-Detection/data/DeepPCB/train/labels/01_PCB__66.txt,640,640,L,.jpg,False
DeepPCB,train,01_PCB__537.jpg,/Users/user/Deep-Learning-PCB-Defect-Detection/data/DeepPCB/train/images/01_PCB__537.jpg,/Users/user/Deep-Learning-PCB-Defect-Detection/data/DeepPCB/train/labels/01_PCB__537.txt,640,640,L,.jpg,True
DeepPCB,train,01_PCB__655.jpg,/Users/user/Deep-Learning-PCB-Defect-Detection/data/DeepPCB/train/images/01_PCB__655.jpg,/Users/user/Deep-Learning-PCB-Defect-Detection/data/DeepPCB/train/labels/01_PCB__655.txt,640,640,L,.jpg,True
DeepPCB,train,01_PCB__640.jpg,/Users/user/Deep-Learning-PCB-Defect-Detection/data/DeepPCB/train/images/01_PCB__640.jpg,/Users/user/Deep-Learning-PCB-Defect-Detection/data/DeepPCB/train/labels/01_PCB__640.txt,640,640,L,.jpg,True
DeepPCB,train,01_PCB__481.jpg,/Users/user/Deep-Learning-PCB-Defect-Detection/data/DeepPCB/train/images/01_PCB__481.jpg,/Users/user/Deep-Learning-PCB-Defect-Detection/data/DeepPCB/train/labels/01_PCB__481.txt,640,640,L,.jpg,False
DeepPCB,train,01_PCB__536.jpg,/Users/user/Deep-Learning-PCB-Defect-Detection/data/DeepPCB/train/images/01_PCB__536.jpg,/Users/user/Deep-Learning-PCB-Defect-Detection/data/DeepPCB/train/labels/01_PCB__536.txt,640,640,L,.jpg,True
DeepPCB,train,01_PCB__592.jpg,/Users/user/Deep-Learning-PCB-Defect-Detection/data/DeepPCB/train/images/01_PCB__592.jpg,/Users/user/Deep-Learning-PCB-Defect-Detection/data/DeepPCB/train/labels/01_PCB__592.txt,640,640,L,.jpg,False
DeepPCB,train,01_PCB__579.jpg,/Users/user/Deep-Learning-PCB-Defect-Detection/data/DeepPCB/train/images/01_PCB__579.jpg,/Users/user/Deep-Learning-PCB-Defect-Detection/data/DeepPCB/train/labels/01_PCB__579.txt,640,640,L,.jpg,True
DeepPCB,train,01_PCB__419.jpg,/Users/user/Deep-Learning-PCB-Defect-Detection/data/DeepPCB/train/images/01_PCB__419.jpg,/Users/user/Deep-Learning-PCB-Defect-Detection/data/DeepPCB/train/labels/01_PCB__419.txt,640,640,L,.jpg,True
DeepPCB,train,01_PCB__550.jpg,/Users/user/Deep-Learning-PCB-Defect-Detection/data/DeepPCB/train/images/01_PCB__550.jpg,/Users/user/Deep-Learning-PCB-Defect-Detection/data/DeepPCB/train/labels/01_PCB__550.txt,640,640,L,.jpg,False
DeepPCB,train,01_PCB__630.jpg,/Users/user/Deep-Learning-PCB-Defect-Detection/data/DeepPCB/train/images/01_PCB__630.jpg,/Users/user/Deep-Learning-PCB-Defect-Detection/data/DeepPCB/train/labels/01_PCB__630.txt,640,640,L,.jpg,True
DeepPCB,train,01_PCB__618.jpg,/Users/user/Deep-Learning-PCB-Defect-Detection/data/DeepPCB/train/images/01_PCB__618.jpg,/Users/user/Deep-Learning-PCB-Defect-Detection/data/DeepPCB/train/labels/01_PCB__618.txt,640,640,L,.jpg,True
DeepPCB,train,01_PCB__625.jpg,/Users/user/Deep-Learning-PCB-Defect-Detection/data/DeepPCB/train/images/01_PCB__625.jpg,/Users/user/Deep-Learning-PCB-Defect-Detection/data/DeepPCB/train/labels/01_PCB__625.txt,640,640,L,.jpg,False
DeepPCB,train,01_PCB__553.jpg,/Users/user/Deep-Learning-PCB-Defect-Detection/data/DeepPCB/train/images/01_PCB__553.jpg,/Users/user/Deep-Learning-PCB-Defect-Detection/data/DeepPCB/train/labels/01_PCB__553.txt,640,640,L,.jpg,True
DeepPCB,train,01_PCB__590.jpg,/Users/user/Deep-Learning-PCB-Defect-Detection/data/DeepPCB/train/images/01_PCB__590.jpg,/Users/user/Deep-Learning-PCB-Defect-Detection/data/DeepPCB/train/labels/01_PCB__590.txt,640,640,L,.jpg,True
DeepPCB,train,01_PCB__580.jpg,/Users/user/Deep-Learning-PCB-Defect-Detection/data/DeepPCB/train/images/01_PCB__580.jpg,/Users/user/Deep-Learning-PCB-Defect-Detection/data/DeepPCB/train/labels/01_PCB__580.txt,640,640,L,.jpg,False
DeepPCB,train,01_PCB__557.jpg,/Users/user/Deep-Learning-PCB-Defect-Detection/data/DeepPCB/train/images/01_PCB__557.jpg,/Users/user/Deep-Learning-PCB-Defect-Detection/data/DeepPCB/train/labels/01_PCB__557.txt,640,640,L,.jpg,True
DeepPCB,train,01_PCB__609.jpg,/Users/user/Deep-Learning-PCB-Defect-Detection/data/DeepPCB/train/images/01_PCB__609.jpg,/Users/user/Deep-Learning-PCB-Defect-Detection/data/DeepPCB/train/labels/01_PCB__609.txt,640,640,L,.jpg,False
DeepPCB,train,01_PCB__635.jpg,/Users/user/Deep-Learning-PCB-Defect-Detection/data/DeepPCB/train/images/01_PCB__635.jpg,/Users/user/Deep-Learning-PCB-Defect-Detection/data/DeepPCB/train/labels/01_PCB__635.txt,640,640,L,.jpg,True
DeepPCB,train,01_PCB__634.jpg,/Users/user/Deep-Learning-PCB-Defect-Detection/data/DeepPCB/train/images/01_PCB__634.jpg,/Users/user/Deep-Learning-PCB-Defect-Detection/data/DeepPCB/train/labels/01_PCB__634.txt,640,640,L,.jpg,False
DeepPCB,train,01_PCB__608.jpg,/Users/user/Deep-Learning-PCB-Defect-Detection/data/DeepPCB/train/images/01_PCB__608.jpg,/Users/user/Deep-Learning-PCB-Defect-Detection/data/DeepPCB/train/labels/01_PCB__608.txt,640,640,L,.jpg,False
DeepPCB,train,01_PCB__556.jpg,/Users/user/Deep-Learning-PCB-Defect-Detection/data/DeepPCB/train/images/01_PCB__556.jpg,/Users/user/Deep-Learning-PCB-Defect-Detection/data/DeepPCB/train/labels/01_PCB__556.txt,640,640,L,.jpg,False
DeepPCB,train,01_PCB__595.jpg,/Users/user/Deep-Learning-PCB-Defect-Detection/data/DeepPCB/train/images/01_PCB__595.jpg,/Users/user/Deep-Learning-PCB-Defect-Detection/data/DeepPCB/train/labels/01_PCB__595.txt,640,640,L,.jpg,False
DeepPCB,train,01_PCB__597.jpg,/Users/user/Deep-Learning-PCB-Defect-Detection/data/DeepPCB/train/images/01_PCB__597.jpg,/Users/user/Deep-Learning-PCB-Defect-Detection/data/DeepPCB/train/labels/01_PCB__597.txt,640,640,L,.jpg,False
DeepPCB,train,01_PCB__583.jpg,/Users/user/Deep-Learning-PCB-Defect-Detection/data/DeepPCB/train/images/01_PCB__583.jpg,/Users/user/Deep-Learning-PCB-Defect-Detection/data/DeepPCB/train/labels/01_PCB__583.txt,640,640,L,.jpg,False
DeepPCB,train,01_PCB__554.jpg,/Users/user/Deep-Learning-PCB-Defect-Detection/data/DeepPCB/train/images/01_PCB__554.jpg,/Users/user/Deep-Learning-PCB-Defect-Detection/data/DeepPCB/train/labels/01_PCB__554.txt,640,640,L,.jpg,False
DeepPCB,train,01_PCB__540.jpg,/Users/user/Deep-Learning-PCB-Defect-Detection/data/DeepPCB/train/images/01_PCB__540.jpg,/Users/user/Deep-Learning-PCB-Defect-Detection/data/DeepPCB/train/labels/01_PCB__540.txt,640,640,RGB,.jpg,True
DeepPCB,train,01_PCB__636.jpg,/Users/user/Deep-Learning-PCB-Defect-Detection/data/DeepPCB/train/images/01_PCB__636.jpg,/Users/user/Deep-Learning-PCB-Defect-Detection/data/DeepPCB/train/labels/01_PCB__636.txt,640,640,L,.jpg,True
DeepPCB,train,01_PCB__541.jpg,/Users/user/Deep-Learning-PCB-Defect-Detection/data/DeepPCB/train/images/01_PCB__541.jpg,/Users/user/Deep-Learning-PCB-Defect-Detection/data/DeepPCB/train/labels/01_PCB__541.txt,640,640,L,.jpg,False
DeepPCB,train,01_PCB__582.jpg,/Users/user/Deep-Learning-PCB-Defect-Detection/data/DeepPCB/train/images/01_PCB__582.jpg,/Users/user/Deep-Learning-PCB-Defect-Detection/data/DeepPCB/train/labels/01_PCB__582.txt,640,640,L,.jpg,False
DeepPCB,valid,01_PCB__799.jpg,/Users/user/Deep-Learning-PCB-Defect-Detection/data/DeepPCB/valid/images/01_PCB__799.jpg,/Users/user/Deep-Learning-PCB-Defect-Detection/data/DeepPCB/valid/labels/01_PCB__799.txt,640,640,L,.jpg,True
DeepPCB,valid,01_PCB__772.jpg,/Users/user/Deep-Learning-PCB-Defect-Detection/data/DeepPCB/valid/images/01_PCB__772.jpg,/Users/user/Deep-Learning-PCB-Defect-Detection/data/DeepPCB/valid/labels/01_PCB__772.txt,640,640,L,.jpg,True
DeepPCB,valid,01_PCB__1257.jpg,/Users/user/Deep-Learning-PCB-Defect-Detection/data/DeepPCB/valid/images/01_PCB__1257.jpg,/Users/user/Deep-Learning-PCB-Defect-Detection/data/DeepPCB/valid/labels/01_PCB__1257.txt,640,640,L,.jpg,True
DeepPCB,valid,01_PCB__174.jpg,/Users/user/Deep-Learning-PCB-Defect-Detection/data/DeepPCB/valid/images/01_PCB__174.jpg,/Users/user/Deep-Learning-PCB-Defect-Detection/data/DeepPCB/valid/labels/01_PCB__174.txt,640,640,L,.jpg,True
DeepPCB,valid,01_PCB__161.jpg,/Users/user/Deep-Learning-PCB-Defect-Detection/data/DeepPCB/valid/images/01_PCB__161.jpg,/Users/user/Deep-Learning-PCB-Defect-Detection/data/DeepPCB/valid/labels/01_PCB__161.txt,640,640,L,.jpg,True
DeepPCB,valid,01_PCB__405.jpg,/Users/user/Deep-Learning-PCB-Defect-Detection/data/DeepPCB/valid/images/01_PCB__405.jpg,/Users/user/Deep-Learning-PCB-Defect-Detection/data/DeepPCB/valid/labels/01_PCB__405.txt,640,640,L,.jpg,True
DeepPCB,valid,01_PCB__571.jpg,/Users/user/Deep-Learning-PCB-Defect-Detection/data/DeepPCB/valid/images/01_PCB__571.jpg,/Users/user/Deep-Learning-PCB-Defect-Detection/data/DeepPCB/valid/labels/01_PCB__571.txt,640,640,L,.jpg,True
DeepPCB,valid,01_PCB__1336.jpg,/Users/user/Deep-Learning-PCB-Defect-Detection/data/DeepPCB/valid/images/01_PCB__1336.jpg,/Users/user/Deep-Learning-PCB-Defect-Detection/data/DeepPCB/valid/labels/01_PCB__1336.txt,640,640,L,.jpg,True
DeepPCB,valid,01_PCB__767.jpg,/Users/user/Deep-Learning-PCB-Defect-Detection/data/DeepPCB/valid/images/01_PCB__767.jpg,/Users/user/Deep-Learning-PCB-Defect-Detection/data/DeepPCB/valid/labels/01_PCB__767.txt,640,640,RGB,.jpg,True
DeepPCB,valid,01_PCB__1122.jpg,/Users/user/Deep-Learning-PCB-Defect-Detection/data/DeepPCB/valid/images/01_PCB__1122.jpg,/Users/user/Deep-Learning-PCB-Defect-Detection/data/DeepPCB/valid/labels/01_PCB__1122.txt,640,640,L,.jpg,True
DeepPCB,valid,01_PCB__1446.jpg,/Users/user/Deep-Learning-PCB-Defect-Detection/data/DeepPCB/valid/images/01_PCB__1446.jpg,/Users/user/Deep-Learning-PCB-Defect-Detection/data/DeepPCB/valid/labels/01_PCB__1446.txt,640,640,L,.jpg,True
DeepPCB,valid,01_PCB__1056.jpg,/Users/user/Deep-Learning-PCB-Defect-Detection/data/DeepPCB/valid/images/01_PCB__1056.jpg,/Users/user/Deep-Learning-PCB-Defect-Detection/data/DeepPCB/valid/labels/01_PCB__1056.txt,640,640,L,.jpg,True
DeepPCB,valid,01_PCB__1296.jpg,/Users/user/Deep-Learning-PCB-Defect-Detection/data/DeepPCB/valid/images/01_PCB__1296.jpg,/Users/user/Deep-Learning-PCB-Defect-Detection/data/DeepPCB/valid/labels/01_PCB__1296.txt,640,640,L,.jpg,True
DeepPCB,valid,01_PCB__1241.jpg,/Users/user/Deep-Learning-PCB-Defect-Detection/data/DeepPCB/valid/images/01_PCB__1241.jpg,/Users/user/Deep-Learning-PCB-Defect-Detection/data/DeepPCB/valid/labels/01_PCB__1241.txt,640,640,L,.jpg,True
DeepPCB,valid,01_PCB__1484.jpg,/Users/user/Deep-Learning-PCB-Defect-Detection/data/DeepPCB/valid/images/01_PCB__1484.jpg,/Users/user/Deep-Learning-PCB-Defect-Detection/data/DeepPCB/valid/labels/01_PCB__1484.txt,640,640,L,.jpg,True
DeepPCB,valid,01_PCB__214.jpg,/Users/user/Deep-Learning-PCB-Defect-Detection/data/DeepPCB/valid/images/01_PCB__214.jpg,/Users/user/Deep-Learning-PCB-Defect-Detection/data/DeepPCB/valid/labels/01_PCB__214.txt,640,640,L,.jpg,True
DeepPCB,valid,01_PCB__1137.jpg,/Users/user/Deep-Learning-PCB-Defect-Detection/data/DeepPCB/valid/images/01_PCB__1137.jpg,/Users/user/Deep-Learning-PCB-Defect-Detection/data/DeepPCB/valid/labels/01_PCB__1137.txt,640,640,L,.jpg,True
DeepPCB,valid,01_PCB__1457.jpg,/Users/user/Deep-Learning-PCB-Defect-Detection/data/DeepPCB/valid/images/01_PCB__1457.jpg,/Users/user/Deep-Learning-PCB-Defect-Detection/data/DeepPCB/valid/labels/01_PCB__1457.txt,640,640,L,.jpg,True
DeepPCB,valid,01_PCB__199.jpg,/Users/user/Deep-Learning-PCB-Defect-Detection/data/DeepPCB/valid/images/01_PCB__199.jpg,/Users/user/Deep-Learning-PCB-Defect-Detection/data/DeepPCB/valid/labels/01_PCB__199.txt,640,640,L,.jpg,True
DeepPCB,valid,01_PCB__601.jpg,/Users/user/Deep-Learning-PCB-Defect-Detection/data/DeepPCB/valid/images/01_PCB__601.jpg,/Users/user/Deep-Learning-PCB-Defect-Detection/data/DeepPCB/valid/labels/01_PCB__601.txt,640,640,L,.jpg,True
DeepPCB,valid,01_PCB__1091.jpg,/Users/user/Deep-Learning-PCB-Defect-Detection/data/DeepPCB/valid/images/01_PCB__1091.jpg,/Users/user/Deep-Learning-PCB-Defect-Detection/data/DeepPCB/valid/labels/01_PCB__1091.txt,640,640,L,.jpg,True
DeepPCB,valid,01_PCB__826.jpg,/Users/user/Deep-Learning-PCB-Defect-Detection/data/DeepPCB/valid/images/01_PCB__826.jpg,/Users/user/Deep-Learning-PCB-Defect-Detection/data/DeepPCB/valid/labels/01_PCB__826.txt,640,640,L,.jpg,True
DeepPCB,valid,01_PCB__1442.jpg,/Users/user/Deep-Learning-PCB-Defect-Detection/data/DeepPCB/valid/images/01_PCB__1442.jpg,/Users/user/Deep-Learning-PCB-Defect-Detection/data/DeepPCB/valid/labels/01_PCB__1442.txt,640,640,L,.jpg,True
DeepPCB,valid,01_PCB__985.jpg,/Users/user/Deep-Learning-PCB-Defect-Detection/data/DeepPCB/valid/images/01_PCB__985.jpg,/Users/user/Deep-Learning-PCB-Defect-Detection/data/DeepPCB/valid/labels/01_PCB__985.txt,640,640,L,.jpg,True
DeepPCB,valid,01_PCB__952.jpg,/Users/user/Deep-Learning-PCB-Defect-Detection/data/DeepPCB/valid/images/01_PCB__952.jpg,/Users/user/Deep-Learning-PCB-Defect-Detection/data/DeepPCB/valid/labels/01_PCB__952.txt,640,640,L,.jpg,True
DeepPCB,valid,01_PCB__549.jpg,/Users/user/Deep-Learning-PCB-Defect-Detection/data/DeepPCB/valid/images/01_PCB__549.jpg,/Users/user/Deep-Learning-PCB-Defect-Detection/data/DeepPCB/valid/labels/01_PCB__549.txt,640,640,L,.jpg,True
DeepPCB,valid,01_PCB__398.jpg,/Users/user/Deep-Learning-PCB-Defect-Detection/data/DeepPCB/valid/images/01_PCB__398.jpg,/Users/user/Deep-Learning-PCB-Defect-Detection/data/DeepPCB/valid/labels/01_PCB__398.txt,640,640,L,.jpg,True
DeepPCB,valid,01_PCB__429.jpg,/Users/user/Deep-Learning-PCB-Defect-Detection/data/DeepPCB/valid/images/01_PCB__429.jpg,/Users/user/Deep-Learning-PCB-Defect-Detection/data/DeepPCB/valid/labels/01_PCB__429.txt,640,640,L,.jpg,True
DeepPCB,valid,01_PCB__428.jpg,/Users/user/Deep-Learning-PCB-Defect-Detection/data/DeepPCB/valid/images/01_PCB__428.jpg,/Users/user/Deep-Learning-PCB-Defect-Detection/data/DeepPCB/valid/labels/01_PCB__428.txt,640,640,L,.jpg,True
DeepPCB,valid,01_PCB__1284.jpg,/Users/user/Deep-Learning-PCB-Defect-Detection/data/DeepPCB/valid/images/01_PCB__1284.jpg,/Users/user/Deep-Learning-PCB-Defect-Detection/data/DeepPCB/valid/labels/01_PCB__1284.txt,640,640,L,.jpg,True
DeepPCB,valid,01_PCB__399.jpg,/Users/user/Deep-Learning-PCB-Defect-Detection/data/DeepPCB/valid/images/01_PCB__399.jpg,/Users/user/Deep-Learning-PCB-Defect-Detection/data/DeepPCB/valid/labels/01_PCB__399.txt,640,640,L,.jpg,True
DeepPCB,valid,01_PCB__1327.jpg,/Users/user/Deep-Learning-PCB-Defect-Detection/data/DeepPCB/valid/images/01_PCB__1327.jpg,/Users/user/Deep-Learning-PCB-Defect-Detection/data/DeepPCB/valid/labels/01_PCB__1327.txt,640,640,L,.jpg,True
DeepPCB,valid,01_PCB__1455.jpg,/Users/user/Deep-Learning-PCB-Defect-Detection/data/DeepPCB/valid/images/01_PCB__1455.jpg,/Users/user/Deep-Learning-PCB-Defect-Detection/data/DeepPCB/valid/labels/01_PCB__1455.txt,640,640,L,.jpg,True
DeepPCB,valid,01_PCB__19.jpg,/Users/user/Deep-Learning-PCB-Defect-Detection/data/DeepPCB/valid/images/01_PCB__19.jpg,/Users/user/Deep-Learning-PCB-Defect-Detection/data/DeepPCB/valid/labels/01_PCB__19.txt,640,640,L,.jpg,True
DeepPCB,valid,01_PCB__979.jpg,/Users/user/Deep-Learning-PCB-Defect-Detection/data/DeepPCB/valid/images/01_PCB__979.jpg,/Users/user/Deep-Learning-PCB-Defect-Detection/data/DeepPCB/valid/labels/01_PCB__979.txt,640,640,L,.jpg,True
DeepPCB,valid,01_PCB__1125.jpg,/Users/user/Deep-Learning-PCB-Defect-Detection/data/DeepPCB/valid/images/01_PCB__1125.jpg,/Users/user/Deep-Learning-PCB-Defect-Detection/data/DeepPCB/valid/labels/01_PCB__1125.txt,640,640,L,.jpg,True
DeepPCB,valid,01_PCB__95.jpg,/Users/user/Deep-Learning-PCB-Defect-Detection/data/DeepPCB/valid/images/01_PCB__95.jpg,/Users/user/Deep-Learning-PCB-Defect-Detection/data/DeepPCB/valid/labels/01_PCB__95.txt,640,640,RGB,.jpg,True
DeepPCB,valid,01_PCB__1156.jpg,/Users/user/Deep-Learning-PCB-Defect-Detection/data/DeepPCB/valid/images/01_PCB__1156.jpg,/Users/user/Deep-Learning-PCB-Defect-Detection/data/DeepPCB/valid/labels/01_PCB__1156.txt,640,640,L,.jpg,True
DeepPCB,valid,01_PCB__922.jpg,/Users/user/Deep-Learning-PCB-Defect-Detection/data/DeepPCB/valid/images/01_PCB__922.jpg,/Users/user/Deep-Learning-PCB-Defect-Detection/data/DeepPCB/valid/labels/01_PCB__922.txt,640,640,L,.jpg,True
DeepPCB,valid,01_PCB__1220.jpg,/Users/user/Deep-Learning-PCB-Defect-Detection/data/DeepPCB/valid/images/01_PCB__1220.jpg,/Users/user/Deep-Learning-PCB-Defect-Detection/data/DeepPCB/valid/labels/01_PCB__1220.txt,640,640,L,.jpg,True
DeepPCB,valid,01_PCB__1234.jpg,/Users/user/Deep-Learning-PCB-Defect-Detection/data/DeepPCB/valid/images/01_PCB__1234.jpg,/Users/user/Deep-Learning-PCB-Defect-Detection/data/DeepPCB/valid/labels/01_PCB__1234.txt,640,640,L,.jpg,True
DeepPCB,valid,01_PCB__895.jpg,/Users/user/Deep-Learning-PCB-Defect-Detection/data/DeepPCB/valid/images/01_PCB__895.jpg,/Users/user/Deep-Learning-PCB-Defect-Detection/data/DeepPCB/valid/labels/01_PCB__895.txt,640,640,L,.jpg,True
DeepPCB,valid,01_PCB__1037.jpg,/Users/user/Deep-Learning-PCB-Defect-Detection/data/DeepPCB/valid/images/01_PCB__1037.jpg,/Users/user/Deep-Learning-PCB-Defect-Detection/data/DeepPCB/valid/labels/01_PCB__1037.txt,640,640,L,.jpg,True
DeepPCB,valid,01_PCB__300.jpg,/Users/user/Deep-Learning-PCB-Defect-Detection/data/DeepPCB/valid/images/01_PCB__300.jpg,/Users/user/Deep-Learning-PCB-Defect-Detection/data/DeepPCB/valid/labels/01_PCB__300.txt,640,640,L,.jpg,True
DeepPCB,valid,01_PCB__1369.jpg,/Users/user/Deep-Learning-PCB-Defect-Detection/data/DeepPCB/valid/images/01_PCB__1369.jpg,/Users/user/Deep-Learning-PCB-Defect-Detection/data/DeepPCB/valid/labels/01_PCB__1369.txt,640,640,L,.jpg,True
DeepPCB,valid,01_PCB__1194.jpg,/Users/user/Deep-Learning-PCB-Defect-Detection/data/DeepPCB/valid/images/01_PCB__1194.jpg,/Users/user/Deep-Learning-PCB-Defect-Detection/data/DeepPCB/valid/labels/01_PCB__1194.txt,640,640,L,.jpg,True
DeepPCB,valid,01_PCB__710.jpg,/Users/user/Deep-Learning-PCB-Defect-Detection/data/DeepPCB/valid/images/01_PCB__710.jpg,/Users/user/Deep-Learning-PCB-Defect-Detection/data/DeepPCB/valid/labels/01_PCB__710.txt,640,640,L,.jpg,True
DeepPCB,valid,01_PCB__921.jpg,/Users/user/Deep-Learning-PCB-Defect-Detection/data/DeepPCB/valid/images/01_PCB__921.jpg,/Users/user/Deep-Learning-PCB-Defect-Detection/data/DeepPCB/valid/labels/01_PCB__921.txt,640,640,L,.jpg,True
DeepPCB,valid,01_PCB__129.jpg,/Users/user/Deep-Learning-PCB-Defect-Detection/data/DeepPCB/valid/images/01_PCB__129.jpg,/Users/user/Deep-Learning-PCB-Defect-Detection/data/DeepPCB/valid/labels/01_PCB__129.txt,640,640,L,.jpg,True
DeepPCB,valid,01_PCB__673.jpg,/Users/user/Deep-Learning-PCB-Defect-Detection/data/DeepPCB/valid/images/01_PCB__673.jpg,/Users/user/Deep-Learning-PCB-Defect-Detection/data/DeepPCB/valid/labels/01_PCB__673.txt,640,640,L,.jpg,True
DeepPCB,valid,01_PCB__465.jpg,/Users/user/Deep-Learning-PCB-Defect-Detection/data/DeepPCB/valid/images/01_PCB__465.jpg,/Users/user/Deep-Learning-PCB-Defect-Detection/data/DeepPCB/valid/labels/01_PCB__465.txt,640,640,L,.jpg,True
DeepPCB,valid,01_PCB__317.jpg,/Users/user/Deep-Learning-PCB-Defect-Detection/data/DeepPCB/valid/images/01_PCB__317.jpg,/Users/user/Deep-Learning-PCB-Defect-Detection/data/DeepPCB/valid/labels/01_PCB__317.txt,640,640,L,.jpg,True
DeepPCB,valid,01_PCB__83.jpg,/Users/user/Deep-Learning-PCB-Defect-Detection/data/DeepPCB/valid/images/01_PCB__83.jpg,/Users/user/Deep-Learning-PCB-Defect-Detection/data/DeepPCB/valid/labels/01_PCB__83.txt,640,640,L,.jpg,True
DeepPCB,valid,01_PCB__924.jpg,/Users/user/Deep-Learning-PCB-Defect-Detection/data/DeepPCB/valid/images/01_PCB__924.jpg,/Users/user/Deep-Learning-PCB-Defect-Detection/data/DeepPCB/valid/labels/01_PCB__924.txt,640,640,L,.jpg,True
DeepPCB,valid,01_PCB__1434.jpg,/Users/user/Deep-Learning-PCB-Defect-Detection/data/DeepPCB/valid/images/01_PCB__1434.jpg,/Users/user/Deep-Learning-PCB-Defect-Detection/data/DeepPCB/valid/labels/01_PCB__1434.txt,640,640,L,.jpg,True
DeepPCB,valid,01_PCB__273.jpg,/Users/user/Deep-Learning-PCB-Defect-Detection/data/DeepPCB/valid/images/01_PCB__273.jpg,/Users/user/Deep-Learning-PCB-Defect-Detection/data/DeepPCB/valid/labels/01_PCB__273.txt,640,640,L,.jpg,True
DeepPCB,valid,01_PCB__475.jpg,/Users/user/Deep-Learning-PCB-Defect-Detection/data/DeepPCB/valid/images/01_PCB__475.jpg,/Users/user/Deep-Learning-PCB-Defect-Detection/data/DeepPCB/valid/labels/01_PCB__475.txt,640,640,L,.jpg,True
DeepPCB,valid,01_PCB__887.jpg,/Users/user/Deep-Learning-PCB-Defect-Detection/data/DeepPCB/valid/images/01_PCB__887.jpg,/Users/user/Deep-Learning-PCB-Defect-Detection/data/DeepPCB/valid/labels/01_PCB__887.txt,640,640,L,.jpg,True
DeepPCB,valid,01_PCB__111.jpg,/Users/user/Deep-Learning-PCB-Defect-Detection/data/DeepPCB/valid/images/01_PCB__111.jpg,/Users/user/Deep-Learning-PCB-Defect-Detection/data/DeepPCB/valid/labels/01_PCB__111.txt,640,640,L,.jpg,True
DeepPCB,valid,01_PCB__663.jpg,/Users/user/Deep-Learning-PCB-Defect-Detection/data/DeepPCB/valid/images/01_PCB__663.jpg,/Users/user/Deep-Learning-PCB-Defect-Detection/data/DeepPCB/valid/labels/01_PCB__663.txt,640,640,L,.jpg,True
DeepPCB,valid,01_PCB__879.jpg,/Users/user/Deep-Learning-PCB-Defect-Detection/data/DeepPCB/valid/images/01_PCB__879.jpg,/Users/user/Deep-Learning-PCB-Defect-Detection/data/DeepPCB/valid/labels/01_PCB__879.txt,640,640,L,.jpg,True
DeepPCB,valid,01_PCB__1025.jpg,/Users/user/Deep-Learning-PCB-Defect-Detection/data/DeepPCB/valid/images/01_PCB__1025.jpg,/Users/user/Deep-Learning-PCB-Defect-Detection/data/DeepPCB/valid/labels/01_PCB__1025.txt,640,640,L,.jpg,True
DeepPCB,valid,01_PCB__500.jpg,/Users/user/Deep-Learning-PCB-Defect-Detection/data/DeepPCB/valid/images/01_PCB__500.jpg,/Users/user/Deep-Learning-PCB-Defect-Detection/data/DeepPCB/valid/labels/01_PCB__500.txt,640,640,L,.jpg,True
DeepPCB,valid,01_PCB__45.jpg,/Users/user/Deep-Learning-PCB-Defect-Detection/data/DeepPCB/valid/images/01_PCB__45.jpg,/Users/user/Deep-Learning-PCB-Defect-Detection/data/DeepPCB/valid/labels/01_PCB__45.txt,640,640,L,.jpg,True
DeepPCB,valid,01_PCB__716.jpg,/Users/user/Deep-Learning-PCB-Defect-Detection/data/DeepPCB/valid/images/01_PCB__716.jpg,/Users/user/Deep-Learning-PCB-Defect-Detection/data/DeepPCB/valid/labels/01_PCB__716.txt,640,640,L,.jpg,True
DeepPCB,valid,01_PCB__1179.jpg,/Users/user/Deep-Learning-PCB-Defect-Detection/data/DeepPCB/valid/images/01_PCB__1179.jpg,/Users/user/Deep-Learning-PCB-Defect-Detection/data/DeepPCB/valid/labels/01_PCB__1179.txt,640,640,L,.jpg,True
DeepPCB,valid,01_PCB__700.jpg,/Users/user/Deep-Learning-PCB-Defect-Detection/data/DeepPCB/valid/images/01_PCB__700.jpg,/Users/user/Deep-Learning-PCB-Defect-Detection/data/DeepPCB/valid/labels/01_PCB__700.txt,640,640,L,.jpg,True
DeepPCB,valid,01_PCB__1351.jpg,/Users/user/Deep-Learning-PCB-Defect-Detection/data/DeepPCB/valid/images/01_PCB__1351.jpg,/Users/user/Deep-Learning-PCB-Defect-Detection/data/DeepPCB/valid/labels/01_PCB__1351.txt,640,640,L,.jpg,True
DeepPCB,valid,01_PCB__1437.jpg,/Users/user/Deep-Learning-PCB-Defect-Detection/data/DeepPCB/valid/images/01_PCB__1437.jpg,/Users/user/Deep-Learning-PCB-Defect-Detection/data/DeepPCB/valid/labels/01_PCB__1437.txt,640,640,L,.jpg,True
DeepPCB,valid,01_PCB__1392.jpg,/Users/user/Deep-Learning-PCB-Defect-Detection/data/DeepPCB/valid/images/01_PCB__1392.jpg,/Users/user/Deep-Learning-PCB-Defect-Detection/data/DeepPCB/valid/labels/01_PCB__1392.txt,640,640,L,.jpg,True
DeepPCB,valid,01_PCB__1033.jpg,/Users/user/Deep-Learning-PCB-Defect-Detection/data/DeepPCB/valid/images/01_PCB__1033.jpg,/Users/user/Deep-Learning-PCB-Defect-Detection/data/DeepPCB/valid/labels/01_PCB__1033.txt,640,640,L,.jpg,True
DeepPCB,valid,01_PCB__853.jpg,/Users/user/Deep-Learning-PCB-Defect-Detection/data/DeepPCB/valid/images/01_PCB__853.jpg,/Users/user/Deep-Learning-PCB-Defect-Detection/data/DeepPCB/valid/labels/01_PCB__853.txt,640,640,L,.jpg,True
DeepPCB,valid,01_PCB__648.jpg,/Users/user/Deep-Learning-PCB-Defect-Detection/data/DeepPCB/valid/images/01_PCB__648.jpg,/Users/user/Deep-Learning-PCB-Defect-Detection/data/DeepPCB/valid/labels/01_PCB__648.txt,640,640,L,.jpg,True
DeepPCB,valid,01_PCB__661.jpg,/Users/user/Deep-Learning-PCB-Defect-Detection/data/DeepPCB/valid/images/01_PCB__661.jpg,/Users/user/Deep-Learning-PCB-Defect-Detection/data/DeepPCB/valid/labels/01_PCB__661.txt,640,640,L,.jpg,True
DeepPCB,valid,01_PCB__271.jpg,/Users/user/Deep-Learning-PCB-Defect-Detection/data/DeepPCB/valid/images/01_PCB__271.jpg,/Users/user/Deep-Learning-PCB-Defect-Detection/data/DeepPCB/valid/labels/01_PCB__271.txt,640,640,L,.jpg,True
DeepPCB,valid,01_PCB__1393.jpg,/Users/user/Deep-Learning-PCB-Defect-Detection/data/DeepPCB/valid/images/01_PCB__1393.jpg,/Users/user/Deep-Learning-PCB-Defect-Detection/data/DeepPCB/valid/labels/01_PCB__1393.txt,640,640,L,.jpg,True
DeepPCB,valid,01_PCB__1422.jpg,/Users/user/Deep-Learning-PCB-Defect-Detection/data/DeepPCB/valid/images/01_PCB__1422.jpg,/Users/user/Deep-Learning-PCB-Defect-Detection/data/DeepPCB/valid/labels/01_PCB__1422.txt,640,640,L,.jpg,True
DeepPCB,valid,01_PCB__52.jpg,/Users/user/Deep-Learning-PCB-Defect-Detection/data/DeepPCB/valid/images/01_PCB__52.jpg,/Users/user/Deep-Learning-PCB-Defect-Detection/data/DeepPCB/valid/labels/01_PCB__52.txt,640,640,L,.jpg,True
DeepPCB,valid,01_PCB__63.jpg,/Users/user/Deep-Learning-PCB-Defect-Detection/data/DeepPCB/valid/images/01_PCB__63.jpg,/Users/user/Deep-Learning-PCB-Defect-Detection/data/DeepPCB/valid/labels/01_PCB__63.txt,640,640,L,.jpg,True
DeepPCB,valid,01_PCB__1349.jpg,/Users/user/Deep-Learning-PCB-Defect-Detection/data/DeepPCB/valid/images/01_PCB__1349.jpg,/Users/user/Deep-Learning-PCB-Defect-Detection/data/DeepPCB/valid/labels/01_PCB__1349.txt,640,640,L,.jpg,True
DeepPCB,valid,01_PCB__485.jpg,/Users/user/Deep-Learning-PCB-Defect-Detection/data/DeepPCB/valid/images/01_PCB__485.jpg,/Users/user/Deep-Learning-PCB-Defect-Detection/data/DeepPCB/valid/labels/01_PCB__485.txt,640,640,L,.jpg,True
DeepPCB,valid,01_PCB__1003.jpg,/Users/user/Deep-Learning-PCB-Defect-Detection/data/DeepPCB/valid/images/01_PCB__1003.jpg,/Users/user/Deep-Learning-PCB-Defect-Detection/data/DeepPCB/valid/labels/01_PCB__1003.txt,640,640,L,.jpg,True
DeepPCB,valid,01_PCB__123.jpg,/Users/user/Deep-Learning-PCB-Defect-Detection/data/DeepPCB/valid/images/01_PCB__123.jpg,/Users/user/Deep-Learning-PCB-Defect-Detection/data/DeepPCB/valid/labels/01_PCB__123.txt,640,640,L,.jpg,True
DeepPCB,valid,01_PCB__645.jpg,/Users/user/Deep-Learning-PCB-Defect-Detection/data/DeepPCB/valid/images/01_PCB__645.jpg,/Users/user/Deep-Learning-PCB-Defect-Detection/data/DeepPCB/valid/labels/01_PCB__645.txt,640,640,L,.jpg,True
DeepPCB,valid,01_PCB__876.jpg,/Users/user/Deep-Learning-PCB-Defect-Detection/data/DeepPCB/valid/images/01_PCB__876.jpg,/Users/user/Deep-Learning-PCB-Defect-Detection/data/DeepPCB/valid/labels/01_PCB__876.txt,640,640,L,.jpg,True
DeepPCB,valid,01_PCB__1412.jpg,/Users/user/Deep-Learning-PCB-Defect-Detection/data/DeepPCB/valid/images/01_PCB__1412.jpg,/Users/user/Deep-Learning-PCB-Defect-Detection/data/DeepPCB/valid/labels/01_PCB__1412.txt,640,640,L,.jpg,True
DeepPCB,valid,01_PCB__1348.jpg,/Users/user/Deep-Learning-PCB-Defect-Detection/data/DeepPCB/valid/images/01_PCB__1348.jpg,/Users/user/Deep-Learning-PCB-Defect-Detection/data/DeepPCB/valid/labels/01_PCB__1348.txt,640,640,L,.jpg,True
DeepPCB,valid,01_PCB__902.jpg,/Users/user/Deep-Learning-PCB-Defect-Detection/data/DeepPCB/valid/images/01_PCB__902.jpg,/Users/user/Deep-Learning-PCB-Defect-Detection/data/DeepPCB/valid/labels/01_PCB__902.txt,640,640,L,.jpg,True
DeepPCB,valid,01_PCB__733.jpg,/Users/user/Deep-Learning-PCB-Defect-Detection/data/DeepPCB/valid/images/01_PCB__733.jpg,/Users/user/Deep-Learning-PCB-Defect-Detection/data/DeepPCB/valid/labels/01_PCB__733.txt,640,640,L,.jpg,True
DeepPCB,valid,01_PCB__257.jpg,/Users/user/Deep-Learning-PCB-Defect-Detection/data/DeepPCB/valid/images/01_PCB__257.jpg,/Users/user/Deep-Learning-PCB-Defect-Detection/data/DeepPCB/valid/labels/01_PCB__257.txt,640,640,L,.jpg,True
DeepPCB,valid,01_PCB__1389.jpg,/Users/user/Deep-Learning-PCB-Defect-Detection/data/DeepPCB/valid/images/01_PCB__1389.jpg,/Users/user/Deep-Learning-PCB-Defect-Detection/data/DeepPCB/valid/labels/01_PCB__1389.txt,640,640,L,.jpg,True
DeepPCB,valid,01_PCB__337.jpg,/Users/user/Deep-Learning-PCB-Defect-Detection/data/DeepPCB/valid/images/01_PCB__337.jpg,/Users/user/Deep-Learning-PCB-Defect-Detection/data/DeepPCB/valid/labels/01_PCB__337.txt,640,640,L,.jpg,True
DeepPCB,valid,01_PCB__1001.jpg,/Users/user/Deep-Learning-PCB-Defect-Detection/data/DeepPCB/valid/images/01_PCB__1001.jpg,/Users/user/Deep-Learning-PCB-Defect-Detection/data/DeepPCB/valid/labels/01_PCB__1001.txt,640,640,L,.jpg,True
DeepPCB,valid,01_PCB__336.jpg,/Users/user/Deep-Learning-PCB-Defect-Detection/data/DeepPCB/valid/images/01_PCB__336.jpg,/Users/user/Deep-Learning-PCB-Defect-Detection/data/DeepPCB/valid/labels/01_PCB__336.txt,640,640,L,.jpg,True
DeepPCB,valid,01_PCB__487.jpg,/Users/user/Deep-Learning-PCB-Defect-Detection/data/DeepPCB/valid/images/01_PCB__487.jpg,/Users/user/Deep-Learning-PCB-Defect-Detection/data/DeepPCB/valid/labels/01_PCB__487.txt,640,640,L,.jpg,True
DeepPCB,valid,01_PCB__524.jpg,/Users/user/Deep-Learning-PCB-Defect-Detection/data/DeepPCB/valid/images/01_PCB__524.jpg,/Users/user/Deep-Learning-PCB-Defect-Detection/data/DeepPCB/valid/labels/01_PCB__524.txt,640,640,L,.jpg,True
DeepPCB,valid,01_PCB__732.jpg,/Users/user/Deep-Learning-PCB-Defect-Detection/data/DeepPCB/valid/images/01_PCB__732.jpg,/Users/user/Deep-Learning-PCB-Defect-Detection/data/DeepPCB/valid/labels/01_PCB__732.txt,640,640,L,.jpg,True
DeepPCB,valid,01_PCB__118.jpg,/Users/user/Deep-Learning-PCB-Defect-Detection/data/DeepPCB/valid/images/01_PCB__118.jpg,/Users/user/Deep-Learning-PCB-Defect-Detection/data/DeepPCB/valid/labels/01_PCB__118.txt,640,640,L,.jpg,True
DeepPCB,valid,01_PCB__642.jpg,/Users/user/Deep-Learning-PCB-Defect-Detection/data/DeepPCB/valid/images/01_PCB__642.jpg,/Users/user/Deep-Learning-PCB-Defect-Detection/data/DeepPCB/valid/labels/01_PCB__642.txt,640,640,L,.jpg,True
DeepPCB,valid,01_PCB__1010.jpg,/Users/user/Deep-Learning-PCB-Defect-Detection/data/DeepPCB/valid/images/01_PCB__1010.jpg,/Users/user/Deep-Learning-PCB-Defect-Detection/data/DeepPCB/valid/labels/01_PCB__1010.txt,640,640,L,.jpg,True
DeepPCB,valid,01_PCB__535.jpg,/Users/user/Deep-Learning-PCB-Defect-Detection/data/DeepPCB/valid/images/01_PCB__535.jpg,/Users/user/Deep-Learning-PCB-Defect-Detection/data/DeepPCB/valid/labels/01_PCB__535.txt,640,640,L,.jpg,True
DeepPCB,valid,01_PCB__509.jpg,/Users/user/Deep-Learning-PCB-Defect-Detection/data/DeepPCB/valid/images/01_PCB__509.jpg,/Users/user/Deep-Learning-PCB-Defect-Detection/data/DeepPCB/valid/labels/01_PCB__509.txt,640,640,L,.jpg,True
DeepPCB,valid,01_PCB__1172.jpg,/Users/user/Deep-Learning-PCB-Defect-Detection/data/DeepPCB/valid/images/01_PCB__1172.jpg,/Users/user/Deep-Learning-PCB-Defect-Detection/data/DeepPCB/valid/labels/01_PCB__1172.txt,640,640,L,.jpg,True
DeepPCB,valid,01_PCB__906.jpg,/Users/user/Deep-Learning-PCB-Defect-Detection/data/DeepPCB/valid/images/01_PCB__906.jpg,/Users/user/Deep-Learning-PCB-Defect-Detection/data/DeepPCB/valid/labels/01_PCB__906.txt,640,640,L,.jpg,True
DeepPCB,valid,01_PCB__245.jpg,/Users/user/Deep-Learning-PCB-Defect-Detection/data/DeepPCB/valid/images/01_PCB__245.jpg,/Users/user/Deep-Learning-PCB-Defect-Detection/data/DeepPCB/valid/labels/01_PCB__245.txt,640,640,L,.jpg,True
DeepPCB,valid,01_PCB__1204.jpg,/Users/user/Deep-Learning-PCB-Defect-Detection/data/DeepPCB/valid/images/01_PCB__1204.jpg,/Users/user/Deep-Learning-PCB-Defect-Detection/data/DeepPCB/valid/labels/01_PCB__1204.txt,640,640,L,.jpg,True
DeepPCB,valid,01_PCB__480.jpg,/Users/user/Deep-Learning-PCB-Defect-Detection/data/DeepPCB/valid/images/01_PCB__480.jpg,/Users/user/Deep-Learning-PCB-Defect-Detection/data/DeepPCB/valid/labels/01_PCB__480.txt,640,640,L,.jpg,True
DeepPCB,valid,01_PCB__456.jpg,/Users/user/Deep-Learning-PCB-Defect-Detection/data/DeepPCB/valid/images/01_PCB__456.jpg,/Users/user/Deep-Learning-PCB-Defect-Detection/data/DeepPCB/valid/labels/01_PCB__456.txt,640,640,L,.jpg,True
DeepPCB,valid,01_PCB__442.jpg,/Users/user/Deep-Learning-PCB-Defect-Detection/data/DeepPCB/valid/images/01_PCB__442.jpg,/Users/user/Deep-Learning-PCB-Defect-Detection/data/DeepPCB/valid/labels/01_PCB__442.txt,640,640,L,.jpg,True
DeepPCB,valid,01_PCB__67.jpg,/Users/user/Deep-Learning-PCB-Defect-Detection/data/DeepPCB/valid/images/01_PCB__67.jpg,/Users/user/Deep-Learning-PCB-Defect-Detection/data/DeepPCB/valid/labels/01_PCB__67.txt,640,640,L,.jpg,True
DeepPCB,valid,01_PCB__790.jpg,/Users/user/Deep-Learning-PCB-Defect-Detection/data/DeepPCB/valid/images/01_PCB__790.jpg,/Users/user/Deep-Learning-PCB-Defect-Detection/data/DeepPCB/valid/labels/01_PCB__790.txt,640,640,L,.jpg,True
DeepPCB,valid,01_PCB__14.jpg,/Users/user/Deep-Learning-PCB-Defect-Detection/data/DeepPCB/valid/images/01_PCB__14.jpg,/Users/user/Deep-Learning-PCB-Defect-Detection/data/DeepPCB/valid/labels/01_PCB__14.txt,640,640,L,.jpg,True
DeepPCB,valid,01_PCB__1302.jpg,/Users/user/Deep-Learning-PCB-Defect-Detection/data/DeepPCB/valid/images/01_PCB__1302.jpg,/Users/user/Deep-Learning-PCB-Defect-Detection/data/DeepPCB/valid/labels/01_PCB__1302.txt,640,640,L,.jpg,True
DeepPCB,valid,01_PCB__545.jpg,/Users/user/Deep-Learning-PCB-Defect-Detection/data/DeepPCB/valid/images/01_PCB__545.jpg,/Users/user/Deep-Learning-PCB-Defect-Detection/data/DeepPCB/valid/labels/01_PCB__545.txt,640,640,L,.jpg,True
DeepPCB,valid,01_PCB__800.jpg,/Users/user/Deep-Learning-PCB-Defect-Detection/data/DeepPCB/valid/images/01_PCB__800.jpg,/Users/user/Deep-Learning-PCB-Defect-Detection/data/DeepPCB/valid/labels/01_PCB__800.txt,640,640,L,.jpg,True
DeepPCB,valid,01_PCB__626.jpg,/Users/user/Deep-Learning-PCB-Defect-Detection/data/DeepPCB/valid/images/01_PCB__626.jpg,/Users/user/Deep-Learning-PCB-Defect-Detection/data/DeepPCB/valid/labels/01_PCB__626.txt,640,640,L,.jpg,True
DeepPCB,valid,01_PCB__544.jpg,/Users/user/Deep-Learning-PCB-Defect-Detection/data/DeepPCB/valid/images/01_PCB__544.jpg,/Users/user/Deep-Learning-PCB-Defect-Detection/data/DeepPCB/valid/labels/01_PCB__544.txt,640,640,L,.jpg,True
DeepPCB,valid,01_PCB__222.jpg,/Users/user/Deep-Learning-PCB-Defect-Detection/data/DeepPCB/valid/images/01_PCB__222.jpg,/Users/user/Deep-Learning-PCB-Defect-Detection/data/DeepPCB/valid/labels/01_PCB__222.txt,640,640,L,.jpg,True
DeepPCB,valid,01_PCB__1459.jpg,/Users/user/Deep-Learning-PCB-Defect-Detection/data/DeepPCB/valid/images/01_PCB__1459.jpg,/Users/user/Deep-Learning-PCB-Defect-Detection/data/DeepPCB/valid/labels/01_PCB__1459.txt,640,640,L,.jpg,True
DeepPCB,valid,01_PCB__752.jpg,/Users/user/Deep-Learning-PCB-Defect-Detection/data/DeepPCB/valid/images/01_PCB__752.jpg,/Users/user/Deep-Learning-PCB-Defect-Detection/data/DeepPCB/valid/labels/01_PCB__752.txt,640,640,L,.jpg,True
DeepPCB,valid,01_PCB__785.jpg,/Users/user/Deep-Learning-PCB-Defect-Detection/data/DeepPCB/valid/images/01_PCB__785.jpg,/Users/user/Deep-Learning-PCB-Defect-Detection/data/DeepPCB/valid/labels/01_PCB__785.txt,640,640,L,.jpg,True
DeepPCB,valid,01_PCB__791.jpg,/Users/user/Deep-Learning-PCB-Defect-Detection/data/DeepPCB/valid/images/01_PCB__791.jpg,/Users/user/Deep-Learning-PCB-Defect-Detection/data/DeepPCB/valid/labels/01_PCB__791.txt,640,640,L,.jpg,True
DeepPCB,valid,01_PCB__1129.jpg,/Users/user/Deep-Learning-PCB-Defect-Detection/data/DeepPCB/valid/images/01_PCB__1129.jpg,/Users/user/Deep-Learning-PCB-Defect-Detection/data/DeepPCB/valid/labels/01_PCB__1129.txt,640,640,L,.jpg,True
DeepPCB,valid,01_PCB__1301.jpg,/Users/user/Deep-Learning-PCB-Defect-Detection/data/DeepPCB/valid/images/01_PCB__1301.jpg,/Users/user/Deep-Learning-PCB-Defect-Detection/data/DeepPCB/valid/labels/01_PCB__1301.txt,640,640,L,.jpg,True
DeepPCB,valid,01_PCB__368.jpg,/Users/user/Deep-Learning-PCB-Defect-Detection/data/DeepPCB/valid/images/01_PCB__368.jpg,/Users/user/Deep-Learning-PCB-Defect-Detection/data/DeepPCB/valid/labels/01_PCB__368.txt,640,640,L,.jpg,True
DeepPCB,valid,01_PCB__195.jpg,/Users/user/Deep-Learning-PCB-Defect-Detection/data/DeepPCB/valid/images/01_PCB__195.jpg,/Users/user/Deep-Learning-PCB-Defect-Detection/data/DeepPCB/valid/labels/01_PCB__195.txt,640,640,L,.jpg,True
DeepPCB,valid,01_PCB__817.jpg,/Users/user/Deep-Learning-PCB-Defect-Detection/data/DeepPCB/valid/images/01_PCB__817.jpg,/Users/user/Deep-Learning-PCB-Defect-Detection/data/DeepPCB/valid/labels/01_PCB__817.txt,640,640,L,.jpg,True
DeepPCB,valid,01_PCB__142.jpg,/Users/user/Deep-Learning-PCB-Defect-Detection/data/DeepPCB/valid/images/01_PCB__142.jpg,/Users/user/Deep-Learning-PCB-Defect-Detection/data/DeepPCB/valid/labels/01_PCB__142.txt,640,640,L,.jpg,True
DeepPCB,valid,01_PCB__8.jpg,/Users/user/Deep-Learning-PCB-Defect-Detection/data/DeepPCB/valid/images/01_PCB__8.jpg,/Users/user/Deep-Learning-PCB-Defect-Detection/data/DeepPCB/valid/labels/01_PCB__8.txt,640,640,L,.jpg,True
DeepPCB,valid,01_PCB__584.jpg,/Users/user/Deep-Learning-PCB-Defect-Detection/data/DeepPCB/valid/images/01_PCB__584.jpg,/Users/user/Deep-Learning-PCB-Defect-Detection/data/DeepPCB/valid/labels/01_PCB__584.txt,640,640,L,.jpg,True
DeepPCB,valid,01_PCB__1116.jpg,/Users/user/Deep-Learning-PCB-Defect-Detection/data/DeepPCB/valid/images/01_PCB__1116.jpg,/Users/user/Deep-Learning-PCB-Defect-Detection/data/DeepPCB/valid/labels/01_PCB__1116.txt,640,640,L,.jpg,True
DeepPCB,valid,01_PCB__1106.jpg,/Users/user/Deep-Learning-PCB-Defect-Detection/data/DeepPCB/valid/images/01_PCB__1106.jpg,/Users/user/Deep-Learning-PCB-Defect-Detection/data/DeepPCB/valid/labels/01_PCB__1106.txt,640,640,L,.jpg,True
DeepPCB,valid,01_PCB__966.jpg,/Users/user/Deep-Learning-PCB-Defect-Detection/data/DeepPCB/valid/images/01_PCB__966.jpg,/Users/user/Deep-Learning-PCB-Defect-Detection/data/DeepPCB/valid/labels/01_PCB__966.txt,640,640,L,.jpg,True
DeepPCB,valid,01_PCB__12.jpg,/Users/user/Deep-Learning-PCB-Defect-Detection/data/DeepPCB/valid/images/01_PCB__12.jpg,/Users/user/Deep-Learning-PCB-Defect-Detection/data/DeepPCB/valid/labels/01_PCB__12.txt,640,640,L,.jpg,True
DeepPCB,valid,01_PCB__1304.jpg,/Users/user/Deep-Learning-PCB-Defect-Detection/data/DeepPCB/valid/images/01_PCB__1304.jpg,/Users/user/Deep-Learning-PCB-Defect-Detection/data/DeepPCB/valid/labels/01_PCB__1304.txt,640,640,L,.jpg,True
DeepPCB,valid,01_PCB__543.jpg,/Users/user/Deep-Learning-PCB-Defect-Detection/data/DeepPCB/valid/images/01_PCB__543.jpg,/Users/user/Deep-Learning-PCB-Defect-Detection/data/DeepPCB/valid/labels/01_PCB__543.txt,640,640,L,.jpg,True
DeepPCB,valid,01_PCB__620.jpg,/Users/user/Deep-Learning-PCB-Defect-Detection/data/DeepPCB/valid/images/01_PCB__620.jpg,/Users/user/Deep-Learning-PCB-Defect-Detection/data/DeepPCB/valid/labels/01_PCB__620.txt,640,640,L,.jpg,True
DeepPCB,valid,01_PCB__1098.jpg,/Users/user/Deep-Learning-PCB-Defect-Detection/data/DeepPCB/valid/images/01_PCB__1098.jpg,/Users/user/Deep-Learning-PCB-Defect-Detection/data/DeepPCB/valid/labels/01_PCB__1098.txt,640,640,L,.jpg,True
DeepPCB,valid,01_PCB__1488.jpg,/Users/user/Deep-Learning-PCB-Defect-Detection/data/DeepPCB/valid/images/01_PCB__1488.jpg,/Users/user/Deep-Learning-PCB-Defect-Detection/data/DeepPCB/valid/labels/01_PCB__1488.txt,640,640,L,.jpg,True
DeepPCB,valid,01_PCB__998.jpg,/Users/user/Deep-Learning-PCB-Defect-Detection/data/DeepPCB/valid/images/01_PCB__998.jpg,/Users/user/Deep-Learning-PCB-Defect-Detection/data/DeepPCB/valid/labels/01_PCB__998.txt,640,640,L,.jpg,True
DeepPCB,valid,01_PCB__973.jpg,/Users/user/Deep-Learning-PCB-Defect-Detection/data/DeepPCB/valid/images/01_PCB__973.jpg,/Users/user/Deep-Learning-PCB-Defect-Detection/data/DeepPCB/valid/labels/01_PCB__973.txt,640,640,L,.jpg,True
DeepPCB,valid,01_PCB__1105.jpg,/Users/user/Deep-Learning-PCB-Defect-Detection/data/DeepPCB/valid/images/01_PCB__1105.jpg,/Users/user/Deep-Learning-PCB-Defect-Detection/data/DeepPCB/valid/labels/01_PCB__1105.txt,640,640,L,.jpg,True
DeepPCB,valid,01_PCB__959.jpg,/Users/user/Deep-Learning-PCB-Defect-Detection/data/DeepPCB/valid/images/01_PCB__959.jpg,/Users/user/Deep-Learning-PCB-Defect-Detection/data/DeepPCB/valid/labels/01_PCB__959.txt,640,640,L,.jpg,True
DeepPCB,valid,01_PCB__781.jpg,/Users/user/Deep-Learning-PCB-Defect-Detection/data/DeepPCB/valid/images/01_PCB__781.jpg,/Users/user/Deep-Learning-PCB-Defect-Detection/data/DeepPCB/valid/labels/01_PCB__781.txt,640,640,L,.jpg,True
DeepPCB,valid,01_PCB__144.jpg,/Users/user/Deep-Learning-PCB-Defect-Detection/data/DeepPCB/valid/images/01_PCB__144.jpg,/Users/user/Deep-Learning-PCB-Defect-Detection/data/DeepPCB/valid/labels/01_PCB__144.txt,640,640,L,.jpg,True
DeepPCB,valid,01_PCB__347.jpg,/Users/user/Deep-Learning-PCB-Defect-Detection/data/DeepPCB/valid/images/01_PCB__347.jpg,/Users/user/Deep-Learning-PCB-Defect-Detection/data/DeepPCB/valid/labels/01_PCB__347.txt,640,640,L,.jpg,True
DeepPCB,valid,01_PCB__390.jpg,/Users/user/Deep-Learning-PCB-Defect-Detection/data/DeepPCB/valid/images/01_PCB__390.jpg,/Users/user/Deep-Learning-PCB-Defect-Detection/data/DeepPCB/valid/labels/01_PCB__390.txt,640,640,L,.jpg,True
DeepPCB,valid,01_PCB__596.jpg,/Users/user/Deep-Learning-PCB-Defect-Detection/data/DeepPCB/valid/images/01_PCB__596.jpg,/Users/user/Deep-Learning-PCB-Defect-Detection/data/DeepPCB/valid/labels/01_PCB__596.txt,640,640,L,.jpg,True
DeepPCB,valid,01_PCB__10.jpg,/Users/user/Deep-Learning-PCB-Defect-Detection/data/DeepPCB/valid/images/01_PCB__10.jpg,/Users/user/Deep-Learning-PCB-Defect-Detection/data/DeepPCB/valid/labels/01_PCB__10.txt,640,640,L,.jpg,True
DeepPCB,valid,01_PCB__1104.jpg,/Users/user/Deep-Learning-PCB-Defect-Detection/data/DeepPCB/valid/images/01_PCB__1104.jpg,/Users/user/Deep-Learning-PCB-Defect-Detection/data/DeepPCB/valid/labels/01_PCB__1104.txt,640,640,L,.jpg,True
DeepPCB,test,01_PCB__969.jpg,/Users/user/Deep-Learning-PCB-Defect-Detection/data/DeepPCB/test/images/01_PCB__969.jpg,/Users/user/Deep-Learning-PCB-Defect-Detection/data/DeepPCB/test/labels/01_PCB__969.txt,640,640,L,.jpg,True
DeepPCB,test,01_PCB__941.jpg,/Users/user/Deep-Learning-PCB-Defect-Detection/data/DeepPCB/test/images/01_PCB__941.jpg,/Users/user/Deep-Learning-PCB-Defect-Detection/data/DeepPCB/test/labels/01_PCB__941.txt,640,640,L,.jpg,True
DeepPCB,test,01_PCB__1492.jpg,/Users/user/Deep-Learning-PCB-Defect-Detection/data/DeepPCB/test/images/01_PCB__1492.jpg,/Users/user/Deep-Learning-PCB-Defect-Detection/data/DeepPCB/test/labels/01_PCB__1492.txt,640,640,L,.jpg,True
DeepPCB,test,01_PCB__1486.jpg,/Users/user/Deep-Learning-PCB-Defect-Detection/data/DeepPCB/test/images/01_PCB__1486.jpg,/Users/user/Deep-Learning-PCB-Defect-Detection/data/DeepPCB/test/labels/01_PCB__1486.txt,640,640,L,.jpg,True
DeepPCB,test,01_PCB__558.jpg,/Users/user/Deep-Learning-PCB-Defect-Detection/data/DeepPCB/test/images/01_PCB__558.jpg,/Users/user/Deep-Learning-PCB-Defect-Detection/data/DeepPCB/test/labels/01_PCB__558.txt,640,640,L,.jpg,True
DeepPCB,test,01_PCB__1280.jpg,/Users/user/Deep-Learning-PCB-Defect-Detection/data/DeepPCB/test/images/01_PCB__1280.jpg,/Users/user/Deep-Learning-PCB-Defect-Detection/data/DeepPCB/test/labels/01_PCB__1280.txt,640,640,L,.jpg,True
DeepPCB,test,01_PCB__438.jpg,/Users/user/Deep-Learning-PCB-Defect-Detection/data/DeepPCB/test/images/01_PCB__438.jpg,/Users/user/Deep-Learning-PCB-Defect-Detection/data/DeepPCB/test/labels/01_PCB__438.txt,640,640,L,.jpg,True
DeepPCB,test,01_PCB__160.jpg,/Users/user/Deep-Learning-PCB-Defect-Detection/data/DeepPCB/test/images/01_PCB__160.jpg,/Users/user/Deep-Learning-PCB-Defect-Detection/data/DeepPCB/test/labels/01_PCB__160.txt,640,640,L,.jpg,True
DeepPCB,test,01_PCB__1082.jpg,/Users/user/Deep-Learning-PCB-Defect-Detection/data/DeepPCB/test/images/01_PCB__1082.jpg,/Users/user/Deep-Learning-PCB-Defect-Detection/data/DeepPCB/test/labels/01_PCB__1082.txt,640,640,L,.jpg,True
DeepPCB,test,01_PCB__388.jpg,/Users/user/Deep-Learning-PCB-Defect-Detection/data/DeepPCB/test/images/01_PCB__388.jpg,/Users/user/Deep-Learning-PCB-Defect-Detection/data/DeepPCB/test/labels/01_PCB__388.txt,640,640,L,.jpg,True
DeepPCB,test,01_PCB__1487.jpg,/Users/user/Deep-Learning-PCB-Defect-Detection/data/DeepPCB/test/images/01_PCB__1487.jpg,/Users/user/Deep-Learning-PCB-Defect-Detection/data/DeepPCB/test/labels/01_PCB__1487.txt,640,640,L,.jpg,True
DeepPCB,test,01_PCB__983.jpg,/Users/user/Deep-Learning-PCB-Defect-Detection/data/DeepPCB/test/images/01_PCB__983.jpg,/Users/user/Deep-Learning-PCB-Defect-Detection/data/DeepPCB/test/labels/01_PCB__983.txt,640,640,L,.jpg,True
DeepPCB,test,01_PCB__771.jpg,/Users/user/Deep-Learning-PCB-Defect-Detection/data/DeepPCB/test/images/01_PCB__771.jpg,/Users/user/Deep-Learning-PCB-Defect-Detection/data/DeepPCB/test/labels/01_PCB__771.txt,640,640,L,.jpg,True
DeepPCB,test,01_PCB__995.jpg,/Users/user/Deep-Learning-PCB-Defect-Detection/data/DeepPCB/test/images/01_PCB__995.jpg,/Users/user/Deep-Learning-PCB-Defect-Detection/data/DeepPCB/test/labels/01_PCB__995.txt,640,640,L,.jpg,True
DeepPCB,test,01_PCB__349.jpg,/Users/user/Deep-Learning-PCB-Defect-Detection/data/DeepPCB/test/images/01_PCB__349.jpg,/Users/user/Deep-Learning-PCB-Defect-Detection/data/DeepPCB/test/labels/01_PCB__349.txt,640,640,L,.jpg,True
DeepPCB,test,01_PCB__638.jpg,/Users/user/Deep-Learning-PCB-Defect-Detection/data/DeepPCB/test/images/01_PCB__638.jpg,/Users/user/Deep-Learning-PCB-Defect-Detection/data/DeepPCB/test/labels/01_PCB__638.txt,640,640,L,.jpg,True
DeepPCB,test,01_PCB__189.jpg,/Users/user/Deep-Learning-PCB-Defect-Detection/data/DeepPCB/test/images/01_PCB__189.jpg,/Users/user/Deep-Learning-PCB-Defect-Detection/data/DeepPCB/test/labels/01_PCB__189.txt,640,640,L,.jpg,True
DeepPCB,test,01_PCB__1057.jpg,/Users/user/Deep-Learning-PCB-Defect-Detection/data/DeepPCB/test/images/01_PCB__1057.jpg,/Users/user/Deep-Learning-PCB-Defect-Detection/data/DeepPCB/test/labels/01_PCB__1057.txt,640,640,RGB,.jpg,True
DeepPCB,test,01_PCB__348.jpg,/Users/user/Deep-Learning-PCB-Defect-Detection/data/DeepPCB/test/images/01_PCB__348.jpg,/Users/user/Deep-Learning-PCB-Defect-Detection/data/DeepPCB/test/labels/01_PCB__348.txt,640,640,L,.jpg,True
DeepPCB,test,01_PCB__1255.jpg,/Users/user/Deep-Learning-PCB-Defect-Detection/data/DeepPCB/test/images/01_PCB__1255.jpg,/Users/user/Deep-Learning-PCB-Defect-Detection/data/DeepPCB/test/labels/01_PCB__1255.txt,640,640,L,.jpg,True
DeepPCB,test,01_PCB__1490.jpg,/Users/user/Deep-Learning-PCB-Defect-Detection/data/DeepPCB/test/images/01_PCB__1490.jpg,/Users/user/Deep-Learning-PCB-Defect-Detection/data/DeepPCB/test/labels/01_PCB__1490.txt,640,640,L,.jpg,True
DeepPCB,test,01_PCB__228.jpg,/Users/user/Deep-Learning-PCB-Defect-Detection/data/DeepPCB/test/images/01_PCB__228.jpg,/Users/user/Deep-Learning-PCB-Defect-Detection/data/DeepPCB/test/labels/01_PCB__228.txt,640,640,L,.jpg,True
DeepPCB,test,01_PCB__1453.jpg,/Users/user/Deep-Learning-PCB-Defect-Detection/data/DeepPCB/test/images/01_PCB__1453.jpg,/Users/user/Deep-Learning-PCB-Defect-Detection/data/DeepPCB/test/labels/01_PCB__1453.txt,640,640,L,.jpg,True
DeepPCB,test,01_PCB__758.jpg,/Users/user/Deep-Learning-PCB-Defect-Detection/data/DeepPCB/test/images/01_PCB__758.jpg,/Users/user/Deep-Learning-PCB-Defect-Detection/data/DeepPCB/test/labels/01_PCB__758.txt,640,640,L,.jpg,True
DeepPCB,test,01_PCB__23.jpg,/Users/user/Deep-Learning-PCB-Defect-Detection/data/DeepPCB/test/images/01_PCB__23.jpg,/Users/user/Deep-Learning-PCB-Defect-Detection/data/DeepPCB/test/labels/01_PCB__23.txt,640,640,L,.jpg,True
DeepPCB,test,01_PCB__748.jpg,/Users/user/Deep-Learning-PCB-Defect-Detection/data/DeepPCB/test/images/01_PCB__748.jpg,/Users/user/Deep-Learning-PCB-Defect-Detection/data/DeepPCB/test/labels/01_PCB__748.txt,640,640,L,.jpg,True
DeepPCB,test,01_PCB__990.jpg,/Users/user/Deep-Learning-PCB-Defect-Detection/data/DeepPCB/test/images/01_PCB__990.jpg,/Users/user/Deep-Learning-PCB-Defect-Detection/data/DeepPCB/test/labels/01_PCB__990.txt,640,640,L,.jpg,True
DeepPCB,test,01_PCB__1292.jpg,/Users/user/Deep-Learning-PCB-Defect-Detection/data/DeepPCB/test/images/01_PCB__1292.jpg,/Users/user/Deep-Learning-PCB-Defect-Detection/data/DeepPCB/test/labels/01_PCB__1292.txt,640,640,L,.jpg,True
DeepPCB,test,01_PCB__358.jpg,/Users/user/Deep-Learning-PCB-Defect-Detection/data/DeepPCB/test/images/01_PCB__358.jpg,/Users/user/Deep-Learning-PCB-Defect-Detection/data/DeepPCB/test/labels/01_PCB__358.txt,640,640,L,.jpg,True
DeepPCB,test,01_PCB__1053.jpg,/Users/user/Deep-Learning-PCB-Defect-Detection/data/DeepPCB/test/images/01_PCB__1053.jpg,/Users/user/Deep-Learning-PCB-Defect-Detection/data/DeepPCB/test/labels/01_PCB__1053.txt,640,640,L,.jpg,True
DeepPCB,test,01_PCB__833.jpg,/Users/user/Deep-Learning-PCB-Defect-Detection/data/DeepPCB/test/images/01_PCB__833.jpg,/Users/user/Deep-Learning-PCB-Defect-Detection/data/DeepPCB/test/labels/01_PCB__833.txt,640,640,L,.jpg,True
DeepPCB,test,01_PCB__827.jpg,/Users/user/Deep-Learning-PCB-Defect-Detection/data/DeepPCB/test/images/01_PCB__827.jpg,/Users/user/Deep-Learning-PCB-Defect-Detection/data/DeepPCB/test/labels/01_PCB__827.txt,640,640,L,.jpg,True
DeepPCB,test,01_PCB__1047.jpg,/Users/user/Deep-Learning-PCB-Defect-Detection/data/DeepPCB/test/images/01_PCB__1047.jpg,/Users/user/Deep-Learning-PCB-Defect-Detection/data/DeepPCB/test/labels/01_PCB__1047.txt,640,640,L,.jpg,True
DeepPCB,test,01_PCB__1085.jpg,/Users/user/Deep-Learning-PCB-Defect-Detection/data/DeepPCB/test/images/01_PCB__1085.jpg,/Users/user/Deep-Learning-PCB-Defect-Detection/data/DeepPCB/test/labels/01_PCB__1085.txt,640,640,L,.jpg,True
DeepPCB,test,01_PCB__1293.jpg,/Users/user/Deep-Learning-PCB-Defect-Detection/data/DeepPCB/test/images/01_PCB__1293.jpg,/Users/user/Deep-Learning-PCB-Defect-Detection/data/DeepPCB/test/labels/01_PCB__1293.txt,640,640,L,.jpg,True
DeepPCB,test,01_PCB__588.jpg,/Users/user/Deep-Learning-PCB-Defect-Detection/data/DeepPCB/test/images/01_PCB__588.jpg,/Users/user/Deep-Learning-PCB-Defect-Detection/data/DeepPCB/test/labels/01_PCB__588.txt,640,640,L,.jpg,True
DeepPCB,test,01_PCB__761.jpg,/Users/user/Deep-Learning-PCB-Defect-Detection/data/DeepPCB/test/images/01_PCB__761.jpg,/Users/user/Deep-Learning-PCB-Defect-Detection/data/DeepPCB/test/labels/01_PCB__761.txt,640,640,L,.jpg,True
DeepPCB,test,01_PCB__1126.jpg,/Users/user/Deep-Learning-PCB-Defect-Detection/data/DeepPCB/test/images/01_PCB__1126.jpg,/Users/user/Deep-Learning-PCB-Defect-Detection/data/DeepPCB/test/labels/01_PCB__1126.txt,640,640,L,.jpg,True
DeepPCB,test,01_PCB__993.jpg,/Users/user/Deep-Learning-PCB-Defect-Detection/data/DeepPCB/test/images/01_PCB__993.jpg,/Users/user/Deep-Learning-PCB-Defect-Detection/data/DeepPCB/test/labels/01_PCB__993.txt,640,640,L,.jpg,True
DeepPCB,test,01_PCB__987.jpg,/Users/user/Deep-Learning-PCB-Defect-Detection/data/DeepPCB/test/images/01_PCB__987.jpg,/Users/user/Deep-Learning-PCB-Defect-Detection/data/DeepPCB/test/labels/01_PCB__987.txt,640,640,L,.jpg,True
DeepPCB,test,01_PCB__1483.jpg,/Users/user/Deep-Learning-PCB-Defect-Detection/data/DeepPCB/test/images/01_PCB__1483.jpg,/Users/user/Deep-Learning-PCB-Defect-Detection/data/DeepPCB/test/labels/01_PCB__1483.txt,640,640,L,.jpg,True
DeepPCB,test,01_PCB__1285.jpg,/Users/user/Deep-Learning-PCB-Defect-Detection/data/DeepPCB/test/images/01_PCB__1285.jpg,/Users/user/Deep-Learning-PCB-Defect-Detection/data/DeepPCB/test/labels/01_PCB__1285.txt,640,640,L,.jpg,True
DeepPCB,test,01_PCB__1044.jpg,/Users/user/Deep-Learning-PCB-Defect-Detection/data/DeepPCB/test/images/01_PCB__1044.jpg,/Users/user/Deep-Learning-PCB-Defect-Detection/data/DeepPCB/test/labels/01_PCB__1044.txt,640,640,L,.jpg,True
DeepPCB,test,01_PCB__1078.jpg,/Users/user/Deep-Learning-PCB-Defect-Detection/data/DeepPCB/test/images/01_PCB__1078.jpg,/Users/user/Deep-Learning-PCB-Defect-Detection/data/DeepPCB/test/labels/01_PCB__1078.txt,640,640,RGB,.jpg,True
DeepPCB,test,01_PCB__819.jpg,/Users/user/Deep-Learning-PCB-Defect-Detection/data/DeepPCB/test/images/01_PCB__819.jpg,/Users/user/Deep-Learning-PCB-Defect-Detection/data/DeepPCB/test/labels/01_PCB__819.txt,640,640,L,.jpg,True
DeepPCB,test,01_PCB__1253.jpg,/Users/user/Deep-Learning-PCB-Defect-Detection/data/DeepPCB/test/images/01_PCB__1253.jpg,/Users/user/Deep-Learning-PCB-Defect-Detection/data/DeepPCB/test/labels/01_PCB__1253.txt,640,640,L,.jpg,True
DeepPCB,test,01_PCB__1496.jpg,/Users/user/Deep-Learning-PCB-Defect-Detection/data/DeepPCB/test/images/01_PCB__1496.jpg,/Users/user/Deep-Learning-PCB-Defect-Detection/data/DeepPCB/test/labels/01_PCB__1496.txt,640,640,L,.jpg,True
DeepPCB,test,01_PCB__31.jpg,/Users/user/Deep-Learning-PCB-Defect-Detection/data/DeepPCB/test/images/01_PCB__31.jpg,/Users/user/Deep-Learning-PCB-Defect-Detection/data/DeepPCB/test/labels/01_PCB__31.txt,640,640,L,.jpg,True
DeepPCB,test,01_PCB__992.jpg,/Users/user/Deep-Learning-PCB-Defect-Detection/data/DeepPCB/test/images/01_PCB__992.jpg,/Users/user/Deep-Learning-PCB-Defect-Detection/data/DeepPCB/test/labels/01_PCB__992.txt,640,640,L,.jpg,True
DeepPCB,test,01_PCB__789.jpg,/Users/user/Deep-Learning-PCB-Defect-Detection/data/DeepPCB/test/images/01_PCB__789.jpg,/Users/user/Deep-Learning-PCB-Defect-Detection/data/DeepPCB/test/labels/01_PCB__789.txt,640,640,L,.jpg,True
DeepPCB,test,01_PCB__275.jpg,/Users/user/Deep-Learning-PCB-Defect-Detection/data/DeepPCB/test/images/01_PCB__275.jpg,/Users/user/Deep-Learning-PCB-Defect-Detection/data/DeepPCB/test/labels/01_PCB__275.txt,640,640,L,.jpg,True
DeepPCB,test,01_PCB__315.jpg,/Users/user/Deep-Learning-PCB-Defect-Detection/data/DeepPCB/test/images/01_PCB__315.jpg,/Users/user/Deep-Learning-PCB-Defect-Detection/data/DeepPCB/test/labels/01_PCB__315.txt,640,640,L,.jpg,True
DeepPCB,test,01_PCB__857.jpg,/Users/user/Deep-Learning-PCB-Defect-Detection/data/DeepPCB/test/images/01_PCB__857.jpg,/Users/user/Deep-Learning-PCB-Defect-Detection/data/DeepPCB/test/labels/01_PCB__857.txt,640,640,L,.jpg,True
DeepPCB,test,01_PCB__843.jpg,/Users/user/Deep-Learning-PCB-Defect-Detection/data/DeepPCB/test/images/01_PCB__843.jpg,/Users/user/Deep-Learning-PCB-Defect-Detection/data/DeepPCB/test/labels/01_PCB__843.txt,640,640,L,.jpg,True
DeepPCB,test,01_PCB__314.jpg,/Users/user/Deep-Learning-PCB-Defect-Detection/data/DeepPCB/test/images/01_PCB__314.jpg,/Users/user/Deep-Learning-PCB-Defect-Detection/data/DeepPCB/test/labels/01_PCB__314.txt,640,640,L,.jpg,True
DeepPCB,test,01_PCB__1209.jpg,/Users/user/Deep-Learning-PCB-Defect-Detection/data/DeepPCB/test/images/01_PCB__1209.jpg,/Users/user/Deep-Learning-PCB-Defect-Detection/data/DeepPCB/test/labels/01_PCB__1209.txt,640,640,L,.jpg,True
DeepPCB,test,01_PCB__1427.jpg,/Users/user/Deep-Learning-PCB-Defect-Detection/data/DeepPCB/test/images/01_PCB__1427.jpg,/Users/user/Deep-Learning-PCB-Defect-Detection/data/DeepPCB/test/labels/01_PCB__1427.txt,640,640,L,.jpg,True
DeepPCB,test,01_PCB__1143.jpg,/Users/user/Deep-Learning-PCB-Defect-Detection/data/DeepPCB/test/images/01_PCB__1143.jpg,/Users/user/Deep-Learning-PCB-Defect-Detection/data/DeepPCB/test/labels/01_PCB__1143.txt,640,640,L,.jpg,True
DeepPCB,test,01_PCB__96.jpg,/Users/user/Deep-Learning-PCB-Defect-Detection/data/DeepPCB/test/images/01_PCB__96.jpg,/Users/user/Deep-Learning-PCB-Defect-Detection/data/DeepPCB/test/labels/01_PCB__96.txt,640,640,L,.jpg,True
DeepPCB,test,01_PCB__1169.jpg,/Users/user/Deep-Learning-PCB-Defect-Detection/data/DeepPCB/test/images/01_PCB__1169.jpg,/Users/user/Deep-Learning-PCB-Defect-Detection/data/DeepPCB/test/labels/01_PCB__1169.txt,640,640,L,.jpg,True
DeepPCB,test,01_PCB__82.jpg,/Users/user/Deep-Learning-PCB-Defect-Detection/data/DeepPCB/test/images/01_PCB__82.jpg,/Users/user/Deep-Learning-PCB-Defect-Detection/data/DeepPCB/test/labels/01_PCB__82.txt,640,640,L,.jpg,True
DeepPCB,test,01_PCB__935.jpg,/Users/user/Deep-Learning-PCB-Defect-Detection/data/DeepPCB/test/images/01_PCB__935.jpg,/Users/user/Deep-Learning-PCB-Defect-Detection/data/DeepPCB/test/labels/01_PCB__935.txt,640,640,L,.jpg,True
DeepPCB,test,01_PCB__712.jpg,/Users/user/Deep-Learning-PCB-Defect-Detection/data/DeepPCB/test/images/01_PCB__712.jpg,/Users/user/Deep-Learning-PCB-Defect-Detection/data/DeepPCB/test/labels/01_PCB__712.txt,640,640,L,.jpg,True
DeepPCB,test,01_PCB__510.jpg,/Users/user/Deep-Learning-PCB-Defect-Detection/data/DeepPCB/test/images/01_PCB__510.jpg,/Users/user/Deep-Learning-PCB-Defect-Detection/data/DeepPCB/test/labels/01_PCB__510.txt,640,640,L,.jpg,True
DeepPCB,test,01_PCB__302.jpg,/Users/user/Deep-Learning-PCB-Defect-Detection/data/DeepPCB/test/images/01_PCB__302.jpg,/Users/user/Deep-Learning-PCB-Defect-Detection/data/DeepPCB/test/labels/01_PCB__302.txt,640,640,L,.jpg,True
DeepPCB,test,01_PCB__666.jpg,/Users/user/Deep-Learning-PCB-Defect-Detection/data/DeepPCB/test/images/01_PCB__666.jpg,/Users/user/Deep-Learning-PCB-Defect-Detection/data/DeepPCB/test/labels/01_PCB__666.txt,640,640,L,.jpg,True
DeepPCB,test,01_PCB__896.jpg,/Users/user/Deep-Learning-PCB-Defect-Detection/data/DeepPCB/test/images/01_PCB__896.jpg,/Users/user/Deep-Learning-PCB-Defect-Detection/data/DeepPCB/test/labels/01_PCB__896.txt,640,640,L,.jpg,True
DeepPCB,test,01_PCB__101.jpg,/Users/user/Deep-Learning-PCB-Defect-Detection/data/DeepPCB/test/images/01_PCB__101.jpg,/Users/user/Deep-Learning-PCB-Defect-Detection/data/DeepPCB/test/labels/01_PCB__101.txt,640,640,L,.jpg,True
DeepPCB,test,01_PCB__868.jpg,/Users/user/Deep-Learning-PCB-Defect-Detection/data/DeepPCB/test/images/01_PCB__868.jpg,/Users/user/Deep-Learning-PCB-Defect-Detection/data/DeepPCB/test/labels/01_PCB__868.txt,640,640,L,.jpg,True
DeepPCB,test,01_PCB__1395.jpg,/Users/user/Deep-Learning-PCB-Defect-Detection/data/DeepPCB/test/images/01_PCB__1395.jpg,/Users/user/Deep-Learning-PCB-Defect-Detection/data/DeepPCB/test/labels/01_PCB__1395.txt,640,640,L,.jpg,True
DeepPCB,test,01_PCB__1418.jpg,/Users/user/Deep-Learning-PCB-Defect-Detection/data/DeepPCB/test/images/01_PCB__1418.jpg,/Users/user/Deep-Learning-PCB-Defect-Detection/data/DeepPCB/test/labels/01_PCB__1418.txt,640,640,L,.jpg,True
DeepPCB,test,01_PCB__908.jpg,/Users/user/Deep-Learning-PCB-Defect-Detection/data/DeepPCB/test/images/01_PCB__908.jpg,/Users/user/Deep-Learning-PCB-Defect-Detection/data/DeepPCB/test/labels/01_PCB__908.txt,640,640,L,.jpg,True
DeepPCB,test,01_PCB__1187.jpg,/Users/user/Deep-Learning-PCB-Defect-Detection/data/DeepPCB/test/images/01_PCB__1187.jpg,/Users/user/Deep-Learning-PCB-Defect-Detection/data/DeepPCB/test/labels/01_PCB__1187.txt,640,640,L,.jpg,True
DeepPCB,test,01_PCB__50.jpg,/Users/user/Deep-Learning-PCB-Defect-Detection/data/DeepPCB/test/images/01_PCB__50.jpg,/Users/user/Deep-Learning-PCB-Defect-Detection/data/DeepPCB/test/labels/01_PCB__50.txt,640,640,L,.jpg,True
DeepPCB,test,01_PCB__1420.jpg,/Users/user/Deep-Learning-PCB-Defect-Detection/data/DeepPCB/test/images/01_PCB__1420.jpg,/Users/user/Deep-Learning-PCB-Defect-Detection/data/DeepPCB/test/labels/01_PCB__1420.txt,640,640,L,.jpg,True
DeepPCB,test,01_PCB__1352.jpg,/Users/user/Deep-Learning-PCB-Defect-Detection/data/DeepPCB/test/images/01_PCB__1352.jpg,/Users/user/Deep-Learning-PCB-Defect-Detection/data/DeepPCB/test/labels/01_PCB__1352.txt,640,640,L,.jpg,True
DeepPCB,test,01_PCB__1385.jpg,/Users/user/Deep-Learning-PCB-Defect-Detection/data/DeepPCB/test/images/01_PCB__1385.jpg,/Users/user/Deep-Learning-PCB-Defect-Detection/data/DeepPCB/test/labels/01_PCB__1385.txt,640,640,L,.jpg,True
DeepPCB,test,01_PCB__1019.jpg,/Users/user/Deep-Learning-PCB-Defect-Detection/data/DeepPCB/test/images/01_PCB__1019.jpg,/Users/user/Deep-Learning-PCB-Defect-Detection/data/DeepPCB/test/labels/01_PCB__1019.txt,640,640,L,.jpg,True
DeepPCB,test,01_PCB__1390.jpg,/Users/user/Deep-Learning-PCB-Defect-Detection/data/DeepPCB/test/images/01_PCB__1390.jpg,/Users/user/Deep-Learning-PCB-Defect-Detection/data/DeepPCB/test/labels/01_PCB__1390.txt,640,640,L,.jpg,True
DeepPCB,test,01_PCB__1145.jpg,/Users/user/Deep-Learning-PCB-Defect-Detection/data/DeepPCB/test/images/01_PCB__1145.jpg,/Users/user/Deep-Learning-PCB-Defect-Detection/data/DeepPCB/test/labels/01_PCB__1145.txt,640,640,L,.jpg,True
DeepPCB,test,01_PCB__1184.jpg,/Users/user/Deep-Learning-PCB-Defect-Detection/data/DeepPCB/test/images/01_PCB__1184.jpg,/Users/user/Deep-Learning-PCB-Defect-Detection/data/DeepPCB/test/labels/01_PCB__1184.txt,640,640,L,.jpg,True
DeepPCB,test,01_PCB__476.jpg,/Users/user/Deep-Learning-PCB-Defect-Detection/data/DeepPCB/test/images/01_PCB__476.jpg,/Users/user/Deep-Learning-PCB-Defect-Detection/data/DeepPCB/test/labels/01_PCB__476.txt,640,640,L,.jpg,True
DeepPCB,test,01_PCB__884.jpg,/Users/user/Deep-Learning-PCB-Defect-Detection/data/DeepPCB/test/images/01_PCB__884.jpg,/Users/user/Deep-Learning-PCB-Defect-Detection/data/DeepPCB/test/labels/01_PCB__884.txt,640,640,L,.jpg,True
DeepPCB,test,01_PCB__112.jpg,/Users/user/Deep-Learning-PCB-Defect-Detection/data/DeepPCB/test/images/01_PCB__112.jpg,/Users/user/Deep-Learning-PCB-Defect-Detection/data/DeepPCB/test/labels/01_PCB__112.txt,640,640,L,.jpg,True
DeepPCB,test,01_PCB__113.jpg,/Users/user/Deep-Learning-PCB-Defect-Detection/data/DeepPCB/test/images/01_PCB__113.jpg,/Users/user/Deep-Learning-PCB-Defect-Detection/data/DeepPCB/test/labels/01_PCB__113.txt,640,640,L,.jpg,True
DeepPCB,test,01_PCB__675.jpg,/Users/user/Deep-Learning-PCB-Defect-Detection/data/DeepPCB/test/images/01_PCB__675.jpg,/Users/user/Deep-Learning-PCB-Defect-Detection/data/DeepPCB/test/labels/01_PCB__675.txt,640,640,L,.jpg,True
DeepPCB,test,01_PCB__846.jpg,/Users/user/Deep-Learning-PCB-Defect-Detection/data/DeepPCB/test/images/01_PCB__846.jpg,/Users/user/Deep-Learning-PCB-Defect-Detection/data/DeepPCB/test/labels/01_PCB__846.txt,640,640,L,.jpg,True
DeepPCB,test,01_PCB__926.jpg,/Users/user/Deep-Learning-PCB-Defect-Detection/data/DeepPCB/test/images/01_PCB__926.jpg,/Users/user/Deep-Learning-PCB-Defect-Detection/data/DeepPCB/test/labels/01_PCB__926.txt,640,640,L,.jpg,True
DeepPCB,test,01_PCB__1177.jpg,/Users/user/Deep-Learning-PCB-Defect-Detection/data/DeepPCB/test/images/01_PCB__1177.jpg,/Users/user/Deep-Learning-PCB-Defect-Detection/data/DeepPCB/test/labels/01_PCB__1177.txt,640,640,L,.jpg,True
DeepPCB,test,01_PCB__724.jpg,/Users/user/Deep-Learning-PCB-Defect-Detection/data/DeepPCB/test/images/01_PCB__724.jpg,/Users/user/Deep-Learning-PCB-Defect-Detection/data/DeepPCB/test/labels/01_PCB__724.txt,640,640,L,.jpg,True
DeepPCB,test,01_PCB__320.jpg,/Users/user/Deep-Learning-PCB-Defect-Detection/data/DeepPCB/test/images/01_PCB__320.jpg,/Users/user/Deep-Learning-PCB-Defect-Detection/data/DeepPCB/test/labels/01_PCB__320.txt,640,640,L,.jpg,True
DeepPCB,test,01_PCB__1228.jpg,/Users/user/Deep-Learning-PCB-Defect-Detection/data/DeepPCB/test/images/01_PCB__1228.jpg,/Users/user/Deep-Learning-PCB-Defect-Detection/data/DeepPCB/test/labels/01_PCB__1228.txt,640,640,L,.jpg,True
DeepPCB,test,01_PCB__484.jpg,/Users/user/Deep-Learning-PCB-Defect-Detection/data/DeepPCB/test/images/01_PCB__484.jpg,/Users/user/Deep-Learning-PCB-Defect-Detection/data/DeepPCB/test/labels/01_PCB__484.txt,640,640,L,.jpg,True
DeepPCB,test,01_PCB__269.jpg,/Users/user/Deep-Learning-PCB-Defect-Detection/data/DeepPCB/test/images/01_PCB__269.jpg,/Users/user/Deep-Learning-PCB-Defect-Detection/data/DeepPCB/test/labels/01_PCB__269.txt,640,640,L,.jpg,True
DeepPCB,test,01_PCB__282.jpg,/Users/user/Deep-Learning-PCB-Defect-Detection/data/DeepPCB/test/images/01_PCB__282.jpg,/Users/user/Deep-Learning-PCB-Defect-Detection/data/DeepPCB/test/labels/01_PCB__282.txt,640,640,L,.jpg,True
DeepPCB,test,01_PCB__1404.jpg,/Users/user/Deep-Learning-PCB-Defect-Detection/data/DeepPCB/test/images/01_PCB__1404.jpg,/Users/user/Deep-Learning-PCB-Defect-Detection/data/DeepPCB/test/labels/01_PCB__1404.txt,640,640,L,.jpg,True
DeepPCB,test,01_PCB__653.jpg,/Users/user/Deep-Learning-PCB-Defect-Detection/data/DeepPCB/test/images/01_PCB__653.jpg,/Users/user/Deep-Learning-PCB-Defect-Detection/data/DeepPCB/test/labels/01_PCB__653.txt,640,640,L,.jpg,True
DeepPCB,test,01_PCB__120.jpg,/Users/user/Deep-Learning-PCB-Defect-Detection/data/DeepPCB/test/images/01_PCB__120.jpg,/Users/user/Deep-Learning-PCB-Defect-Detection/data/DeepPCB/test/labels/01_PCB__120.txt,640,640,L,.jpg,True
DeepPCB,test,01_PCB__1203.jpg,/Users/user/Deep-Learning-PCB-Defect-Detection/data/DeepPCB/test/images/01_PCB__1203.jpg,/Users/user/Deep-Learning-PCB-Defect-Detection/data/DeepPCB/test/labels/01_PCB__1203.txt,640,640,L,.jpg,True
DeepPCB,test,01_PCB__1388.jpg,/Users/user/Deep-Learning-PCB-Defect-Detection/data/DeepPCB/test/images/01_PCB__1388.jpg,/Users/user/Deep-Learning-PCB-Defect-Detection/data/DeepPCB/test/labels/01_PCB__1388.txt,640,640,L,.jpg,True
DeepPCB,test,01_PCB__726.jpg,/Users/user/Deep-Learning-PCB-Defect-Detection/data/DeepPCB/test/images/01_PCB__726.jpg,/Users/user/Deep-Learning-PCB-Defect-Detection/data/DeepPCB/test/labels/01_PCB__726.txt,640,640,L,.jpg,True
DeepPCB,test,01_PCB__1159.jpg,/Users/user/Deep-Learning-PCB-Defect-Detection/data/DeepPCB/test/images/01_PCB__1159.jpg,/Users/user/Deep-Learning-PCB-Defect-Detection/data/DeepPCB/test/labels/01_PCB__1159.txt,640,640,L,.jpg,True
DeepPCB,test,01_PCB__246.jpg,/Users/user/Deep-Learning-PCB-Defect-Detection/data/DeepPCB/test/images/01_PCB__246.jpg,/Users/user/Deep-Learning-PCB-Defect-Detection/data/DeepPCB/test/labels/01_PCB__246.txt,640,640,L,.jpg,True
DeepPCB,test,01_PCB__694.jpg,/Users/user/Deep-Learning-PCB-Defect-Detection/data/DeepPCB/test/images/01_PCB__694.jpg,/Users/user/Deep-Learning-PCB-Defect-Detection/data/DeepPCB/test/labels/01_PCB__694.txt,640,640,L,.jpg,True
DeepPCB,test,01_PCB__1400.jpg,/Users/user/Deep-Learning-PCB-Defect-Detection/data/DeepPCB/test/images/01_PCB__1400.jpg,/Users/user/Deep-Learning-PCB-Defect-Detection/data/DeepPCB/test/labels/01_PCB__1400.txt,640,640,L,.jpg,True
DeepPCB,test,01_PCB__737.jpg,/Users/user/Deep-Learning-PCB-Defect-Detection/data/DeepPCB/test/images/01_PCB__737.jpg,/Users/user/Deep-Learning-PCB-Defect-Detection/data/DeepPCB/test/labels/01_PCB__737.txt,640,640,L,.jpg,True
DeepPCB,test,01_PCB__58.jpg,/Users/user/Deep-Learning-PCB-Defect-Detection/data/DeepPCB/test/images/01_PCB__58.jpg,/Users/user/Deep-Learning-PCB-Defect-Detection/data/DeepPCB/test/labels/01_PCB__58.txt,640,640,L,.jpg,True
DeepPCB,test,01_PCB__1170.jpg,/Users/user/Deep-Learning-PCB-Defect-Detection/data/DeepPCB/test/images/01_PCB__1170.jpg,/Users/user/Deep-Learning-PCB-Defect-Detection/data/DeepPCB/test/labels/01_PCB__1170.txt,640,640,L,.jpg,True
DeepPCB,test,01_PCB__910.jpg,/Users/user/Deep-Learning-PCB-Defect-Detection/data/DeepPCB/test/images/01_PCB__910.jpg,/Users/user/Deep-Learning-PCB-Defect-Detection/data/DeepPCB/test/labels/01_PCB__910.txt,640,640,L,.jpg,True
DeepPCB,test,01_PCB__912.jpg,/Users/user/Deep-Learning-PCB-Defect-Detection/data/DeepPCB/test/images/01_PCB__912.jpg,/Users/user/Deep-Learning-PCB-Defect-Detection/data/DeepPCB/test/labels/01_PCB__912.txt,640,640,L,.jpg,True
DeepPCB,test,01_PCB__1166.jpg,/Users/user/Deep-Learning-PCB-Defect-Detection/data/DeepPCB/test/images/01_PCB__1166.jpg,/Users/user/Deep-Learning-PCB-Defect-Detection/data/DeepPCB/test/labels/01_PCB__1166.txt,640,640,L,.jpg,True
DeepPCB,test,01_PCB__1402.jpg,/Users/user/Deep-Learning-PCB-Defect-Detection/data/DeepPCB/test/images/01_PCB__1402.jpg,/Users/user/Deep-Learning-PCB-Defect-Detection/data/DeepPCB/test/labels/01_PCB__1402.txt,640,640,L,.jpg,True
DeepPCB,test,01_PCB__494.jpg,/Users/user/Deep-Learning-PCB-Defect-Detection/data/DeepPCB/test/images/01_PCB__494.jpg,/Users/user/Deep-Learning-PCB-Defect-Detection/data/DeepPCB/test/labels/01_PCB__494.txt,640,640,RGB,.jpg,True
DeepPCB,test,01_PCB__669.jpg,/Users/user/Deep-Learning-PCB-Defect-Detection/data/DeepPCB/test/images/01_PCB__669.jpg,/Users/user/Deep-Learning-PCB-Defect-Detection/data/DeepPCB/test/labels/01_PCB__669.txt,640,640,L,.jpg,True
DeepPCB,test,01_PCB__641.jpg,/Users/user/Deep-Learning-PCB-Defect-Detection/data/DeepPCB/test/images/01_PCB__641.jpg,/Users/user/Deep-Learning-PCB-Defect-Detection/data/DeepPCB/test/labels/01_PCB__641.txt,640,640,L,.jpg,True
DeepPCB,test,01_PCB__683.jpg,/Users/user/Deep-Learning-PCB-Defect-Detection/data/DeepPCB/test/images/01_PCB__683.jpg,/Users/user/Deep-Learning-PCB-Defect-Detection/data/DeepPCB/test/labels/01_PCB__683.txt,640,640,L,.jpg,True
DeepPCB,test,01_PCB__330.jpg,/Users/user/Deep-Learning-PCB-Defect-Detection/data/DeepPCB/test/images/01_PCB__330.jpg,/Users/user/Deep-Learning-PCB-Defect-Detection/data/DeepPCB/test/labels/01_PCB__330.txt,640,640,RGB,.jpg,True
DeepPCB,test,01_PCB__495.jpg,/Users/user/Deep-Learning-PCB-Defect-Detection/data/DeepPCB/test/images/01_PCB__495.jpg,/Users/user/Deep-Learning-PCB-Defect-Detection/data/DeepPCB/test/labels/01_PCB__495.txt,640,640,L,.jpg,True
DeepPCB,test,01_PCB__1365.jpg,/Users/user/Deep-Learning-PCB-Defect-Detection/data/DeepPCB/test/images/01_PCB__1365.jpg,/Users/user/Deep-Learning-PCB-Defect-Detection/data/DeepPCB/test/labels/01_PCB__1365.txt,640,640,L,.jpg,True
DeepPCB,test,01_PCB__734.jpg,/Users/user/Deep-Learning-PCB-Defect-Detection/data/DeepPCB/test/images/01_PCB__734.jpg,/Users/user/Deep-Learning-PCB-Defect-Detection/data/DeepPCB/test/labels/01_PCB__734.txt,640,640,L,.jpg,True
DeepPCB,test,01_PCB__98.jpg,/Users/user/Deep-Learning-PCB-Defect-Detection/data/DeepPCB/test/images/01_PCB__98.jpg,/Users/user/Deep-Learning-PCB-Defect-Detection/data/DeepPCB/test/labels/01_PCB__98.txt,640,640,L,.jpg,True
DeepPCB,test,01_PCB__1100.jpg,/Users/user/Deep-Learning-PCB-Defect-Detection/data/DeepPCB/test/images/01_PCB__1100.jpg,/Users/user/Deep-Learning-PCB-Defect-Detection/data/DeepPCB/test/labels/01_PCB__1100.txt,640,640,L,.jpg,True
DeepPCB,test,01_PCB__747.jpg,/Users/user/Deep-Learning-PCB-Defect-Detection/data/DeepPCB/test/images/01_PCB__747.jpg,/Users/user/Deep-Learning-PCB-Defect-Detection/data/DeepPCB/test/labels/01_PCB__747.txt,640,640,L,.jpg,True
DeepPCB,test,01_PCB__828.jpg,/Users/user/Deep-Learning-PCB-Defect-Detection/data/DeepPCB/test/images/01_PCB__828.jpg,/Users/user/Deep-Learning-PCB-Defect-Detection/data/DeepPCB/test/labels/01_PCB__828.txt,640,640,L,.jpg,True
DeepPCB,test,01_PCB__141.jpg,/Users/user/Deep-Learning-PCB-Defect-Detection/data/DeepPCB/test/images/01_PCB__141.jpg,/Users/user/Deep-Learning-PCB-Defect-Detection/data/DeepPCB/test/labels/01_PCB__141.txt,640,640,L,.jpg,True
DeepPCB,test,01_PCB__155.jpg,/Users/user/Deep-Learning-PCB-Defect-Detection/data/DeepPCB/test/images/01_PCB__155.jpg,/Users/user/Deep-Learning-PCB-Defect-Detection/data/DeepPCB/test/labels/01_PCB__155.txt,640,640,L,.jpg,True
DeepPCB,test,01_PCB__632.jpg,/Users/user/Deep-Learning-PCB-Defect-Detection/data/DeepPCB/test/images/01_PCB__632.jpg,/Users/user/Deep-Learning-PCB-Defect-Detection/data/DeepPCB/test/labels/01_PCB__632.txt,640,640,L,.jpg,True
DeepPCB,test,01_PCB__1115.jpg,/Users/user/Deep-Learning-PCB-Defect-Detection/data/DeepPCB/test/images/01_PCB__1115.jpg,/Users/user/Deep-Learning-PCB-Defect-Detection/data/DeepPCB/test/labels/01_PCB__1115.txt,640,640,L,.jpg,True
DeepPCB,test,01_PCB__988.jpg,/Users/user/Deep-Learning-PCB-Defect-Detection/data/DeepPCB/test/images/01_PCB__988.jpg,/Users/user/Deep-Learning-PCB-Defect-Detection/data/DeepPCB/test/labels/01_PCB__988.txt,640,640,L,.jpg,True
DeepPCB,test,01_PCB__1261.jpg,/Users/user/Deep-Learning-PCB-Defect-Detection/data/DeepPCB/test/images/01_PCB__1261.jpg,/Users/user/Deep-Learning-PCB-Defect-Detection/data/DeepPCB/test/labels/01_PCB__1261.txt,640,640,L,.jpg,True
DeepPCB,test,01_PCB__426.jpg,/Users/user/Deep-Learning-PCB-Defect-Detection/data/DeepPCB/test/images/01_PCB__426.jpg,/Users/user/Deep-Learning-PCB-Defect-Detection/data/DeepPCB/test/labels/01_PCB__426.txt,640,640,L,.jpg,True
DeepPCB,test,01_PCB__181.jpg,/Users/user/Deep-Learning-PCB-Defect-Detection/data/DeepPCB/test/images/01_PCB__181.jpg,/Users/user/Deep-Learning-PCB-Defect-Detection/data/DeepPCB/test/labels/01_PCB__181.txt,640,640,L,.jpg,True
DeepPCB,test,01_PCB__427.jpg,/Users/user/Deep-Learning-PCB-Defect-Detection/data/DeepPCB/test/images/01_PCB__427.jpg,/Users/user/Deep-Learning-PCB-Defect-Detection/data/DeepPCB/test/labels/01_PCB__427.txt,640,640,L,.jpg,True
DeepPCB,test,01_PCB__351.jpg,/Users/user/Deep-Learning-PCB-Defect-Detection/data/DeepPCB/test/images/01_PCB__351.jpg,/Users/user/Deep-Learning-PCB-Defect-Detection/data/DeepPCB/test/labels/01_PCB__351.txt,640,640,L,.jpg,True
DeepPCB,test,01_PCB__807.jpg,/Users/user/Deep-Learning-PCB-Defect-Detection/data/DeepPCB/test/images/01_PCB__807.jpg,/Users/user/Deep-Learning-PCB-Defect-Detection/data/DeepPCB/test/labels/01_PCB__807.txt,640,640,L,.jpg,True
DeepPCB,test,01_PCB__378.jpg,/Users/user/Deep-Learning-PCB-Defect-Detection/data/DeepPCB/test/images/01_PCB__378.jpg,/Users/user/Deep-Learning-PCB-Defect-Detection/data/DeepPCB/test/labels/01_PCB__378.txt,640,640,L,.jpg,True
DeepPCB,test,01_PCB__13.jpg,/Users/user/Deep-Learning-PCB-Defect-Detection/data/DeepPCB/test/images/01_PCB__13.jpg,/Users/user/Deep-Learning-PCB-Defect-Detection/data/DeepPCB/test/labels/01_PCB__13.txt,640,640,L,.jpg,True
DeepPCB,test,01_PCB__965.jpg,/Users/user/Deep-Learning-PCB-Defect-Detection/data/DeepPCB/test/images/01_PCB__965.jpg,/Users/user/Deep-Learning-PCB-Defect-Detection/data/DeepPCB/test/labels/01_PCB__965.txt,640,640,L,.jpg,True
DeepPCB,test,01_PCB__1313.jpg,/Users/user/Deep-Learning-PCB-Defect-Detection/data/DeepPCB/test/images/01_PCB__1313.jpg,/Users/user/Deep-Learning-PCB-Defect-Detection/data/DeepPCB/test/labels/01_PCB__1313.txt,640,640,L,.jpg,True
DeepPCB,test,01_PCB__1461.jpg,/Users/user/Deep-Learning-PCB-Defect-Detection/data/DeepPCB/test/images/01_PCB__1461.jpg,/Users/user/Deep-Learning-PCB-Defect-Detection/data/DeepPCB/test/labels/01_PCB__1461.txt,640,640,L,.jpg,True
DeepPCB,test,01_PCB__346.jpg,/Users/user/Deep-Learning-PCB-Defect-Detection/data/DeepPCB/test/images/01_PCB__346.jpg,/Users/user/Deep-Learning-PCB-Defect-Detection/data/DeepPCB/test/labels/01_PCB__346.txt,640,640,L,.jpg,True
DeepPCB,test,01_PCB__805.jpg,/Users/user/Deep-Learning-PCB-Defect-Detection/data/DeepPCB/test/images/01_PCB__805.jpg,/Users/user/Deep-Learning-PCB-Defect-Detection/data/DeepPCB/test/labels/01_PCB__805.txt,640,640,L,.jpg,True
DeepPCB,test,01_PCB__637.jpg,/Users/user/Deep-Learning-PCB-Defect-Detection/data/DeepPCB/test/images/01_PCB__637.jpg,/Users/user/Deep-Learning-PCB-Defect-Detection/data/DeepPCB/test/labels/01_PCB__637.txt,640,640,L,.jpg,True
DeepPCB,test,01_PCB__145.jpg,/Users/user/Deep-Learning-PCB-Defect-Detection/data/DeepPCB/test/images/01_PCB__145.jpg,/Users/user/Deep-Learning-PCB-Defect-Detection/data/DeepPCB/test/labels/01_PCB__145.txt,640,640,L,.jpg,True
DeepPCB,test,01_PCB__623.jpg,/Users/user/Deep-Learning-PCB-Defect-Detection/data/DeepPCB/test/images/01_PCB__623.jpg,/Users/user/Deep-Learning-PCB-Defect-Detection/data/DeepPCB/test/labels/01_PCB__623.txt,640,640,L,.jpg,True
DeepPCB,test,01_PCB__421.jpg,/Users/user/Deep-Learning-PCB-Defect-Detection/data/DeepPCB/test/images/01_PCB__421.jpg,/Users/user/Deep-Learning-PCB-Defect-Detection/data/DeepPCB/test/labels/01_PCB__421.txt,640,640,L,.jpg,True
DeepPCB,test,01_PCB__1299.jpg,/Users/user/Deep-Learning-PCB-Defect-Detection/data/DeepPCB/test/images/01_PCB__1299.jpg,/Users/user/Deep-Learning-PCB-Defect-Detection/data/DeepPCB/test/labels/01_PCB__1299.txt,640,640,L,.jpg,True
DeepPCB,test,01_PCB__384.jpg,/Users/user/Deep-Learning-PCB-Defect-Detection/data/DeepPCB/test/images/01_PCB__384.jpg,/Users/user/Deep-Learning-PCB-Defect-Detection/data/DeepPCB/test/labels/01_PCB__384.txt,640,640,L,.jpg,True
DeepPCB,test,01_PCB__569.jpg,/Users/user/Deep-Learning-PCB-Defect-Detection/data/DeepPCB/test/images/01_PCB__569.jpg,/Users/user/Deep-Learning-PCB-Defect-Detection/data/DeepPCB/test/labels/01_PCB__569.txt,640,640,L,.jpg,True
DeepPCB,test,01_PCB__970.jpg,/Users/user/Deep-Learning-PCB-Defect-Detection/data/DeepPCB/test/images/01_PCB__970.jpg,/Users/user/Deep-Learning-PCB-Defect-Detection/data/DeepPCB/test/labels/01_PCB__970.txt,640,640,L,.jpg,True
PKU,train,09_spurious_copper_03.jpg,/Users/user/Deep-Learning-PCB-Defect-Detection/data/PKU-Market-PCB(Data enhanced version)/train/images/09_spurious_copper_03.jpg,/Users/user/Deep-Learning-PCB-Defect-Detection/data/PKU-Market-PCB(Data enhanced version)/train/labels/09_spurious_copper_03.txt,2775,2159,RGB,.jpg,True
PKU,train,09_mouse_bite_03_3.jpg,/Users/user/Deep-Learning-PCB-Defect-Detection/data/PKU-Market-PCB(Data enhanced version)/train/images/09_mouse_bite_03_3.jpg,/Users/user/Deep-Learning-PCB-Defect-Detection/data/PKU-Market-PCB(Data enhanced version)/train/labels/09_mouse_bite_03_3.txt,1337,1955,RGB,.jpg,True
PKU,train,11_spur_06_3.jpg,/Users/user/Deep-Learning-PCB-Defect-Detection/data/PKU-Market-PCB(Data enhanced version)/train/images/11_spur_06_3.jpg,/Users/user/Deep-Learning-PCB-Defect-Detection/data/PKU-Market-PCB(Data enhanced version)/train/labels/11_spur_06_3.txt,2282,2248,RGB,.jpg,True
PKU,train,09_spurious_copper_06_3.jpg,/Users/user/Deep-Learning-PCB-Defect-Detection/data/PKU-Market-PCB(Data enhanced version)/train/images/09_spurious_copper_06_3.jpg,/Users/user/Deep-Learning-PCB-Defect-Detection/data/PKU-Market-PCB(Data enhanced version)/train/labels/09_spurious_copper_06_3.txt,2775,2159,RGB,.jpg,True
PKU,train,11_mouse_bite_03_2.jpg,/Users/user/Deep-Learning-PCB-Defect-Detection/data/PKU-Market-PCB(Data enhanced version)/train/images/11_mouse_bite_03_2.jpg,/Users/user/Deep-Learning-PCB-Defect-Detection/data/PKU-Market-PCB(Data enhanced version)/train/labels/11_mouse_bite_03_2.txt,2282,2248,RGB,.jpg,True
PKU,train,09_open_circuit_10_3.jpg,/Users/user/Deep-Learning-PCB-Defect-Detection/data/PKU-Market-PCB(Data enhanced version)/train/images/09_open_circuit_10_3.jpg,/Users/user/Deep-Learning-PCB-Defect-Detection/data/PKU-Market-PCB(Data enhanced version)/train/labels/09_open_circuit_10_3.txt,2775,2159,RGB,.jpg,True
PKU,train,09_short_09_2.jpg,/Users/user/Deep-Learning-PCB-Defect-Detection/data/PKU-Market-PCB(Data enhanced version)/train/images/09_short_09_2.jpg,/Users/user/Deep-Learning-PCB-Defect-Detection/data/PKU-Market-PCB(Data enhanced version)/train/labels/09_short_09_2.txt,1603,1360,RGB,.jpg,False
PKU,train,11_spur_04_1.jpg,/Users/user/Deep-Learning-PCB-Defect-Detection/data/PKU-Market-PCB(Data enhanced version)/train/images/11_spur_04_1.jpg,/Users/user/Deep-Learning-PCB-Defect-Detection/data/PKU-Market-PCB(Data enhanced version)/train/labels/11_spur_04_1.txt,2282,2248,RGB,.jpg,True
PKU,train,09_spurious_copper_04_1.jpg,/Users/user/Deep-Learning-PCB-Defect-Detection/data/PKU-Market-PCB(Data enhanced version)/train/images/09_spurious_copper_04_1.jpg,/Users/user/Deep-Learning-PCB-Defect-Detection/data/PKU-Market-PCB(Data enhanced version)/train/labels/09_spurious_copper_04_1.txt,2473,1238,RGB,.jpg,True
PKU,train,10_mouse_bite_01_1.jpg,/Users/user/Deep-Learning-PCB-Defect-Detection/data/PKU-Market-PCB(Data enhanced version)/train/images/10_mouse_bite_01_1.jpg,/Users/user/Deep-Learning-PCB-Defect-Detection/data/PKU-Market-PCB(Data enhanced version)/train/labels/10_mouse_bite_01_1.txt,2240,2016,RGB,.jpg,False
PKU,train,11_missing_hole_07.jpg,/Users/user/Deep-Learning-PCB-Defect-Detection/data/PKU-Market-PCB(Data enhanced version)/train/images/11_missing_hole_07.jpg,/Users/user/Deep-Learning-PCB-Defect-Detection/data/PKU-Market-PCB(Data enhanced version)/train/labels/11_missing_hole_07.txt,2282,2248,RGB,.jpg,True
PKU,train,09_short_05.jpg,/Users/user/Deep-Learning-PCB-Defect-Detection/data/PKU-Market-PCB(Data enhanced version)/train/images/09_short_05.jpg,/Users/user/Deep-Learning-PCB-Defect-Detection/data/PKU-Market-PCB(Data enhanced version)/train/labels/09_short_05.txt,2775,2159,RGB,.jpg,False
PKU,train,11_mouse_bite_06.jpg,/Users/user/Deep-Learning-PCB-Defect-Detection/data/PKU-Market-PCB(Data enhanced version)/train/images/11_mouse_bite_06.jpg,/Users/user/Deep-Learning-PCB-Defect-Detection/data/PKU-Market-PCB(Data enhanced version)/train/labels/11_mouse_bite_06.txt,2282,2248,RGB,.jpg,False
PKU,train,10_open_circuit_05_2.jpg,/Users/user/Deep-Learning-PCB-Defect-Detection/data/PKU-Market-PCB(Data enhanced version)/train/images/10_open_circuit_05_2.jpg,/Users/user/Deep-Learning-PCB-Defect-Detection/data/PKU-Market-PCB(Data enhanced version)/train/labels/10_open_circuit_05_2.txt,2240,2016,RGB,.jpg,True
PKU,train,11_spurious_copper_08_2.jpg,/Users/user/Deep-Learning-PCB-Defect-Detection/data/PKU-Market-PCB(Data enhanced version)/train/images/11_spurious_copper_08_2.jpg,/Users/user/Deep-Learning-PCB-Defect-Detection/data/PKU-Market-PCB(Data enhanced version)/train/labels/11_spurious_copper_08_2.txt,2098,1763,RGB,.jpg,False
PKU,train,10_missing_hole_05_3.jpg,/Users/user/Deep-Learning-PCB-Defect-Detection/data/PKU-Market-PCB(Data enhanced version)/train/images/10_missing_hole_05_3.jpg,/Users/user/Deep-Learning-PCB-Defect-Detection/data/PKU-Market-PCB(Data enhanced version)/train/labels/10_missing_hole_05_3.txt,2240,2016,RGB,.jpg,True
PKU,train,09_short_10_3.jpg,/Users/user/Deep-Learning-PCB-Defect-Detection/data/PKU-Market-PCB(Data enhanced version)/train/images/09_short_10_3.jpg,/Users/user/Deep-Learning-PCB-Defect-Detection/data/PKU-Market-PCB(Data enhanced version)/train/labels/09_short_10_3.txt,2775,2159,RGB,.jpg,True
PKU,train,10_mouse_bite_03_3.jpg,/Users/user/Deep-Learning-PCB-Defect-Detection/data/PKU-Market-PCB(Data enhanced version)/train/images/10_mouse_bite_03_3.jpg,/Users/user/Deep-Learning-PCB-Defect-Detection/data/PKU-Market-PCB(Data enhanced version)/train/labels/10_mouse_bite_03_3.txt,1315,1717,RGB,.jpg,True
PKU,train,09_open_circuit_09_2.jpg,/Users/user/Deep-Learning-PCB-Defect-Detection/data/PKU-Market-PCB(Data enhanced version)/train/images/09_open_circuit_09_2.jpg,/Users/user/Deep-Learning-PCB-Defect-Detection/data/PKU-Market-PCB(Data enhanced version)/train/labels/09_open_circuit_09_2.txt,2775,2159,RGB,.jpg,True
PKU,train,09_open_circuit_09_3.jpg,/Users/user/Deep-Learning-PCB-Defect-Detection/data/PKU-Market-PCB(Data enhanced version)/train/images/09_open_circuit_09_3.jpg,/Users/user/Deep-Learning-PCB-Defect-Detection/data/PKU-Market-PCB(Data enhanced version)/train/labels/09_open_circuit_09_3.txt,2775,2159,RGB,.jpg,True
PKU,train,10_mouse_bite_03_2.jpg,/Users/user/Deep-Learning-PCB-Defect-Detection/data/PKU-Market-PCB(Data enhanced version)/train/images/10_mouse_bite_03_2.jpg,/Users/user/Deep-Learning-PCB-Defect-Detection/data/PKU-Market-PCB(Data enhanced version)/train/labels/10_mouse_bite_03_2.txt,2240,2016,RGB,.jpg,False
PKU,train,09_short_10_2.jpg,/Users/user/Deep-Learning-PCB-Defect-Detection/data/PKU-Market-PCB(Data enhanced version)/train/images/09_short_10_2.jpg,/Users/user/Deep-Learning-PCB-Defect-Detection/data/PKU-Market-PCB(Data enhanced version)/train/labels/09_short_10_2.txt,1919,1441,RGB,.jpg,True
PKU,train,10_missing_hole_05_2.jpg,/Users/user/Deep-Learning-PCB-Defect-Detection/data/PKU-Market-PCB(Data enhanced version)/train/images/10_missing_hole_05_2.jpg,/Users/user/Deep-Learning-PCB-Defect-Detection/data/PKU-Market-PCB(Data enhanced version)/train/labels/10_missing_hole_05_2.txt,2240,2016,RGB,.jpg,False
PKU,train,10_open_circuit_05_3.jpg,/Users/user/Deep-Learning-PCB-Defect-Detection/data/PKU-Market-PCB(Data enhanced version)/train/images/10_open_circuit_05_3.jpg,/Users/user/Deep-Learning-PCB-Defect-Detection/data/PKU-Market-PCB(Data enhanced version)/train/labels/10_open_circuit_05_3.txt,2240,2016,RGB,.jpg,False
PKU,train,11_mouse_bite_07.jpg,/Users/user/Deep-Learning-PCB-Defect-Detection/data/PKU-Market-PCB(Data enhanced version)/train/images/11_mouse_bite_07.jpg,/Users/user/Deep-Learning-PCB-Defect-Detection/data/PKU-Market-PCB(Data enhanced version)/train/labels/11_mouse_bite_07.txt,2282,2248,RGB,.jpg,False
PKU,train,11_missing_hole_06.jpg,/Users/user/Deep-Learning-PCB-Defect-Detection/data/PKU-Market-PCB(Data enhanced version)/train/images/11_missing_hole_06.jpg,/Users/user/Deep-Learning-PCB-Defect-Detection/data/PKU-Market-PCB(Data enhanced version)/train/labels/11_missing_hole_06.txt,2282,2248,RGB,.jpg,False
PKU,train,09_short_04.jpg,/Users/user/Deep-Learning-PCB-Defect-Detection/data/PKU-Market-PCB(Data enhanced version)/train/images/09_short_04.jpg,/Users/user/Deep-Learning-PCB-Defect-Detection/data/PKU-Market-PCB(Data enhanced version)/train/labels/09_short_04.txt,2775,2159,RGB,.jpg,True
PKU,train,10_mouse_bite_01.jpg,/Users/user/Deep-Learning-PCB-Defect-Detection/data/PKU-Market-PCB(Data enhanced version)/train/images/10_mouse_bite_01.jpg,/Users/user/Deep-Learning-PCB-Defect-Detection/data/PKU-Market-PCB(Data enhanced version)/train/labels/10_mouse_bite_01.txt,2240,2016,RGB,.jpg,False
PKU,train,09_short_10.jpg,/Users/user/Deep-Learning-PCB-Defect-Detection/data/PKU-Market-PCB(Data enhanced version)/train/images/09_short_10.jpg,/Users/user/Deep-Learning-PCB-Defect-Detection/data/PKU-Market-PCB(Data enhanced version)/train/labels/09_short_10.txt,2775,2159,RGB,.jpg,False
PKU,train,09_short_09_3.jpg,/Users/user/Deep-Learning-PCB-Defect-Detection/data/PKU-Market-PCB(Data enhanced version)/train/images/09_short_09_3.jpg,/Users/user/Deep-Learning-PCB-Defect-Detection/data/PKU-Market-PCB(Data enhanced version)/train/labels/09_short_09_3.txt,2600,1557,RGB,.jpg,True
PKU,train,09_open_circuit_10_2.jpg,/Users/user/Deep-Learning-PCB-Defect-Detection/data/PKU-Market-PCB(Data enhanced version)/train/images/09_open_circuit_10_2.jpg,/Users/user/Deep-Learning-PCB-Defect-Detection/data/PKU-Market-PCB(Data enhanced version)/train/labels/09_open_circuit_10_2.txt,1936,1605,RGB,.jpg,False
PKU,train,11_mouse_bite_03_3.jpg,/Users/user/Deep-Learning-PCB-Defect-Detection/data/PKU-Market-PCB(Data enhanced version)/train/images/11_mouse_bite_03_3.jpg,/Users/user/Deep-Learning-PCB-Defect-Detection/data/PKU-Market-PCB(Data enhanced version)/train/labels/11_mouse_bite_03_3.txt,1095,1895,RGB,.jpg,True
PKU,train,09_spurious_copper_06_2.jpg,/Users/user/Deep-Learning-PCB-Defect-Detection/data/PKU-Market-PCB(Data enhanced version)/train/images/09_spurious_copper_06_2.jpg,/Users/user/Deep-Learning-PCB-Defect-Detection/data/PKU-Market-PCB(Data enhanced version)/train/labels/09_spurious_copper_06_2.txt,2775,2159,RGB,.jpg,False
PKU,train,11_spur_06_2.jpg,/Users/user/Deep-Learning-PCB-Defect-Detection/data/PKU-Market-PCB(Data enhanced version)/train/images/11_spur_06_2.jpg,/Users/user/Deep-Learning-PCB-Defect-Detection/data/PKU-Market-PCB(Data enhanced version)/train/labels/11_spur_06_2.txt,1972,1978,RGB,.jpg,True
PKU,train,09_spurious_copper_02.jpg,/Users/user/Deep-Learning-PCB-Defect-Detection/data/PKU-Market-PCB(Data enhanced version)/train/images/09_spurious_copper_02.jpg,/Users/user/Deep-Learning-PCB-Defect-Detection/data/PKU-Market-PCB(Data enhanced version)/train/labels/09_spurious_copper_02.txt,2775,2159,RGB,.jpg,True
PKU,train,11_mouse_bite_01_1.jpg,/Users/user/Deep-Learning-PCB-Defect-Detection/data/PKU-Market-PCB(Data enhanced version)/train/images/11_mouse_bite_01_1.jpg,/Users/user/Deep-Learning-PCB-Defect-Detection/data/PKU-Market-PCB(Data enhanced version)/train/labels/11_mouse_bite_01_1.txt,1602,1325,RGB,.jpg,True
PKU,train,10_missing_hole_05.jpg,/Users/user/Deep-Learning-PCB-Defect-Detection/data/PKU-Market-PCB(Data enhanced version)/train/images/10_missing_hole_05.jpg,/Users/user/Deep-Learning-PCB-Defect-Detection/data/PKU-Market-PCB(Data enhanced version)/train/labels/10_missing_hole_05.txt,2240,2016,RGB,.jpg,True
PKU,train,11_mouse_bite_01_3.jpg,/Users/user/Deep-Learning-PCB-Defect-Detection/data/PKU-Market-PCB(Data enhanced version)/train/images/11_mouse_bite_01_3.jpg,/Users/user/Deep-Learning-PCB-Defect-Detection/data/PKU-Market-PCB(Data enhanced version)/train/labels/11_mouse_bite_01_3.txt,1153,1948,RGB,.jpg,False
PKU,train,08_spur_03_2.jpg,/Users/user/Deep-Learning-PCB-Defect-Detection/data/PKU-Market-PCB(Data enhanced version)/train/images/08_spur_03_2.jpg,/Users/user/Deep-Learning-PCB-Defect-Detection/data/PKU-Market-PCB(Data enhanced version)/train/labels/08_spur_03_2.txt,2080,1024,RGB,.jpg,False
PKU,train,11_mouse_bite_03_1.jpg,/Users/user/Deep-Learning-PCB-Defect-Detection/data/PKU-Market-PCB(Data enhanced version)/train/images/11_mouse_bite_03_1.jpg,/Users/user/Deep-Learning-PCB-Defect-Detection/data/PKU-Market-PCB(Data enhanced version)/train/labels/11_mouse_bite_03_1.txt,1788,1225,RGB,.jpg,False
PKU,train,09_short_09_1.jpg,/Users/user/Deep-Learning-PCB-Defect-Detection/data/PKU-Market-PCB(Data enhanced version)/train/images/09_short_09_1.jpg,/Users/user/Deep-Learning-PCB-Defect-Detection/data/PKU-Market-PCB(Data enhanced version)/train/labels/09_short_09_1.txt,2173,1391,RGB,.jpg,True
PKU,train,09_spurious_copper_04_2.jpg,/Users/user/Deep-Learning-PCB-Defect-Detection/data/PKU-Market-PCB(Data enhanced version)/train/images/09_spurious_copper_04_2.jpg,/Users/user/Deep-Learning-PCB-Defect-Detection/data/PKU-Market-PCB(Data enhanced version)/train/labels/09_spurious_copper_04_2.txt,2775,2159,RGB,.jpg,True
PKU,train,11_spur_04_2.jpg,/Users/user/Deep-Learning-PCB-Defect-Detection/data/PKU-Market-PCB(Data enhanced version)/train/images/11_spur_04_2.jpg,/Users/user/Deep-Learning-PCB-Defect-Detection/data/PKU-Market-PCB(Data enhanced version)/train/labels/11_spur_04_2.txt,1772,1667,RGB,.jpg,False
PKU,train,10_mouse_bite_03.jpg,/Users/user/Deep-Learning-PCB-Defect-Detection/data/PKU-Market-PCB(Data enhanced version)/train/images/10_mouse_bite_03.jpg,/Users/user/Deep-Learning-PCB-Defect-Detection/data/PKU-Market-PCB(Data enhanced version)/train/labels/10_mouse_bite_03.txt,2240,2016,RGB,.jpg,False
PKU,train,09_short_06.jpg,/Users/user/Deep-Learning-PCB-Defect-Detection/data/PKU-Market-PCB(Data enhanced version)/train/images/09_short_06.jpg,/Users/user/Deep-Learning-PCB-Defect-Detection/data/PKU-Market-PCB(Data enhanced version)/train/labels/09_short_06.txt,2775,2159,RGB,.jpg,False
PKU,train,11_missing_hole_04.jpg,/Users/user/Deep-Learning-PCB-Defect-Detection/data/PKU-Market-PCB(Data enhanced version)/train/images/11_missing_hole_04.jpg,/Users/user/Deep-Learning-PCB-Defect-Detection/data/PKU-Market-PCB(Data enhanced version)/train/labels/11_missing_hole_04.txt,2282,2248,RGB,.jpg,True
PKU,train,11_mouse_bite_05.jpg,/Users/user/Deep-Learning-PCB-Defect-Detection/data/PKU-Market-PCB(Data enhanced version)/train/images/11_mouse_bite_05.jpg,/Users/user/Deep-Learning-PCB-Defect-Detection/data/PKU-Market-PCB(Data enhanced version)/train/labels/11_mouse_bite_05.txt,2282,2248,RGB,.jpg,True
PKU,train,10_mouse_bite_01_2.jpg,/Users/user/Deep-Learning-PCB-Defect-Detection/data/PKU-Market-PCB(Data enhanced version)/train/images/10_mouse_bite_01_2.jpg,/Users/user/Deep-Learning-PCB-Defect-Detection/data/PKU-Market-PCB(Data enhanced version)/train/labels/10_mouse_bite_01_2.txt,1952,1251,RGB,.jpg,False
PKU,train,11_missing_hole_10.jpg,/Users/user/Deep-Learning-PCB-Defect-Detection/data/PKU-Market-PCB(Data enhanced version)/train/images/11_missing_hole_10.jpg,/Users/user/Deep-Learning-PCB-Defect-Detection/data/PKU-Market-PCB(Data enhanced version)/train/labels/11_missing_hole_10.txt,2282,2248,RGB,.jpg,False
PKU,train,10_open_circuit_05_1.jpg,/Users/user/Deep-Learning-PCB-Defect-Detection/data/PKU-Market-PCB(Data enhanced version)/train/images/10_open_circuit_05_1.jpg,/Users/user/Deep-Learning-PCB-Defect-Detection/data/PKU-Market-PCB(Data enhanced version)/train/labels/10_open_circuit_05_1.txt,1659,911,RGB,.jpg,False
PKU,train,11_spurious_copper_08_1.jpg,/Users/user/Deep-Learning-PCB-Defect-Detection/data/PKU-Market-PCB(Data enhanced version)/train/images/11_spurious_copper_08_1.jpg,/Users/user/Deep-Learning-PCB-Defect-Detection/data/PKU-Market-PCB(Data enhanced version)/train/labels/11_spurious_copper_08_1.txt,2282,2248,RGB,.jpg,True
PKU,train,09_open_circuit_09_1.jpg,/Users/user/Deep-Learning-PCB-Defect-Detection/data/PKU-Market-PCB(Data enhanced version)/train/images/09_open_circuit_09_1.jpg,/Users/user/Deep-Learning-PCB-Defect-Detection/data/PKU-Market-PCB(Data enhanced version)/train/labels/09_open_circuit_09_1.txt,2775,2159,RGB,.jpg,False
PKU,train,10_mouse_bite_03_1.jpg,/Users/user/Deep-Learning-PCB-Defect-Detection/data/PKU-Market-PCB(Data enhanced version)/train/images/10_mouse_bite_03_1.jpg,/Users/user/Deep-Learning-PCB-Defect-Detection/data/PKU-Market-PCB(Data enhanced version)/train/labels/10_mouse_bite_03_1.txt,1938,1552,RGB,.jpg,True
PKU,train,09_short_10_1.jpg,/Users/user/Deep-Learning-PCB-Defect-Detection/data/PKU-Market-PCB(Data enhanced version)/train/images/09_short_10_1.jpg,/Users/user/Deep-Learning-PCB-Defect-Detection/data/PKU-Market-PCB(Data enhanced version)/train/labels/09_short_10_1.txt,1633,1291,RGB,.jpg,True
PKU,train,10_missing_hole_05_1.jpg,/Users/user/Deep-Learning-PCB-Defect-Detection/data/PKU-Market-PCB(Data enhanced version)/train/images/10_missing_hole_05_1.jpg,/Users/user/Deep-Learning-PCB-Defect-Detection/data/PKU-Market-PCB(Data enhanced version)/train/labels/10_missing_hole_05_1.txt,2240,2016,RGB,.jpg,True
PKU,train,10_mouse_bite_01_3.jpg,/Users/user/Deep-Learning-PCB-Defect-Detection/data/PKU-Market-PCB(Data enhanced version)/train/images/10_mouse_bite_01_3.jpg,/Users/user/Deep-Learning-PCB-Defect-Detection/data/PKU-Market-PCB(Data enhanced version)/train/labels/10_mouse_bite_01_3.txt,2240,2016,RGB,.jpg,False
PKU,train,11_mouse_bite_10.jpg,/Users/user/Deep-Learning-PCB-Defect-Detection/data/PKU-Market-PCB(Data enhanced version)/train/images/11_mouse_bite_10.jpg,/Users/user/Deep-Learning-PCB-Defect-Detection/data/PKU-Market-PCB(Data enhanced version)/train/labels/11_mouse_bite_10.txt,2282,2248,RGB,.jpg,False
PKU,train,10_mouse_bite_02.jpg,/Users/user/Deep-Learning-PCB-Defect-Detection/data/PKU-Market-PCB(Data enhanced version)/train/images/10_mouse_bite_02.jpg,/Users/user/Deep-Learning-PCB-Defect-Detection/data/PKU-Market-PCB(Data enhanced version)/train/labels/10_mouse_bite_02.txt,2240,2016,RGB,.jpg,True
PKU,train,11_mouse_bite_04.jpg,/Users/user/Deep-Learning-PCB-Defect-Detection/data/PKU-Market-PCB(Data enhanced version)/train/images/11_mouse_bite_04.jpg,/Users/user/Deep-Learning-PCB-Defect-Detection/data/PKU-Market-PCB(Data enhanced version)/train/labels/11_mouse_bite_04.txt,2282,2248,RGB,.jpg,True
PKU,train,09_short_07.jpg,/Users/user/Deep-Learning-PCB-Defect-Detection/data/PKU-Market-PCB(Data enhanced version)/train/images/09_short_07.jpg,/Users/user/Deep-Learning-PCB-Defect-Detection/data/PKU-Market-PCB(Data enhanced version)/train/labels/09_short_07.txt,2775,2159,RGB,.jpg,True
PKU,train,11_missing_hole_05.jpg,/Users/user/Deep-Learning-PCB-Defect-Detection/data/PKU-Market-PCB(Data enhanced version)/train/images/11_missing_hole_05.jpg,/Users/user/Deep-Learning-PCB-Defect-Detection/data/PKU-Market-PCB(Data enhanced version)/train/labels/11_missing_hole_05.txt,2282,2248,RGB,.jpg,True
PKU,train,11_spur_04_3.jpg,/Users/user/Deep-Learning-PCB-Defect-Detection/data/PKU-Market-PCB(Data enhanced version)/train/images/11_spur_04_3.jpg,/Users/user/Deep-Learning-PCB-Defect-Detection/data/PKU-Market-PCB(Data enhanced version)/train/labels/11_spur_04_3.txt,2282,2248,RGB,.jpg,False
PKU,train,09_spurious_copper_04_3.jpg,/Users/user/Deep-Learning-PCB-Defect-Detection/data/PKU-Market-PCB(Data enhanced version)/train/images/09_spurious_copper_04_3.jpg,/Users/user/Deep-Learning-PCB-Defect-Detection/data/PKU-Market-PCB(Data enhanced version)/train/labels/09_spurious_copper_04_3.txt,2304,1436,RGB,.jpg,True
PKU,train,09_open_circuit_10_1.jpg,/Users/user/Deep-Learning-PCB-Defect-Detection/data/PKU-Market-PCB(Data enhanced version)/train/images/09_open_circuit_10_1.jpg,/Users/user/Deep-Learning-PCB-Defect-Detection/data/PKU-Market-PCB(Data enhanced version)/train/labels/09_open_circuit_10_1.txt,1923,1733,RGB,.jpg,True
PKU,train,11_spur_06_1.jpg,/Users/user/Deep-Learning-PCB-Defect-Detection/data/PKU-Market-PCB(Data enhanced version)/train/images/11_spur_06_1.jpg,/Users/user/Deep-Learning-PCB-Defect-Detection/data/PKU-Market-PCB(Data enhanced version)/train/labels/11_spur_06_1.txt,2282,2248,RGB,.jpg,True
PKU,train,09_mouse_bite_03_1.jpg,/Users/user/Deep-Learning-PCB-Defect-Detection/data/PKU-Market-PCB(Data enhanced version)/train/images/09_mouse_bite_03_1.jpg,/Users/user/Deep-Learning-PCB-Defect-Detection/data/PKU-Market-PCB(Data enhanced version)/train/labels/09_mouse_bite_03_1.txt,1802,1480,RGB,.jpg,True
PKU,train,09_spurious_copper_06_1.jpg,/Users/user/Deep-Learning-PCB-Defect-Detection/data/PKU-Market-PCB(Data enhanced version)/train/images/09_spurious_copper_06_1.jpg,/Users/user/Deep-Learning-PCB-Defect-Detection/data/PKU-Market-PCB(Data enhanced version)/train/labels/09_spurious_copper_06_1.txt,2775,2159,RGB,.jpg,False
PKU,train,09_spurious_copper_01.jpg,/Users/user/Deep-Learning-PCB-Defect-Detection/data/PKU-Market-PCB(Data enhanced version)/train/images/09_spurious_copper_01.jpg,/Users/user/Deep-Learning-PCB-Defect-Detection/data/PKU-Market-PCB(Data enhanced version)/train/labels/09_spurious_copper_01.txt,2775,2159,RGB,.jpg,False
PKU,train,11_mouse_bite_01_2.jpg,/Users/user/Deep-Learning-PCB-Defect-Detection/data/PKU-Market-PCB(Data enhanced version)/train/images/11_mouse_bite_01_2.jpg,/Users/user/Deep-Learning-PCB-Defect-Detection/data/PKU-Market-PCB(Data enhanced version)/train/labels/11_mouse_bite_01_2.txt,1546,1626,RGB,.jpg,True
PKU,train,10_missing_hole_04.jpg,/Users/user/Deep-Learning-PCB-Defect-Detection/data/PKU-Market-PCB(Data enhanced version)/train/images/10_missing_hole_04.jpg,/Users/user/Deep-Learning-PCB-Defect-Detection/data/PKU-Market-PCB(Data enhanced version)/train/labels/10_missing_hole_04.txt,2240,2016,RGB,.jpg,False
PKU,train,10_mouse_bite_05_3.jpg,/Users/user/Deep-Learning-PCB-Defect-Detection/data/PKU-Market-PCB(Data enhanced version)/train/images/10_mouse_bite_05_3.jpg,/Users/user/Deep-Learning-PCB-Defect-Detection/data/PKU-Market-PCB(Data enhanced version)/train/labels/10_mouse_bite_05_3.txt,2240,2016,RGB,.jpg,False
PKU,train,09_spurious_copper_05.jpg,/Users/user/Deep-Learning-PCB-Defect-Detection/data/PKU-Market-PCB(Data enhanced version)/train/images/09_spurious_copper_05.jpg,/Users/user/Deep-Learning-PCB-Defect-Detection/data/PKU-Market-PCB(Data enhanced version)/train/labels/09_spurious_copper_05.txt,2775,2159,RGB,.jpg,False
PKU,train,09_spur_10_3.jpg,/Users/user/Deep-Learning-PCB-Defect-Detection/data/PKU-Market-PCB(Data enhanced version)/train/images/09_spur_10_3.jpg,/Users/user/Deep-Learning-PCB-Defect-Detection/data/PKU-Market-PCB(Data enhanced version)/train/labels/09_spur_10_3.txt,1680,1591,RGB,.jpg,False
PKU,train,10_missing_hole_01_1.jpg,/Users/user/Deep-Learning-PCB-Defect-Detection/data/PKU-Market-PCB(Data enhanced version)/train/images/10_missing_hole_01_1.jpg,/Users/user/Deep-Learning-PCB-Defect-Detection/data/PKU-Market-PCB(Data enhanced version)/train/labels/10_missing_hole_01_1.txt,1601,1772,RGB,.jpg,False
PKU,train,10_missing_hole_03_3.jpg,/Users/user/Deep-Learning-PCB-Defect-Detection/data/PKU-Market-PCB(Data enhanced version)/train/images/10_missing_hole_03_3.jpg,/Users/user/Deep-Learning-PCB-Defect-Detection/data/PKU-Market-PCB(Data enhanced version)/train/labels/10_missing_hole_03_3.txt,2240,2016,RGB,.jpg,False
PKU,train,10_open_circuit_03_2.jpg,/Users/user/Deep-Learning-PCB-Defect-Detection/data/PKU-Market-PCB(Data enhanced version)/train/images/10_open_circuit_03_2.jpg,/Users/user/Deep-Learning-PCB-Defect-Detection/data/PKU-Market-PCB(Data enhanced version)/train/labels/10_open_circuit_03_2.txt,1687,1032,RGB,.jpg,False
PKU,train,11_missing_hole_01.jpg,/Users/user/Deep-Learning-PCB-Defect-Detection/data/PKU-Market-PCB(Data enhanced version)/train/images/11_missing_hole_01.jpg,/Users/user/Deep-Learning-PCB-Defect-Detection/data/PKU-Market-PCB(Data enhanced version)/train/labels/11_missing_hole_01.txt,2282,2248,RGB,.jpg,False
PKU,train,09_short_03.jpg,/Users/user/Deep-Learning-PCB-Defect-Detection/data/PKU-Market-PCB(Data enhanced version)/train/images/09_short_03.jpg,/Users/user/Deep-Learning-PCB-Defect-Detection/data/PKU-Market-PCB(Data enhanced version)/train/labels/09_short_03.txt,2775,2159,RGB,.jpg,False
PKU,train,11_missing_hole_08_1.jpg,/Users/user/Deep-Learning-PCB-Defect-Detection/data/PKU-Market-PCB(Data enhanced version)/train/images/11_missing_hole_08_1.jpg,/Users/user/Deep-Learning-PCB-Defect-Detection/data/PKU-Market-PCB(Data enhanced version)/train/labels/11_missing_hole_08_1.txt,1587,1862,RGB,.jpg,False
PKU,train,11_spur_08.jpg,/Users/user/Deep-Learning-PCB-Defect-Detection/data/PKU-Market-PCB(Data enhanced version)/train/images/11_spur_08.jpg,/Users/user/Deep-Learning-PCB-Defect-Detection/data/PKU-Market-PCB(Data enhanced version)/train/labels/11_spur_08.txt,2282,2248,RGB,.jpg,False
PKU,train,09_spur_09_2.jpg,/Users/user/Deep-Learning-PCB-Defect-Detection/data/PKU-Market-PCB(Data enhanced version)/train/images/09_spur_09_2.jpg,/Users/user/Deep-Learning-PCB-Defect-Detection/data/PKU-Market-PCB(Data enhanced version)/train/labels/09_spur_09_2.txt,2775,2159,RGB,.jpg,False
PKU,train,11_mouse_bite_05_2.jpg,/Users/user/Deep-Learning-PCB-Defect-Detection/data/PKU-Market-PCB(Data enhanced version)/train/images/11_mouse_bite_05_2.jpg,/Users/user/Deep-Learning-PCB-Defect-Detection/data/PKU-Market-PCB(Data enhanced version)/train/labels/11_mouse_bite_05_2.txt,1684,2081,RGB,.jpg,True
PKU,train,11_spur_02_1.jpg,/Users/user/Deep-Learning-PCB-Defect-Detection/data/PKU-Market-PCB(Data enhanced version)/train/images/11_spur_02_1.jpg,/Users/user/Deep-Learning-PCB-Defect-Detection/data/PKU-Market-PCB(Data enhanced version)/train/labels/11_spur_02_1.txt,2282,2248,RGB,.jpg,False
PKU,train,09_spurious_copper_02_1.jpg,/Users/user/Deep-Learning-PCB-Defect-Detection/data/PKU-Market-PCB(Data enhanced version)/train/images/09_spurious_copper_02_1.jpg,/Users/user/Deep-Learning-PCB-Defect-Detection/data/PKU-Market-PCB(Data enhanced version)/train/labels/09_spurious_copper_02_1.txt,2775,2159,RGB,.jpg,True
PKU,train,09_mouse_bite_10.jpg,/Users/user/Deep-Learning-PCB-Defect-Detection/data/PKU-Market-PCB(Data enhanced version)/train/images/09_mouse_bite_10.jpg,/Users/user/Deep-Learning-PCB-Defect-Detection/data/PKU-Market-PCB(Data enhanced version)/train/labels/09_mouse_bite_10.txt,2775,2159,RGB,.jpg,False
PKU,train,09_mouse_bite_05_3.jpg,/Users/user/Deep-Learning-PCB-Defect-Detection/data/PKU-Market-PCB(Data enhanced version)/train/images/09_mouse_bite_05_3.jpg,/Users/user/Deep-Learning-PCB-Defect-Detection/data/PKU-Market-PCB(Data enhanced version)/train/labels/09_mouse_bite_05_3.txt,2557,1894,RGB,.jpg,False
PKU,train,09_mouse_bite_04.jpg,/Users/user/Deep-Learning-PCB-Defect-Detection/data/PKU-Market-PCB(Data enhanced version)/train/images/09_mouse_bite_04.jpg,/Users/user/Deep-Learning-PCB-Defect-Detection/data/PKU-Market-PCB(Data enhanced version)/train/labels/09_mouse_bite_04.txt,2775,2159,RGB,.jpg,True
PKU,train,09_mouse_bite_05.jpg,/Users/user/Deep-Learning-PCB-Defect-Detection/data/PKU-Market-PCB(Data enhanced version)/train/images/09_mouse_bite_05.jpg,/Users/user/Deep-Learning-PCB-Defect-Detection/data/PKU-Market-PCB(Data enhanced version)/train/labels/09_mouse_bite_05.txt,2775,2159,RGB,.jpg,False
PKU,train,09_mouse_bite_05_2.jpg,/Users/user/Deep-Learning-PCB-Defect-Detection/data/PKU-Market-PCB(Data enhanced version)/train/images/09_mouse_bite_05_2.jpg,/Users/user/Deep-Learning-PCB-Defect-Detection/data/PKU-Market-PCB(Data enhanced version)/train/labels/09_mouse_bite_05_2.txt,2775,2159,RGB,.jpg,False
PKU,train,11_mouse_bite_07_1.jpg,/Users/user/Deep-Learning-PCB-Defect-Detection/data/PKU-Market-PCB(Data enhanced version)/train/images/11_mouse_bite_07_1.jpg,/Users/user/Deep-Learning-PCB-Defect-Detection/data/PKU-Market-PCB(Data enhanced version)/train/labels/11_mouse_bite_07_1.txt,2282,2248,RGB,.jpg,False
PKU,train,11_open_circuit_08_1.jpg,/Users/user/Deep-Learning-PCB-Defect-Detection/data/PKU-Market-PCB(Data enhanced version)/train/images/11_open_circuit_08_1.jpg,/Users/user/Deep-Learning-PCB-Defect-Detection/data/PKU-Market-PCB(Data enhanced version)/train/labels/11_open_circuit_08_1.txt,1857,1750,RGB,.jpg,True
PKU,train,11_mouse_bite_05_3.jpg,/Users/user/Deep-Learning-PCB-Defect-Detection/data/PKU-Market-PCB(Data enhanced version)/train/images/11_mouse_bite_05_3.jpg,/Users/user/Deep-Learning-PCB-Defect-Detection/data/PKU-Market-PCB(Data enhanced version)/train/labels/11_mouse_bite_05_3.txt,2282,2248,RGB,.jpg,True
PKU,train,09_spur_09_3.jpg,/Users/user/Deep-Learning-PCB-Defect-Detection/data/PKU-Market-PCB(Data enhanced version)/train/images/09_spur_09_3.jpg,/Users/user/Deep-Learning-PCB-Defect-Detection/data/PKU-Market-PCB(Data enhanced version)/train/labels/09_spur_09_3.txt,1731,1599,RGB,.jpg,True
PKU,train,11_mouse_bite_01.jpg,/Users/user/Deep-Learning-PCB-Defect-Detection/data/PKU-Market-PCB(Data enhanced version)/train/images/11_mouse_bite_01.jpg,/Users/user/Deep-Learning-PCB-Defect-Detection/data/PKU-Market-PCB(Data enhanced version)/train/labels/11_mouse_bite_01.txt,2282,2248,RGB,.jpg,False
PKU,train,09_short_02.jpg,/Users/user/Deep-Learning-PCB-Defect-Detection/data/PKU-Market-PCB(Data enhanced version)/train/images/09_short_02.jpg,/Users/user/Deep-Learning-PCB-Defect-Detection/data/PKU-Market-PCB(Data enhanced version)/train/labels/09_short_02.txt,2775,2159,RGB,.jpg,True
PKU,train,11_spur_09.jpg,/Users/user/Deep-Learning-PCB-Defect-Detection/data/PKU-Market-PCB(Data enhanced version)/train/images/11_spur_09.jpg,/Users/user/Deep-Learning-PCB-Defect-Detection/data/PKU-Market-PCB(Data enhanced version)/train/labels/11_spur_09.txt,2282,2248,RGB,.jpg,False
PKU,train,11_spurious_copper_08.jpg,/Users/user/Deep-Learning-PCB-Defect-Detection/data/PKU-Market-PCB(Data enhanced version)/train/images/11_spurious_copper_08.jpg,/Users/user/Deep-Learning-PCB-Defect-Detection/data/PKU-Market-PCB(Data enhanced version)/train/labels/11_spurious_copper_08.txt,2282,2248,RGB,.jpg,False
PKU,train,10_open_circuit_03_3.jpg,/Users/user/Deep-Learning-PCB-Defect-Detection/data/PKU-Market-PCB(Data enhanced version)/train/images/10_open_circuit_03_3.jpg,/Users/user/Deep-Learning-PCB-Defect-Detection/data/PKU-Market-PCB(Data enhanced version)/train/labels/10_open_circuit_03_3.txt,1609,537,RGB,.jpg,False
PKU,train,10_missing_hole_03_2.jpg,/Users/user/Deep-Learning-PCB-Defect-Detection/data/PKU-Market-PCB(Data enhanced version)/train/images/10_missing_hole_03_2.jpg,/Users/user/Deep-Learning-PCB-Defect-Detection/data/PKU-Market-PCB(Data enhanced version)/train/labels/10_missing_hole_03_2.txt,1332,1425,RGB,.jpg,False
PKU,train,10_open_circuit_01_1.jpg,/Users/user/Deep-Learning-PCB-Defect-Detection/data/PKU-Market-PCB(Data enhanced version)/train/images/10_open_circuit_01_1.jpg,/Users/user/Deep-Learning-PCB-Defect-Detection/data/PKU-Market-PCB(Data enhanced version)/train/labels/10_open_circuit_01_1.txt,2240,2016,RGB,.jpg,True
PKU,train,11_short_08_1.jpg,/Users/user/Deep-Learning-PCB-Defect-Detection/data/PKU-Market-PCB(Data enhanced version)/train/images/11_short_08_1.jpg,/Users/user/Deep-Learning-PCB-Defect-Detection/data/PKU-Market-PCB(Data enhanced version)/train/labels/11_short_08_1.txt,2282,2248,RGB,.jpg,True
PKU,train,09_spur_10_2.jpg,/Users/user/Deep-Learning-PCB-Defect-Detection/data/PKU-Market-PCB(Data enhanced version)/train/images/09_spur_10_2.jpg,/Users/user/Deep-Learning-PCB-Defect-Detection/data/PKU-Market-PCB(Data enhanced version)/train/labels/09_spur_10_2.txt,2775,2159,RGB,.jpg,True
PKU,train,09_spurious_copper_04.jpg,/Users/user/Deep-Learning-PCB-Defect-Detection/data/PKU-Market-PCB(Data enhanced version)/train/images/09_spurious_copper_04.jpg,/Users/user/Deep-Learning-PCB-Defect-Detection/data/PKU-Market-PCB(Data enhanced version)/train/labels/09_spurious_copper_04.txt,2775,2159,RGB,.jpg,True
PKU,train,10_missing_hole_01.jpg,/Users/user/Deep-Learning-PCB-Defect-Detection/data/PKU-Market-PCB(Data enhanced version)/train/images/10_missing_hole_01.jpg,/Users/user/Deep-Learning-PCB-Defect-Detection/data/PKU-Market-PCB(Data enhanced version)/train/labels/10_missing_hole_01.txt,2240,2016,RGB,.jpg,True
PKU,train,09_spurious_copper_10.jpg,/Users/user/Deep-Learning-PCB-Defect-Detection/data/PKU-Market-PCB(Data enhanced version)/train/images/09_spurious_copper_10.jpg,/Users/user/Deep-Learning-PCB-Defect-Detection/data/PKU-Market-PCB(Data enhanced version)/train/labels/09_spurious_copper_10.txt,2775,2159,RGB,.jpg,False
PKU,train,10_mouse_bite_05_2.jpg,/Users/user/Deep-Learning-PCB-Defect-Detection/data/PKU-Market-PCB(Data enhanced version)/train/images/10_mouse_bite_05_2.jpg,/Users/user/Deep-Learning-PCB-Defect-Detection/data/PKU-Market-PCB(Data enhanced version)/train/labels/10_mouse_bite_05_2.txt,1797,1571,RGB,.jpg,True
PKU,train,09_spurious_copper_06.jpg,/Users/user/Deep-Learning-PCB-Defect-Detection/data/PKU-Market-PCB(Data enhanced version)/train/images/09_spurious_copper_06.jpg,/Users/user/Deep-Learning-PCB-Defect-Detection/data/PKU-Market-PCB(Data enhanced version)/train/labels/09_spurious_copper_06.txt,2775,2159,RGB,.jpg,False
PKU,train,10_missing_hole_03.jpg,/Users/user/Deep-Learning-PCB-Defect-Detection/data/PKU-Market-PCB(Data enhanced version)/train/images/10_missing_hole_03.jpg,/Users/user/Deep-Learning-PCB-Defect-Detection/data/PKU-Market-PCB(Data enhanced version)/train/labels/10_missing_hole_03.txt,2240,2016,RGB,.jpg,False
PKU,train,10_missing_hole_01_2.jpg,/Users/user/Deep-Learning-PCB-Defect-Detection/data/PKU-Market-PCB(Data enhanced version)/train/images/10_missing_hole_01_2.jpg,/Users/user/Deep-Learning-PCB-Defect-Detection/data/PKU-Market-PCB(Data enhanced version)/train/labels/10_missing_hole_01_2.txt,1300,1474,RGB,.jpg,True
PKU,train,11_short_08_3.jpg,/Users/user/Deep-Learning-PCB-Defect-Detection/data/PKU-Market-PCB(Data enhanced version)/train/images/11_short_08_3.jpg,/Users/user/Deep-Learning-PCB-Defect-Detection/data/PKU-Market-PCB(Data enhanced version)/train/labels/11_short_08_3.txt,1706,1266,RGB,.jpg,False
PKU,train,10_open_circuit_01_3.jpg,/Users/user/Deep-Learning-PCB-Defect-Detection/data/PKU-Market-PCB(Data enhanced version)/train/images/10_open_circuit_01_3.jpg,/Users/user/Deep-Learning-PCB-Defect-Detection/data/PKU-Market-PCB(Data enhanced version)/train/labels/10_open_circuit_01_3.txt,2240,2016,RGB,.jpg,False
PKU,train,10_open_circuit_03_1.jpg,/Users/user/Deep-Learning-PCB-Defect-Detection/data/PKU-Market-PCB(Data enhanced version)/train/images/10_open_circuit_03_1.jpg,/Users/user/Deep-Learning-PCB-Defect-Detection/data/PKU-Market-PCB(Data enhanced version)/train/labels/10_open_circuit_03_1.txt,1331,1273,RGB,.jpg,True
PKU,train,09_spur_09_1.jpg,/Users/user/Deep-Learning-PCB-Defect-Detection/data/PKU-Market-PCB(Data enhanced version)/train/images/09_spur_09_1.jpg,/Users/user/Deep-Learning-PCB-Defect-Detection/data/PKU-Market-PCB(Data enhanced version)/train/labels/09_spur_09_1.txt,1758,1718,RGB,.jpg,False
PKU,train,10_mouse_bite_05.jpg,/Users/user/Deep-Learning-PCB-Defect-Detection/data/PKU-Market-PCB(Data enhanced version)/train/images/10_mouse_bite_05.jpg,/Users/user/Deep-Learning-PCB-Defect-Detection/data/PKU-Market-PCB(Data enhanced version)/train/labels/10_mouse_bite_05.txt,2240,2016,RGB,.jpg,True
PKU,train,11_missing_hole_02.jpg,/Users/user/Deep-Learning-PCB-Defect-Detection/data/PKU-Market-PCB(Data enhanced version)/train/images/11_missing_hole_02.jpg,/Users/user/Deep-Learning-PCB-Defect-Detection/data/PKU-Market-PCB(Data enhanced version)/train/labels/11_missing_hole_02.txt,2282,2248,RGB,.jpg,False
PKU,train,11_missing_hole_08_2.jpg,/Users/user/Deep-Learning-PCB-Defect-Detection/data/PKU-Market-PCB(Data enhanced version)/train/images/11_missing_hole_08_2.jpg,/Users/user/Deep-Learning-PCB-Defect-Detection/data/PKU-Market-PCB(Data enhanced version)/train/labels/11_missing_hole_08_2.txt,2282,2248,RGB,.jpg,False
PKU,train,11_mouse_bite_03.jpg,/Users/user/Deep-Learning-PCB-Defect-Detection/data/PKU-Market-PCB(Data enhanced version)/train/images/11_mouse_bite_03.jpg,/Users/user/Deep-Learning-PCB-Defect-Detection/data/PKU-Market-PCB(Data enhanced version)/train/labels/11_mouse_bite_03.txt,2282,2248,RGB,.jpg,True
PKU,train,11_mouse_bite_05_1.jpg,/Users/user/Deep-Learning-PCB-Defect-Detection/data/PKU-Market-PCB(Data enhanced version)/train/images/11_mouse_bite_05_1.jpg,/Users/user/Deep-Learning-PCB-Defect-Detection/data/PKU-Market-PCB(Data enhanced version)/train/labels/11_mouse_bite_05_1.txt,1410,1858,RGB,.jpg,False
PKU,train,11_open_circuit_08_3.jpg,/Users/user/Deep-Learning-PCB-Defect-Detection/data/PKU-Market-PCB(Data enhanced version)/train/images/11_open_circuit_08_3.jpg,/Users/user/Deep-Learning-PCB-Defect-Detection/data/PKU-Market-PCB(Data enhanced version)/train/labels/11_open_circuit_08_3.txt,1623,1211,RGB,.jpg,False
PKU,train,09_spurious_copper_02_2.jpg,/Users/user/Deep-Learning-PCB-Defect-Detection/data/PKU-Market-PCB(Data enhanced version)/train/images/09_spurious_copper_02_2.jpg,/Users/user/Deep-Learning-PCB-Defect-Detection/data/PKU-Market-PCB(Data enhanced version)/train/labels/09_spurious_copper_02_2.txt,2775,2159,RGB,.jpg,False
PKU,train,11_spur_02_2.jpg,/Users/user/Deep-Learning-PCB-Defect-Detection/data/PKU-Market-PCB(Data enhanced version)/train/images/11_spur_02_2.jpg,/Users/user/Deep-Learning-PCB-Defect-Detection/data/PKU-Market-PCB(Data enhanced version)/train/labels/11_spur_02_2.txt,1421,1589,RGB,.jpg,False
PKU,train,09_mouse_bite_07_2.jpg,/Users/user/Deep-Learning-PCB-Defect-Detection/data/PKU-Market-PCB(Data enhanced version)/train/images/09_mouse_bite_07_2.jpg,/Users/user/Deep-Learning-PCB-Defect-Detection/data/PKU-Market-PCB(Data enhanced version)/train/labels/09_mouse_bite_07_2.txt,2775,2159,RGB,.jpg,False
PKU,train,11_mouse_bite_07_3.jpg,/Users/user/Deep-Learning-PCB-Defect-Detection/data/PKU-Market-PCB(Data enhanced version)/train/images/11_mouse_bite_07_3.jpg,/Users/user/Deep-Learning-PCB-Defect-Detection/data/PKU-Market-PCB(Data enhanced version)/train/labels/11_mouse_bite_07_3.txt,2282,2248,RGB,.jpg,False
PKU,train,09_mouse_bite_07.jpg,/Users/user/Deep-Learning-PCB-Defect-Detection/data/PKU-Market-PCB(Data enhanced version)/train/images/09_mouse_bite_07.jpg,/Users/user/Deep-Learning-PCB-Defect-Detection/data/PKU-Market-PCB(Data enhanced version)/train/labels/09_mouse_bite_07.txt,2775,2159,RGB,.jpg,True
PKU,train,09_mouse_bite_05_1.jpg,/Users/user/Deep-Learning-PCB-Defect-Detection/data/PKU-Market-PCB(Data enhanced version)/train/images/09_mouse_bite_05_1.jpg,/Users/user/Deep-Learning-PCB-Defect-Detection/data/PKU-Market-PCB(Data enhanced version)/train/labels/09_mouse_bite_05_1.txt,2437,2023,RGB,.jpg,False
PKU,train,09_mouse_bite_06.jpg,/Users/user/Deep-Learning-PCB-Defect-Detection/data/PKU-Market-PCB(Data enhanced version)/train/images/09_mouse_bite_06.jpg,/Users/user/Deep-Learning-PCB-Defect-Detection/data/PKU-Market-PCB(Data enhanced version)/train/labels/09_mouse_bite_06.txt,2775,2159,RGB,.jpg,False
PKU,train,11_mouse_bite_07_2.jpg,/Users/user/Deep-Learning-PCB-Defect-Detection/data/PKU-Market-PCB(Data enhanced version)/train/images/11_mouse_bite_07_2.jpg,/Users/user/Deep-Learning-PCB-Defect-Detection/data/PKU-Market-PCB(Data enhanced version)/train/labels/11_mouse_bite_07_2.txt,1871,2027,RGB,.jpg,False
PKU,train,09_mouse_bite_07_3.jpg,/Users/user/Deep-Learning-PCB-Defect-Detection/data/PKU-Market-PCB(Data enhanced version)/train/images/09_mouse_bite_07_3.jpg,/Users/user/Deep-Learning-PCB-Defect-Detection/data/PKU-Market-PCB(Data enhanced version)/train/labels/09_mouse_bite_07_3.txt,2775,2159,RGB,.jpg,False
PKU,train,11_spur_02_3.jpg,/Users/user/Deep-Learning-PCB-Defect-Detection/data/PKU-Market-PCB(Data enhanced version)/train/images/11_spur_02_3.jpg,/Users/user/Deep-Learning-PCB-Defect-Detection/data/PKU-Market-PCB(Data enhanced version)/train/labels/11_spur_02_3.txt,2282,2248,RGB,.jpg,True
PKU,train,09_spurious_copper_02_3.jpg,/Users/user/Deep-Learning-PCB-Defect-Detection/data/PKU-Market-PCB(Data enhanced version)/train/images/09_spurious_copper_02_3.jpg,/Users/user/Deep-Learning-PCB-Defect-Detection/data/PKU-Market-PCB(Data enhanced version)/train/labels/09_spurious_copper_02_3.txt,1920,1483,RGB,.jpg,True
PKU,train,11_open_circuit_08_2.jpg,/Users/user/Deep-Learning-PCB-Defect-Detection/data/PKU-Market-PCB(Data enhanced version)/train/images/11_open_circuit_08_2.jpg,/Users/user/Deep-Learning-PCB-Defect-Detection/data/PKU-Market-PCB(Data enhanced version)/train/labels/11_open_circuit_08_2.txt,2282,2248,RGB,.jpg,True
PKU,train,10_mouse_bite_04.jpg,/Users/user/Deep-Learning-PCB-Defect-Detection/data/PKU-Market-PCB(Data enhanced version)/train/images/10_mouse_bite_04.jpg,/Users/user/Deep-Learning-PCB-Defect-Detection/data/PKU-Market-PCB(Data enhanced version)/train/labels/10_mouse_bite_04.txt,2240,2016,RGB,.jpg,False
PKU,train,11_mouse_bite_02.jpg,/Users/user/Deep-Learning-PCB-Defect-Detection/data/PKU-Market-PCB(Data enhanced version)/train/images/11_mouse_bite_02.jpg,/Users/user/Deep-Learning-PCB-Defect-Detection/data/PKU-Market-PCB(Data enhanced version)/train/labels/11_mouse_bite_02.txt,2282,2248,RGB,.jpg,False
PKU,train,11_missing_hole_08_3.jpg,/Users/user/Deep-Learning-PCB-Defect-Detection/data/PKU-Market-PCB(Data enhanced version)/train/images/11_missing_hole_08_3.jpg,/Users/user/Deep-Learning-PCB-Defect-Detection/data/PKU-Market-PCB(Data enhanced version)/train/labels/11_missing_hole_08_3.txt,1207,981,RGB,.jpg,True
PKU,train,09_short_01.jpg,/Users/user/Deep-Learning-PCB-Defect-Detection/data/PKU-Market-PCB(Data enhanced version)/train/images/09_short_01.jpg,/Users/user/Deep-Learning-PCB-Defect-Detection/data/PKU-Market-PCB(Data enhanced version)/train/labels/09_short_01.txt,2775,2159,RGB,.jpg,True
PKU,train,11_missing_hole_03.jpg,/Users/user/Deep-Learning-PCB-Defect-Detection/data/PKU-Market-PCB(Data enhanced version)/train/images/11_missing_hole_03.jpg,/Users/user/Deep-Learning-PCB-Defect-Detection/data/PKU-Market-PCB(Data enhanced version)/train/labels/11_missing_hole_03.txt,2282,2248,RGB,.jpg,False
PKU,train,10_missing_hole_03_1.jpg,/Users/user/Deep-Learning-PCB-Defect-Detection/data/PKU-Market-PCB(Data enhanced version)/train/images/10_missing_hole_03_1.jpg,/Users/user/Deep-Learning-PCB-Defect-Detection/data/PKU-Market-PCB(Data enhanced version)/train/labels/10_missing_hole_03_1.txt,703,1662,RGB,.jpg,True
PKU,train,10_open_circuit_01_2.jpg,/Users/user/Deep-Learning-PCB-Defect-Detection/data/PKU-Market-PCB(Data enhanced version)/train/images/10_open_circuit_01_2.jpg,/Users/user/Deep-Learning-PCB-Defect-Detection/data/PKU-Market-PCB(Data enhanced version)/train/labels/10_open_circuit_01_2.txt,1881,1555,RGB,.jpg,True
PKU,train,11_short_08_2.jpg,/Users/user/Deep-Learning-PCB-Defect-Detection/data/PKU-Market-PCB(Data enhanced version)/train/images/11_short_08_2.jpg,/Users/user/Deep-Learning-PCB-Defect-Detection/data/PKU-Market-PCB(Data enhanced version)/train/labels/11_short_08_2.txt,1693,1913,RGB,.jpg,True
PKU,train,10_missing_hole_01_3.jpg,/Users/user/Deep-Learning-PCB-Defect-Detection/data/PKU-Market-PCB(Data enhanced version)/train/images/10_missing_hole_01_3.jpg,/Users/user/Deep-Learning-PCB-Defect-Detection/data/PKU-Market-PCB(Data enhanced version)/train/labels/10_missing_hole_01_3.txt,1060,1759,RGB,.jpg,False
PKU,train,09_spur_10_1.jpg,/Users/user/Deep-Learning-PCB-Defect-Detection/data/PKU-Market-PCB(Data enhanced version)/train/images/09_spur_10_1.jpg,/Users/user/Deep-Learning-PCB-Defect-Detection/data/PKU-Market-PCB(Data enhanced version)/train/labels/09_spur_10_1.txt,2026,1407,RGB,.jpg,False
PKU,train,10_missing_hole_02.jpg,/Users/user/Deep-Learning-PCB-Defect-Detection/data/PKU-Market-PCB(Data enhanced version)/train/images/10_missing_hole_02.jpg,/Users/user/Deep-Learning-PCB-Defect-Detection/data/PKU-Market-PCB(Data enhanced version)/train/labels/10_missing_hole_02.txt,2240,2016,RGB,.jpg,False
PKU,train,09_spurious_copper_07.jpg,/Users/user/Deep-Learning-PCB-Defect-Detection/data/PKU-Market-PCB(Data enhanced version)/train/images/09_spurious_copper_07.jpg,/Users/user/Deep-Learning-PCB-Defect-Detection/data/PKU-Market-PCB(Data enhanced version)/train/labels/09_spurious_copper_07.txt,2775,2159,RGB,.jpg,False
PKU,train,10_mouse_bite_05_1.jpg,/Users/user/Deep-Learning-PCB-Defect-Detection/data/PKU-Market-PCB(Data enhanced version)/train/images/10_mouse_bite_05_1.jpg,/Users/user/Deep-Learning-PCB-Defect-Detection/data/PKU-Market-PCB(Data enhanced version)/train/labels/10_mouse_bite_05_1.txt,1747,1395,RGB,.jpg,True
PKU,train,10_spur_03.jpg,/Users/user/Deep-Learning-PCB-Defect-Detection/data/PKU-Market-PCB(Data enhanced version)/train/images/10_spur_03.jpg,/Users/user/Deep-Learning-PCB-Defect-Detection/data/PKU-Market-PCB(Data enhanced version)/train/labels/10_spur_03.txt,2240,2016,RGB,.jpg,False
PKU,train,09_open_circuit_08_1.jpg,/Users/user/Deep-Learning-PCB-Defect-Detection/data/PKU-Market-PCB(Data enhanced version)/train/images/09_open_circuit_08_1.jpg,/Users/user/Deep-Learning-PCB-Defect-Detection/data/PKU-Market-PCB(Data enhanced version)/train/labels/09_open_circuit_08_1.txt,2775,2159,RGB,.jpg,True
PKU,train,09_open_circuit_06.jpg,/Users/user/Deep-Learning-PCB-Defect-Detection/data/PKU-Market-PCB(Data enhanced version)/train/images/09_open_circuit_06.jpg,/Users/user/Deep-Learning-PCB-Defect-Detection/data/PKU-Market-PCB(Data enhanced version)/train/labels/09_open_circuit_06.txt,2775,2159,RGB,.jpg,False
PKU,train,10_open_circuit_06_3.jpg,/Users/user/Deep-Learning-PCB-Defect-Detection/data/PKU-Market-PCB(Data enhanced version)/train/images/10_open_circuit_06_3.jpg,/Users/user/Deep-Learning-PCB-Defect-Detection/data/PKU-Market-PCB(Data enhanced version)/train/labels/10_open_circuit_06_3.txt,2240,2016,RGB,.jpg,True
PKU,train,11_open_circuit_07.jpg,/Users/user/Deep-Learning-PCB-Defect-Detection/data/PKU-Market-PCB(Data enhanced version)/train/images/11_open_circuit_07.jpg,/Users/user/Deep-Learning-PCB-Defect-Detection/data/PKU-Market-PCB(Data enhanced version)/train/labels/11_open_circuit_07.txt,2282,2248,RGB,.jpg,True
PKU,train,10_open_circuit_04_1.jpg,/Users/user/Deep-Learning-PCB-Defect-Detection/data/PKU-Market-PCB(Data enhanced version)/train/images/10_open_circuit_04_1.jpg,/Users/user/Deep-Learning-PCB-Defect-Detection/data/PKU-Market-PCB(Data enhanced version)/train/labels/10_open_circuit_04_1.txt,2240,2016,RGB,.jpg,False
PKU,train,11_mouse_bite_02_1.jpg,/Users/user/Deep-Learning-PCB-Defect-Detection/data/PKU-Market-PCB(Data enhanced version)/train/images/11_mouse_bite_02_1.jpg,/Users/user/Deep-Learning-PCB-Defect-Detection/data/PKU-Market-PCB(Data enhanced version)/train/labels/11_mouse_bite_02_1.txt,2282,2248,RGB,.jpg,False
PKU,train,09_short_08_1.jpg,/Users/user/Deep-Learning-PCB-Defect-Detection/data/PKU-Market-PCB(Data enhanced version)/train/images/09_short_08_1.jpg,/Users/user/Deep-Learning-PCB-Defect-Detection/data/PKU-Market-PCB(Data enhanced version)/train/labels/09_short_08_1.txt,2264,1388,RGB,.jpg,False
PKU,train,09_spurious_copper_05_2.jpg,/Users/user/Deep-Learning-PCB-Defect-Detection/data/PKU-Market-PCB(Data enhanced version)/train/images/09_spurious_copper_05_2.jpg,/Users/user/Deep-Learning-PCB-Defect-Detection/data/PKU-Market-PCB(Data enhanced version)/train/labels/09_spurious_copper_05_2.txt,1734,1860,RGB,.jpg,True
PKU,train,11_spur_05_2.jpg,/Users/user/Deep-Learning-PCB-Defect-Detection/data/PKU-Market-PCB(Data enhanced version)/train/images/11_spur_05_2.jpg,/Users/user/Deep-Learning-PCB-Defect-Detection/data/PKU-Market-PCB(Data enhanced version)/train/labels/11_spur_05_2.txt,2282,2248,RGB,.jpg,False
PKU,train,10_open_circuit_06.jpg,/Users/user/Deep-Learning-PCB-Defect-Detection/data/PKU-Market-PCB(Data enhanced version)/train/images/10_open_circuit_06.jpg,/Users/user/Deep-Learning-PCB-Defect-Detection/data/PKU-Market-PCB(Data enhanced version)/train/labels/10_open_circuit_06.txt,2240,2016,RGB,.jpg,False
PKU,train,09_spur_07.jpg,/Users/user/Deep-Learning-PCB-Defect-Detection/data/PKU-Market-PCB(Data enhanced version)/train/images/09_spur_07.jpg,/Users/user/Deep-Learning-PCB-Defect-Detection/data/PKU-Market-PCB(Data enhanced version)/train/labels/09_spur_07.txt,2775,2159,RGB,.jpg,True
PKU,train,11_spur_07_1.jpg,/Users/user/Deep-Learning-PCB-Defect-Detection/data/PKU-Market-PCB(Data enhanced version)/train/images/11_spur_07_1.jpg,/Users/user/Deep-Learning-PCB-Defect-Detection/data/PKU-Market-PCB(Data enhanced version)/train/labels/11_spur_07_1.txt,2282,2248,RGB,.jpg,False
PKU,train,09_spurious_copper_07_1.jpg,/Users/user/Deep-Learning-PCB-Defect-Detection/data/PKU-Market-PCB(Data enhanced version)/train/images/09_spurious_copper_07_1.jpg,/Users/user/Deep-Learning-PCB-Defect-Detection/data/PKU-Market-PCB(Data enhanced version)/train/labels/09_spurious_copper_07_1.txt,1852,1544,RGB,.jpg,True
PKU,train,09_spur_06.jpg,/Users/user/Deep-Learning-PCB-Defect-Detection/data/PKU-Market-PCB(Data enhanced version)/train/images/09_spur_06.jpg,/Users/user/Deep-Learning-PCB-Defect-Detection/data/PKU-Market-PCB(Data enhanced version)/train/labels/09_spur_06.txt,2775,2159,RGB,.jpg,True
PKU,train,11_short_01.jpg,/Users/user/Deep-Learning-PCB-Defect-Detection/data/PKU-Market-PCB(Data enhanced version)/train/images/11_short_01.jpg,/Users/user/Deep-Learning-PCB-Defect-Detection/data/PKU-Market-PCB(Data enhanced version)/train/labels/11_short_01.txt,2282,2248,RGB,.jpg,False
PKU,train,11_spur_05_3.jpg,/Users/user/Deep-Learning-PCB-Defect-Detection/data/PKU-Market-PCB(Data enhanced version)/train/images/11_spur_05_3.jpg,/Users/user/Deep-Learning-PCB-Defect-Detection/data/PKU-Market-PCB(Data enhanced version)/train/labels/11_spur_05_3.txt,1367,1871,RGB,.jpg,True
PKU,train,09_spurious_copper_05_3.jpg,/Users/user/Deep-Learning-PCB-Defect-Detection/data/PKU-Market-PCB(Data enhanced version)/train/images/09_spurious_copper_05_3.jpg,/Users/user/Deep-Learning-PCB-Defect-Detection/data/PKU-Market-PCB(Data enhanced version)/train/labels/09_spurious_copper_05_3.txt,2005,1802,RGB,.jpg,True
PKU,train,10_missing_hole_04_1.jpg,/Users/user/Deep-Learning-PCB-Defect-Detection/data/PKU-Market-PCB(Data enhanced version)/train/images/10_missing_hole_04_1.jpg,/Users/user/Deep-Learning-PCB-Defect-Detection/data/PKU-Market-PCB(Data enhanced version)/train/labels/10_missing_hole_04_1.txt,2240,2016,RGB,.jpg,True
PKU,train,11_open_circuit_06.jpg,/Users/user/Deep-Learning-PCB-Defect-Detection/data/PKU-Market-PCB(Data enhanced version)/train/images/11_open_circuit_06.jpg,/Users/user/Deep-Learning-PCB-Defect-Detection/data/PKU-Market-PCB(Data enhanced version)/train/labels/11_open_circuit_06.txt,2282,2248,RGB,.jpg,False
PKU,train,10_open_circuit_06_2.jpg,/Users/user/Deep-Learning-PCB-Defect-Detection/data/PKU-Market-PCB(Data enhanced version)/train/images/10_open_circuit_06_2.jpg,/Users/user/Deep-Learning-PCB-Defect-Detection/data/PKU-Market-PCB(Data enhanced version)/train/labels/10_open_circuit_06_2.txt,1321,1163,RGB,.jpg,True
PKU,train,09_open_circuit_07.jpg,/Users/user/Deep-Learning-PCB-Defect-Detection/data/PKU-Market-PCB(Data enhanced version)/train/images/09_open_circuit_07.jpg,/Users/user/Deep-Learning-PCB-Defect-Detection/data/PKU-Market-PCB(Data enhanced version)/train/labels/09_open_circuit_07.txt,2775,2159,RGB,.jpg,False
PKU,train,10_mouse_bite_02_1.jpg,/Users/user/Deep-Learning-PCB-Defect-Detection/data/PKU-Market-PCB(Data enhanced version)/train/images/10_mouse_bite_02_1.jpg,/Users/user/Deep-Learning-PCB-Defect-Detection/data/PKU-Market-PCB(Data enhanced version)/train/labels/10_mouse_bite_02_1.txt,2240,2016,RGB,.jpg,False
PKU,train,10_spur_02.jpg,/Users/user/Deep-Learning-PCB-Defect-Detection/data/PKU-Market-PCB(Data enhanced version)/train/images/10_spur_02.jpg,/Users/user/Deep-Learning-PCB-Defect-Detection/data/PKU-Market-PCB(Data enhanced version)/train/labels/10_spur_02.txt,2240,2016,RGB,.jpg,False
PKU,train,10_mouse_bite_02_3.jpg,/Users/user/Deep-Learning-PCB-Defect-Detection/data/PKU-Market-PCB(Data enhanced version)/train/images/10_mouse_bite_02_3.jpg,/Users/user/Deep-Learning-PCB-Defect-Detection/data/PKU-Market-PCB(Data enhanced version)/train/labels/10_mouse_bite_02_3.txt,1369,1392,RGB,.jpg,True
PKU,train,09_open_circuit_05.jpg,/Users/user/Deep-Learning-PCB-Defect-Detection/data/PKU-Market-PCB(Data enhanced version)/train/images/09_open_circuit_05.jpg,/Users/user/Deep-Learning-PCB-Defect-Detection/data/PKU-Market-PCB(Data enhanced version)/train/labels/09_open_circuit_05.txt,2775,2159,RGB,.jpg,False
PKU,train,09_open_circuit_08_2.jpg,/Users/user/Deep-Learning-PCB-Defect-Detection/data/PKU-Market-PCB(Data enhanced version)/train/images/09_open_circuit_08_2.jpg,/Users/user/Deep-Learning-PCB-Defect-Detection/data/PKU-Market-PCB(Data enhanced version)/train/labels/09_open_circuit_08_2.txt,2775,2159,RGB,.jpg,True
PKU,train,10_short_04.jpg,/Users/user/Deep-Learning-PCB-Defect-Detection/data/PKU-Market-PCB(Data enhanced version)/train/images/10_short_04.jpg,/Users/user/Deep-Learning-PCB-Defect-Detection/data/PKU-Market-PCB(Data enhanced version)/train/labels/10_short_04.txt,2240,2016,RGB,.jpg,False
PKU,train,11_open_circuit_04.jpg,/Users/user/Deep-Learning-PCB-Defect-Detection/data/PKU-Market-PCB(Data enhanced version)/train/images/11_open_circuit_04.jpg,/Users/user/Deep-Learning-PCB-Defect-Detection/data/PKU-Market-PCB(Data enhanced version)/train/labels/11_open_circuit_04.txt,2282,2248,RGB,.jpg,True
PKU,train,11_open_circuit_10.jpg,/Users/user/Deep-Learning-PCB-Defect-Detection/data/PKU-Market-PCB(Data enhanced version)/train/images/11_open_circuit_10.jpg,/Users/user/Deep-Learning-PCB-Defect-Detection/data/PKU-Market-PCB(Data enhanced version)/train/labels/11_open_circuit_10.txt,2282,2248,RGB,.jpg,False
PKU,train,10_open_circuit_04_2.jpg,/Users/user/Deep-Learning-PCB-Defect-Detection/data/PKU-Market-PCB(Data enhanced version)/train/images/10_open_circuit_04_2.jpg,/Users/user/Deep-Learning-PCB-Defect-Detection/data/PKU-Market-PCB(Data enhanced version)/train/labels/10_open_circuit_04_2.txt,1828,1199,RGB,.jpg,True
PKU,train,10_missing_hole_04_3.jpg,/Users/user/Deep-Learning-PCB-Defect-Detection/data/PKU-Market-PCB(Data enhanced version)/train/images/10_missing_hole_04_3.jpg,/Users/user/Deep-Learning-PCB-Defect-Detection/data/PKU-Market-PCB(Data enhanced version)/train/labels/10_missing_hole_04_3.txt,2240,2016,RGB,.jpg,False
PKU,train,09_short_08_2.jpg,/Users/user/Deep-Learning-PCB-Defect-Detection/data/PKU-Market-PCB(Data enhanced version)/train/images/09_short_08_2.jpg,/Users/user/Deep-Learning-PCB-Defect-Detection/data/PKU-Market-PCB(Data enhanced version)/train/labels/09_short_08_2.txt,2775,2159,RGB,.jpg,False
PKU,train,11_spur_05_1.jpg,/Users/user/Deep-Learning-PCB-Defect-Detection/data/PKU-Market-PCB(Data enhanced version)/train/images/11_spur_05_1.jpg,/Users/user/Deep-Learning-PCB-Defect-Detection/data/PKU-Market-PCB(Data enhanced version)/train/labels/11_spur_05_1.txt,1561,1815,RGB,.jpg,True
PKU,train,09_spurious_copper_05_1.jpg,/Users/user/Deep-Learning-PCB-Defect-Detection/data/PKU-Market-PCB(Data enhanced version)/train/images/09_spurious_copper_05_1.jpg,/Users/user/Deep-Learning-PCB-Defect-Detection/data/PKU-Market-PCB(Data enhanced version)/train/labels/09_spurious_copper_05_1.txt,2775,2159,RGB,.jpg,False
PKU,train,10_open_circuit_05.jpg,/Users/user/Deep-Learning-PCB-Defect-Detection/data/PKU-Market-PCB(Data enhanced version)/train/images/10_open_circuit_05.jpg,/Users/user/Deep-Learning-PCB-Defect-Detection/data/PKU-Market-PCB(Data enhanced version)/train/labels/10_open_circuit_05.txt,2240,2016,RGB,.jpg,True
PKU,train,11_short_03.jpg,/Users/user/Deep-Learning-PCB-Defect-Detection/data/PKU-Market-PCB(Data enhanced version)/train/images/11_short_03.jpg,/Users/user/Deep-Learning-PCB-Defect-Detection/data/PKU-Market-PCB(Data enhanced version)/train/labels/11_short_03.txt,2282,2248,RGB,.jpg,False
PKU,train,09_spur_04.jpg,/Users/user/Deep-Learning-PCB-Defect-Detection/data/PKU-Market-PCB(Data enhanced version)/train/images/09_spur_04.jpg,/Users/user/Deep-Learning-PCB-Defect-Detection/data/PKU-Market-PCB(Data enhanced version)/train/labels/09_spur_04.txt,2775,2159,RGB,.jpg,False
PKU,train,09_spur_10.jpg,/Users/user/Deep-Learning-PCB-Defect-Detection/data/PKU-Market-PCB(Data enhanced version)/train/images/09_spur_10.jpg,/Users/user/Deep-Learning-PCB-Defect-Detection/data/PKU-Market-PCB(Data enhanced version)/train/labels/09_spur_10.txt,2775,2159,RGB,.jpg,False
PKU,train,09_mouse_bite_02_3.jpg,/Users/user/Deep-Learning-PCB-Defect-Detection/data/PKU-Market-PCB(Data enhanced version)/train/images/09_mouse_bite_02_3.jpg,/Users/user/Deep-Learning-PCB-Defect-Detection/data/PKU-Market-PCB(Data enhanced version)/train/labels/09_mouse_bite_02_3.txt,1544,1760,RGB,.jpg,False
PKU,train,11_spur_07_3.jpg,/Users/user/Deep-Learning-PCB-Defect-Detection/data/PKU-Market-PCB(Data enhanced version)/train/images/11_spur_07_3.jpg,/Users/user/Deep-Learning-PCB-Defect-Detection/data/PKU-Market-PCB(Data enhanced version)/train/labels/11_spur_07_3.txt,2282,2248,RGB,.jpg,False
PKU,train,09_spurious_copper_07_3.jpg,/Users/user/Deep-Learning-PCB-Defect-Detection/data/PKU-Market-PCB(Data enhanced version)/train/images/09_spurious_copper_07_3.jpg,/Users/user/Deep-Learning-PCB-Defect-Detection/data/PKU-Market-PCB(Data enhanced version)/train/labels/09_spurious_copper_07_3.txt,2014,1448,RGB,.jpg,True
PKU,train,09_spurious_copper_07_2.jpg,/Users/user/Deep-Learning-PCB-Defect-Detection/data/PKU-Market-PCB(Data enhanced version)/train/images/09_spurious_copper_07_2.jpg,/Users/user/Deep-Learning-PCB-Defect-Detection/data/PKU-Market-PCB(Data enhanced version)/train/labels/09_spurious_copper_07_2.txt,2775,2159,RGB,.jpg,False
PKU,train,11_spur_07_2.jpg,/Users/user/Deep-Learning-PCB-Defect-Detection/data/PKU-Market-PCB(Data enhanced version)/train/images/11_spur_07_2.jpg,/Users/user/Deep-Learning-PCB-Defect-Detection/data/PKU-Market-PCB(Data enhanced version)/train/labels/11_spur_07_2.txt,2282,2248,RGB,.jpg,False
PKU,train,09_spur_05.jpg,/Users/user/Deep-Learning-PCB-Defect-Detection/data/PKU-Market-PCB(Data enhanced version)/train/images/09_spur_05.jpg,/Users/user/Deep-Learning-PCB-Defect-Detection/data/PKU-Market-PCB(Data enhanced version)/train/labels/09_spur_05.txt,2775,2159,RGB,.jpg,True
PKU,train,11_short_02.jpg,/Users/user/Deep-Learning-PCB-Defect-Detection/data/PKU-Market-PCB(Data enhanced version)/train/images/11_short_02.jpg,/Users/user/Deep-Learning-PCB-Defect-Detection/data/PKU-Market-PCB(Data enhanced version)/train/labels/11_short_02.txt,2282,2248,RGB,.jpg,True
PKU,train,10_open_circuit_04.jpg,/Users/user/Deep-Learning-PCB-Defect-Detection/data/PKU-Market-PCB(Data enhanced version)/train/images/10_open_circuit_04.jpg,/Users/user/Deep-Learning-PCB-Defect-Detection/data/PKU-Market-PCB(Data enhanced version)/train/labels/10_open_circuit_04.txt,2240,2016,RGB,.jpg,False
PKU,train,11_mouse_bite_02_3.jpg,/Users/user/Deep-Learning-PCB-Defect-Detection/data/PKU-Market-PCB(Data enhanced version)/train/images/11_mouse_bite_02_3.jpg,/Users/user/Deep-Learning-PCB-Defect-Detection/data/PKU-Market-PCB(Data enhanced version)/train/labels/11_mouse_bite_02_3.txt,1831,1776,RGB,.jpg,False
PKU,train,10_missing_hole_04_2.jpg,/Users/user/Deep-Learning-PCB-Defect-Detection/data/PKU-Market-PCB(Data enhanced version)/train/images/10_missing_hole_04_2.jpg,/Users/user/Deep-Learning-PCB-Defect-Detection/data/PKU-Market-PCB(Data enhanced version)/train/labels/10_missing_hole_04_2.txt,2240,2016,RGB,.jpg,False
PKU,train,10_open_circuit_04_3.jpg,/Users/user/Deep-Learning-PCB-Defect-Detection/data/PKU-Market-PCB(Data enhanced version)/train/images/10_open_circuit_04_3.jpg,/Users/user/Deep-Learning-PCB-Defect-Detection/data/PKU-Market-PCB(Data enhanced version)/train/labels/10_open_circuit_04_3.txt,2240,2016,RGB,.jpg,False
PKU,train,11_open_circuit_05.jpg,/Users/user/Deep-Learning-PCB-Defect-Detection/data/PKU-Market-PCB(Data enhanced version)/train/images/11_open_circuit_05.jpg,/Users/user/Deep-Learning-PCB-Defect-Detection/data/PKU-Market-PCB(Data enhanced version)/train/labels/11_open_circuit_05.txt,2282,2248,RGB,.jpg,False
PKU,train,10_short_05.jpg,/Users/user/Deep-Learning-PCB-Defect-Detection/data/PKU-Market-PCB(Data enhanced version)/train/images/10_short_05.jpg,/Users/user/Deep-Learning-PCB-Defect-Detection/data/PKU-Market-PCB(Data enhanced version)/train/labels/10_short_05.txt,2240,2016,RGB,.jpg,False
PKU,train,09_open_circuit_10.jpg,/Users/user/Deep-Learning-PCB-Defect-Detection/data/PKU-Market-PCB(Data enhanced version)/train/images/09_open_circuit_10.jpg,/Users/user/Deep-Learning-PCB-Defect-Detection/data/PKU-Market-PCB(Data enhanced version)/train/labels/09_open_circuit_10.txt,2775,2159,RGB,.jpg,False
PKU,train,09_open_circuit_08_3.jpg,/Users/user/Deep-Learning-PCB-Defect-Detection/data/PKU-Market-PCB(Data enhanced version)/train/images/09_open_circuit_08_3.jpg,/Users/user/Deep-Learning-PCB-Defect-Detection/data/PKU-Market-PCB(Data enhanced version)/train/labels/09_open_circuit_08_3.txt,2775,2159,RGB,.jpg,True
PKU,train,10_open_circuit_06_1.jpg,/Users/user/Deep-Learning-PCB-Defect-Detection/data/PKU-Market-PCB(Data enhanced version)/train/images/10_open_circuit_06_1.jpg,/Users/user/Deep-Learning-PCB-Defect-Detection/data/PKU-Market-PCB(Data enhanced version)/train/labels/10_open_circuit_06_1.txt,1449,1829,RGB,.jpg,True
PKU,train,09_open_circuit_04.jpg,/Users/user/Deep-Learning-PCB-Defect-Detection/data/PKU-Market-PCB(Data enhanced version)/train/images/09_open_circuit_04.jpg,/Users/user/Deep-Learning-PCB-Defect-Detection/data/PKU-Market-PCB(Data enhanced version)/train/labels/09_open_circuit_04.txt,2775,2159,RGB,.jpg,False
PKU,train,10_spur_01.jpg,/Users/user/Deep-Learning-PCB-Defect-Detection/data/PKU-Market-PCB(Data enhanced version)/train/images/10_spur_01.jpg,/Users/user/Deep-Learning-PCB-Defect-Detection/data/PKU-Market-PCB(Data enhanced version)/train/labels/10_spur_01.txt,2240,2016,RGB,.jpg,False
PKU,train,10_mouse_bite_02_2.jpg,/Users/user/Deep-Learning-PCB-Defect-Detection/data/PKU-Market-PCB(Data enhanced version)/train/images/10_mouse_bite_02_2.jpg,/Users/user/Deep-Learning-PCB-Defect-Detection/data/PKU-Market-PCB(Data enhanced version)/train/labels/10_mouse_bite_02_2.txt,1690,1563,RGB,.jpg,True
PKU,train,10_spur_05.jpg,/Users/user/Deep-Learning-PCB-Defect-Detection/data/PKU-Market-PCB(Data enhanced version)/train/images/10_spur_05.jpg,/Users/user/Deep-Learning-PCB-Defect-Detection/data/PKU-Market-PCB(Data enhanced version)/train/labels/10_spur_05.txt,2240,2016,RGB,.jpg,True
PKU,train,11_mouse_bite_06_3.jpg,/Users/user/Deep-Learning-PCB-Defect-Detection/data/PKU-Market-PCB(Data enhanced version)/train/images/11_mouse_bite_06_3.jpg,/Users/user/Deep-Learning-PCB-Defect-Detection/data/PKU-Market-PCB(Data enhanced version)/train/labels/11_mouse_bite_06_3.txt,2282,2248,RGB,.jpg,False
PKU,train,09_spur_08_1.jpg,/Users/user/Deep-Learning-PCB-Defect-Detection/data/PKU-Market-PCB(Data enhanced version)/train/images/09_spur_08_1.jpg,/Users/user/Deep-Learning-PCB-Defect-Detection/data/PKU-Market-PCB(Data enhanced version)/train/labels/09_spur_08_1.txt,2775,2159,RGB,.jpg,False
PKU,train,11_open_circuit_01.jpg,/Users/user/Deep-Learning-PCB-Defect-Detection/data/PKU-Market-PCB(Data enhanced version)/train/images/11_open_circuit_01.jpg,/Users/user/Deep-Learning-PCB-Defect-Detection/data/PKU-Market-PCB(Data enhanced version)/train/labels/11_open_circuit_01.txt,2282,2248,RGB,.jpg,True
PKU,train,11_missing_hole_09_2.jpg,/Users/user/Deep-Learning-PCB-Defect-Detection/data/PKU-Market-PCB(Data enhanced version)/train/images/11_missing_hole_09_2.jpg,/Users/user/Deep-Learning-PCB-Defect-Detection/data/PKU-Market-PCB(Data enhanced version)/train/labels/11_missing_hole_09_2.txt,2282,2248,RGB,.jpg,False
PKU,train,10_short_01.jpg,/Users/user/Deep-Learning-PCB-Defect-Detection/data/PKU-Market-PCB(Data enhanced version)/train/images/10_short_01.jpg,/Users/user/Deep-Learning-PCB-Defect-Detection/data/PKU-Market-PCB(Data enhanced version)/train/labels/10_short_01.txt,2240,2016,RGB,.jpg,False
PKU,train,11_short_10_2.jpg,/Users/user/Deep-Learning-PCB-Defect-Detection/data/PKU-Market-PCB(Data enhanced version)/train/images/11_short_10_2.jpg,/Users/user/Deep-Learning-PCB-Defect-Detection/data/PKU-Market-PCB(Data enhanced version)/train/labels/11_short_10_2.txt,2282,2248,RGB,.jpg,False
PKU,train,11_mouse_bite_04_1.jpg,/Users/user/Deep-Learning-PCB-Defect-Detection/data/PKU-Market-PCB(Data enhanced version)/train/images/11_mouse_bite_04_1.jpg,/Users/user/Deep-Learning-PCB-Defect-Detection/data/PKU-Market-PCB(Data enhanced version)/train/labels/11_mouse_bite_04_1.txt,1466,1727,RGB,.jpg,False
PKU,train,11_open_circuit_09_3.jpg,/Users/user/Deep-Learning-PCB-Defect-Detection/data/PKU-Market-PCB(Data enhanced version)/train/images/11_open_circuit_09_3.jpg,/Users/user/Deep-Learning-PCB-Defect-Detection/data/PKU-Market-PCB(Data enhanced version)/train/labels/11_open_circuit_09_3.txt,1962,1510,RGB,.jpg,False
PKU,train,09_spurious_copper_03_2.jpg,/Users/user/Deep-Learning-PCB-Defect-Detection/data/PKU-Market-PCB(Data enhanced version)/train/images/09_spurious_copper_03_2.jpg,/Users/user/Deep-Learning-PCB-Defect-Detection/data/PKU-Market-PCB(Data enhanced version)/train/labels/09_spurious_copper_03_2.txt,1688,1553,RGB,.jpg,True
PKU,train,11_spur_03_2.jpg,/Users/user/Deep-Learning-PCB-Defect-Detection/data/PKU-Market-PCB(Data enhanced version)/train/images/11_spur_03_2.jpg,/Users/user/Deep-Learning-PCB-Defect-Detection/data/PKU-Market-PCB(Data enhanced version)/train/labels/11_spur_03_2.txt,2282,2248,RGB,.jpg,False
PKU,train,09_mouse_bite_06_2.jpg,/Users/user/Deep-Learning-PCB-Defect-Detection/data/PKU-Market-PCB(Data enhanced version)/train/images/09_mouse_bite_06_2.jpg,/Users/user/Deep-Learning-PCB-Defect-Detection/data/PKU-Market-PCB(Data enhanced version)/train/labels/09_mouse_bite_06_2.txt,2645,1744,RGB,.jpg,False
PKU,train,10_open_circuit_02_1.jpg,/Users/user/Deep-Learning-PCB-Defect-Detection/data/PKU-Market-PCB(Data enhanced version)/train/images/10_open_circuit_02_1.jpg,/Users/user/Deep-Learning-PCB-Defect-Detection/data/PKU-Market-PCB(Data enhanced version)/train/labels/10_open_circuit_02_1.txt,2240,2016,RGB,.jpg,True
PKU,train,11_short_06.jpg,/Users/user/Deep-Learning-PCB-Defect-Detection/data/PKU-Market-PCB(Data enhanced version)/train/images/11_short_06.jpg,/Users/user/Deep-Learning-PCB-Defect-Detection/data/PKU-Market-PCB(Data enhanced version)/train/labels/11_short_06.txt,2282,2248,RGB,.jpg,False
PKU,train,11_missing_hole_10_3.jpg,/Users/user/Deep-Learning-PCB-Defect-Detection/data/PKU-Market-PCB(Data enhanced version)/train/images/11_missing_hole_10_3.jpg,/Users/user/Deep-Learning-PCB-Defect-Detection/data/PKU-Market-PCB(Data enhanced version)/train/labels/11_missing_hole_10_3.txt,2282,2248,RGB,.jpg,True
PKU,train,11_open_circuit_10_2.jpg,/Users/user/Deep-Learning-PCB-Defect-Detection/data/PKU-Market-PCB(Data enhanced version)/train/images/11_open_circuit_10_2.jpg,/Users/user/Deep-Learning-PCB-Defect-Detection/data/PKU-Market-PCB(Data enhanced version)/train/labels/11_open_circuit_10_2.txt,2282,2248,RGB,.jpg,True
PKU,train,09_spur_01.jpg,/Users/user/Deep-Learning-PCB-Defect-Detection/data/PKU-Market-PCB(Data enhanced version)/train/images/09_spur_01.jpg,/Users/user/Deep-Learning-PCB-Defect-Detection/data/PKU-Market-PCB(Data enhanced version)/train/labels/09_spur_01.txt,2775,2159,RGB,.jpg,True
PKU,train,11_short_09_3.jpg,/Users/user/Deep-Learning-PCB-Defect-Detection/data/PKU-Market-PCB(Data enhanced version)/train/images/11_short_09_3.jpg,/Users/user/Deep-Learning-PCB-Defect-Detection/data/PKU-Market-PCB(Data enhanced version)/train/labels/11_short_09_3.txt,2282,2248,RGB,.jpg,False
PKU,train,11_open_circuit_10_3.jpg,/Users/user/Deep-Learning-PCB-Defect-Detection/data/PKU-Market-PCB(Data enhanced version)/train/images/11_open_circuit_10_3.jpg,/Users/user/Deep-Learning-PCB-Defect-Detection/data/PKU-Market-PCB(Data enhanced version)/train/labels/11_open_circuit_10_3.txt,1360,1918,RGB,.jpg,False
PKU,train,11_missing_hole_10_2.jpg,/Users/user/Deep-Learning-PCB-Defect-Detection/data/PKU-Market-PCB(Data enhanced version)/train/images/11_missing_hole_10_2.jpg,/Users/user/Deep-Learning-PCB-Defect-Detection/data/PKU-Market-PCB(Data enhanced version)/train/labels/11_missing_hole_10_2.txt,2282,2248,RGB,.jpg,True
PKU,train,11_short_07.jpg,/Users/user/Deep-Learning-PCB-Defect-Detection/data/PKU-Market-PCB(Data enhanced version)/train/images/11_short_07.jpg,/Users/user/Deep-Learning-PCB-Defect-Detection/data/PKU-Market-PCB(Data enhanced version)/train/labels/11_short_07.txt,2282,2248,RGB,.jpg,True
PKU,train,10_open_circuit_01.jpg,/Users/user/Deep-Learning-PCB-Defect-Detection/data/PKU-Market-PCB(Data enhanced version)/train/images/10_open_circuit_01.jpg,/Users/user/Deep-Learning-PCB-Defect-Detection/data/PKU-Market-PCB(Data enhanced version)/train/labels/10_open_circuit_01.txt,2240,2016,RGB,.jpg,True
PKU,train,10_mouse_bite_04_1.jpg,/Users/user/Deep-Learning-PCB-Defect-Detection/data/PKU-Market-PCB(Data enhanced version)/train/images/10_mouse_bite_04_1.jpg,/Users/user/Deep-Learning-PCB-Defect-Detection/data/PKU-Market-PCB(Data enhanced version)/train/labels/10_mouse_bite_04_1.txt,2240,2016,RGB,.jpg,False
PKU,train,10_missing_hole_02_1.jpg,/Users/user/Deep-Learning-PCB-Defect-Detection/data/PKU-Market-PCB(Data enhanced version)/train/images/10_missing_hole_02_1.jpg,/Users/user/Deep-Learning-PCB-Defect-Detection/data/PKU-Market-PCB(Data enhanced version)/train/labels/10_missing_hole_02_1.txt,1600,1259,RGB,.jpg,False
PKU,train,09_mouse_bite_06_3.jpg,/Users/user/Deep-Learning-PCB-Defect-Detection/data/PKU-Market-PCB(Data enhanced version)/train/images/09_mouse_bite_06_3.jpg,/Users/user/Deep-Learning-PCB-Defect-Detection/data/PKU-Market-PCB(Data enhanced version)/train/labels/09_mouse_bite_06_3.txt,2628,1192,RGB,.jpg,True
PKU,train,11_spur_03_3.jpg,/Users/user/Deep-Learning-PCB-Defect-Detection/data/PKU-Market-PCB(Data enhanced version)/train/images/11_spur_03_3.jpg,/Users/user/Deep-Learning-PCB-Defect-Detection/data/PKU-Market-PCB(Data enhanced version)/train/labels/11_spur_03_3.txt,1561,1495,RGB,.jpg,True
PKU,train,09_spurious_copper_03_3.jpg,/Users/user/Deep-Learning-PCB-Defect-Detection/data/PKU-Market-PCB(Data enhanced version)/train/images/09_spurious_copper_03_3.jpg,/Users/user/Deep-Learning-PCB-Defect-Detection/data/PKU-Market-PCB(Data enhanced version)/train/labels/09_spurious_copper_03_3.txt,2775,2159,RGB,.jpg,False
PKU,train,11_open_circuit_09_2.jpg,/Users/user/Deep-Learning-PCB-Defect-Detection/data/PKU-Market-PCB(Data enhanced version)/train/images/11_open_circuit_09_2.jpg,/Users/user/Deep-Learning-PCB-Defect-Detection/data/PKU-Market-PCB(Data enhanced version)/train/labels/11_open_circuit_09_2.txt,1616,1878,RGB,.jpg,False
PKU,train,11_short_10_3.jpg,/Users/user/Deep-Learning-PCB-Defect-Detection/data/PKU-Market-PCB(Data enhanced version)/train/images/11_short_10_3.jpg,/Users/user/Deep-Learning-PCB-Defect-Detection/data/PKU-Market-PCB(Data enhanced version)/train/labels/11_short_10_3.txt,2282,2248,RGB,.jpg,False
PKU,train,11_missing_hole_09_3.jpg,/Users/user/Deep-Learning-PCB-Defect-Detection/data/PKU-Market-PCB(Data enhanced version)/train/images/11_missing_hole_09_3.jpg,/Users/user/Deep-Learning-PCB-Defect-Detection/data/PKU-Market-PCB(Data enhanced version)/train/labels/11_missing_hole_09_3.txt,2074,1737,RGB,.jpg,True
PKU,train,09_open_circuit_01.jpg,/Users/user/Deep-Learning-PCB-Defect-Detection/data/PKU-Market-PCB(Data enhanced version)/train/images/09_open_circuit_01.jpg,/Users/user/Deep-Learning-PCB-Defect-Detection/data/PKU-Market-PCB(Data enhanced version)/train/labels/09_open_circuit_01.txt,2775,2159,RGB,.jpg,True
PKU,train,11_spur_01_1.jpg,/Users/user/Deep-Learning-PCB-Defect-Detection/data/PKU-Market-PCB(Data enhanced version)/train/images/11_spur_01_1.jpg,/Users/user/Deep-Learning-PCB-Defect-Detection/data/PKU-Market-PCB(Data enhanced version)/train/labels/11_spur_01_1.txt,1300,2091,RGB,.jpg,True
PKU,train,09_mouse_bite_04_1.jpg,/Users/user/Deep-Learning-PCB-Defect-Detection/data/PKU-Market-PCB(Data enhanced version)/train/images/09_mouse_bite_04_1.jpg,/Users/user/Deep-Learning-PCB-Defect-Detection/data/PKU-Market-PCB(Data enhanced version)/train/labels/09_mouse_bite_04_1.txt,2381,1978,RGB,.jpg,False
PKU,train,09_spurious_copper_01_1.jpg,/Users/user/Deep-Learning-PCB-Defect-Detection/data/PKU-Market-PCB(Data enhanced version)/train/images/09_spurious_copper_01_1.jpg,/Users/user/Deep-Learning-PCB-Defect-Detection/data/PKU-Market-PCB(Data enhanced version)/train/labels/09_spurious_copper_01_1.txt,2775,2159,RGB,.jpg,True
PKU,train,11_mouse_bite_06_2.jpg,/Users/user/Deep-Learning-PCB-Defect-Detection/data/PKU-Market-PCB(Data enhanced version)/train/images/11_mouse_bite_06_2.jpg,/Users/user/Deep-Learning-PCB-Defect-Detection/data/PKU-Market-PCB(Data enhanced version)/train/labels/11_mouse_bite_06_2.txt,1953,1408,RGB,.jpg,True
PKU,train,10_spur_04.jpg,/Users/user/Deep-Learning-PCB-Defect-Detection/data/PKU-Market-PCB(Data enhanced version)/train/images/10_spur_04.jpg,/Users/user/Deep-Learning-PCB-Defect-Detection/data/PKU-Market-PCB(Data enhanced version)/train/labels/10_spur_04.txt,2240,2016,RGB,.jpg,False
PKU,train,09_mouse_bite_04_3.jpg,/Users/user/Deep-Learning-PCB-Defect-Detection/data/PKU-Market-PCB(Data enhanced version)/train/images/09_mouse_bite_04_3.jpg,/Users/user/Deep-Learning-PCB-Defect-Detection/data/PKU-Market-PCB(Data enhanced version)/train/labels/09_mouse_bite_04_3.txt,2775,2159,RGB,.jpg,True
PKU,train,11_spur_01_3.jpg,/Users/user/Deep-Learning-PCB-Defect-Detection/data/PKU-Market-PCB(Data enhanced version)/train/images/11_spur_01_3.jpg,/Users/user/Deep-Learning-PCB-Defect-Detection/data/PKU-Market-PCB(Data enhanced version)/train/labels/11_spur_01_3.txt,1325,1860,RGB,.jpg,False
PKU,train,09_spurious_copper_01_3.jpg,/Users/user/Deep-Learning-PCB-Defect-Detection/data/PKU-Market-PCB(Data enhanced version)/train/images/09_spurious_copper_01_3.jpg,/Users/user/Deep-Learning-PCB-Defect-Detection/data/PKU-Market-PCB(Data enhanced version)/train/labels/09_spurious_copper_01_3.txt,2253,1817,RGB,.jpg,False
PKU,train,09_open_circuit_03.jpg,/Users/user/Deep-Learning-PCB-Defect-Detection/data/PKU-Market-PCB(Data enhanced version)/train/images/09_open_circuit_03.jpg,/Users/user/Deep-Learning-PCB-Defect-Detection/data/PKU-Market-PCB(Data enhanced version)/train/labels/09_open_circuit_03.txt,2775,2159,RGB,.jpg,False
PKU,train,11_missing_hole_09_1.jpg,/Users/user/Deep-Learning-PCB-Defect-Detection/data/PKU-Market-PCB(Data enhanced version)/train/images/11_missing_hole_09_1.jpg,/Users/user/Deep-Learning-PCB-Defect-Detection/data/PKU-Market-PCB(Data enhanced version)/train/labels/11_missing_hole_09_1.txt,1539,1817,RGB,.jpg,True
PKU,train,09_spur_08_2.jpg,/Users/user/Deep-Learning-PCB-Defect-Detection/data/PKU-Market-PCB(Data enhanced version)/train/images/09_spur_08_2.jpg,/Users/user/Deep-Learning-PCB-Defect-Detection/data/PKU-Market-PCB(Data enhanced version)/train/labels/09_spur_08_2.txt,2775,2159,RGB,.jpg,True
PKU,train,11_open_circuit_02.jpg,/Users/user/Deep-Learning-PCB-Defect-Detection/data/PKU-Market-PCB(Data enhanced version)/train/images/11_open_circuit_02.jpg,/Users/user/Deep-Learning-PCB-Defect-Detection/data/PKU-Market-PCB(Data enhanced version)/train/labels/11_open_circuit_02.txt,2282,2248,RGB,.jpg,False
PKU,train,11_mouse_bite_04_2.jpg,/Users/user/Deep-Learning-PCB-Defect-Detection/data/PKU-Market-PCB(Data enhanced version)/train/images/11_mouse_bite_04_2.jpg,/Users/user/Deep-Learning-PCB-Defect-Detection/data/PKU-Market-PCB(Data enhanced version)/train/labels/11_mouse_bite_04_2.txt,1345,1629,RGB,.jpg,False
PKU,train,11_short_10_1.jpg,/Users/user/Deep-Learning-PCB-Defect-Detection/data/PKU-Market-PCB(Data enhanced version)/train/images/11_short_10_1.jpg,/Users/user/Deep-Learning-PCB-Defect-Detection/data/PKU-Market-PCB(Data enhanced version)/train/labels/11_short_10_1.txt,1941,1985,RGB,.jpg,False
PKU,train,10_short_02.jpg,/Users/user/Deep-Learning-PCB-Defect-Detection/data/PKU-Market-PCB(Data enhanced version)/train/images/10_short_02.jpg,/Users/user/Deep-Learning-PCB-Defect-Detection/data/PKU-Market-PCB(Data enhanced version)/train/labels/10_short_02.txt,2240,2016,RGB,.jpg,True
PKU,train,11_spur_03_1.jpg,/Users/user/Deep-Learning-PCB-Defect-Detection/data/PKU-Market-PCB(Data enhanced version)/train/images/11_spur_03_1.jpg,/Users/user/Deep-Learning-PCB-Defect-Detection/data/PKU-Market-PCB(Data enhanced version)/train/labels/11_spur_03_1.txt,2282,2248,RGB,.jpg,False
PKU,train,09_spurious_copper_03_1.jpg,/Users/user/Deep-Learning-PCB-Defect-Detection/data/PKU-Market-PCB(Data enhanced version)/train/images/09_spurious_copper_03_1.jpg,/Users/user/Deep-Learning-PCB-Defect-Detection/data/PKU-Market-PCB(Data enhanced version)/train/labels/09_spurious_copper_03_1.txt,2775,2159,RGB,.jpg,True
PKU,train,10_missing_hole_02_3.jpg,/Users/user/Deep-Learning-PCB-Defect-Detection/data/PKU-Market-PCB(Data enhanced version)/train/images/10_missing_hole_02_3.jpg,/Users/user/Deep-Learning-PCB-Defect-Detection/data/PKU-Market-PCB(Data enhanced version)/train/labels/10_missing_hole_02_3.txt,1704,1681,RGB,.jpg,False
PKU,train,10_open_circuit_02_2.jpg,/Users/user/Deep-Learning-PCB-Defect-Detection/data/PKU-Market-PCB(Data enhanced version)/train/images/10_open_circuit_02_2.jpg,/Users/user/Deep-Learning-PCB-Defect-Detection/data/PKU-Market-PCB(Data enhanced version)/train/labels/10_open_circuit_02_2.txt,2240,2016,RGB,.jpg,False
PKU,train,10_mouse_bite_04_3.jpg,/Users/user/Deep-Learning-PCB-Defect-Detection/data/PKU-Market-PCB(Data enhanced version)/train/images/10_mouse_bite_04_3.jpg,/Users/user/Deep-Learning-PCB-Defect-Detection/data/PKU-Market-PCB(Data enhanced version)/train/labels/10_mouse_bite_04_3.txt,1303,1671,RGB,.jpg,False
PKU,train,11_short_05.jpg,/Users/user/Deep-Learning-PCB-Defect-Detection/data/PKU-Market-PCB(Data enhanced version)/train/images/11_short_05.jpg,/Users/user/Deep-Learning-PCB-Defect-Detection/data/PKU-Market-PCB(Data enhanced version)/train/labels/11_short_05.txt,2282,2248,RGB,.jpg,False
PKU,train,10_open_circuit_03.jpg,/Users/user/Deep-Learning-PCB-Defect-Detection/data/PKU-Market-PCB(Data enhanced version)/train/images/10_open_circuit_03.jpg,/Users/user/Deep-Learning-PCB-Defect-Detection/data/PKU-Market-PCB(Data enhanced version)/train/labels/10_open_circuit_03.txt,2240,2016,RGB,.jpg,True
PKU,train,11_open_circuit_10_1.jpg,/Users/user/Deep-Learning-PCB-Defect-Detection/data/PKU-Market-PCB(Data enhanced version)/train/images/11_open_circuit_10_1.jpg,/Users/user/Deep-Learning-PCB-Defect-Detection/data/PKU-Market-PCB(Data enhanced version)/train/labels/11_open_circuit_10_1.txt,2282,2248,RGB,.jpg,True
PKU,train,09_spur_02.jpg,/Users/user/Deep-Learning-PCB-Defect-Detection/data/PKU-Market-PCB(Data enhanced version)/train/images/09_spur_02.jpg,/Users/user/Deep-Learning-PCB-Defect-Detection/data/PKU-Market-PCB(Data enhanced version)/train/labels/09_spur_02.txt,2775,2159,RGB,.jpg,True
PKU,train,09_spur_03.jpg,/Users/user/Deep-Learning-PCB-Defect-Detection/data/PKU-Market-PCB(Data enhanced version)/train/images/09_spur_03.jpg,/Users/user/Deep-Learning-PCB-Defect-Detection/data/PKU-Market-PCB(Data enhanced version)/train/labels/09_spur_03.txt,2775,2159,RGB,.jpg,True
PKU,train,11_short_09_1.jpg,/Users/user/Deep-Learning-PCB-Defect-Detection/data/PKU-Market-PCB(Data enhanced version)/train/images/11_short_09_1.jpg,/Users/user/Deep-Learning-PCB-Defect-Detection/data/PKU-Market-PCB(Data enhanced version)/train/labels/11_short_09_1.txt,2282,2248,RGB,.jpg,False
PKU,train,11_missing_hole_10_1.jpg,/Users/user/Deep-Learning-PCB-Defect-Detection/data/PKU-Market-PCB(Data enhanced version)/train/images/11_missing_hole_10_1.jpg,/Users/user/Deep-Learning-PCB-Defect-Detection/data/PKU-Market-PCB(Data enhanced version)/train/labels/11_missing_hole_10_1.txt,1574,1539,RGB,.jpg,True
PKU,train,10_open_circuit_02.jpg,/Users/user/Deep-Learning-PCB-Defect-Detection/data/PKU-Market-PCB(Data enhanced version)/train/images/10_open_circuit_02.jpg,/Users/user/Deep-Learning-PCB-Defect-Detection/data/PKU-Market-PCB(Data enhanced version)/train/labels/10_open_circuit_02.txt,2240,2016,RGB,.jpg,False
PKU,train,11_short_10.jpg,/Users/user/Deep-Learning-PCB-Defect-Detection/data/PKU-Market-PCB(Data enhanced version)/train/images/11_short_10.jpg,/Users/user/Deep-Learning-PCB-Defect-Detection/data/PKU-Market-PCB(Data enhanced version)/train/labels/11_short_10.txt,2282,2248,RGB,.jpg,True
PKU,train,11_short_04.jpg,/Users/user/Deep-Learning-PCB-Defect-Detection/data/PKU-Market-PCB(Data enhanced version)/train/images/11_short_04.jpg,/Users/user/Deep-Learning-PCB-Defect-Detection/data/PKU-Market-PCB(Data enhanced version)/train/labels/11_short_04.txt,2282,2248,RGB,.jpg,False
PKU,train,10_mouse_bite_04_2.jpg,/Users/user/Deep-Learning-PCB-Defect-Detection/data/PKU-Market-PCB(Data enhanced version)/train/images/10_mouse_bite_04_2.jpg,/Users/user/Deep-Learning-PCB-Defect-Detection/data/PKU-Market-PCB(Data enhanced version)/train/labels/10_mouse_bite_04_2.txt,1696,1578,RGB,.jpg,False
PKU,train,10_open_circuit_02_3.jpg,/Users/user/Deep-Learning-PCB-Defect-Detection/data/PKU-Market-PCB(Data enhanced version)/train/images/10_open_circuit_02_3.jpg,/Users/user/Deep-Learning-PCB-Defect-Detection/data/PKU-Market-PCB(Data enhanced version)/train/labels/10_open_circuit_02_3.txt,2240,2016,RGB,.jpg,True
PKU,train,10_missing_hole_02_2.jpg,/Users/user/Deep-Learning-PCB-Defect-Detection/data/PKU-Market-PCB(Data enhanced version)/train/images/10_missing_hole_02_2.jpg,/Users/user/Deep-Learning-PCB-Defect-Detection/data/PKU-Market-PCB(Data enhanced version)/train/labels/10_missing_hole_02_2.txt,1977,976,RGB,.jpg,True
PKU,train,10_short_03.jpg,/Users/user/Deep-Learning-PCB-Defect-Detection/data/PKU-Market-PCB(Data enhanced version)/train/images/10_short_03.jpg,/Users/user/Deep-Learning-PCB-Defect-Detection/data/PKU-Market-PCB(Data enhanced version)/train/labels/10_short_03.txt,2240,2016,RGB,.jpg,False
PKU,train,11_open_circuit_09_1.jpg,/Users/user/Deep-Learning-PCB-Defect-Detection/data/PKU-Market-PCB(Data enhanced version)/train/images/11_open_circuit_09_1.jpg,/Users/user/Deep-Learning-PCB-Defect-Detection/data/PKU-Market-PCB(Data enhanced version)/train/labels/11_open_circuit_09_1.txt,1407,1252,RGB,.jpg,False
PKU,train,11_mouse_bite_04_3.jpg,/Users/user/Deep-Learning-PCB-Defect-Detection/data/PKU-Market-PCB(Data enhanced version)/train/images/11_mouse_bite_04_3.jpg,/Users/user/Deep-Learning-PCB-Defect-Detection/data/PKU-Market-PCB(Data enhanced version)/train/labels/11_mouse_bite_04_3.txt,2282,2248,RGB,.jpg,True
PKU,train,11_open_circuit_03.jpg,/Users/user/Deep-Learning-PCB-Defect-Detection/data/PKU-Market-PCB(Data enhanced version)/train/images/11_open_circuit_03.jpg,/Users/user/Deep-Learning-PCB-Defect-Detection/data/PKU-Market-PCB(Data enhanced version)/train/labels/11_open_circuit_03.txt,2282,2248,RGB,.jpg,True
PKU,train,09_spur_08_3.jpg,/Users/user/Deep-Learning-PCB-Defect-Detection/data/PKU-Market-PCB(Data enhanced version)/train/images/09_spur_08_3.jpg,/Users/user/Deep-Learning-PCB-Defect-Detection/data/PKU-Market-PCB(Data enhanced version)/train/labels/09_spur_08_3.txt,2391,1901,RGB,.jpg,True
PKU,train,09_open_circuit_02.jpg,/Users/user/Deep-Learning-PCB-Defect-Detection/data/PKU-Market-PCB(Data enhanced version)/train/images/09_open_circuit_02.jpg,/Users/user/Deep-Learning-PCB-Defect-Detection/data/PKU-Market-PCB(Data enhanced version)/train/labels/09_open_circuit_02.txt,2775,2159,RGB,.jpg,False
PKU,train,09_spurious_copper_01_2.jpg,/Users/user/Deep-Learning-PCB-Defect-Detection/data/PKU-Market-PCB(Data enhanced version)/train/images/09_spurious_copper_01_2.jpg,/Users/user/Deep-Learning-PCB-Defect-Detection/data/PKU-Market-PCB(Data enhanced version)/train/labels/09_spurious_copper_01_2.txt,2000,1360,RGB,.jpg,False
PKU,train,11_spur_01_2.jpg,/Users/user/Deep-Learning-PCB-Defect-Detection/data/PKU-Market-PCB(Data enhanced version)/train/images/11_spur_01_2.jpg,/Users/user/Deep-Learning-PCB-Defect-Detection/data/PKU-Market-PCB(Data enhanced version)/train/labels/11_spur_01_2.txt,1836,1856,RGB,.jpg,True
PKU,train,11_mouse_bite_06_1.jpg,/Users/user/Deep-Learning-PCB-Defect-Detection/data/PKU-Market-PCB(Data enhanced version)/train/images/11_mouse_bite_06_1.jpg,/Users/user/Deep-Learning-PCB-Defect-Detection/data/PKU-Market-PCB(Data enhanced version)/train/labels/11_mouse_bite_06_1.txt,1910,2018,RGB,.jpg,False
PKU,train,10_spur_01_1.jpg,/Users/user/Deep-Learning-PCB-Defect-Detection/data/PKU-Market-PCB(Data enhanced version)/train/images/10_spur_01_1.jpg,/Users/user/Deep-Learning-PCB-Defect-Detection/data/PKU-Market-PCB(Data enhanced version)/train/labels/10_spur_01_1.txt,1762,1411,RGB,.jpg,True
PKU,train,09_short_02_3.jpg,/Users/user/Deep-Learning-PCB-Defect-Detection/data/PKU-Market-PCB(Data enhanced version)/train/images/09_short_02_3.jpg,/Users/user/Deep-Learning-PCB-Defect-Detection/data/PKU-Market-PCB(Data enhanced version)/train/labels/09_short_02_3.txt,2775,2159,RGB,.jpg,True
PKU,train,09_spur_04_3.jpg,/Users/user/Deep-Learning-PCB-Defect-Detection/data/PKU-Market-PCB(Data enhanced version)/train/images/09_spur_04_3.jpg,/Users/user/Deep-Learning-PCB-Defect-Detection/data/PKU-Market-PCB(Data enhanced version)/train/labels/09_spur_04_3.txt,2775,2159,RGB,.jpg,False
PKU,train,11_mouse_bite_08_3.jpg,/Users/user/Deep-Learning-PCB-Defect-Detection/data/PKU-Market-PCB(Data enhanced version)/train/images/11_mouse_bite_08_3.jpg,/Users/user/Deep-Learning-PCB-Defect-Detection/data/PKU-Market-PCB(Data enhanced version)/train/labels/11_mouse_bite_08_3.txt,1400,1688,RGB,.jpg,False
PKU,train,11_open_circuit_05_1.jpg,/Users/user/Deep-Learning-PCB-Defect-Detection/data/PKU-Market-PCB(Data enhanced version)/train/images/11_open_circuit_05_1.jpg,/Users/user/Deep-Learning-PCB-Defect-Detection/data/PKU-Market-PCB(Data enhanced version)/train/labels/11_open_circuit_05_1.txt,2282,2248,RGB,.jpg,False
PKU,train,10_spurious_copper_02.jpg,/Users/user/Deep-Learning-PCB-Defect-Detection/data/PKU-Market-PCB(Data enhanced version)/train/images/10_spurious_copper_02.jpg,/Users/user/Deep-Learning-PCB-Defect-Detection/data/PKU-Market-PCB(Data enhanced version)/train/labels/10_spurious_copper_02.txt,2240,2016,RGB,.jpg,False
PKU,train,09_mouse_bite_08_2.jpg,/Users/user/Deep-Learning-PCB-Defect-Detection/data/PKU-Market-PCB(Data enhanced version)/train/images/09_mouse_bite_08_2.jpg,/Users/user/Deep-Learning-PCB-Defect-Detection/data/PKU-Market-PCB(Data enhanced version)/train/labels/09_mouse_bite_08_2.txt,2398,1279,RGB,.jpg,False
PKU,train,10_spur_03_3.jpg,/Users/user/Deep-Learning-PCB-Defect-Detection/data/PKU-Market-PCB(Data enhanced version)/train/images/10_spur_03_3.jpg,/Users/user/Deep-Learning-PCB-Defect-Detection/data/PKU-Market-PCB(Data enhanced version)/train/labels/10_spur_03_3.txt,2240,2016,RGB,.jpg,False
PKU,train,11_missing_hole_07_2.jpg,/Users/user/Deep-Learning-PCB-Defect-Detection/data/PKU-Market-PCB(Data enhanced version)/train/images/11_missing_hole_07_2.jpg,/Users/user/Deep-Learning-PCB-Defect-Detection/data/PKU-Market-PCB(Data enhanced version)/train/labels/11_missing_hole_07_2.txt,2282,2248,RGB,.jpg,False
PKU,train,09_spur_06_1.jpg,/Users/user/Deep-Learning-PCB-Defect-Detection/data/PKU-Market-PCB(Data enhanced version)/train/images/09_spur_06_1.jpg,/Users/user/Deep-Learning-PCB-Defect-Detection/data/PKU-Market-PCB(Data enhanced version)/train/labels/09_spur_06_1.txt,2775,2159,RGB,.jpg,False
PKU,train,10_short_01_1.jpg,/Users/user/Deep-Learning-PCB-Defect-Detection/data/PKU-Market-PCB(Data enhanced version)/train/images/10_short_01_1.jpg,/Users/user/Deep-Learning-PCB-Defect-Detection/data/PKU-Market-PCB(Data enhanced version)/train/labels/10_short_01_1.txt,1566,1825,RGB,.jpg,True
PKU,train,11_spurious_copper_01_1.jpg,/Users/user/Deep-Learning-PCB-Defect-Detection/data/PKU-Market-PCB(Data enhanced version)/train/images/11_spurious_copper_01_1.jpg,/Users/user/Deep-Learning-PCB-Defect-Detection/data/PKU-Market-PCB(Data enhanced version)/train/labels/11_spurious_copper_01_1.txt,1429,2000,RGB,.jpg,True
PKU,train,11_short_05_1.jpg,/Users/user/Deep-Learning-PCB-Defect-Detection/data/PKU-Market-PCB(Data enhanced version)/train/images/11_short_05_1.jpg,/Users/user/Deep-Learning-PCB-Defect-Detection/data/PKU-Market-PCB(Data enhanced version)/train/labels/11_short_05_1.txt,2051,2207,RGB,.jpg,True
PKU,train,09_open_circuit_02_3.jpg,/Users/user/Deep-Learning-PCB-Defect-Detection/data/PKU-Market-PCB(Data enhanced version)/train/images/09_open_circuit_02_3.jpg,/Users/user/Deep-Learning-PCB-Defect-Detection/data/PKU-Market-PCB(Data enhanced version)/train/labels/09_open_circuit_02_3.txt,2775,2159,RGB,.jpg,True
PKU,train,10_spurious_copper_06_3.jpg,/Users/user/Deep-Learning-PCB-Defect-Detection/data/PKU-Market-PCB(Data enhanced version)/train/images/10_spurious_copper_06_3.jpg,/Users/user/Deep-Learning-PCB-Defect-Detection/data/PKU-Market-PCB(Data enhanced version)/train/labels/10_spurious_copper_06_3.txt,2240,2016,RGB,.jpg,False
PKU,train,10_short_03_3.jpg,/Users/user/Deep-Learning-PCB-Defect-Detection/data/PKU-Market-PCB(Data enhanced version)/train/images/10_short_03_3.jpg,/Users/user/Deep-Learning-PCB-Defect-Detection/data/PKU-Market-PCB(Data enhanced version)/train/labels/10_short_03_3.txt,2240,2016,RGB,.jpg,True
PKU,train,11_short_07_3.jpg,/Users/user/Deep-Learning-PCB-Defect-Detection/data/PKU-Market-PCB(Data enhanced version)/train/images/11_short_07_3.jpg,/Users/user/Deep-Learning-PCB-Defect-Detection/data/PKU-Market-PCB(Data enhanced version)/train/labels/11_short_07_3.txt,2282,2248,RGB,.jpg,False
PKU,train,11_spurious_copper_03_3.jpg,/Users/user/Deep-Learning-PCB-Defect-Detection/data/PKU-Market-PCB(Data enhanced version)/train/images/11_spurious_copper_03_3.jpg,/Users/user/Deep-Learning-PCB-Defect-Detection/data/PKU-Market-PCB(Data enhanced version)/train/labels/11_spurious_copper_03_3.txt,2282,2248,RGB,.jpg,False
PKU,train,11_short_09.jpg,/Users/user/Deep-Learning-PCB-Defect-Detection/data/PKU-Market-PCB(Data enhanced version)/train/images/11_short_09.jpg,/Users/user/Deep-Learning-PCB-Defect-Detection/data/PKU-Market-PCB(Data enhanced version)/train/labels/11_short_09.txt,2282,2248,RGB,.jpg,True
PKU,train,10_spurious_copper_04_1.jpg,/Users/user/Deep-Learning-PCB-Defect-Detection/data/PKU-Market-PCB(Data enhanced version)/train/images/10_spurious_copper_04_1.jpg,/Users/user/Deep-Learning-PCB-Defect-Detection/data/PKU-Market-PCB(Data enhanced version)/train/labels/10_spurious_copper_04_1.txt,2240,2016,RGB,.jpg,True
PKU,train,11_short_08.jpg,/Users/user/Deep-Learning-PCB-Defect-Detection/data/PKU-Market-PCB(Data enhanced version)/train/images/11_short_08.jpg,/Users/user/Deep-Learning-PCB-Defect-Detection/data/PKU-Market-PCB(Data enhanced version)/train/labels/11_short_08.txt,2282,2248,RGB,.jpg,False
PKU,train,11_spurious_copper_03_2.jpg,/Users/user/Deep-Learning-PCB-Defect-Detection/data/PKU-Market-PCB(Data enhanced version)/train/images/11_spurious_copper_03_2.jpg,/Users/user/Deep-Learning-PCB-Defect-Detection/data/PKU-Market-PCB(Data enhanced version)/train/labels/11_spurious_copper_03_2.txt,2282,2248,RGB,.jpg,False
PKU,train,11_short_07_2.jpg,/Users/user/Deep-Learning-PCB-Defect-Detection/data/PKU-Market-PCB(Data enhanced version)/train/images/11_short_07_2.jpg,/Users/user/Deep-Learning-PCB-Defect-Detection/data/PKU-Market-PCB(Data enhanced version)/train/labels/11_short_07_2.txt,2282,2248,RGB,.jpg,True
PKU,train,10_spurious_copper_06_2.jpg,/Users/user/Deep-Learning-PCB-Defect-Detection/data/PKU-Market-PCB(Data enhanced version)/train/images/10_spurious_copper_06_2.jpg,/Users/user/Deep-Learning-PCB-Defect-Detection/data/PKU-Market-PCB(Data enhanced version)/train/labels/10_spurious_copper_06_2.txt,2240,2016,RGB,.jpg,True
PKU,train,09_open_circuit_02_2.jpg,/Users/user/Deep-Learning-PCB-Defect-Detection/data/PKU-Market-PCB(Data enhanced version)/train/images/09_open_circuit_02_2.jpg,/Users/user/Deep-Learning-PCB-Defect-Detection/data/PKU-Market-PCB(Data enhanced version)/train/labels/09_open_circuit_02_2.txt,2485,1814,RGB,.jpg,True
PKU,train,11_open_circuit_07_2.jpg,/Users/user/Deep-Learning-PCB-Defect-Detection/data/PKU-Market-PCB(Data enhanced version)/train/images/11_open_circuit_07_2.jpg,/Users/user/Deep-Learning-PCB-Defect-Detection/data/PKU-Market-PCB(Data enhanced version)/train/labels/11_open_circuit_07_2.txt,2282,2248,RGB,.jpg,True
PKU,train,11_missing_hole_07_3.jpg,/Users/user/Deep-Learning-PCB-Defect-Detection/data/PKU-Market-PCB(Data enhanced version)/train/images/11_missing_hole_07_3.jpg,/Users/user/Deep-Learning-PCB-Defect-Detection/data/PKU-Market-PCB(Data enhanced version)/train/labels/11_missing_hole_07_3.txt,1482,1879,RGB,.jpg,False
PKU,train,09_mouse_bite_08_3.jpg,/Users/user/Deep-Learning-PCB-Defect-Detection/data/PKU-Market-PCB(Data enhanced version)/train/images/09_mouse_bite_08_3.jpg,/Users/user/Deep-Learning-PCB-Defect-Detection/data/PKU-Market-PCB(Data enhanced version)/train/labels/09_mouse_bite_08_3.txt,2299,1371,RGB,.jpg,False
PKU,train,11_mouse_bite_08_2.jpg,/Users/user/Deep-Learning-PCB-Defect-Detection/data/PKU-Market-PCB(Data enhanced version)/train/images/11_mouse_bite_08_2.jpg,/Users/user/Deep-Learning-PCB-Defect-Detection/data/PKU-Market-PCB(Data enhanced version)/train/labels/11_mouse_bite_08_2.txt,1233,1826,RGB,.jpg,True
PKU,train,10_spurious_copper_03.jpg,/Users/user/Deep-Learning-PCB-Defect-Detection/data/PKU-Market-PCB(Data enhanced version)/train/images/10_spurious_copper_03.jpg,/Users/user/Deep-Learning-PCB-Defect-Detection/data/PKU-Market-PCB(Data enhanced version)/train/labels/10_spurious_copper_03.txt,2240,2016,RGB,.jpg,False
PKU,train,09_spur_04_2.jpg,/Users/user/Deep-Learning-PCB-Defect-Detection/data/PKU-Market-PCB(Data enhanced version)/train/images/09_spur_04_2.jpg,/Users/user/Deep-Learning-PCB-Defect-Detection/data/PKU-Market-PCB(Data enhanced version)/train/labels/09_spur_04_2.txt,2775,2159,RGB,.jpg,True
PKU,train,11_missing_hole_05_1.jpg,/Users/user/Deep-Learning-PCB-Defect-Detection/data/PKU-Market-PCB(Data enhanced version)/train/images/11_missing_hole_05_1.jpg,/Users/user/Deep-Learning-PCB-Defect-Detection/data/PKU-Market-PCB(Data enhanced version)/train/labels/11_missing_hole_05_1.txt,1363,1175,RGB,.jpg,True
PKU,train,09_short_02_2.jpg,/Users/user/Deep-Learning-PCB-Defect-Detection/data/PKU-Market-PCB(Data enhanced version)/train/images/09_short_02_2.jpg,/Users/user/Deep-Learning-PCB-Defect-Detection/data/PKU-Market-PCB(Data enhanced version)/train/labels/09_short_02_2.txt,2775,2159,RGB,.jpg,True
PKU,train,11_missing_hole_05_3.jpg,/Users/user/Deep-Learning-PCB-Defect-Detection/data/PKU-Market-PCB(Data enhanced version)/train/images/11_missing_hole_05_3.jpg,/Users/user/Deep-Learning-PCB-Defect-Detection/data/PKU-Market-PCB(Data enhanced version)/train/labels/11_missing_hole_05_3.txt,2063,1916,RGB,.jpg,False
PKU,train,10_spurious_copper_01.jpg,/Users/user/Deep-Learning-PCB-Defect-Detection/data/PKU-Market-PCB(Data enhanced version)/train/images/10_spurious_copper_01.jpg,/Users/user/Deep-Learning-PCB-Defect-Detection/data/PKU-Market-PCB(Data enhanced version)/train/labels/10_spurious_copper_01.txt,2240,2016,RGB,.jpg,False
PKU,train,11_open_circuit_05_2.jpg,/Users/user/Deep-Learning-PCB-Defect-Detection/data/PKU-Market-PCB(Data enhanced version)/train/images/11_open_circuit_05_2.jpg,/Users/user/Deep-Learning-PCB-Defect-Detection/data/PKU-Market-PCB(Data enhanced version)/train/labels/11_open_circuit_05_2.txt,2282,2248,RGB,.jpg,True
PKU,train,09_spur_06_2.jpg,/Users/user/Deep-Learning-PCB-Defect-Detection/data/PKU-Market-PCB(Data enhanced version)/train/images/09_spur_06_2.jpg,/Users/user/Deep-Learning-PCB-Defect-Detection/data/PKU-Market-PCB(Data enhanced version)/train/labels/09_spur_06_2.txt,2775,2159,RGB,.jpg,True
PKU,train,11_missing_hole_07_1.jpg,/Users/user/Deep-Learning-PCB-Defect-Detection/data/PKU-Market-PCB(Data enhanced version)/train/images/11_missing_hole_07_1.jpg,/Users/user/Deep-Learning-PCB-Defect-Detection/data/PKU-Market-PCB(Data enhanced version)/train/labels/11_missing_hole_07_1.txt,2173,1779,RGB,.jpg,True
PKU,train,10_short_01_2.jpg,/Users/user/Deep-Learning-PCB-Defect-Detection/data/PKU-Market-PCB(Data enhanced version)/train/images/10_short_01_2.jpg,/Users/user/Deep-Learning-PCB-Defect-Detection/data/PKU-Market-PCB(Data enhanced version)/train/labels/10_short_01_2.txt,1172,1768,RGB,.jpg,True
PKU,train,11_spurious_copper_01_2.jpg,/Users/user/Deep-Learning-PCB-Defect-Detection/data/PKU-Market-PCB(Data enhanced version)/train/images/11_spurious_copper_01_2.jpg,/Users/user/Deep-Learning-PCB-Defect-Detection/data/PKU-Market-PCB(Data enhanced version)/train/labels/11_spurious_copper_01_2.txt,1516,1446,RGB,.jpg,True
PKU,train,11_short_05_2.jpg,/Users/user/Deep-Learning-PCB-Defect-Detection/data/PKU-Market-PCB(Data enhanced version)/train/images/11_short_05_2.jpg,/Users/user/Deep-Learning-PCB-Defect-Detection/data/PKU-Market-PCB(Data enhanced version)/train/labels/11_short_05_2.txt,2282,2248,RGB,.jpg,True
PKU,train,10_spurious_copper_04_2.jpg,/Users/user/Deep-Learning-PCB-Defect-Detection/data/PKU-Market-PCB(Data enhanced version)/train/images/10_spurious_copper_04_2.jpg,/Users/user/Deep-Learning-PCB-Defect-Detection/data/PKU-Market-PCB(Data enhanced version)/train/labels/10_spurious_copper_04_2.txt,2240,2016,RGB,.jpg,True
PKU,train,10_spurious_copper_04_3.jpg,/Users/user/Deep-Learning-PCB-Defect-Detection/data/PKU-Market-PCB(Data enhanced version)/train/images/10_spurious_copper_04_3.jpg,/Users/user/Deep-Learning-PCB-Defect-Detection/data/PKU-Market-PCB(Data enhanced version)/train/labels/10_spurious_copper_04_3.txt,2240,2016,RGB,.jpg,False
PKU,train,11_spurious_copper_03_1.jpg,/Users/user/Deep-Learning-PCB-Defect-Detection/data/PKU-Market-PCB(Data enhanced version)/train/images/11_spurious_copper_03_1.jpg,/Users/user/Deep-Learning-PCB-Defect-Detection/data/PKU-Market-PCB(Data enhanced version)/train/labels/11_spurious_copper_03_1.txt,2282,2248,RGB,.jpg,True
PKU,train,11_short_07_1.jpg,/Users/user/Deep-Learning-PCB-Defect-Detection/data/PKU-Market-PCB(Data enhanced version)/train/images/11_short_07_1.jpg,/Users/user/Deep-Learning-PCB-Defect-Detection/data/PKU-Market-PCB(Data enhanced version)/train/labels/11_short_07_1.txt,1366,1701,RGB,.jpg,True
PKU,train,10_short_03_1.jpg,/Users/user/Deep-Learning-PCB-Defect-Detection/data/PKU-Market-PCB(Data enhanced version)/train/images/10_short_03_1.jpg,/Users/user/Deep-Learning-PCB-Defect-Detection/data/PKU-Market-PCB(Data enhanced version)/train/labels/10_short_03_1.txt,2010,1324,RGB,.jpg,False
PKU,train,10_spurious_copper_06_1.jpg,/Users/user/Deep-Learning-PCB-Defect-Detection/data/PKU-Market-PCB(Data enhanced version)/train/images/10_spurious_copper_06_1.jpg,/Users/user/Deep-Learning-PCB-Defect-Detection/data/PKU-Market-PCB(Data enhanced version)/train/labels/10_spurious_copper_06_1.txt,2240,2016,RGB,.jpg,True
PKU,train,11_short_05_3.jpg,/Users/user/Deep-Learning-PCB-Defect-Detection/data/PKU-Market-PCB(Data enhanced version)/train/images/11_short_05_3.jpg,/Users/user/Deep-Learning-PCB-Defect-Detection/data/PKU-Market-PCB(Data enhanced version)/train/labels/11_short_05_3.txt,2282,2248,RGB,.jpg,True
PKU,train,11_spurious_copper_01_3.jpg,/Users/user/Deep-Learning-PCB-Defect-Detection/data/PKU-Market-PCB(Data enhanced version)/train/images/11_spurious_copper_01_3.jpg,/Users/user/Deep-Learning-PCB-Defect-Detection/data/PKU-Market-PCB(Data enhanced version)/train/labels/11_spurious_copper_01_3.txt,2282,2248,RGB,.jpg,False
PKU,train,09_open_circuit_02_1.jpg,/Users/user/Deep-Learning-PCB-Defect-Detection/data/PKU-Market-PCB(Data enhanced version)/train/images/09_open_circuit_02_1.jpg,/Users/user/Deep-Learning-PCB-Defect-Detection/data/PKU-Market-PCB(Data enhanced version)/train/labels/09_open_circuit_02_1.txt,2775,2159,RGB,.jpg,False
PKU,train,10_short_01_3.jpg,/Users/user/Deep-Learning-PCB-Defect-Detection/data/PKU-Market-PCB(Data enhanced version)/train/images/10_short_01_3.jpg,/Users/user/Deep-Learning-PCB-Defect-Detection/data/PKU-Market-PCB(Data enhanced version)/train/labels/10_short_01_3.txt,2240,2016,RGB,.jpg,True
PKU,train,09_spur_06_3.jpg,/Users/user/Deep-Learning-PCB-Defect-Detection/data/PKU-Market-PCB(Data enhanced version)/train/images/09_spur_06_3.jpg,/Users/user/Deep-Learning-PCB-Defect-Detection/data/PKU-Market-PCB(Data enhanced version)/train/labels/09_spur_06_3.txt,2775,2159,RGB,.jpg,False
PKU,train,10_spur_03_1.jpg,/Users/user/Deep-Learning-PCB-Defect-Detection/data/PKU-Market-PCB(Data enhanced version)/train/images/10_spur_03_1.jpg,/Users/user/Deep-Learning-PCB-Defect-Detection/data/PKU-Market-PCB(Data enhanced version)/train/labels/10_spur_03_1.txt,2240,2016,RGB,.jpg,False
PKU,train,11_open_circuit_05_3.jpg,/Users/user/Deep-Learning-PCB-Defect-Detection/data/PKU-Market-PCB(Data enhanced version)/train/images/11_open_circuit_05_3.jpg,/Users/user/Deep-Learning-PCB-Defect-Detection/data/PKU-Market-PCB(Data enhanced version)/train/labels/11_open_circuit_05_3.txt,1455,1736,RGB,.jpg,False
PKU,train,11_mouse_bite_08_1.jpg,/Users/user/Deep-Learning-PCB-Defect-Detection/data/PKU-Market-PCB(Data enhanced version)/train/images/11_mouse_bite_08_1.jpg,/Users/user/Deep-Learning-PCB-Defect-Detection/data/PKU-Market-PCB(Data enhanced version)/train/labels/11_mouse_bite_08_1.txt,1606,1730,RGB,.jpg,False
PKU,train,11_missing_hole_05_2.jpg,/Users/user/Deep-Learning-PCB-Defect-Detection/data/PKU-Market-PCB(Data enhanced version)/train/images/11_missing_hole_05_2.jpg,/Users/user/Deep-Learning-PCB-Defect-Detection/data/PKU-Market-PCB(Data enhanced version)/train/labels/11_missing_hole_05_2.txt,2282,2248,RGB,.jpg,False
PKU,train,09_spur_04_1.jpg,/Users/user/Deep-Learning-PCB-Defect-Detection/data/PKU-Market-PCB(Data enhanced version)/train/images/09_spur_04_1.jpg,/Users/user/Deep-Learning-PCB-Defect-Detection/data/PKU-Market-PCB(Data enhanced version)/train/labels/09_spur_04_1.txt,1948,1092,RGB,.jpg,False
PKU,train,09_short_02_1.jpg,/Users/user/Deep-Learning-PCB-Defect-Detection/data/PKU-Market-PCB(Data enhanced version)/train/images/09_short_02_1.jpg,/Users/user/Deep-Learning-PCB-Defect-Detection/data/PKU-Market-PCB(Data enhanced version)/train/labels/09_short_02_1.txt,1989,1278,RGB,.jpg,False
PKU,train,10_spur_01_3.jpg,/Users/user/Deep-Learning-PCB-Defect-Detection/data/PKU-Market-PCB(Data enhanced version)/train/images/10_spur_01_3.jpg,/Users/user/Deep-Learning-PCB-Defect-Detection/data/PKU-Market-PCB(Data enhanced version)/train/labels/10_spur_01_3.txt,2240,2016,RGB,.jpg,False
PKU,train,11_short_01_3.jpg,/Users/user/Deep-Learning-PCB-Defect-Detection/data/PKU-Market-PCB(Data enhanced version)/train/images/11_short_01_3.jpg,/Users/user/Deep-Learning-PCB-Defect-Detection/data/PKU-Market-PCB(Data enhanced version)/train/labels/11_short_01_3.txt,2282,2248,RGB,.jpg,False
PKU,train,11_spurious_copper_05_3.jpg,/Users/user/Deep-Learning-PCB-Defect-Detection/data/PKU-Market-PCB(Data enhanced version)/train/images/11_spurious_copper_05_3.jpg,/Users/user/Deep-Learning-PCB-Defect-Detection/data/PKU-Market-PCB(Data enhanced version)/train/labels/11_spurious_copper_05_3.txt,2282,2248,RGB,.jpg,True
PKU,train,09_open_circuit_06_1.jpg,/Users/user/Deep-Learning-PCB-Defect-Detection/data/PKU-Market-PCB(Data enhanced version)/train/images/09_open_circuit_06_1.jpg,/Users/user/Deep-Learning-PCB-Defect-Detection/data/PKU-Market-PCB(Data enhanced version)/train/labels/09_open_circuit_06_1.txt,2775,2159,RGB,.jpg,False
PKU,train,10_short_05_3.jpg,/Users/user/Deep-Learning-PCB-Defect-Detection/data/PKU-Market-PCB(Data enhanced version)/train/images/10_short_05_3.jpg,/Users/user/Deep-Learning-PCB-Defect-Detection/data/PKU-Market-PCB(Data enhanced version)/train/labels/10_short_05_3.txt,1484,1369,RGB,.jpg,False
PKU,train,10_spurious_copper_02_1.jpg,/Users/user/Deep-Learning-PCB-Defect-Detection/data/PKU-Market-PCB(Data enhanced version)/train/images/10_spurious_copper_02_1.jpg,/Users/user/Deep-Learning-PCB-Defect-Detection/data/PKU-Market-PCB(Data enhanced version)/train/labels/10_spurious_copper_02_1.txt,1304,1792,RGB,.jpg,True
PKU,train,10_spurious_copper_04.jpg,/Users/user/Deep-Learning-PCB-Defect-Detection/data/PKU-Market-PCB(Data enhanced version)/train/images/10_spurious_copper_04.jpg,/Users/user/Deep-Learning-PCB-Defect-Detection/data/PKU-Market-PCB(Data enhanced version)/train/labels/10_spurious_copper_04.txt,2240,2016,RGB,.jpg,True
PKU,train,09_open_circuit_09.jpg,/Users/user/Deep-Learning-PCB-Defect-Detection/data/PKU-Market-PCB(Data enhanced version)/train/images/09_open_circuit_09.jpg,/Users/user/Deep-Learning-PCB-Defect-Detection/data/PKU-Market-PCB(Data enhanced version)/train/labels/09_open_circuit_09.txt,2775,2159,RGB,.jpg,False
PKU,train,11_spurious_copper_07_1.jpg,/Users/user/Deep-Learning-PCB-Defect-Detection/data/PKU-Market-PCB(Data enhanced version)/train/images/11_spurious_copper_07_1.jpg,/Users/user/Deep-Learning-PCB-Defect-Detection/data/PKU-Market-PCB(Data enhanced version)/train/labels/11_spurious_copper_07_1.txt,2282,2248,RGB,.jpg,False
PKU,train,11_short_03_1.jpg,/Users/user/Deep-Learning-PCB-Defect-Detection/data/PKU-Market-PCB(Data enhanced version)/train/images/11_short_03_1.jpg,/Users/user/Deep-Learning-PCB-Defect-Detection/data/PKU-Market-PCB(Data enhanced version)/train/labels/11_short_03_1.txt,2282,2248,RGB,.jpg,True
PKU,train,09_open_circuit_04_3.jpg,/Users/user/Deep-Learning-PCB-Defect-Detection/data/PKU-Market-PCB(Data enhanced version)/train/images/09_open_circuit_04_3.jpg,/Users/user/Deep-Learning-PCB-Defect-Detection/data/PKU-Market-PCB(Data enhanced version)/train/labels/09_open_circuit_04_3.txt,2775,2159,RGB,.jpg,True
PKU,train,09_missing_hole_04_2.jpg,/Users/user/Deep-Learning-PCB-Defect-Detection/data/PKU-Market-PCB(Data enhanced version)/train/images/09_missing_hole_04_2.jpg,/Users/user/Deep-Learning-PCB-Defect-Detection/data/PKU-Market-PCB(Data enhanced version)/train/labels/09_missing_hole_04_2.txt,2070,1476,RGB,.jpg,False
PKU,train,11_open_circuit_08.jpg,/Users/user/Deep-Learning-PCB-Defect-Detection/data/PKU-Market-PCB(Data enhanced version)/train/images/11_open_circuit_08.jpg,/Users/user/Deep-Learning-PCB-Defect-Detection/data/PKU-Market-PCB(Data enhanced version)/train/labels/11_open_circuit_08.txt,2282,2248,RGB,.jpg,False
PKU,train,09_spurious_copper_10_1.jpg,/Users/user/Deep-Learning-PCB-Defect-Detection/data/PKU-Market-PCB(Data enhanced version)/train/images/09_spurious_copper_10_1.jpg,/Users/user/Deep-Learning-PCB-Defect-Detection/data/PKU-Market-PCB(Data enhanced version)/train/labels/09_spurious_copper_10_1.txt,2775,2159,RGB,.jpg,True
PKU,train,11_spur_10_1.jpg,/Users/user/Deep-Learning-PCB-Defect-Detection/data/PKU-Market-PCB(Data enhanced version)/train/images/11_spur_10_1.jpg,/Users/user/Deep-Learning-PCB-Defect-Detection/data/PKU-Market-PCB(Data enhanced version)/train/labels/11_spur_10_1.txt,1332,1762,RGB,.jpg,True
PKU,train,09_short_06_1.jpg,/Users/user/Deep-Learning-PCB-Defect-Detection/data/PKU-Market-PCB(Data enhanced version)/train/images/09_short_06_1.jpg,/Users/user/Deep-Learning-PCB-Defect-Detection/data/PKU-Market-PCB(Data enhanced version)/train/labels/09_short_06_1.txt,2095,1775,RGB,.jpg,True
PKU,train,10_spur_05_3.jpg,/Users/user/Deep-Learning-PCB-Defect-Detection/data/PKU-Market-PCB(Data enhanced version)/train/images/10_spur_05_3.jpg,/Users/user/Deep-Learning-PCB-Defect-Detection/data/PKU-Market-PCB(Data enhanced version)/train/labels/10_spur_05_3.txt,1917,1731,RGB,.jpg,True
PKU,train,11_open_circuit_01_3.jpg,/Users/user/Deep-Learning-PCB-Defect-Detection/data/PKU-Market-PCB(Data enhanced version)/train/images/11_open_circuit_01_3.jpg,/Users/user/Deep-Learning-PCB-Defect-Detection/data/PKU-Market-PCB(Data enhanced version)/train/labels/11_open_circuit_01_3.txt,1246,1625,RGB,.jpg,True
PKU,train,11_missing_hole_01_2.jpg,/Users/user/Deep-Learning-PCB-Defect-Detection/data/PKU-Market-PCB(Data enhanced version)/train/images/11_missing_hole_01_2.jpg,/Users/user/Deep-Learning-PCB-Defect-Detection/data/PKU-Market-PCB(Data enhanced version)/train/labels/11_missing_hole_01_2.txt,2282,2248,RGB,.jpg,True
PKU,train,09_short_04_3.jpg,/Users/user/Deep-Learning-PCB-Defect-Detection/data/PKU-Market-PCB(Data enhanced version)/train/images/09_short_04_3.jpg,/Users/user/Deep-Learning-PCB-Defect-Detection/data/PKU-Market-PCB(Data enhanced version)/train/labels/09_short_04_3.txt,2775,2159,RGB,.jpg,True
PKU,train,11_open_circuit_03_1.jpg,/Users/user/Deep-Learning-PCB-Defect-Detection/data/PKU-Market-PCB(Data enhanced version)/train/images/11_open_circuit_03_1.jpg,/Users/user/Deep-Learning-PCB-Defect-Detection/data/PKU-Market-PCB(Data enhanced version)/train/labels/11_open_circuit_03_1.txt,2282,2248,RGB,.jpg,True
PKU,train,09_spur_08.jpg,/Users/user/Deep-Learning-PCB-Defect-Detection/data/PKU-Market-PCB(Data enhanced version)/train/images/09_spur_08.jpg,/Users/user/Deep-Learning-PCB-Defect-Detection/data/PKU-Market-PCB(Data enhanced version)/train/labels/09_spur_08.txt,2775,2159,RGB,.jpg,True
PKU,train,09_spur_02_3.jpg,/Users/user/Deep-Learning-PCB-Defect-Detection/data/PKU-Market-PCB(Data enhanced version)/train/images/09_spur_02_3.jpg,/Users/user/Deep-Learning-PCB-Defect-Detection/data/PKU-Market-PCB(Data enhanced version)/train/labels/09_spur_02_3.txt,2775,2159,RGB,.jpg,False
PKU,train,09_spur_02_2.jpg,/Users/user/Deep-Learning-PCB-Defect-Detection/data/PKU-Market-PCB(Data enhanced version)/train/images/09_spur_02_2.jpg,/Users/user/Deep-Learning-PCB-Defect-Detection/data/PKU-Market-PCB(Data enhanced version)/train/labels/09_spur_02_2.txt,2775,2159,RGB,.jpg,False
PKU,train,11_missing_hole_03_1.jpg,/Users/user/Deep-Learning-PCB-Defect-Detection/data/PKU-Market-PCB(Data enhanced version)/train/images/11_missing_hole_03_1.jpg,/Users/user/Deep-Learning-PCB-Defect-Detection/data/PKU-Market-PCB(Data enhanced version)/train/labels/11_missing_hole_03_1.txt,1642,1705,RGB,.jpg,False
PKU,train,09_spur_09.jpg,/Users/user/Deep-Learning-PCB-Defect-Detection/data/PKU-Market-PCB(Data enhanced version)/train/images/09_spur_09.jpg,/Users/user/Deep-Learning-PCB-Defect-Detection/data/PKU-Market-PCB(Data enhanced version)/train/labels/09_spur_09.txt,2775,2159,RGB,.jpg,False
PKU,train,09_spurious_copper_09_1.jpg,/Users/user/Deep-Learning-PCB-Defect-Detection/data/PKU-Market-PCB(Data enhanced version)/train/images/09_spurious_copper_09_1.jpg,/Users/user/Deep-Learning-PCB-Defect-Detection/data/PKU-Market-PCB(Data enhanced version)/train/labels/09_spurious_copper_09_1.txt,2775,2159,RGB,.jpg,False
PKU,train,11_spur_09_1.jpg,/Users/user/Deep-Learning-PCB-Defect-Detection/data/PKU-Market-PCB(Data enhanced version)/train/images/11_spur_09_1.jpg,/Users/user/Deep-Learning-PCB-Defect-Detection/data/PKU-Market-PCB(Data enhanced version)/train/labels/11_spur_09_1.txt,2282,2248,RGB,.jpg,False
PKU,train,09_short_04_2.jpg,/Users/user/Deep-Learning-PCB-Defect-Detection/data/PKU-Market-PCB(Data enhanced version)/train/images/09_short_04_2.jpg,/Users/user/Deep-Learning-PCB-Defect-Detection/data/PKU-Market-PCB(Data enhanced version)/train/labels/09_short_04_2.txt,2234,1525,RGB,.jpg,False
PKU,train,11_missing_hole_01_3.jpg,/Users/user/Deep-Learning-PCB-Defect-Detection/data/PKU-Market-PCB(Data enhanced version)/train/images/11_missing_hole_01_3.jpg,/Users/user/Deep-Learning-PCB-Defect-Detection/data/PKU-Market-PCB(Data enhanced version)/train/labels/11_missing_hole_01_3.txt,1586,2186,RGB,.jpg,True
PKU,train,11_open_circuit_01_2.jpg,/Users/user/Deep-Learning-PCB-Defect-Detection/data/PKU-Market-PCB(Data enhanced version)/train/images/11_open_circuit_01_2.jpg,/Users/user/Deep-Learning-PCB-Defect-Detection/data/PKU-Market-PCB(Data enhanced version)/train/labels/11_open_circuit_01_2.txt,2282,2248,RGB,.jpg,False
PKU,train,10_spur_05_2.jpg,/Users/user/Deep-Learning-PCB-Defect-Detection/data/PKU-Market-PCB(Data enhanced version)/train/images/10_spur_05_2.jpg,/Users/user/Deep-Learning-PCB-Defect-Detection/data/PKU-Market-PCB(Data enhanced version)/train/labels/10_spur_05_2.txt,2240,2016,RGB,.jpg,True
PKU,train,11_open_circuit_09.jpg,/Users/user/Deep-Learning-PCB-Defect-Detection/data/PKU-Market-PCB(Data enhanced version)/train/images/11_open_circuit_09.jpg,/Users/user/Deep-Learning-PCB-Defect-Detection/data/PKU-Market-PCB(Data enhanced version)/train/labels/11_open_circuit_09.txt,2282,2248,RGB,.jpg,False
PKU,train,09_open_circuit_04_2.jpg,/Users/user/Deep-Learning-PCB-Defect-Detection/data/PKU-Market-PCB(Data enhanced version)/train/images/09_open_circuit_04_2.jpg,/Users/user/Deep-Learning-PCB-Defect-Detection/data/PKU-Market-PCB(Data enhanced version)/train/labels/09_open_circuit_04_2.txt,2775,2159,RGB,.jpg,False
PKU,train,09_open_circuit_08.jpg,/Users/user/Deep-Learning-PCB-Defect-Detection/data/PKU-Market-PCB(Data enhanced version)/train/images/09_open_circuit_08.jpg,/Users/user/Deep-Learning-PCB-Defect-Detection/data/PKU-Market-PCB(Data enhanced version)/train/labels/09_open_circuit_08.txt,2775,2159,RGB,.jpg,False
PKU,train,10_spurious_copper_05.jpg,/Users/user/Deep-Learning-PCB-Defect-Detection/data/PKU-Market-PCB(Data enhanced version)/train/images/10_spurious_copper_05.jpg,/Users/user/Deep-Learning-PCB-Defect-Detection/data/PKU-Market-PCB(Data enhanced version)/train/labels/10_spurious_copper_05.txt,2240,2016,RGB,.jpg,True
PKU,train,10_short_05_2.jpg,/Users/user/Deep-Learning-PCB-Defect-Detection/data/PKU-Market-PCB(Data enhanced version)/train/images/10_short_05_2.jpg,/Users/user/Deep-Learning-PCB-Defect-Detection/data/PKU-Market-PCB(Data enhanced version)/train/labels/10_short_05_2.txt,2017,1693,RGB,.jpg,False
PKU,train,11_spurious_copper_05_2.jpg,/Users/user/Deep-Learning-PCB-Defect-Detection/data/PKU-Market-PCB(Data enhanced version)/train/images/11_spurious_copper_05_2.jpg,/Users/user/Deep-Learning-PCB-Defect-Detection/data/PKU-Market-PCB(Data enhanced version)/train/labels/11_spurious_copper_05_2.txt,1655,1653,RGB,.jpg,False
PKU,train,11_short_01_2.jpg,/Users/user/Deep-Learning-PCB-Defect-Detection/data/PKU-Market-PCB(Data enhanced version)/train/images/11_short_01_2.jpg,/Users/user/Deep-Learning-PCB-Defect-Detection/data/PKU-Market-PCB(Data enhanced version)/train/labels/11_short_01_2.txt,2282,2248,RGB,.jpg,True
PKU,train,09_open_circuit_06_2.jpg,/Users/user/Deep-Learning-PCB-Defect-Detection/data/PKU-Market-PCB(Data enhanced version)/train/images/09_open_circuit_06_2.jpg,/Users/user/Deep-Learning-PCB-Defect-Detection/data/PKU-Market-PCB(Data enhanced version)/train/labels/09_open_circuit_06_2.txt,2775,2159,RGB,.jpg,True
PKU,train,10_spurious_copper_02_2.jpg,/Users/user/Deep-Learning-PCB-Defect-Detection/data/PKU-Market-PCB(Data enhanced version)/train/images/10_spurious_copper_02_2.jpg,/Users/user/Deep-Learning-PCB-Defect-Detection/data/PKU-Market-PCB(Data enhanced version)/train/labels/10_spurious_copper_02_2.txt,991,1472,RGB,.jpg,False
PKU,train,11_spurious_copper_07_2.jpg,/Users/user/Deep-Learning-PCB-Defect-Detection/data/PKU-Market-PCB(Data enhanced version)/train/images/11_spurious_copper_07_2.jpg,/Users/user/Deep-Learning-PCB-Defect-Detection/data/PKU-Market-PCB(Data enhanced version)/train/labels/11_spurious_copper_07_2.txt,1782,1485,RGB,.jpg,True
PKU,train,11_short_03_2.jpg,/Users/user/Deep-Learning-PCB-Defect-Detection/data/PKU-Market-PCB(Data enhanced version)/train/images/11_short_03_2.jpg,/Users/user/Deep-Learning-PCB-Defect-Detection/data/PKU-Market-PCB(Data enhanced version)/train/labels/11_short_03_2.txt,1912,1556,RGB,.jpg,True
PKU,train,11_spur_10_2.jpg,/Users/user/Deep-Learning-PCB-Defect-Detection/data/PKU-Market-PCB(Data enhanced version)/train/images/11_spur_10_2.jpg,/Users/user/Deep-Learning-PCB-Defect-Detection/data/PKU-Market-PCB(Data enhanced version)/train/labels/11_spur_10_2.txt,1079,1961,RGB,.jpg,False
PKU,train,09_spurious_copper_10_2.jpg,/Users/user/Deep-Learning-PCB-Defect-Detection/data/PKU-Market-PCB(Data enhanced version)/train/images/09_spurious_copper_10_2.jpg,/Users/user/Deep-Learning-PCB-Defect-Detection/data/PKU-Market-PCB(Data enhanced version)/train/labels/09_spurious_copper_10_2.txt,2591,1707,RGB,.jpg,False
PKU,train,09_short_06_2.jpg,/Users/user/Deep-Learning-PCB-Defect-Detection/data/PKU-Market-PCB(Data enhanced version)/train/images/09_short_06_2.jpg,/Users/user/Deep-Learning-PCB-Defect-Detection/data/PKU-Market-PCB(Data enhanced version)/train/labels/09_short_06_2.txt,1884,1802,RGB,.jpg,False
PKU,train,11_missing_hole_01_1.jpg,/Users/user/Deep-Learning-PCB-Defect-Detection/data/PKU-Market-PCB(Data enhanced version)/train/images/11_missing_hole_01_1.jpg,/Users/user/Deep-Learning-PCB-Defect-Detection/data/PKU-Market-PCB(Data enhanced version)/train/labels/11_missing_hole_01_1.txt,2282,2248,RGB,.jpg,False
PKU,train,09_spurious_copper_09_3.jpg,/Users/user/Deep-Learning-PCB-Defect-Detection/data/PKU-Market-PCB(Data enhanced version)/train/images/09_spurious_copper_09_3.jpg,/Users/user/Deep-Learning-PCB-Defect-Detection/data/PKU-Market-PCB(Data enhanced version)/train/labels/09_spurious_copper_09_3.txt,2671,1938,RGB,.jpg,False
PKU,train,11_spur_09_3.jpg,/Users/user/Deep-Learning-PCB-Defect-Detection/data/PKU-Market-PCB(Data enhanced version)/train/images/11_spur_09_3.jpg,/Users/user/Deep-Learning-PCB-Defect-Detection/data/PKU-Market-PCB(Data enhanced version)/train/labels/11_spur_09_3.txt,2282,2248,RGB,.jpg,False
PKU,train,11_open_circuit_03_2.jpg,/Users/user/Deep-Learning-PCB-Defect-Detection/data/PKU-Market-PCB(Data enhanced version)/train/images/11_open_circuit_03_2.jpg,/Users/user/Deep-Learning-PCB-Defect-Detection/data/PKU-Market-PCB(Data enhanced version)/train/labels/11_open_circuit_03_2.txt,2282,2248,RGB,.jpg,False
PKU,train,11_missing_hole_03_3.jpg,/Users/user/Deep-Learning-PCB-Defect-Detection/data/PKU-Market-PCB(Data enhanced version)/train/images/11_missing_hole_03_3.jpg,/Users/user/Deep-Learning-PCB-Defect-Detection/data/PKU-Market-PCB(Data enhanced version)/train/labels/11_missing_hole_03_3.txt,2282,2248,RGB,.jpg,True
PKU,train,11_missing_hole_03_2.jpg,/Users/user/Deep-Learning-PCB-Defect-Detection/data/PKU-Market-PCB(Data enhanced version)/train/images/11_missing_hole_03_2.jpg,/Users/user/Deep-Learning-PCB-Defect-Detection/data/PKU-Market-PCB(Data enhanced version)/train/labels/11_missing_hole_03_2.txt,2282,2248,RGB,.jpg,True
PKU,train,09_spur_02_1.jpg,/Users/user/Deep-Learning-PCB-Defect-Detection/data/PKU-Market-PCB(Data enhanced version)/train/images/09_spur_02_1.jpg,/Users/user/Deep-Learning-PCB-Defect-Detection/data/PKU-Market-PCB(Data enhanced version)/train/labels/09_spur_02_1.txt,2775,2159,RGB,.jpg,True
PKU,train,11_open_circuit_03_3.jpg,/Users/user/Deep-Learning-PCB-Defect-Detection/data/PKU-Market-PCB(Data enhanced version)/train/images/11_open_circuit_03_3.jpg,/Users/user/Deep-Learning-PCB-Defect-Detection/data/PKU-Market-PCB(Data enhanced version)/train/labels/11_open_circuit_03_3.txt,2005,1822,RGB,.jpg,False
PKU,train,11_spur_09_2.jpg,/Users/user/Deep-Learning-PCB-Defect-Detection/data/PKU-Market-PCB(Data enhanced version)/train/images/11_spur_09_2.jpg,/Users/user/Deep-Learning-PCB-Defect-Detection/data/PKU-Market-PCB(Data enhanced version)/train/labels/11_spur_09_2.txt,2282,2248,RGB,.jpg,True
PKU,train,09_spurious_copper_09_2.jpg,/Users/user/Deep-Learning-PCB-Defect-Detection/data/PKU-Market-PCB(Data enhanced version)/train/images/09_spurious_copper_09_2.jpg,/Users/user/Deep-Learning-PCB-Defect-Detection/data/PKU-Market-PCB(Data enhanced version)/train/labels/09_spurious_copper_09_2.txt,2543,1144,RGB,.jpg,False
PKU,train,09_short_04_1.jpg,/Users/user/Deep-Learning-PCB-Defect-Detection/data/PKU-Market-PCB(Data enhanced version)/train/images/09_short_04_1.jpg,/Users/user/Deep-Learning-PCB-Defect-Detection/data/PKU-Market-PCB(Data enhanced version)/train/labels/09_short_04_1.txt,1286,2082,RGB,.jpg,True
PKU,train,11_open_circuit_01_1.jpg,/Users/user/Deep-Learning-PCB-Defect-Detection/data/PKU-Market-PCB(Data enhanced version)/train/images/11_open_circuit_01_1.jpg,/Users/user/Deep-Learning-PCB-Defect-Detection/data/PKU-Market-PCB(Data enhanced version)/train/labels/11_open_circuit_01_1.txt,1488,1840,RGB,.jpg,True
PKU,train,10_spur_05_1.jpg,/Users/user/Deep-Learning-PCB-Defect-Detection/data/PKU-Market-PCB(Data enhanced version)/train/images/10_spur_05_1.jpg,/Users/user/Deep-Learning-PCB-Defect-Detection/data/PKU-Market-PCB(Data enhanced version)/train/labels/10_spur_05_1.txt,1775,1725,RGB,.jpg,False
PKU,train,09_short_06_3.jpg,/Users/user/Deep-Learning-PCB-Defect-Detection/data/PKU-Market-PCB(Data enhanced version)/train/images/09_short_06_3.jpg,/Users/user/Deep-Learning-PCB-Defect-Detection/data/PKU-Market-PCB(Data enhanced version)/train/labels/09_short_06_3.txt,2365,1382,RGB,.jpg,True
PKU,train,09_spurious_copper_10_3.jpg,/Users/user/Deep-Learning-PCB-Defect-Detection/data/PKU-Market-PCB(Data enhanced version)/train/images/09_spurious_copper_10_3.jpg,/Users/user/Deep-Learning-PCB-Defect-Detection/data/PKU-Market-PCB(Data enhanced version)/train/labels/09_spurious_copper_10_3.txt,1657,1706,RGB,.jpg,False
PKU,train,11_spur_10_3.jpg,/Users/user/Deep-Learning-PCB-Defect-Detection/data/PKU-Market-PCB(Data enhanced version)/train/images/11_spur_10_3.jpg,/Users/user/Deep-Learning-PCB-Defect-Detection/data/PKU-Market-PCB(Data enhanced version)/train/labels/11_spur_10_3.txt,1888,1988,RGB,.jpg,True
PKU,train,11_short_03_3.jpg,/Users/user/Deep-Learning-PCB-Defect-Detection/data/PKU-Market-PCB(Data enhanced version)/train/images/11_short_03_3.jpg,/Users/user/Deep-Learning-PCB-Defect-Detection/data/PKU-Market-PCB(Data enhanced version)/train/labels/11_short_03_3.txt,1944,2004,RGB,.jpg,True
PKU,train,11_spurious_copper_07_3.jpg,/Users/user/Deep-Learning-PCB-Defect-Detection/data/PKU-Market-PCB(Data enhanced version)/train/images/11_spurious_copper_07_3.jpg,/Users/user/Deep-Learning-PCB-Defect-Detection/data/PKU-Market-PCB(Data enhanced version)/train/labels/11_spurious_copper_07_3.txt,2282,2248,RGB,.jpg,True
PKU,train,09_open_circuit_04_1.jpg,/Users/user/Deep-Learning-PCB-Defect-Detection/data/PKU-Market-PCB(Data enhanced version)/train/images/09_open_circuit_04_1.jpg,/Users/user/Deep-Learning-PCB-Defect-Detection/data/PKU-Market-PCB(Data enhanced version)/train/labels/09_open_circuit_04_1.txt,2775,2159,RGB,.jpg,True
PKU,train,10_spurious_copper_02_3.jpg,/Users/user/Deep-Learning-PCB-Defect-Detection/data/PKU-Market-PCB(Data enhanced version)/train/images/10_spurious_copper_02_3.jpg,/Users/user/Deep-Learning-PCB-Defect-Detection/data/PKU-Market-PCB(Data enhanced version)/train/labels/10_spurious_copper_02_3.txt,2240,2016,RGB,.jpg,False
PKU,train,10_spurious_copper_06.jpg,/Users/user/Deep-Learning-PCB-Defect-Detection/data/PKU-Market-PCB(Data enhanced version)/train/images/10_spurious_copper_06.jpg,/Users/user/Deep-Learning-PCB-Defect-Detection/data/PKU-Market-PCB(Data enhanced version)/train/labels/10_spurious_copper_06.txt,2240,2016,RGB,.jpg,False
PKU,train,10_short_05_1.jpg,/Users/user/Deep-Learning-PCB-Defect-Detection/data/PKU-Market-PCB(Data enhanced version)/train/images/10_short_05_1.jpg,/Users/user/Deep-Learning-PCB-Defect-Detection/data/PKU-Market-PCB(Data enhanced version)/train/labels/10_short_05_1.txt,1720,1764,RGB,.jpg,True
PKU,train,11_spurious_copper_05_1.jpg,/Users/user/Deep-Learning-PCB-Defect-Detection/data/PKU-Market-PCB(Data enhanced version)/train/images/11_spurious_copper_05_1.jpg,/Users/user/Deep-Learning-PCB-Defect-Detection/data/PKU-Market-PCB(Data enhanced version)/train/labels/11_spurious_copper_05_1.txt,2282,2248,RGB,.jpg,False
PKU,train,11_short_01_1.jpg,/Users/user/Deep-Learning-PCB-Defect-Detection/data/PKU-Market-PCB(Data enhanced version)/train/images/11_short_01_1.jpg,/Users/user/Deep-Learning-PCB-Defect-Detection/data/PKU-Market-PCB(Data enhanced version)/train/labels/11_short_01_1.txt,2282,2248,RGB,.jpg,True
PKU,train,09_open_circuit_06_3.jpg,/Users/user/Deep-Learning-PCB-Defect-Detection/data/PKU-Market-PCB(Data enhanced version)/train/images/09_open_circuit_06_3.jpg,/Users/user/Deep-Learning-PCB-Defect-Detection/data/PKU-Market-PCB(Data enhanced version)/train/labels/09_open_circuit_06_3.txt,1813,1348,RGB,.jpg,False
PKU,train,10_spurious_copper_05_2.jpg,/Users/user/Deep-Learning-PCB-Defect-Detection/data/PKU-Market-PCB(Data enhanced version)/train/images/10_spurious_copper_05_2.jpg,/Users/user/Deep-Learning-PCB-Defect-Detection/data/PKU-Market-PCB(Data enhanced version)/train/labels/10_spurious_copper_05_2.txt,1603,1588,RGB,.jpg,True
PKU,train,11_mouse_bite_10_1.jpg,/Users/user/Deep-Learning-PCB-Defect-Detection/data/PKU-Market-PCB(Data enhanced version)/train/images/11_mouse_bite_10_1.jpg,/Users/user/Deep-Learning-PCB-Defect-Detection/data/PKU-Market-PCB(Data enhanced version)/train/labels/11_mouse_bite_10_1.txt,1169,1320,RGB,.jpg,True
PKU,train,11_short_04_2.jpg,/Users/user/Deep-Learning-PCB-Defect-Detection/data/PKU-Market-PCB(Data enhanced version)/train/images/11_short_04_2.jpg,/Users/user/Deep-Learning-PCB-Defect-Detection/data/PKU-Market-PCB(Data enhanced version)/train/labels/11_short_04_2.txt,2024,1677,RGB,.jpg,True
PKU,train,11_spurious_copper_06.jpg,/Users/user/Deep-Learning-PCB-Defect-Detection/data/PKU-Market-PCB(Data enhanced version)/train/images/11_spurious_copper_06.jpg,/Users/user/Deep-Learning-PCB-Defect-Detection/data/PKU-Market-PCB(Data enhanced version)/train/labels/11_spurious_copper_06.txt,2282,2248,RGB,.jpg,True
PKU,train,11_spur_07.jpg,/Users/user/Deep-Learning-PCB-Defect-Detection/data/PKU-Market-PCB(Data enhanced version)/train/images/11_spur_07.jpg,/Users/user/Deep-Learning-PCB-Defect-Detection/data/PKU-Market-PCB(Data enhanced version)/train/labels/11_spur_07.txt,2282,2248,RGB,.jpg,True
PKU,train,09_mouse_bite_09_1.jpg,/Users/user/Deep-Learning-PCB-Defect-Detection/data/PKU-Market-PCB(Data enhanced version)/train/images/09_mouse_bite_09_1.jpg,/Users/user/Deep-Learning-PCB-Defect-Detection/data/PKU-Market-PCB(Data enhanced version)/train/labels/09_mouse_bite_09_1.txt,2467,1725,RGB,.jpg,False
PKU,train,09_short_01_2.jpg,/Users/user/Deep-Learning-PCB-Defect-Detection/data/PKU-Market-PCB(Data enhanced version)/train/images/09_short_01_2.jpg,/Users/user/Deep-Learning-PCB-Defect-Detection/data/PKU-Market-PCB(Data enhanced version)/train/labels/09_short_01_2.txt,2775,2159,RGB,.jpg,True
PKU,train,09_spur_07_2.jpg,/Users/user/Deep-Learning-PCB-Defect-Detection/data/PKU-Market-PCB(Data enhanced version)/train/images/09_spur_07_2.jpg,/Users/user/Deep-Learning-PCB-Defect-Detection/data/PKU-Market-PCB(Data enhanced version)/train/labels/09_spur_07_2.txt,2775,2159,RGB,.jpg,True
PKU,train,11_missing_hole_06_1.jpg,/Users/user/Deep-Learning-PCB-Defect-Detection/data/PKU-Market-PCB(Data enhanced version)/train/images/11_missing_hole_06_1.jpg,/Users/user/Deep-Learning-PCB-Defect-Detection/data/PKU-Market-PCB(Data enhanced version)/train/labels/11_missing_hole_06_1.txt,1188,1586,RGB,.jpg,True
PKU,train,11_missing_hole_04_3.jpg,/Users/user/Deep-Learning-PCB-Defect-Detection/data/PKU-Market-PCB(Data enhanced version)/train/images/11_missing_hole_04_3.jpg,/Users/user/Deep-Learning-PCB-Defect-Detection/data/PKU-Market-PCB(Data enhanced version)/train/labels/11_missing_hole_04_3.txt,1851,2048,RGB,.jpg,True
PKU,train,11_open_circuit_04_2.jpg,/Users/user/Deep-Learning-PCB-Defect-Detection/data/PKU-Market-PCB(Data enhanced version)/train/images/11_open_circuit_04_2.jpg,/Users/user/Deep-Learning-PCB-Defect-Detection/data/PKU-Market-PCB(Data enhanced version)/train/labels/11_open_circuit_04_2.txt,1572,1827,RGB,.jpg,False
PKU,train,11_open_circuit_04_3.jpg,/Users/user/Deep-Learning-PCB-Defect-Detection/data/PKU-Market-PCB(Data enhanced version)/train/images/11_open_circuit_04_3.jpg,/Users/user/Deep-Learning-PCB-Defect-Detection/data/PKU-Market-PCB(Data enhanced version)/train/labels/11_open_circuit_04_3.txt,1852,1376,RGB,.jpg,False
PKU,train,11_mouse_bite_09_1.jpg,/Users/user/Deep-Learning-PCB-Defect-Detection/data/PKU-Market-PCB(Data enhanced version)/train/images/11_mouse_bite_09_1.jpg,/Users/user/Deep-Learning-PCB-Defect-Detection/data/PKU-Market-PCB(Data enhanced version)/train/labels/11_mouse_bite_09_1.txt,1607,1499,RGB,.jpg,True
PKU,train,11_missing_hole_04_2.jpg,/Users/user/Deep-Learning-PCB-Defect-Detection/data/PKU-Market-PCB(Data enhanced version)/train/images/11_missing_hole_04_2.jpg,/Users/user/Deep-Learning-PCB-Defect-Detection/data/PKU-Market-PCB(Data enhanced version)/train/labels/11_missing_hole_04_2.txt,2282,2248,RGB,.jpg,True
PKU,train,09_spur_05_1.jpg,/Users/user/Deep-Learning-PCB-Defect-Detection/data/PKU-Market-PCB(Data enhanced version)/train/images/09_spur_05_1.jpg,/Users/user/Deep-Learning-PCB-Defect-Detection/data/PKU-Market-PCB(Data enhanced version)/train/labels/09_spur_05_1.txt,1966,954,RGB,.jpg,True
PKU,train,09_short_03_1.jpg,/Users/user/Deep-Learning-PCB-Defect-Detection/data/PKU-Market-PCB(Data enhanced version)/train/images/09_short_03_1.jpg,/Users/user/Deep-Learning-PCB-Defect-Detection/data/PKU-Market-PCB(Data enhanced version)/train/labels/09_short_03_1.txt,2775,2159,RGB,.jpg,False
PKU,train,11_open_circuit_06_1.jpg,/Users/user/Deep-Learning-PCB-Defect-Detection/data/PKU-Market-PCB(Data enhanced version)/train/images/11_open_circuit_06_1.jpg,/Users/user/Deep-Learning-PCB-Defect-Detection/data/PKU-Market-PCB(Data enhanced version)/train/labels/11_open_circuit_06_1.txt,1761,1498,RGB,.jpg,False
PKU,train,09_spur_07_3.jpg,/Users/user/Deep-Learning-PCB-Defect-Detection/data/PKU-Market-PCB(Data enhanced version)/train/images/09_spur_07_3.jpg,/Users/user/Deep-Learning-PCB-Defect-Detection/data/PKU-Market-PCB(Data enhanced version)/train/labels/09_spur_07_3.txt,2775,2159,RGB,.jpg,False
PKU,train,09_short_01_3.jpg,/Users/user/Deep-Learning-PCB-Defect-Detection/data/PKU-Market-PCB(Data enhanced version)/train/images/09_short_01_3.jpg,/Users/user/Deep-Learning-PCB-Defect-Detection/data/PKU-Market-PCB(Data enhanced version)/train/labels/09_short_01_3.txt,2190,1833,RGB,.jpg,False
PKU,train,10_spur_02_1.jpg,/Users/user/Deep-Learning-PCB-Defect-Detection/data/PKU-Market-PCB(Data enhanced version)/train/images/10_spur_02_1.jpg,/Users/user/Deep-Learning-PCB-Defect-Detection/data/PKU-Market-PCB(Data enhanced version)/train/labels/10_spur_02_1.txt,2240,2016,RGB,.jpg,False
PKU,train,11_spur_06.jpg,/Users/user/Deep-Learning-PCB-Defect-Detection/data/PKU-Market-PCB(Data enhanced version)/train/images/11_spur_06.jpg,/Users/user/Deep-Learning-PCB-Defect-Detection/data/PKU-Market-PCB(Data enhanced version)/train/labels/11_spur_06.txt,2282,2248,RGB,.jpg,False
PKU,train,11_spurious_copper_07.jpg,/Users/user/Deep-Learning-PCB-Defect-Detection/data/PKU-Market-PCB(Data enhanced version)/train/images/11_spurious_copper_07.jpg,/Users/user/Deep-Learning-PCB-Defect-Detection/data/PKU-Market-PCB(Data enhanced version)/train/labels/11_spurious_copper_07.txt,2282,2248,RGB,.jpg,True
PKU,train,11_short_04_3.jpg,/Users/user/Deep-Learning-PCB-Defect-Detection/data/PKU-Market-PCB(Data enhanced version)/train/images/11_short_04_3.jpg,/Users/user/Deep-Learning-PCB-Defect-Detection/data/PKU-Market-PCB(Data enhanced version)/train/labels/11_short_04_3.txt,2282,2248,RGB,.jpg,True
PKU,train,09_open_circuit_03_1.jpg,/Users/user/Deep-Learning-PCB-Defect-Detection/data/PKU-Market-PCB(Data enhanced version)/train/images/09_open_circuit_03_1.jpg,/Users/user/Deep-Learning-PCB-Defect-Detection/data/PKU-Market-PCB(Data enhanced version)/train/labels/09_open_circuit_03_1.txt,2775,2159,RGB,.jpg,False
PKU,train,10_spurious_copper_05_3.jpg,/Users/user/Deep-Learning-PCB-Defect-Detection/data/PKU-Market-PCB(Data enhanced version)/train/images/10_spurious_copper_05_3.jpg,/Users/user/Deep-Learning-PCB-Defect-Detection/data/PKU-Market-PCB(Data enhanced version)/train/labels/10_spurious_copper_05_3.txt,1409,1422,RGB,.jpg,False
PKU,train,09_mouse_bite_10_1.jpg,/Users/user/Deep-Learning-PCB-Defect-Detection/data/PKU-Market-PCB(Data enhanced version)/train/images/09_mouse_bite_10_1.jpg,/Users/user/Deep-Learning-PCB-Defect-Detection/data/PKU-Market-PCB(Data enhanced version)/train/labels/09_mouse_bite_10_1.txt,2775,2159,RGB,.jpg,True
PKU,train,11_spurious_copper_02_1.jpg,/Users/user/Deep-Learning-PCB-Defect-Detection/data/PKU-Market-PCB(Data enhanced version)/train/images/11_spurious_copper_02_1.jpg,/Users/user/Deep-Learning-PCB-Defect-Detection/data/PKU-Market-PCB(Data enhanced version)/train/labels/11_spurious_copper_02_1.txt,1324,1803,RGB,.jpg,False
PKU,train,11_short_06_1.jpg,/Users/user/Deep-Learning-PCB-Defect-Detection/data/PKU-Market-PCB(Data enhanced version)/train/images/11_short_06_1.jpg,/Users/user/Deep-Learning-PCB-Defect-Detection/data/PKU-Market-PCB(Data enhanced version)/train/labels/11_short_06_1.txt,2257,1710,RGB,.jpg,False
PKU,train,09_open_circuit_01_3.jpg,/Users/user/Deep-Learning-PCB-Defect-Detection/data/PKU-Market-PCB(Data enhanced version)/train/images/09_open_circuit_01_3.jpg,/Users/user/Deep-Learning-PCB-Defect-Detection/data/PKU-Market-PCB(Data enhanced version)/train/labels/09_open_circuit_01_3.txt,2775,2159,RGB,.jpg,False
PKU,train,10_short_02_1.jpg,/Users/user/Deep-Learning-PCB-Defect-Detection/data/PKU-Market-PCB(Data enhanced version)/train/images/10_short_02_1.jpg,/Users/user/Deep-Learning-PCB-Defect-Detection/data/PKU-Market-PCB(Data enhanced version)/train/labels/10_short_02_1.txt,2240,2016,RGB,.jpg,False
PKU,train,10_short_02_3.jpg,/Users/user/Deep-Learning-PCB-Defect-Detection/data/PKU-Market-PCB(Data enhanced version)/train/images/10_short_02_3.jpg,/Users/user/Deep-Learning-PCB-Defect-Detection/data/PKU-Market-PCB(Data enhanced version)/train/labels/10_short_02_3.txt,1535,1298,RGB,.jpg,True
PKU,train,09_spurious_copper_09.jpg,/Users/user/Deep-Learning-PCB-Defect-Detection/data/PKU-Market-PCB(Data enhanced version)/train/images/09_spurious_copper_09.jpg,/Users/user/Deep-Learning-PCB-Defect-Detection/data/PKU-Market-PCB(Data enhanced version)/train/labels/09_spurious_copper_09.txt,2775,2159,RGB,.jpg,True
PKU,train,11_short_06_3.jpg,/Users/user/Deep-Learning-PCB-Defect-Detection/data/PKU-Market-PCB(Data enhanced version)/train/images/11_short_06_3.jpg,/Users/user/Deep-Learning-PCB-Defect-Detection/data/PKU-Market-PCB(Data enhanced version)/train/labels/11_short_06_3.txt,2282,2248,RGB,.jpg,True
PKU,train,11_spurious_copper_02_3.jpg,/Users/user/Deep-Learning-PCB-Defect-Detection/data/PKU-Market-PCB(Data enhanced version)/train/images/11_spurious_copper_02_3.jpg,/Users/user/Deep-Learning-PCB-Defect-Detection/data/PKU-Market-PCB(Data enhanced version)/train/labels/11_spurious_copper_02_3.txt,2282,2248,RGB,.jpg,True
PKU,train,09_open_circuit_01_1.jpg,/Users/user/Deep-Learning-PCB-Defect-Detection/data/PKU-Market-PCB(Data enhanced version)/train/images/09_open_circuit_01_1.jpg,/Users/user/Deep-Learning-PCB-Defect-Detection/data/PKU-Market-PCB(Data enhanced version)/train/labels/09_open_circuit_01_1.txt,2775,2159,RGB,.jpg,True
PKU,train,09_mouse_bite_10_3.jpg,/Users/user/Deep-Learning-PCB-Defect-Detection/data/PKU-Market-PCB(Data enhanced version)/train/images/09_mouse_bite_10_3.jpg,/Users/user/Deep-Learning-PCB-Defect-Detection/data/PKU-Market-PCB(Data enhanced version)/train/labels/09_mouse_bite_10_3.txt,2775,2159,RGB,.jpg,False
PKU,train,10_spurious_copper_05_1.jpg,/Users/user/Deep-Learning-PCB-Defect-Detection/data/PKU-Market-PCB(Data enhanced version)/train/images/10_spurious_copper_05_1.jpg,/Users/user/Deep-Learning-PCB-Defect-Detection/data/PKU-Market-PCB(Data enhanced version)/train/labels/10_spurious_copper_05_1.txt,1550,1587,RGB,.jpg,False
PKU,train,11_short_04_1.jpg,/Users/user/Deep-Learning-PCB-Defect-Detection/data/PKU-Market-PCB(Data enhanced version)/train/images/11_short_04_1.jpg,/Users/user/Deep-Learning-PCB-Defect-Detection/data/PKU-Market-PCB(Data enhanced version)/train/labels/11_short_04_1.txt,2282,2248,RGB,.jpg,True
PKU,train,09_open_circuit_03_3.jpg,/Users/user/Deep-Learning-PCB-Defect-Detection/data/PKU-Market-PCB(Data enhanced version)/train/images/09_open_circuit_03_3.jpg,/Users/user/Deep-Learning-PCB-Defect-Detection/data/PKU-Market-PCB(Data enhanced version)/train/labels/09_open_circuit_03_3.txt,2002,1212,RGB,.jpg,False
PKU,train,11_mouse_bite_10_2.jpg,/Users/user/Deep-Learning-PCB-Defect-Detection/data/PKU-Market-PCB(Data enhanced version)/train/images/11_mouse_bite_10_2.jpg,/Users/user/Deep-Learning-PCB-Defect-Detection/data/PKU-Market-PCB(Data enhanced version)/train/labels/11_mouse_bite_10_2.txt,2282,2248,RGB,.jpg,True
PKU,train,11_spurious_copper_05.jpg,/Users/user/Deep-Learning-PCB-Defect-Detection/data/PKU-Market-PCB(Data enhanced version)/train/images/11_spurious_copper_05.jpg,/Users/user/Deep-Learning-PCB-Defect-Detection/data/PKU-Market-PCB(Data enhanced version)/train/labels/11_spurious_copper_05.txt,2282,2248,RGB,.jpg,False
PKU,train,09_mouse_bite_09_2.jpg,/Users/user/Deep-Learning-PCB-Defect-Detection/data/PKU-Market-PCB(Data enhanced version)/train/images/09_mouse_bite_09_2.jpg,/Users/user/Deep-Learning-PCB-Defect-Detection/data/PKU-Market-PCB(Data enhanced version)/train/labels/09_mouse_bite_09_2.txt,2125,1988,RGB,.jpg,True
PKU,train,10_spur_02_3.jpg,/Users/user/Deep-Learning-PCB-Defect-Detection/data/PKU-Market-PCB(Data enhanced version)/train/images/10_spur_02_3.jpg,/Users/user/Deep-Learning-PCB-Defect-Detection/data/PKU-Market-PCB(Data enhanced version)/train/labels/10_spur_02_3.txt,1611,1947,RGB,.jpg,False
PKU,train,11_spur_10.jpg,/Users/user/Deep-Learning-PCB-Defect-Detection/data/PKU-Market-PCB(Data enhanced version)/train/images/11_spur_10.jpg,/Users/user/Deep-Learning-PCB-Defect-Detection/data/PKU-Market-PCB(Data enhanced version)/train/labels/11_spur_10.txt,2282,2248,RGB,.jpg,False
PKU,train,11_spur_04.jpg,/Users/user/Deep-Learning-PCB-Defect-Detection/data/PKU-Market-PCB(Data enhanced version)/train/images/11_spur_04.jpg,/Users/user/Deep-Learning-PCB-Defect-Detection/data/PKU-Market-PCB(Data enhanced version)/train/labels/11_spur_04.txt,2282,2248,RGB,.jpg,False
PKU,train,09_short_01_1.jpg,/Users/user/Deep-Learning-PCB-Defect-Detection/data/PKU-Market-PCB(Data enhanced version)/train/images/09_short_01_1.jpg,/Users/user/Deep-Learning-PCB-Defect-Detection/data/PKU-Market-PCB(Data enhanced version)/train/labels/09_short_01_1.txt,2775,2159,RGB,.jpg,True
PKU,train,11_missing_hole_06_2.jpg,/Users/user/Deep-Learning-PCB-Defect-Detection/data/PKU-Market-PCB(Data enhanced version)/train/images/11_missing_hole_06_2.jpg,/Users/user/Deep-Learning-PCB-Defect-Detection/data/PKU-Market-PCB(Data enhanced version)/train/labels/11_missing_hole_06_2.txt,2282,2248,RGB,.jpg,False
PKU,train,09_spur_07_1.jpg,/Users/user/Deep-Learning-PCB-Defect-Detection/data/PKU-Market-PCB(Data enhanced version)/train/images/09_spur_07_1.jpg,/Users/user/Deep-Learning-PCB-Defect-Detection/data/PKU-Market-PCB(Data enhanced version)/train/labels/09_spur_07_1.txt,2688,1879,RGB,.jpg,True
PKU,train,11_open_circuit_06_3.jpg,/Users/user/Deep-Learning-PCB-Defect-Detection/data/PKU-Market-PCB(Data enhanced version)/train/images/11_open_circuit_06_3.jpg,/Users/user/Deep-Learning-PCB-Defect-Detection/data/PKU-Market-PCB(Data enhanced version)/train/labels/11_open_circuit_06_3.txt,1913,1921,RGB,.jpg,True
PKU,train,09_short_03_3.jpg,/Users/user/Deep-Learning-PCB-Defect-Detection/data/PKU-Market-PCB(Data enhanced version)/train/images/09_short_03_3.jpg,/Users/user/Deep-Learning-PCB-Defect-Detection/data/PKU-Market-PCB(Data enhanced version)/train/labels/09_short_03_3.txt,2775,2159,RGB,.jpg,True
PKU,train,09_mouse_bite_08.jpg,/Users/user/Deep-Learning-PCB-Defect-Detection/data/PKU-Market-PCB(Data enhanced version)/train/images/09_mouse_bite_08.jpg,/Users/user/Deep-Learning-PCB-Defect-Detection/data/PKU-Market-PCB(Data enhanced version)/train/labels/09_mouse_bite_08.txt,2775,2159,RGB,.jpg,False
PKU,train,09_spur_05_3.jpg,/Users/user/Deep-Learning-PCB-Defect-Detection/data/PKU-Market-PCB(Data enhanced version)/train/images/09_spur_05_3.jpg,/Users/user/Deep-Learning-PCB-Defect-Detection/data/PKU-Market-PCB(Data enhanced version)/train/labels/09_spur_05_3.txt,1955,1972,RGB,.jpg,False
PKU,train,11_mouse_bite_09_3.jpg,/Users/user/Deep-Learning-PCB-Defect-Detection/data/PKU-Market-PCB(Data enhanced version)/train/images/11_mouse_bite_09_3.jpg,/Users/user/Deep-Learning-PCB-Defect-Detection/data/PKU-Market-PCB(Data enhanced version)/train/labels/11_mouse_bite_09_3.txt,2282,2248,RGB,.jpg,False
PKU,train,11_open_circuit_04_1.jpg,/Users/user/Deep-Learning-PCB-Defect-Detection/data/PKU-Market-PCB(Data enhanced version)/train/images/11_open_circuit_04_1.jpg,/Users/user/Deep-Learning-PCB-Defect-Detection/data/PKU-Market-PCB(Data enhanced version)/train/labels/11_open_circuit_04_1.txt,2282,2248,RGB,.jpg,True
PKU,train,11_mouse_bite_09_2.jpg,/Users/user/Deep-Learning-PCB-Defect-Detection/data/PKU-Market-PCB(Data enhanced version)/train/images/11_mouse_bite_09_2.jpg,/Users/user/Deep-Learning-PCB-Defect-Detection/data/PKU-Market-PCB(Data enhanced version)/train/labels/11_mouse_bite_09_2.txt,1394,1448,RGB,.jpg,False
PKU,train,09_spur_05_2.jpg,/Users/user/Deep-Learning-PCB-Defect-Detection/data/PKU-Market-PCB(Data enhanced version)/train/images/09_spur_05_2.jpg,/Users/user/Deep-Learning-PCB-Defect-Detection/data/PKU-Market-PCB(Data enhanced version)/train/labels/09_spur_05_2.txt,1759,1454,RGB,.jpg,False
PKU,train,11_missing_hole_04_1.jpg,/Users/user/Deep-Learning-PCB-Defect-Detection/data/PKU-Market-PCB(Data enhanced version)/train/images/11_missing_hole_04_1.jpg,/Users/user/Deep-Learning-PCB-Defect-Detection/data/PKU-Market-PCB(Data enhanced version)/train/labels/11_missing_hole_04_1.txt,2282,2248,RGB,.jpg,False
PKU,train,09_mouse_bite_09.jpg,/Users/user/Deep-Learning-PCB-Defect-Detection/data/PKU-Market-PCB(Data enhanced version)/train/images/09_mouse_bite_09.jpg,/Users/user/Deep-Learning-PCB-Defect-Detection/data/PKU-Market-PCB(Data enhanced version)/train/labels/09_mouse_bite_09.txt,2775,2159,RGB,.jpg,False
PKU,train,09_short_03_2.jpg,/Users/user/Deep-Learning-PCB-Defect-Detection/data/PKU-Market-PCB(Data enhanced version)/train/images/09_short_03_2.jpg,/Users/user/Deep-Learning-PCB-Defect-Detection/data/PKU-Market-PCB(Data enhanced version)/train/labels/09_short_03_2.txt,1725,1596,RGB,.jpg,False
PKU,train,11_open_circuit_06_2.jpg,/Users/user/Deep-Learning-PCB-Defect-Detection/data/PKU-Market-PCB(Data enhanced version)/train/images/11_open_circuit_06_2.jpg,/Users/user/Deep-Learning-PCB-Defect-Detection/data/PKU-Market-PCB(Data enhanced version)/train/labels/11_open_circuit_06_2.txt,2026,1855,RGB,.jpg,True
PKU,train,11_missing_hole_06_3.jpg,/Users/user/Deep-Learning-PCB-Defect-Detection/data/PKU-Market-PCB(Data enhanced version)/train/images/11_missing_hole_06_3.jpg,/Users/user/Deep-Learning-PCB-Defect-Detection/data/PKU-Market-PCB(Data enhanced version)/train/labels/11_missing_hole_06_3.txt,2282,2248,RGB,.jpg,True
PKU,train,11_spur_05.jpg,/Users/user/Deep-Learning-PCB-Defect-Detection/data/PKU-Market-PCB(Data enhanced version)/train/images/11_spur_05.jpg,/Users/user/Deep-Learning-PCB-Defect-Detection/data/PKU-Market-PCB(Data enhanced version)/train/labels/11_spur_05.txt,2282,2248,RGB,.jpg,True
PKU,train,10_spur_02_2.jpg,/Users/user/Deep-Learning-PCB-Defect-Detection/data/PKU-Market-PCB(Data enhanced version)/train/images/10_spur_02_2.jpg,/Users/user/Deep-Learning-PCB-Defect-Detection/data/PKU-Market-PCB(Data enhanced version)/train/labels/10_spur_02_2.txt,2240,2016,RGB,.jpg,True
PKU,train,09_mouse_bite_09_3.jpg,/Users/user/Deep-Learning-PCB-Defect-Detection/data/PKU-Market-PCB(Data enhanced version)/train/images/09_mouse_bite_09_3.jpg,/Users/user/Deep-Learning-PCB-Defect-Detection/data/PKU-Market-PCB(Data enhanced version)/train/labels/09_mouse_bite_09_3.txt,2775,2159,RGB,.jpg,False
PKU,train,11_spurious_copper_04.jpg,/Users/user/Deep-Learning-PCB-Defect-Detection/data/PKU-Market-PCB(Data enhanced version)/train/images/11_spurious_copper_04.jpg,/Users/user/Deep-Learning-PCB-Defect-Detection/data/PKU-Market-PCB(Data enhanced version)/train/labels/11_spurious_copper_04.txt,2282,2248,RGB,.jpg,False
PKU,train,11_mouse_bite_10_3.jpg,/Users/user/Deep-Learning-PCB-Defect-Detection/data/PKU-Market-PCB(Data enhanced version)/train/images/11_mouse_bite_10_3.jpg,/Users/user/Deep-Learning-PCB-Defect-Detection/data/PKU-Market-PCB(Data enhanced version)/train/labels/11_mouse_bite_10_3.txt,1728,1455,RGB,.jpg,True
PKU,train,08_spurious_copper_10_2.jpg,/Users/user/Deep-Learning-PCB-Defect-Detection/data/PKU-Market-PCB(Data enhanced version)/train/images/08_spurious_copper_10_2.jpg,/Users/user/Deep-Learning-PCB-Defect-Detection/data/PKU-Market-PCB(Data enhanced version)/train/labels/08_spurious_copper_10_2.txt,2186,1033,RGB,.jpg,False
PKU,train,09_mouse_bite_10_2.jpg,/Users/user/Deep-Learning-PCB-Defect-Detection/data/PKU-Market-PCB(Data enhanced version)/train/images/09_mouse_bite_10_2.jpg,/Users/user/Deep-Learning-PCB-Defect-Detection/data/PKU-Market-PCB(Data enhanced version)/train/labels/09_mouse_bite_10_2.txt,2775,2159,RGB,.jpg,False
PKU,train,09_spurious_copper_08.jpg,/Users/user/Deep-Learning-PCB-Defect-Detection/data/PKU-Market-PCB(Data enhanced version)/train/images/09_spurious_copper_08.jpg,/Users/user/Deep-Learning-PCB-Defect-Detection/data/PKU-Market-PCB(Data enhanced version)/train/labels/09_spurious_copper_08.txt,2775,2159,RGB,.jpg,False
PKU,train,11_spurious_copper_02_2.jpg,/Users/user/Deep-Learning-PCB-Defect-Detection/data/PKU-Market-PCB(Data enhanced version)/train/images/11_spurious_copper_02_2.jpg,/Users/user/Deep-Learning-PCB-Defect-Detection/data/PKU-Market-PCB(Data enhanced version)/train/labels/11_spurious_copper_02_2.txt,2282,2248,RGB,.jpg,False
PKU,train,11_short_06_2.jpg,/Users/user/Deep-Learning-PCB-Defect-Detection/data/PKU-Market-PCB(Data enhanced version)/train/images/11_short_06_2.jpg,/Users/user/Deep-Learning-PCB-Defect-Detection/data/PKU-Market-PCB(Data enhanced version)/train/labels/11_short_06_2.txt,1367,1991,RGB,.jpg,False
PKU,train,10_short_02_2.jpg,/Users/user/Deep-Learning-PCB-Defect-Detection/data/PKU-Market-PCB(Data enhanced version)/train/images/10_short_02_2.jpg,/Users/user/Deep-Learning-PCB-Defect-Detection/data/PKU-Market-PCB(Data enhanced version)/train/labels/10_short_02_2.txt,1271,1918,RGB,.jpg,False
PKU,train,09_spurious_copper_08_3.jpg,/Users/user/Deep-Learning-PCB-Defect-Detection/data/PKU-Market-PCB(Data enhanced version)/train/images/09_spurious_copper_08_3.jpg,/Users/user/Deep-Learning-PCB-Defect-Detection/data/PKU-Market-PCB(Data enhanced version)/train/labels/09_spurious_copper_08_3.txt,2775,2159,RGB,.jpg,False
PKU,train,11_spur_08_3.jpg,/Users/user/Deep-Learning-PCB-Defect-Detection/data/PKU-Market-PCB(Data enhanced version)/train/images/11_spur_08_3.jpg,/Users/user/Deep-Learning-PCB-Defect-Detection/data/PKU-Market-PCB(Data enhanced version)/train/labels/11_spur_08_3.txt,1864,1873,RGB,.jpg,False
PKU,train,11_open_circuit_02_2.jpg,/Users/user/Deep-Learning-PCB-Defect-Detection/data/PKU-Market-PCB(Data enhanced version)/train/images/11_open_circuit_02_2.jpg,/Users/user/Deep-Learning-PCB-Defect-Detection/data/PKU-Market-PCB(Data enhanced version)/train/labels/11_open_circuit_02_2.txt,2282,2248,RGB,.jpg,False
PKU,train,11_missing_hole_02_3.jpg,/Users/user/Deep-Learning-PCB-Defect-Detection/data/PKU-Market-PCB(Data enhanced version)/train/images/11_missing_hole_02_3.jpg,/Users/user/Deep-Learning-PCB-Defect-Detection/data/PKU-Market-PCB(Data enhanced version)/train/labels/11_missing_hole_02_3.txt,1420,1943,RGB,.jpg,True
PKU,train,09_short_07_2.jpg,/Users/user/Deep-Learning-PCB-Defect-Detection/data/PKU-Market-PCB(Data enhanced version)/train/images/09_short_07_2.jpg,/Users/user/Deep-Learning-PCB-Defect-Detection/data/PKU-Market-PCB(Data enhanced version)/train/labels/09_short_07_2.txt,1994,1485,RGB,.jpg,True
PKU,train,09_spur_01_2.jpg,/Users/user/Deep-Learning-PCB-Defect-Detection/data/PKU-Market-PCB(Data enhanced version)/train/images/09_spur_01_2.jpg,/Users/user/Deep-Learning-PCB-Defect-Detection/data/PKU-Market-PCB(Data enhanced version)/train/labels/09_spur_01_2.txt,2775,2159,RGB,.jpg,False
PKU,train,11_spurious_copper_06_2.jpg,/Users/user/Deep-Learning-PCB-Defect-Detection/data/PKU-Market-PCB(Data enhanced version)/train/images/11_spurious_copper_06_2.jpg,/Users/user/Deep-Learning-PCB-Defect-Detection/data/PKU-Market-PCB(Data enhanced version)/train/labels/11_spurious_copper_06_2.txt,1724,1956,RGB,.jpg,True
PKU,train,11_short_02_2.jpg,/Users/user/Deep-Learning-PCB-Defect-Detection/data/PKU-Market-PCB(Data enhanced version)/train/images/11_short_02_2.jpg,/Users/user/Deep-Learning-PCB-Defect-Detection/data/PKU-Market-PCB(Data enhanced version)/train/labels/11_short_02_2.txt,1953,1432,RGB,.jpg,True
PKU,train,11_spur_01.jpg,/Users/user/Deep-Learning-PCB-Defect-Detection/data/PKU-Market-PCB(Data enhanced version)/train/images/11_spur_01.jpg,/Users/user/Deep-Learning-PCB-Defect-Detection/data/PKU-Market-PCB(Data enhanced version)/train/labels/11_spur_01.txt,2282,2248,RGB,.jpg,True
PKU,train,11_mouse_bite_09.jpg,/Users/user/Deep-Learning-PCB-Defect-Detection/data/PKU-Market-PCB(Data enhanced version)/train/images/11_mouse_bite_09.jpg,/Users/user/Deep-Learning-PCB-Defect-Detection/data/PKU-Market-PCB(Data enhanced version)/train/labels/11_mouse_bite_09.txt,2282,2248,RGB,.jpg,True
PKU,train,11_missing_hole_08.jpg,/Users/user/Deep-Learning-PCB-Defect-Detection/data/PKU-Market-PCB(Data enhanced version)/train/images/11_missing_hole_08.jpg,/Users/user/Deep-Learning-PCB-Defect-Detection/data/PKU-Market-PCB(Data enhanced version)/train/labels/11_missing_hole_08.txt,2282,2248,RGB,.jpg,True
PKU,train,09_open_circuit_07_2.jpg,/Users/user/Deep-Learning-PCB-Defect-Detection/data/PKU-Market-PCB(Data enhanced version)/train/images/09_open_circuit_07_2.jpg,/Users/user/Deep-Learning-PCB-Defect-Detection/data/PKU-Market-PCB(Data enhanced version)/train/labels/09_open_circuit_07_2.txt,2390,1908,RGB,.jpg,True
PKU,train,10_spurious_copper_03_3.jpg,/Users/user/Deep-Learning-PCB-Defect-Detection/data/PKU-Market-PCB(Data enhanced version)/train/images/10_spurious_copper_03_3.jpg,/Users/user/Deep-Learning-PCB-Defect-Detection/data/PKU-Market-PCB(Data enhanced version)/train/labels/10_spurious_copper_03_3.txt,1542,1713,RGB,.jpg,False
PKU,train,10_short_04_1.jpg,/Users/user/Deep-Learning-PCB-Defect-Detection/data/PKU-Market-PCB(Data enhanced version)/train/images/10_short_04_1.jpg,/Users/user/Deep-Learning-PCB-Defect-Detection/data/PKU-Market-PCB(Data enhanced version)/train/labels/10_short_04_1.txt,1667,1677,RGB,.jpg,False
PKU,train,11_spurious_copper_04_1.jpg,/Users/user/Deep-Learning-PCB-Defect-Detection/data/PKU-Market-PCB(Data enhanced version)/train/images/11_spurious_copper_04_1.jpg,/Users/user/Deep-Learning-PCB-Defect-Detection/data/PKU-Market-PCB(Data enhanced version)/train/labels/11_spurious_copper_04_1.txt,1603,1973,RGB,.jpg,False
PKU,train,09_open_circuit_07_3.jpg,/Users/user/Deep-Learning-PCB-Defect-Detection/data/PKU-Market-PCB(Data enhanced version)/train/images/09_open_circuit_07_3.jpg,/Users/user/Deep-Learning-PCB-Defect-Detection/data/PKU-Market-PCB(Data enhanced version)/train/labels/09_open_circuit_07_3.txt,2258,1278,RGB,.jpg,False
PKU,train,10_spurious_copper_01_1.jpg,/Users/user/Deep-Learning-PCB-Defect-Detection/data/PKU-Market-PCB(Data enhanced version)/train/images/10_spurious_copper_01_1.jpg,/Users/user/Deep-Learning-PCB-Defect-Detection/data/PKU-Market-PCB(Data enhanced version)/train/labels/10_spurious_copper_01_1.txt,2240,2016,RGB,.jpg,False
PKU,train,11_missing_hole_09.jpg,/Users/user/Deep-Learning-PCB-Defect-Detection/data/PKU-Market-PCB(Data enhanced version)/train/images/11_missing_hole_09.jpg,/Users/user/Deep-Learning-PCB-Defect-Detection/data/PKU-Market-PCB(Data enhanced version)/train/labels/11_missing_hole_09.txt,2282,2248,RGB,.jpg,True
PKU,train,11_mouse_bite_08.jpg,/Users/user/Deep-Learning-PCB-Defect-Detection/data/PKU-Market-PCB(Data enhanced version)/train/images/11_mouse_bite_08.jpg,/Users/user/Deep-Learning-PCB-Defect-Detection/data/PKU-Market-PCB(Data enhanced version)/train/labels/11_mouse_bite_08.txt,2282,2248,RGB,.jpg,True
PKU,train,11_short_02_3.jpg,/Users/user/Deep-Learning-PCB-Defect-Detection/data/PKU-Market-PCB(Data enhanced version)/train/images/11_short_02_3.jpg,/Users/user/Deep-Learning-PCB-Defect-Detection/data/PKU-Market-PCB(Data enhanced version)/train/labels/11_short_02_3.txt,1662,1667,RGB,.jpg,False
PKU,train,11_spurious_copper_06_3.jpg,/Users/user/Deep-Learning-PCB-Defect-Detection/data/PKU-Market-PCB(Data enhanced version)/train/images/11_spurious_copper_06_3.jpg,/Users/user/Deep-Learning-PCB-Defect-Detection/data/PKU-Market-PCB(Data enhanced version)/train/labels/11_spurious_copper_06_3.txt,1912,2032,RGB,.jpg,False
PKU,train,09_open_circuit_05_1.jpg,/Users/user/Deep-Learning-PCB-Defect-Detection/data/PKU-Market-PCB(Data enhanced version)/train/images/09_open_circuit_05_1.jpg,/Users/user/Deep-Learning-PCB-Defect-Detection/data/PKU-Market-PCB(Data enhanced version)/train/labels/09_open_circuit_05_1.txt,2775,2159,RGB,.jpg,False
PKU,train,09_spur_01_3.jpg,/Users/user/Deep-Learning-PCB-Defect-Detection/data/PKU-Market-PCB(Data enhanced version)/train/images/09_spur_01_3.jpg,/Users/user/Deep-Learning-PCB-Defect-Detection/data/PKU-Market-PCB(Data enhanced version)/train/labels/09_spur_01_3.txt,2775,2159,RGB,.jpg,False
PKU,train,11_spurious_copper_01.jpg,/Users/user/Deep-Learning-PCB-Defect-Detection/data/PKU-Market-PCB(Data enhanced version)/train/images/11_spurious_copper_01.jpg,/Users/user/Deep-Learning-PCB-Defect-Detection/data/PKU-Market-PCB(Data enhanced version)/train/labels/11_spurious_copper_01.txt,2282,2248,RGB,.jpg,False
PKU,train,10_spur_04_1.jpg,/Users/user/Deep-Learning-PCB-Defect-Detection/data/PKU-Market-PCB(Data enhanced version)/train/images/10_spur_04_1.jpg,/Users/user/Deep-Learning-PCB-Defect-Detection/data/PKU-Market-PCB(Data enhanced version)/train/labels/10_spur_04_1.txt,2240,2016,RGB,.jpg,False
PKU,train,09_short_07_3.jpg,/Users/user/Deep-Learning-PCB-Defect-Detection/data/PKU-Market-PCB(Data enhanced version)/train/images/09_short_07_3.jpg,/Users/user/Deep-Learning-PCB-Defect-Detection/data/PKU-Market-PCB(Data enhanced version)/train/labels/09_short_07_3.txt,2222,1934,RGB,.jpg,False
PKU,train,11_missing_hole_02_2.jpg,/Users/user/Deep-Learning-PCB-Defect-Detection/data/PKU-Market-PCB(Data enhanced version)/train/images/11_missing_hole_02_2.jpg,/Users/user/Deep-Learning-PCB-Defect-Detection/data/PKU-Market-PCB(Data enhanced version)/train/labels/11_missing_hole_02_2.txt,2282,2248,RGB,.jpg,False
PKU,train,09_spur_03_1.jpg,/Users/user/Deep-Learning-PCB-Defect-Detection/data/PKU-Market-PCB(Data enhanced version)/train/images/09_spur_03_1.jpg,/Users/user/Deep-Learning-PCB-Defect-Detection/data/PKU-Market-PCB(Data enhanced version)/train/labels/09_spur_03_1.txt,2188,1901,RGB,.jpg,True
PKU,train,11_open_circuit_02_3.jpg,/Users/user/Deep-Learning-PCB-Defect-Detection/data/PKU-Market-PCB(Data enhanced version)/train/images/11_open_circuit_02_3.jpg,/Users/user/Deep-Learning-PCB-Defect-Detection/data/PKU-Market-PCB(Data enhanced version)/train/labels/11_open_circuit_02_3.txt,1960,1699,RGB,.jpg,True
PKU,train,08_short_01_1.jpg,/Users/user/Deep-Learning-PCB-Defect-Detection/data/PKU-Market-PCB(Data enhanced version)/train/images/08_short_01_1.jpg,/Users/user/Deep-Learning-PCB-Defect-Detection/data/PKU-Market-PCB(Data enhanced version)/train/labels/08_short_01_1.txt,2426,1485,RGB,.jpg,True
PKU,train,11_spur_08_2.jpg,/Users/user/Deep-Learning-PCB-Defect-Detection/data/PKU-Market-PCB(Data enhanced version)/train/images/11_spur_08_2.jpg,/Users/user/Deep-Learning-PCB-Defect-Detection/data/PKU-Market-PCB(Data enhanced version)/train/labels/11_spur_08_2.txt,2282,2248,RGB,.jpg,False
PKU,train,09_spurious_copper_08_2.jpg,/Users/user/Deep-Learning-PCB-Defect-Detection/data/PKU-Market-PCB(Data enhanced version)/train/images/09_spurious_copper_08_2.jpg,/Users/user/Deep-Learning-PCB-Defect-Detection/data/PKU-Market-PCB(Data enhanced version)/train/labels/09_spurious_copper_08_2.txt,1285,1665,RGB,.jpg,False
PKU,train,09_short_05_1.jpg,/Users/user/Deep-Learning-PCB-Defect-Detection/data/PKU-Market-PCB(Data enhanced version)/train/images/09_short_05_1.jpg,/Users/user/Deep-Learning-PCB-Defect-Detection/data/PKU-Market-PCB(Data enhanced version)/train/labels/09_short_05_1.txt,2327,837,RGB,.jpg,True
PKU,train,09_short_05_3.jpg,/Users/user/Deep-Learning-PCB-Defect-Detection/data/PKU-Market-PCB(Data enhanced version)/train/images/09_short_05_3.jpg,/Users/user/Deep-Learning-PCB-Defect-Detection/data/PKU-Market-PCB(Data enhanced version)/train/labels/09_short_05_3.txt,2775,2159,RGB,.jpg,False
PKU,train,11_open_circuit_02_1.jpg,/Users/user/Deep-Learning-PCB-Defect-Detection/data/PKU-Market-PCB(Data enhanced version)/train/images/11_open_circuit_02_1.jpg,/Users/user/Deep-Learning-PCB-Defect-Detection/data/PKU-Market-PCB(Data enhanced version)/train/labels/11_open_circuit_02_1.txt,2282,2248,RGB,.jpg,False
PKU,train,09_spur_03_3.jpg,/Users/user/Deep-Learning-PCB-Defect-Detection/data/PKU-Market-PCB(Data enhanced version)/train/images/09_spur_03_3.jpg,/Users/user/Deep-Learning-PCB-Defect-Detection/data/PKU-Market-PCB(Data enhanced version)/train/labels/09_spur_03_3.txt,2775,2159,RGB,.jpg,False
PKU,train,09_short_07_1.jpg,/Users/user/Deep-Learning-PCB-Defect-Detection/data/PKU-Market-PCB(Data enhanced version)/train/images/09_short_07_1.jpg,/Users/user/Deep-Learning-PCB-Defect-Detection/data/PKU-Market-PCB(Data enhanced version)/train/labels/09_short_07_1.txt,2134,1893,RGB,.jpg,False
PKU,train,11_spurious_copper_03.jpg,/Users/user/Deep-Learning-PCB-Defect-Detection/data/PKU-Market-PCB(Data enhanced version)/train/images/11_spurious_copper_03.jpg,/Users/user/Deep-Learning-PCB-Defect-Detection/data/PKU-Market-PCB(Data enhanced version)/train/labels/11_spurious_copper_03.txt,2282,2248,RGB,.jpg,True
PKU,train,09_spur_01_1.jpg,/Users/user/Deep-Learning-PCB-Defect-Detection/data/PKU-Market-PCB(Data enhanced version)/train/images/09_spur_01_1.jpg,/Users/user/Deep-Learning-PCB-Defect-Detection/data/PKU-Market-PCB(Data enhanced version)/train/labels/09_spur_01_1.txt,2775,2159,RGB,.jpg,True
PKU,train,11_spurious_copper_06_1.jpg,/Users/user/Deep-Learning-PCB-Defect-Detection/data/PKU-Market-PCB(Data enhanced version)/train/images/11_spurious_copper_06_1.jpg,/Users/user/Deep-Learning-PCB-Defect-Detection/data/PKU-Market-PCB(Data enhanced version)/train/labels/11_spurious_copper_06_1.txt,2282,2248,RGB,.jpg,False
PKU,train,11_short_02_1.jpg,/Users/user/Deep-Learning-PCB-Defect-Detection/data/PKU-Market-PCB(Data enhanced version)/train/images/11_short_02_1.jpg,/Users/user/Deep-Learning-PCB-Defect-Detection/data/PKU-Market-PCB(Data enhanced version)/train/labels/11_short_02_1.txt,1754,1314,RGB,.jpg,False
PKU,train,09_open_circuit_05_3.jpg,/Users/user/Deep-Learning-PCB-Defect-Detection/data/PKU-Market-PCB(Data enhanced version)/train/images/09_open_circuit_05_3.jpg,/Users/user/Deep-Learning-PCB-Defect-Detection/data/PKU-Market-PCB(Data enhanced version)/train/labels/09_open_circuit_05_3.txt,2491,1437,RGB,.jpg,True
PKU,train,09_short_09.jpg,/Users/user/Deep-Learning-PCB-Defect-Detection/data/PKU-Market-PCB(Data enhanced version)/train/images/09_short_09.jpg,/Users/user/Deep-Learning-PCB-Defect-Detection/data/PKU-Market-PCB(Data enhanced version)/train/labels/09_short_09.txt,2775,2159,RGB,.jpg,True
PKU,train,11_spur_02.jpg,/Users/user/Deep-Learning-PCB-Defect-Detection/data/PKU-Market-PCB(Data enhanced version)/train/images/11_spur_02.jpg,/Users/user/Deep-Learning-PCB-Defect-Detection/data/PKU-Market-PCB(Data enhanced version)/train/labels/11_spur_02.txt,2282,2248,RGB,.jpg,True
PKU,train,10_spurious_copper_01_3.jpg,/Users/user/Deep-Learning-PCB-Defect-Detection/data/PKU-Market-PCB(Data enhanced version)/train/images/10_spurious_copper_01_3.jpg,/Users/user/Deep-Learning-PCB-Defect-Detection/data/PKU-Market-PCB(Data enhanced version)/train/labels/10_spurious_copper_01_3.txt,1546,1542,RGB,.jpg,False
PKU,train,11_spurious_copper_04_3.jpg,/Users/user/Deep-Learning-PCB-Defect-Detection/data/PKU-Market-PCB(Data enhanced version)/train/images/11_spurious_copper_04_3.jpg,/Users/user/Deep-Learning-PCB-Defect-Detection/data/PKU-Market-PCB(Data enhanced version)/train/labels/11_spurious_copper_04_3.txt,2282,2248,RGB,.jpg,True
PKU,train,09_open_circuit_07_1.jpg,/Users/user/Deep-Learning-PCB-Defect-Detection/data/PKU-Market-PCB(Data enhanced version)/train/images/09_open_circuit_07_1.jpg,/Users/user/Deep-Learning-PCB-Defect-Detection/data/PKU-Market-PCB(Data enhanced version)/train/labels/09_open_circuit_07_1.txt,2249,1210,RGB,.jpg,False
PKU,train,10_short_04_3.jpg,/Users/user/Deep-Learning-PCB-Defect-Detection/data/PKU-Market-PCB(Data enhanced version)/train/images/10_short_04_3.jpg,/Users/user/Deep-Learning-PCB-Defect-Detection/data/PKU-Market-PCB(Data enhanced version)/train/labels/10_short_04_3.txt,1316,1337,RGB,.jpg,False
PKU,train,10_spurious_copper_03_1.jpg,/Users/user/Deep-Learning-PCB-Defect-Detection/data/PKU-Market-PCB(Data enhanced version)/train/images/10_spurious_copper_03_1.jpg,/Users/user/Deep-Learning-PCB-Defect-Detection/data/PKU-Market-PCB(Data enhanced version)/train/labels/10_spurious_copper_03_1.txt,1620,1725,RGB,.jpg,True
PKU,train,10_short_04_2.jpg,/Users/user/Deep-Learning-PCB-Defect-Detection/data/PKU-Market-PCB(Data enhanced version)/train/images/10_short_04_2.jpg,/Users/user/Deep-Learning-PCB-Defect-Detection/data/PKU-Market-PCB(Data enhanced version)/train/labels/10_short_04_2.txt,1615,1867,RGB,.jpg,False
PKU,train,11_spurious_copper_04_2.jpg,/Users/user/Deep-Learning-PCB-Defect-Detection/data/PKU-Market-PCB(Data enhanced version)/train/images/11_spurious_copper_04_2.jpg,/Users/user/Deep-Learning-PCB-Defect-Detection/data/PKU-Market-PCB(Data enhanced version)/train/labels/11_spurious_copper_04_2.txt,2282,2248,RGB,.jpg,False
PKU,train,10_spurious_copper_01_2.jpg,/Users/user/Deep-Learning-PCB-Defect-Detection/data/PKU-Market-PCB(Data enhanced version)/train/images/10_spurious_copper_01_2.jpg,/Users/user/Deep-Learning-PCB-Defect-Detection/data/PKU-Market-PCB(Data enhanced version)/train/labels/10_spurious_copper_01_2.txt,2240,2016,RGB,.jpg,False
PKU,train,09_missing_hole_05_3.jpg,/Users/user/Deep-Learning-PCB-Defect-Detection/data/PKU-Market-PCB(Data enhanced version)/train/images/09_missing_hole_05_3.jpg,/Users/user/Deep-Learning-PCB-Defect-Detection/data/PKU-Market-PCB(Data enhanced version)/train/labels/09_missing_hole_05_3.txt,2775,2159,RGB,.jpg,False
PKU,train,09_short_08.jpg,/Users/user/Deep-Learning-PCB-Defect-Detection/data/PKU-Market-PCB(Data enhanced version)/train/images/09_short_08.jpg,/Users/user/Deep-Learning-PCB-Defect-Detection/data/PKU-Market-PCB(Data enhanced version)/train/labels/09_short_08.txt,2775,2159,RGB,.jpg,False
PKU,train,11_spur_03.jpg,/Users/user/Deep-Learning-PCB-Defect-Detection/data/PKU-Market-PCB(Data enhanced version)/train/images/11_spur_03.jpg,/Users/user/Deep-Learning-PCB-Defect-Detection/data/PKU-Market-PCB(Data enhanced version)/train/labels/11_spur_03.txt,2282,2248,RGB,.jpg,False
PKU,train,09_open_circuit_05_2.jpg,/Users/user/Deep-Learning-PCB-Defect-Detection/data/PKU-Market-PCB(Data enhanced version)/train/images/09_open_circuit_05_2.jpg,/Users/user/Deep-Learning-PCB-Defect-Detection/data/PKU-Market-PCB(Data enhanced version)/train/labels/09_open_circuit_05_2.txt,2775,2159,RGB,.jpg,False
PKU,train,11_spurious_copper_02.jpg,/Users/user/Deep-Learning-PCB-Defect-Detection/data/PKU-Market-PCB(Data enhanced version)/train/images/11_spurious_copper_02.jpg,/Users/user/Deep-Learning-PCB-Defect-Detection/data/PKU-Market-PCB(Data enhanced version)/train/labels/11_spurious_copper_02.txt,2282,2248,RGB,.jpg,True
PKU,train,10_spur_04_2.jpg,/Users/user/Deep-Learning-PCB-Defect-Detection/data/PKU-Market-PCB(Data enhanced version)/train/images/10_spur_04_2.jpg,/Users/user/Deep-Learning-PCB-Defect-Detection/data/PKU-Market-PCB(Data enhanced version)/train/labels/10_spur_04_2.txt,2240,2016,RGB,.jpg,False
PKU,train,09_spur_03_2.jpg,/Users/user/Deep-Learning-PCB-Defect-Detection/data/PKU-Market-PCB(Data enhanced version)/train/images/09_spur_03_2.jpg,/Users/user/Deep-Learning-PCB-Defect-Detection/data/PKU-Market-PCB(Data enhanced version)/train/labels/09_spur_03_2.txt,2775,2159,RGB,.jpg,True
PKU,train,11_missing_hole_02_1.jpg,/Users/user/Deep-Learning-PCB-Defect-Detection/data/PKU-Market-PCB(Data enhanced version)/train/images/11_missing_hole_02_1.jpg,/Users/user/Deep-Learning-PCB-Defect-Detection/data/PKU-Market-PCB(Data enhanced version)/train/labels/11_missing_hole_02_1.txt,1561,1828,RGB,.jpg,False
PKU,train,09_spurious_copper_08_1.jpg,/Users/user/Deep-Learning-PCB-Defect-Detection/data/PKU-Market-PCB(Data enhanced version)/train/images/09_spurious_copper_08_1.jpg,/Users/user/Deep-Learning-PCB-Defect-Detection/data/PKU-Market-PCB(Data enhanced version)/train/labels/09_spurious_copper_08_1.txt,1853,1296,RGB,.jpg,True
PKU,train,11_spur_08_1.jpg,/Users/user/Deep-Learning-PCB-Defect-Detection/data/PKU-Market-PCB(Data enhanced version)/train/images/11_spur_08_1.jpg,/Users/user/Deep-Learning-PCB-Defect-Detection/data/PKU-Market-PCB(Data enhanced version)/train/labels/11_spur_08_1.txt,2282,2248,RGB,.jpg,False
PKU,train,09_short_05_2.jpg,/Users/user/Deep-Learning-PCB-Defect-Detection/data/PKU-Market-PCB(Data enhanced version)/train/images/09_short_05_2.jpg,/Users/user/Deep-Learning-PCB-Defect-Detection/data/PKU-Market-PCB(Data enhanced version)/train/labels/09_short_05_2.txt,2404,890,RGB,.jpg,True
PKU,valid,04_open_circuit_01_1.jpg,/Users/user/Deep-Learning-PCB-Defect-Detection/data/PKU-Market-PCB(Data enhanced version)/valid/images/04_open_circuit_01_1.jpg,/Users/user/Deep-Learning-PCB-Defect-Detection/data/PKU-Market-PCB(Data enhanced version)/valid/labels/04_open_circuit_01_1.txt,3056,2464,RGB,.jpg,False
PKU,valid,06_spur_04_1.jpg,/Users/user/Deep-Learning-PCB-Defect-Detection/data/PKU-Market-PCB(Data enhanced version)/valid/images/06_spur_04_1.jpg,/Users/user/Deep-Learning-PCB-Defect-Detection/data/PKU-Market-PCB(Data enhanced version)/valid/labels/06_spur_04_1.txt,2868,2316,RGB,.jpg,False
PKU,valid,06_missing_hole_07_1.jpg,/Users/user/Deep-Learning-PCB-Defect-Detection/data/PKU-Market-PCB(Data enhanced version)/valid/images/06_missing_hole_07_1.jpg,/Users/user/Deep-Learning-PCB-Defect-Detection/data/PKU-Market-PCB(Data enhanced version)/valid/labels/06_missing_hole_07_1.txt,2868,2316,RGB,.jpg,True
PKU,valid,01_open_circuit_09_1.jpg,/Users/user/Deep-Learning-PCB-Defect-Detection/data/PKU-Market-PCB(Data enhanced version)/valid/images/01_open_circuit_09_1.jpg,/Users/user/Deep-Learning-PCB-Defect-Detection/data/PKU-Market-PCB(Data enhanced version)/valid/labels/01_open_circuit_09_1.txt,2829,1187,RGB,.jpg,False
PKU,valid,06_spurious_copper_09_1.jpg,/Users/user/Deep-Learning-PCB-Defect-Detection/data/PKU-Market-PCB(Data enhanced version)/valid/images/06_spurious_copper_09_1.jpg,/Users/user/Deep-Learning-PCB-Defect-Detection/data/PKU-Market-PCB(Data enhanced version)/valid/labels/06_spurious_copper_09_1.txt,1256,2092,RGB,.jpg,False
PKU,valid,04_short_17_1.jpg,/Users/user/Deep-Learning-PCB-Defect-Detection/data/PKU-Market-PCB(Data enhanced version)/valid/images/04_short_17_1.jpg,/Users/user/Deep-Learning-PCB-Defect-Detection/data/PKU-Market-PCB(Data enhanced version)/valid/labels/04_short_17_1.txt,2321,1344,RGB,.jpg,True
PKU,valid,05_spurious_copper_06_1.jpg,/Users/user/Deep-Learning-PCB-Defect-Detection/data/PKU-Market-PCB(Data enhanced version)/valid/images/05_spurious_copper_06_1.jpg,/Users/user/Deep-Learning-PCB-Defect-Detection/data/PKU-Market-PCB(Data enhanced version)/valid/labels/05_spurious_copper_06_1.txt,1408,1804,RGB,.jpg,False
PKU,valid,01_mouse_bite_19_1.jpg,/Users/user/Deep-Learning-PCB-Defect-Detection/data/PKU-Market-PCB(Data enhanced version)/valid/images/01_mouse_bite_19_1.jpg,/Users/user/Deep-Learning-PCB-Defect-Detection/data/PKU-Market-PCB(Data enhanced version)/valid/labels/01_mouse_bite_19_1.txt,687,1262,RGB,.jpg,False
PKU,valid,05_open_circuit_08_1.jpg,/Users/user/Deep-Learning-PCB-Defect-Detection/data/PKU-Market-PCB(Data enhanced version)/valid/images/05_open_circuit_08_1.jpg,/Users/user/Deep-Learning-PCB-Defect-Detection/data/PKU-Market-PCB(Data enhanced version)/valid/labels/05_open_circuit_08_1.txt,2544,2156,RGB,.jpg,True
PKU,valid,06_short_10_1.jpg,/Users/user/Deep-Learning-PCB-Defect-Detection/data/PKU-Market-PCB(Data enhanced version)/valid/images/06_short_10_1.jpg,/Users/user/Deep-Learning-PCB-Defect-Detection/data/PKU-Market-PCB(Data enhanced version)/valid/labels/06_short_10_1.txt,2656,1173,RGB,.jpg,True
PKU,valid,01_missing_hole_10_1.jpg,/Users/user/Deep-Learning-PCB-Defect-Detection/data/PKU-Market-PCB(Data enhanced version)/valid/images/01_missing_hole_10_1.jpg,/Users/user/Deep-Learning-PCB-Defect-Detection/data/PKU-Market-PCB(Data enhanced version)/valid/labels/01_missing_hole_10_1.txt,2294,655,RGB,.jpg,False
PKU,valid,06_mouse_bite_04_1.jpg,/Users/user/Deep-Learning-PCB-Defect-Detection/data/PKU-Market-PCB(Data enhanced version)/valid/images/06_mouse_bite_04_1.jpg,/Users/user/Deep-Learning-PCB-Defect-Detection/data/PKU-Market-PCB(Data enhanced version)/valid/labels/06_mouse_bite_04_1.txt,1958,1719,RGB,.jpg,True
PKU,valid,04_missing_hole_18_1.jpg,/Users/user/Deep-Learning-PCB-Defect-Detection/data/PKU-Market-PCB(Data enhanced version)/valid/images/04_missing_hole_18_1.jpg,/Users/user/Deep-Learning-PCB-Defect-Detection/data/PKU-Market-PCB(Data enhanced version)/valid/labels/04_missing_hole_18_1.txt,1128,1426,RGB,.jpg,False
PKU,valid,05_mouse_bite_06_1.jpg,/Users/user/Deep-Learning-PCB-Defect-Detection/data/PKU-Market-PCB(Data enhanced version)/valid/images/05_mouse_bite_06_1.jpg,/Users/user/Deep-Learning-PCB-Defect-Detection/data/PKU-Market-PCB(Data enhanced version)/valid/labels/05_mouse_bite_06_1.txt,2173,1597,RGB,.jpg,False
PKU,valid,04_spurious_copper_03_1.jpg,/Users/user/Deep-Learning-PCB-Defect-Detection/data/PKU-Market-PCB(Data enhanced version)/valid/images/04_spurious_copper_03_1.jpg,/Users/user/Deep-Learning-PCB-Defect-Detection/data/PKU-Market-PCB(Data enhanced version)/valid/labels/04_spurious_copper_03_1.txt,3056,2464,RGB,.jpg,True
PKU,valid,01_spur_19_1.jpg,/Users/user/Deep-Learning-PCB-Defect-Detection/data/PKU-Market-PCB(Data enhanced version)/valid/images/01_spur_19_1.jpg,/Users/user/Deep-Learning-PCB-Defect-Detection/data/PKU-Market-PCB(Data enhanced version)/valid/labels/01_spur_19_1.txt,2208,850,RGB,.jpg,False
PKU,valid,05_missing_hole_08_1.jpg,/Users/user/Deep-Learning-PCB-Defect-Detection/data/PKU-Market-PCB(Data enhanced version)/valid/images/05_missing_hole_08_1.jpg,/Users/user/Deep-Learning-PCB-Defect-Detection/data/PKU-Market-PCB(Data enhanced version)/valid/labels/05_missing_hole_08_1.txt,2544,2156,RGB,.jpg,False
PKU,valid,04_open_circuit_18_1.jpg,/Users/user/Deep-Learning-PCB-Defect-Detection/data/PKU-Market-PCB(Data enhanced version)/valid/images/04_open_circuit_18_1.jpg,/Users/user/Deep-Learning-PCB-Defect-Detection/data/PKU-Market-PCB(Data enhanced version)/valid/labels/04_open_circuit_18_1.txt,3056,2464,RGB,.jpg,True
PKU,valid,01_open_circuit_10_1.jpg,/Users/user/Deep-Learning-PCB-Defect-Detection/data/PKU-Market-PCB(Data enhanced version)/valid/images/01_open_circuit_10_1.jpg,/Users/user/Deep-Learning-PCB-Defect-Detection/data/PKU-Market-PCB(Data enhanced version)/valid/labels/01_open_circuit_10_1.txt,2456,1269,RGB,.jpg,True
PKU,valid,06_spurious_copper_10_1.jpg,/Users/user/Deep-Learning-PCB-Defect-Detection/data/PKU-Market-PCB(Data enhanced version)/valid/images/06_spurious_copper_10_1.jpg,/Users/user/Deep-Learning-PCB-Defect-Detection/data/PKU-Market-PCB(Data enhanced version)/valid/labels/06_spurious_copper_10_1.txt,2753,2155,RGB,.jpg,True
PKU,valid,01_short_12_1.jpg,/Users/user/Deep-Learning-PCB-Defect-Detection/data/PKU-Market-PCB(Data enhanced version)/valid/images/01_short_12_1.jpg,/Users/user/Deep-Learning-PCB-Defect-Detection/data/PKU-Market-PCB(Data enhanced version)/valid/labels/01_short_12_1.txt,2278,1442,RGB,.jpg,False
PKU,valid,01_spurious_copper_06_1.jpg,/Users/user/Deep-Learning-PCB-Defect-Detection/data/PKU-Market-PCB(Data enhanced version)/valid/images/01_spurious_copper_06_1.jpg,/Users/user/Deep-Learning-PCB-Defect-Detection/data/PKU-Market-PCB(Data enhanced version)/valid/labels/01_spurious_copper_06_1.txt,2242,870,RGB,.jpg,False
PKU,valid,04_spur_17_1.jpg,/Users/user/Deep-Learning-PCB-Defect-Detection/data/PKU-Market-PCB(Data enhanced version)/valid/images/04_spur_17_1.jpg,/Users/user/Deep-Learning-PCB-Defect-Detection/data/PKU-Market-PCB(Data enhanced version)/valid/labels/04_spur_17_1.txt,3056,2464,RGB,.jpg,True
PKU,valid,04_mouse_bite_06_1.jpg,/Users/user/Deep-Learning-PCB-Defect-Detection/data/PKU-Market-PCB(Data enhanced version)/valid/images/04_mouse_bite_06_1.jpg,/Users/user/Deep-Learning-PCB-Defect-Detection/data/PKU-Market-PCB(Data enhanced version)/valid/labels/04_mouse_bite_06_1.txt,2494,1259,RGB,.jpg,False
PKU,valid,01_missing_hole_09_1.jpg,/Users/user/Deep-Learning-PCB-Defect-Detection/data/PKU-Market-PCB(Data enhanced version)/valid/images/01_missing_hole_09_1.jpg,/Users/user/Deep-Learning-PCB-Defect-Detection/data/PKU-Market-PCB(Data enhanced version)/valid/labels/01_missing_hole_09_1.txt,1689,756,RGB,.jpg,False
PKU,valid,06_open_circuit_07_1.jpg,/Users/user/Deep-Learning-PCB-Defect-Detection/data/PKU-Market-PCB(Data enhanced version)/valid/images/06_open_circuit_07_1.jpg,/Users/user/Deep-Learning-PCB-Defect-Detection/data/PKU-Market-PCB(Data enhanced version)/valid/labels/06_open_circuit_07_1.txt,2073,1955,RGB,.jpg,False
PKU,valid,06_short_09_1.jpg,/Users/user/Deep-Learning-PCB-Defect-Detection/data/PKU-Market-PCB(Data enhanced version)/valid/images/06_short_09_1.jpg,/Users/user/Deep-Learning-PCB-Defect-Detection/data/PKU-Market-PCB(Data enhanced version)/valid/labels/06_short_09_1.txt,2683,1770,RGB,.jpg,False
PKU,valid,04_missing_hole_01_1.jpg,/Users/user/Deep-Learning-PCB-Defect-Detection/data/PKU-Market-PCB(Data enhanced version)/valid/images/04_missing_hole_01_1.jpg,/Users/user/Deep-Learning-PCB-Defect-Detection/data/PKU-Market-PCB(Data enhanced version)/valid/labels/04_missing_hole_01_1.txt,3056,2464,RGB,.jpg,True
PKU,valid,01_spurious_copper_04_1.jpg,/Users/user/Deep-Learning-PCB-Defect-Detection/data/PKU-Market-PCB(Data enhanced version)/valid/images/01_spurious_copper_04_1.jpg,/Users/user/Deep-Learning-PCB-Defect-Detection/data/PKU-Market-PCB(Data enhanced version)/valid/labels/01_spurious_copper_04_1.txt,1440,808,RGB,.jpg,False
PKU,valid,04_spur_15_1.jpg,/Users/user/Deep-Learning-PCB-Defect-Detection/data/PKU-Market-PCB(Data enhanced version)/valid/images/04_spur_15_1.jpg,/Users/user/Deep-Learning-PCB-Defect-Detection/data/PKU-Market-PCB(Data enhanced version)/valid/labels/04_spur_15_1.txt,3056,2464,RGB,.jpg,False
PKU,valid,04_spurious_copper_18_1.jpg,/Users/user/Deep-Learning-PCB-Defect-Detection/data/PKU-Market-PCB(Data enhanced version)/valid/images/04_spurious_copper_18_1.jpg,/Users/user/Deep-Learning-PCB-Defect-Detection/data/PKU-Market-PCB(Data enhanced version)/valid/labels/04_spurious_copper_18_1.txt,3056,2464,RGB,.jpg,True
PKU,valid,06_open_circuit_05_1.jpg,/Users/user/Deep-Learning-PCB-Defect-Detection/data/PKU-Market-PCB(Data enhanced version)/valid/images/06_open_circuit_05_1.jpg,/Users/user/Deep-Learning-PCB-Defect-Detection/data/PKU-Market-PCB(Data enhanced version)/valid/labels/06_open_circuit_05_1.txt,1594,2065,RGB,.jpg,True
PKU,valid,04_missing_hole_03_1.jpg,/Users/user/Deep-Learning-PCB-Defect-Detection/data/PKU-Market-PCB(Data enhanced version)/valid/images/04_missing_hole_03_1.jpg,/Users/user/Deep-Learning-PCB-Defect-Detection/data/PKU-Market-PCB(Data enhanced version)/valid/labels/04_missing_hole_03_1.txt,2682,1419,RGB,.jpg,False
PKU,valid,04_mouse_bite_04_1.jpg,/Users/user/Deep-Learning-PCB-Defect-Detection/data/PKU-Market-PCB(Data enhanced version)/valid/images/04_mouse_bite_04_1.jpg,/Users/user/Deep-Learning-PCB-Defect-Detection/data/PKU-Market-PCB(Data enhanced version)/valid/labels/04_mouse_bite_04_1.txt,2737,1714,RGB,.jpg,False
PKU,valid,01_mouse_bite_02_1.jpg,/Users/user/Deep-Learning-PCB-Defect-Detection/data/PKU-Market-PCB(Data enhanced version)/valid/images/01_mouse_bite_02_1.jpg,/Users/user/Deep-Learning-PCB-Defect-Detection/data/PKU-Market-PCB(Data enhanced version)/valid/labels/01_mouse_bite_02_1.txt,3034,1586,RGB,.jpg,False
PKU,valid,05_spur_02_1.jpg,/Users/user/Deep-Learning-PCB-Defect-Detection/data/PKU-Market-PCB(Data enhanced version)/valid/images/05_spur_02_1.jpg,/Users/user/Deep-Learning-PCB-Defect-Detection/data/PKU-Market-PCB(Data enhanced version)/valid/labels/05_spur_02_1.txt,2544,2156,RGB,.jpg,True
PKU,valid,05_short_08_1.jpg,/Users/user/Deep-Learning-PCB-Defect-Detection/data/PKU-Market-PCB(Data enhanced version)/valid/images/05_short_08_1.jpg,/Users/user/Deep-Learning-PCB-Defect-Detection/data/PKU-Market-PCB(Data enhanced version)/valid/labels/05_short_08_1.txt,2544,2156,RGB,.jpg,False
PKU,valid,01_short_10_1.jpg,/Users/user/Deep-Learning-PCB-Defect-Detection/data/PKU-Market-PCB(Data enhanced version)/valid/images/01_short_10_1.jpg,/Users/user/Deep-Learning-PCB-Defect-Detection/data/PKU-Market-PCB(Data enhanced version)/valid/labels/01_short_10_1.txt,3034,1586,RGB,.jpg,True
PKU,valid,01_open_circuit_12_1.jpg,/Users/user/Deep-Learning-PCB-Defect-Detection/data/PKU-Market-PCB(Data enhanced version)/valid/images/01_open_circuit_12_1.jpg,/Users/user/Deep-Learning-PCB-Defect-Detection/data/PKU-Market-PCB(Data enhanced version)/valid/labels/01_open_circuit_12_1.txt,2205,1017,RGB,.jpg,True
PKU,valid,01_missing_hole_12_1.jpg,/Users/user/Deep-Learning-PCB-Defect-Detection/data/PKU-Market-PCB(Data enhanced version)/valid/images/01_missing_hole_12_1.jpg,/Users/user/Deep-Learning-PCB-Defect-Detection/data/PKU-Market-PCB(Data enhanced version)/valid/labels/01_missing_hole_12_1.txt,2105,1244,RGB,.jpg,False
PKU,valid,06_mouse_bite_06_1.jpg,/Users/user/Deep-Learning-PCB-Defect-Detection/data/PKU-Market-PCB(Data enhanced version)/valid/images/06_mouse_bite_06_1.jpg,/Users/user/Deep-Learning-PCB-Defect-Detection/data/PKU-Market-PCB(Data enhanced version)/valid/labels/06_mouse_bite_06_1.txt,2544,1430,RGB,.jpg,False
PKU,valid,05_mouse_bite_04_1.jpg,/Users/user/Deep-Learning-PCB-Defect-Detection/data/PKU-Market-PCB(Data enhanced version)/valid/images/05_mouse_bite_04_1.jpg,/Users/user/Deep-Learning-PCB-Defect-Detection/data/PKU-Market-PCB(Data enhanced version)/valid/labels/05_mouse_bite_04_1.txt,2544,2156,RGB,.jpg,True
PKU,valid,05_spurious_copper_04_1.jpg,/Users/user/Deep-Learning-PCB-Defect-Detection/data/PKU-Market-PCB(Data enhanced version)/valid/images/05_spurious_copper_04_1.jpg,/Users/user/Deep-Learning-PCB-Defect-Detection/data/PKU-Market-PCB(Data enhanced version)/valid/labels/05_spurious_copper_04_1.txt,2162,944,RGB,.jpg,False
PKU,valid,04_spurious_copper_01_1.jpg,/Users/user/Deep-Learning-PCB-Defect-Detection/data/PKU-Market-PCB(Data enhanced version)/valid/images/04_spurious_copper_01_1.jpg,/Users/user/Deep-Learning-PCB-Defect-Detection/data/PKU-Market-PCB(Data enhanced version)/valid/labels/04_spurious_copper_01_1.txt,3056,2464,RGB,.jpg,True
PKU,valid,01_short_09_1.jpg,/Users/user/Deep-Learning-PCB-Defect-Detection/data/PKU-Market-PCB(Data enhanced version)/valid/images/01_short_09_1.jpg,/Users/user/Deep-Learning-PCB-Defect-Detection/data/PKU-Market-PCB(Data enhanced version)/valid/labels/01_short_09_1.txt,2439,622,RGB,.jpg,True
PKU,valid,01_spurious_copper_20_1.jpg,/Users/user/Deep-Learning-PCB-Defect-Detection/data/PKU-Market-PCB(Data enhanced version)/valid/images/01_spurious_copper_20_1.jpg,/Users/user/Deep-Learning-PCB-Defect-Detection/data/PKU-Market-PCB(Data enhanced version)/valid/labels/01_spurious_copper_20_1.txt,3034,1586,RGB,.jpg,False
PKU,valid,04_open_circuit_03_1.jpg,/Users/user/Deep-Learning-PCB-Defect-Detection/data/PKU-Market-PCB(Data enhanced version)/valid/images/04_open_circuit_03_1.jpg,/Users/user/Deep-Learning-PCB-Defect-Detection/data/PKU-Market-PCB(Data enhanced version)/valid/labels/04_open_circuit_03_1.txt,1700,1718,RGB,.jpg,False
PKU,valid,06_spur_06_1.jpg,/Users/user/Deep-Learning-PCB-Defect-Detection/data/PKU-Market-PCB(Data enhanced version)/valid/images/06_spur_06_1.jpg,/Users/user/Deep-Learning-PCB-Defect-Detection/data/PKU-Market-PCB(Data enhanced version)/valid/labels/06_spur_06_1.txt,2326,1694,RGB,.jpg,True
PKU,valid,06_missing_hole_05_1.jpg,/Users/user/Deep-Learning-PCB-Defect-Detection/data/PKU-Market-PCB(Data enhanced version)/valid/images/06_missing_hole_05_1.jpg,/Users/user/Deep-Learning-PCB-Defect-Detection/data/PKU-Market-PCB(Data enhanced version)/valid/labels/06_missing_hole_05_1.txt,2868,2316,RGB,.jpg,True
PKU,valid,01_spur_02_1.jpg,/Users/user/Deep-Learning-PCB-Defect-Detection/data/PKU-Market-PCB(Data enhanced version)/valid/images/01_spur_02_1.jpg,/Users/user/Deep-Learning-PCB-Defect-Detection/data/PKU-Market-PCB(Data enhanced version)/valid/labels/01_spur_02_1.txt,1947,396,RGB,.jpg,False
PKU,valid,04_mouse_bite_20_1.jpg,/Users/user/Deep-Learning-PCB-Defect-Detection/data/PKU-Market-PCB(Data enhanced version)/valid/images/04_mouse_bite_20_1.jpg,/Users/user/Deep-Learning-PCB-Defect-Detection/data/PKU-Market-PCB(Data enhanced version)/valid/labels/04_mouse_bite_20_1.txt,3056,2464,RGB,.jpg,False
PKU,valid,04_short_15_1.jpg,/Users/user/Deep-Learning-PCB-Defect-Detection/data/PKU-Market-PCB(Data enhanced version)/valid/images/04_short_15_1.jpg,/Users/user/Deep-Learning-PCB-Defect-Detection/data/PKU-Market-PCB(Data enhanced version)/valid/labels/04_short_15_1.txt,2406,2126,RGB,.jpg,True
PKU,valid,01_spurious_copper_19_1.jpg,/Users/user/Deep-Learning-PCB-Defect-Detection/data/PKU-Market-PCB(Data enhanced version)/valid/images/01_spurious_copper_19_1.jpg,/Users/user/Deep-Learning-PCB-Defect-Detection/data/PKU-Market-PCB(Data enhanced version)/valid/labels/01_spurious_copper_19_1.txt,3034,1586,RGB,.jpg,False
PKU,valid,04_spurious_copper_05_1.jpg,/Users/user/Deep-Learning-PCB-Defect-Detection/data/PKU-Market-PCB(Data enhanced version)/valid/images/04_spurious_copper_05_1.jpg,/Users/user/Deep-Learning-PCB-Defect-Detection/data/PKU-Market-PCB(Data enhanced version)/valid/labels/04_spurious_copper_05_1.txt,2819,942,RGB,.jpg,False
PKU,valid,04_spur_08_1.jpg,/Users/user/Deep-Learning-PCB-Defect-Detection/data/PKU-Market-PCB(Data enhanced version)/valid/images/04_spur_08_1.jpg,/Users/user/Deep-Learning-PCB-Defect-Detection/data/PKU-Market-PCB(Data enhanced version)/valid/labels/04_spur_08_1.txt,3056,2464,RGB,.jpg,True
PKU,valid,04_mouse_bite_19_1.jpg,/Users/user/Deep-Learning-PCB-Defect-Detection/data/PKU-Market-PCB(Data enhanced version)/valid/images/04_mouse_bite_19_1.jpg,/Users/user/Deep-Learning-PCB-Defect-Detection/data/PKU-Market-PCB(Data enhanced version)/valid/labels/04_mouse_bite_19_1.txt,3056,2464,RGB,.jpg,True
PKU,valid,01_missing_hole_16_1.jpg,/Users/user/Deep-Learning-PCB-Defect-Detection/data/PKU-Market-PCB(Data enhanced version)/valid/images/01_missing_hole_16_1.jpg,/Users/user/Deep-Learning-PCB-Defect-Detection/data/PKU-Market-PCB(Data enhanced version)/valid/labels/01_missing_hole_16_1.txt,3034,1586,RGB,.jpg,True
PKU,valid,06_mouse_bite_02_1.jpg,/Users/user/Deep-Learning-PCB-Defect-Detection/data/PKU-Market-PCB(Data enhanced version)/valid/images/06_mouse_bite_02_1.jpg,/Users/user/Deep-Learning-PCB-Defect-Detection/data/PKU-Market-PCB(Data enhanced version)/valid/labels/06_mouse_bite_02_1.txt,2301,1908,RGB,.jpg,True
PKU,valid,04_short_11_1.jpg,/Users/user/Deep-Learning-PCB-Defect-Detection/data/PKU-Market-PCB(Data enhanced version)/valid/images/04_short_11_1.jpg,/Users/user/Deep-Learning-PCB-Defect-Detection/data/PKU-Market-PCB(Data enhanced version)/valid/labels/04_short_11_1.txt,3056,2464,RGB,.jpg,True
PKU,valid,01_spur_06_1.jpg,/Users/user/Deep-Learning-PCB-Defect-Detection/data/PKU-Market-PCB(Data enhanced version)/valid/images/01_spur_06_1.jpg,/Users/user/Deep-Learning-PCB-Defect-Detection/data/PKU-Market-PCB(Data enhanced version)/valid/labels/01_spur_06_1.txt,1373,807,RGB,.jpg,True
PKU,valid,06_spur_02_1.jpg,/Users/user/Deep-Learning-PCB-Defect-Detection/data/PKU-Market-PCB(Data enhanced version)/valid/images/06_spur_02_1.jpg,/Users/user/Deep-Learning-PCB-Defect-Detection/data/PKU-Market-PCB(Data enhanced version)/valid/labels/06_spur_02_1.txt,2364,2059,RGB,.jpg,True
PKU,valid,04_open_circuit_07_1.jpg,/Users/user/Deep-Learning-PCB-Defect-Detection/data/PKU-Market-PCB(Data enhanced version)/valid/images/04_open_circuit_07_1.jpg,/Users/user/Deep-Learning-PCB-Defect-Detection/data/PKU-Market-PCB(Data enhanced version)/valid/labels/04_open_circuit_07_1.txt,2517,1228,RGB,.jpg,False
PKU,valid,06_missing_hole_01_1.jpg,/Users/user/Deep-Learning-PCB-Defect-Detection/data/PKU-Market-PCB(Data enhanced version)/valid/images/06_missing_hole_01_1.jpg,/Users/user/Deep-Learning-PCB-Defect-Detection/data/PKU-Market-PCB(Data enhanced version)/valid/labels/06_missing_hole_01_1.txt,2868,2316,RGB,.jpg,False
PKU,valid,01_mouse_bite_06_1.jpg,/Users/user/Deep-Learning-PCB-Defect-Detection/data/PKU-Market-PCB(Data enhanced version)/valid/images/01_mouse_bite_06_1.jpg,/Users/user/Deep-Learning-PCB-Defect-Detection/data/PKU-Market-PCB(Data enhanced version)/valid/labels/01_mouse_bite_06_1.txt,3034,1586,RGB,.jpg,False
PKU,valid,06_open_circuit_01_1.jpg,/Users/user/Deep-Learning-PCB-Defect-Detection/data/PKU-Market-PCB(Data enhanced version)/valid/images/06_open_circuit_01_1.jpg,/Users/user/Deep-Learning-PCB-Defect-Detection/data/PKU-Market-PCB(Data enhanced version)/valid/labels/06_open_circuit_01_1.txt,2868,2316,RGB,.jpg,False
PKU,valid,04_missing_hole_07_1.jpg,/Users/user/Deep-Learning-PCB-Defect-Detection/data/PKU-Market-PCB(Data enhanced version)/valid/images/04_missing_hole_07_1.jpg,/Users/user/Deep-Learning-PCB-Defect-Detection/data/PKU-Market-PCB(Data enhanced version)/valid/labels/04_missing_hole_07_1.txt,1643,1471,RGB,.jpg,True
PKU,valid,04_spur_11_1.jpg,/Users/user/Deep-Learning-PCB-Defect-Detection/data/PKU-Market-PCB(Data enhanced version)/valid/images/04_spur_11_1.jpg,/Users/user/Deep-Learning-PCB-Defect-Detection/data/PKU-Market-PCB(Data enhanced version)/valid/labels/04_spur_11_1.txt,3056,2464,RGB,.jpg,True
PKU,valid,01_open_circuit_16_1.jpg,/Users/user/Deep-Learning-PCB-Defect-Detection/data/PKU-Market-PCB(Data enhanced version)/valid/images/01_open_circuit_16_1.jpg,/Users/user/Deep-Learning-PCB-Defect-Detection/data/PKU-Market-PCB(Data enhanced version)/valid/labels/01_open_circuit_16_1.txt,1581,538,RGB,.jpg,True
PKU,valid,01_short_14_1.jpg,/Users/user/Deep-Learning-PCB-Defect-Detection/data/PKU-Market-PCB(Data enhanced version)/valid/images/01_short_14_1.jpg,/Users/user/Deep-Learning-PCB-Defect-Detection/data/PKU-Market-PCB(Data enhanced version)/valid/labels/01_short_14_1.txt,2588,976,RGB,.jpg,True
PKU,valid,05_spur_06_1.jpg,/Users/user/Deep-Learning-PCB-Defect-Detection/data/PKU-Market-PCB(Data enhanced version)/valid/images/05_spur_06_1.jpg,/Users/user/Deep-Learning-PCB-Defect-Detection/data/PKU-Market-PCB(Data enhanced version)/valid/labels/05_spur_06_1.txt,2544,2156,RGB,.jpg,True
PKU,valid,04_short_08_1.jpg,/Users/user/Deep-Learning-PCB-Defect-Detection/data/PKU-Market-PCB(Data enhanced version)/valid/images/04_short_08_1.jpg,/Users/user/Deep-Learning-PCB-Defect-Detection/data/PKU-Market-PCB(Data enhanced version)/valid/labels/04_short_08_1.txt,2017,1370,RGB,.jpg,False
PKU,valid,01_short_16_1.jpg,/Users/user/Deep-Learning-PCB-Defect-Detection/data/PKU-Market-PCB(Data enhanced version)/valid/images/01_short_16_1.jpg,/Users/user/Deep-Learning-PCB-Defect-Detection/data/PKU-Market-PCB(Data enhanced version)/valid/labels/01_short_16_1.txt,2325,1234,RGB,.jpg,False
PKU,valid,01_open_circuit_14_1.jpg,/Users/user/Deep-Learning-PCB-Defect-Detection/data/PKU-Market-PCB(Data enhanced version)/valid/images/01_open_circuit_14_1.jpg,/Users/user/Deep-Learning-PCB-Defect-Detection/data/PKU-Market-PCB(Data enhanced version)/valid/labels/01_open_circuit_14_1.txt,3034,1586,RGB,.jpg,False
PKU,valid,05_spur_04_1.jpg,/Users/user/Deep-Learning-PCB-Defect-Detection/data/PKU-Market-PCB(Data enhanced version)/valid/images/05_spur_04_1.jpg,/Users/user/Deep-Learning-PCB-Defect-Detection/data/PKU-Market-PCB(Data enhanced version)/valid/labels/05_spur_04_1.txt,2053,1655,RGB,.jpg,False
PKU,valid,06_open_circuit_03_1.jpg,/Users/user/Deep-Learning-PCB-Defect-Detection/data/PKU-Market-PCB(Data enhanced version)/valid/images/06_open_circuit_03_1.jpg,/Users/user/Deep-Learning-PCB-Defect-Detection/data/PKU-Market-PCB(Data enhanced version)/valid/labels/06_open_circuit_03_1.txt,2771,1870,RGB,.jpg,True
PKU,valid,04_missing_hole_05_1.jpg,/Users/user/Deep-Learning-PCB-Defect-Detection/data/PKU-Market-PCB(Data enhanced version)/valid/images/04_missing_hole_05_1.jpg,/Users/user/Deep-Learning-PCB-Defect-Detection/data/PKU-Market-PCB(Data enhanced version)/valid/labels/04_missing_hole_05_1.txt,1573,1196,RGB,.jpg,True
PKU,valid,01_spur_20_1.jpg,/Users/user/Deep-Learning-PCB-Defect-Detection/data/PKU-Market-PCB(Data enhanced version)/valid/images/01_spur_20_1.jpg,/Users/user/Deep-Learning-PCB-Defect-Detection/data/PKU-Market-PCB(Data enhanced version)/valid/labels/01_spur_20_1.txt,3034,1586,RGB,.jpg,True
PKU,valid,04_mouse_bite_02_1.jpg,/Users/user/Deep-Learning-PCB-Defect-Detection/data/PKU-Market-PCB(Data enhanced version)/valid/images/04_mouse_bite_02_1.jpg,/Users/user/Deep-Learning-PCB-Defect-Detection/data/PKU-Market-PCB(Data enhanced version)/valid/labels/04_mouse_bite_02_1.txt,3056,2464,RGB,.jpg,False
PKU,valid,01_mouse_bite_04_1.jpg,/Users/user/Deep-Learning-PCB-Defect-Detection/data/PKU-Market-PCB(Data enhanced version)/valid/images/01_mouse_bite_04_1.jpg,/Users/user/Deep-Learning-PCB-Defect-Detection/data/PKU-Market-PCB(Data enhanced version)/valid/labels/01_mouse_bite_04_1.txt,2170,1080,RGB,.jpg,True
PKU,valid,01_spurious_copper_02_1.jpg,/Users/user/Deep-Learning-PCB-Defect-Detection/data/PKU-Market-PCB(Data enhanced version)/valid/images/01_spurious_copper_02_1.jpg,/Users/user/Deep-Learning-PCB-Defect-Detection/data/PKU-Market-PCB(Data enhanced version)/valid/labels/01_spurious_copper_02_1.txt,3034,1586,RGB,.jpg,True
PKU,valid,04_spur_13_1.jpg,/Users/user/Deep-Learning-PCB-Defect-Detection/data/PKU-Market-PCB(Data enhanced version)/valid/images/04_spur_13_1.jpg,/Users/user/Deep-Learning-PCB-Defect-Detection/data/PKU-Market-PCB(Data enhanced version)/valid/labels/04_spur_13_1.txt,2867,2391,RGB,.jpg,True
PKU,valid,04_spur_01_1(1).jpg,/Users/user/Deep-Learning-PCB-Defect-Detection/data/PKU-Market-PCB(Data enhanced version)/valid/images/04_spur_01_1(1).jpg,/Users/user/Deep-Learning-PCB-Defect-Detection/data/PKU-Market-PCB(Data enhanced version)/valid/labels/04_spur_01_1(1).txt,3056,2464,RGB,.jpg,False
PKU,valid,01_spur_04_1.jpg,/Users/user/Deep-Learning-PCB-Defect-Detection/data/PKU-Market-PCB(Data enhanced version)/valid/images/01_spur_04_1.jpg,/Users/user/Deep-Learning-PCB-Defect-Detection/data/PKU-Market-PCB(Data enhanced version)/valid/labels/01_spur_04_1.txt,2454,1145,RGB,.jpg,False
PKU,valid,01_mouse_bite_20_1.jpg,/Users/user/Deep-Learning-PCB-Defect-Detection/data/PKU-Market-PCB(Data enhanced version)/valid/images/01_mouse_bite_20_1.jpg,/Users/user/Deep-Learning-PCB-Defect-Detection/data/PKU-Market-PCB(Data enhanced version)/valid/labels/01_mouse_bite_20_1.txt,1760,439,RGB,.jpg,False
PKU,valid,04_short_13_1.jpg,/Users/user/Deep-Learning-PCB-Defect-Detection/data/PKU-Market-PCB(Data enhanced version)/valid/images/04_short_13_1.jpg,/Users/user/Deep-Learning-PCB-Defect-Detection/data/PKU-Market-PCB(Data enhanced version)/valid/labels/04_short_13_1.txt,3056,2464,RGB,.jpg,False
PKU,valid,04_open_circuit_05_1.jpg,/Users/user/Deep-Learning-PCB-Defect-Detection/data/PKU-Market-PCB(Data enhanced version)/valid/images/04_open_circuit_05_1.jpg,/Users/user/Deep-Learning-PCB-Defect-Detection/data/PKU-Market-PCB(Data enhanced version)/valid/labels/04_open_circuit_05_1.txt,3056,2464,RGB,.jpg,False
PKU,valid,06_missing_hole_03_1.jpg,/Users/user/Deep-Learning-PCB-Defect-Detection/data/PKU-Market-PCB(Data enhanced version)/valid/images/06_missing_hole_03_1.jpg,/Users/user/Deep-Learning-PCB-Defect-Detection/data/PKU-Market-PCB(Data enhanced version)/valid/labels/06_missing_hole_03_1.txt,2868,2316,RGB,.jpg,False
PKU,valid,04_spurious_copper_07_1.jpg,/Users/user/Deep-Learning-PCB-Defect-Detection/data/PKU-Market-PCB(Data enhanced version)/valid/images/04_spurious_copper_07_1.jpg,/Users/user/Deep-Learning-PCB-Defect-Detection/data/PKU-Market-PCB(Data enhanced version)/valid/labels/04_spurious_copper_07_1.txt,3056,2464,RGB,.jpg,False
PKU,valid,01_missing_hole_14_1.jpg,/Users/user/Deep-Learning-PCB-Defect-Detection/data/PKU-Market-PCB(Data enhanced version)/valid/images/01_missing_hole_14_1.jpg,/Users/user/Deep-Learning-PCB-Defect-Detection/data/PKU-Market-PCB(Data enhanced version)/valid/labels/01_missing_hole_14_1.txt,3034,1586,RGB,.jpg,True
PKU,valid,05_mouse_bite_02_1.jpg,/Users/user/Deep-Learning-PCB-Defect-Detection/data/PKU-Market-PCB(Data enhanced version)/valid/images/05_mouse_bite_02_1.jpg,/Users/user/Deep-Learning-PCB-Defect-Detection/data/PKU-Market-PCB(Data enhanced version)/valid/labels/05_mouse_bite_02_1.txt,1987,1578,RGB,.jpg,False
PKU,valid,05_spurious_copper_02_1.jpg,/Users/user/Deep-Learning-PCB-Defect-Detection/data/PKU-Market-PCB(Data enhanced version)/valid/images/05_spurious_copper_02_1.jpg,/Users/user/Deep-Learning-PCB-Defect-Detection/data/PKU-Market-PCB(Data enhanced version)/valid/labels/05_spurious_copper_02_1.txt,2544,2156,RGB,.jpg,True
PKU,valid,01_short_11_1.jpg,/Users/user/Deep-Learning-PCB-Defect-Detection/data/PKU-Market-PCB(Data enhanced version)/valid/images/01_short_11_1.jpg,/Users/user/Deep-Learning-PCB-Defect-Detection/data/PKU-Market-PCB(Data enhanced version)/valid/labels/01_short_11_1.txt,3034,1586,RGB,.jpg,False
PKU,valid,01_open_circuit_13_1.jpg,/Users/user/Deep-Learning-PCB-Defect-Detection/data/PKU-Market-PCB(Data enhanced version)/valid/images/01_open_circuit_13_1.jpg,/Users/user/Deep-Learning-PCB-Defect-Detection/data/PKU-Market-PCB(Data enhanced version)/valid/labels/01_open_circuit_13_1.txt,3034,1586,RGB,.jpg,False
PKU,valid,05_spur_03_1.jpg,/Users/user/Deep-Learning-PCB-Defect-Detection/data/PKU-Market-PCB(Data enhanced version)/valid/images/05_spur_03_1.jpg,/Users/user/Deep-Learning-PCB-Defect-Detection/data/PKU-Market-PCB(Data enhanced version)/valid/labels/05_spur_03_1.txt,1518,1288,RGB,.jpg,True
PKU,valid,05_short_09_1.jpg,/Users/user/Deep-Learning-PCB-Defect-Detection/data/PKU-Market-PCB(Data enhanced version)/valid/images/05_short_09_1.jpg,/Users/user/Deep-Learning-PCB-Defect-Detection/data/PKU-Market-PCB(Data enhanced version)/valid/labels/05_short_09_1.txt,2544,2156,RGB,.jpg,True
PKU,valid,06_open_circuit_04_1.jpg,/Users/user/Deep-Learning-PCB-Defect-Detection/data/PKU-Market-PCB(Data enhanced version)/valid/images/06_open_circuit_04_1.jpg,/Users/user/Deep-Learning-PCB-Defect-Detection/data/PKU-Market-PCB(Data enhanced version)/valid/labels/06_open_circuit_04_1.txt,2089,1877,RGB,.jpg,True
PKU,valid,04_missing_hole_02_1.jpg,/Users/user/Deep-Learning-PCB-Defect-Detection/data/PKU-Market-PCB(Data enhanced version)/valid/images/04_missing_hole_02_1.jpg,/Users/user/Deep-Learning-PCB-Defect-Detection/data/PKU-Market-PCB(Data enhanced version)/valid/labels/04_missing_hole_02_1.txt,2307,1896,RGB,.jpg,False
PKU,valid,04_mouse_bite_05_1.jpg,/Users/user/Deep-Learning-PCB-Defect-Detection/data/PKU-Market-PCB(Data enhanced version)/valid/images/04_mouse_bite_05_1.jpg,/Users/user/Deep-Learning-PCB-Defect-Detection/data/PKU-Market-PCB(Data enhanced version)/valid/labels/04_mouse_bite_05_1.txt,3056,2464,RGB,.jpg,False
PKU,valid,01_mouse_bite_03_1.jpg,/Users/user/Deep-Learning-PCB-Defect-Detection/data/PKU-Market-PCB(Data enhanced version)/valid/images/01_mouse_bite_03_1.jpg,/Users/user/Deep-Learning-PCB-Defect-Detection/data/PKU-Market-PCB(Data enhanced version)/valid/labels/01_mouse_bite_03_1.txt,3034,1586,RGB,.jpg,True
PKU,valid,01_spurious_copper_05_1.jpg,/Users/user/Deep-Learning-PCB-Defect-Detection/data/PKU-Market-PCB(Data enhanced version)/valid/images/01_spurious_copper_05_1.jpg,/Users/user/Deep-Learning-PCB-Defect-Detection/data/PKU-Market-PCB(Data enhanced version)/valid/labels/01_spurious_copper_05_1.txt,1090,1309,RGB,.jpg,True
PKU,valid,04_spurious_copper_19_1.jpg,/Users/user/Deep-Learning-PCB-Defect-Detection/data/PKU-Market-PCB(Data enhanced version)/valid/images/04_spurious_copper_19_1.jpg,/Users/user/Deep-Learning-PCB-Defect-Detection/data/PKU-Market-PCB(Data enhanced version)/valid/labels/04_spurious_copper_19_1.txt,3056,2464,RGB,.jpg,False
PKU,valid,04_spur_14_1.jpg,/Users/user/Deep-Learning-PCB-Defect-Detection/data/PKU-Market-PCB(Data enhanced version)/valid/images/04_spur_14_1.jpg,/Users/user/Deep-Learning-PCB-Defect-Detection/data/PKU-Market-PCB(Data enhanced version)/valid/labels/04_spur_14_1.txt,3056,2464,RGB,.jpg,True
PKU,valid,01_spur_03_1.jpg,/Users/user/Deep-Learning-PCB-Defect-Detection/data/PKU-Market-PCB(Data enhanced version)/valid/images/01_spur_03_1.jpg,/Users/user/Deep-Learning-PCB-Defect-Detection/data/PKU-Market-PCB(Data enhanced version)/valid/labels/01_spur_03_1.txt,3034,1586,RGB,.jpg,False
PKU,valid,05_short_10_1.jpg,/Users/user/Deep-Learning-PCB-Defect-Detection/data/PKU-Market-PCB(Data enhanced version)/valid/images/05_short_10_1.jpg,/Users/user/Deep-Learning-PCB-Defect-Detection/data/PKU-Market-PCB(Data enhanced version)/valid/labels/05_short_10_1.txt,1106,1862,RGB,.jpg,True
PKU,valid,04_short_14_1.jpg,/Users/user/Deep-Learning-PCB-Defect-Detection/data/PKU-Market-PCB(Data enhanced version)/valid/images/04_short_14_1.jpg,/Users/user/Deep-Learning-PCB-Defect-Detection/data/PKU-Market-PCB(Data enhanced version)/valid/labels/04_short_14_1.txt,3056,2464,RGB,.jpg,True
PKU,valid,01_short_08_1.jpg,/Users/user/Deep-Learning-PCB-Defect-Detection/data/PKU-Market-PCB(Data enhanced version)/valid/images/01_short_08_1.jpg,/Users/user/Deep-Learning-PCB-Defect-Detection/data/PKU-Market-PCB(Data enhanced version)/valid/labels/01_short_08_1.txt,3034,1586,RGB,.jpg,False
PKU,valid,06_spur_07_1.jpg,/Users/user/Deep-Learning-PCB-Defect-Detection/data/PKU-Market-PCB(Data enhanced version)/valid/images/06_spur_07_1.jpg,/Users/user/Deep-Learning-PCB-Defect-Detection/data/PKU-Market-PCB(Data enhanced version)/valid/labels/06_spur_07_1.txt,2868,2316,RGB,.jpg,False
PKU,valid,04_open_circuit_02_1.jpg,/Users/user/Deep-Learning-PCB-Defect-Detection/data/PKU-Market-PCB(Data enhanced version)/valid/images/04_open_circuit_02_1.jpg,/Users/user/Deep-Learning-PCB-Defect-Detection/data/PKU-Market-PCB(Data enhanced version)/valid/labels/04_open_circuit_02_1.txt,3056,2464,RGB,.jpg,True
PKU,valid,06_missing_hole_04_1.jpg,/Users/user/Deep-Learning-PCB-Defect-Detection/data/PKU-Market-PCB(Data enhanced version)/valid/images/06_missing_hole_04_1.jpg,/Users/user/Deep-Learning-PCB-Defect-Detection/data/PKU-Market-PCB(Data enhanced version)/valid/labels/06_missing_hole_04_1.txt,2868,2316,RGB,.jpg,False
PKU,valid,01_missing_hole_13_1.jpg,/Users/user/Deep-Learning-PCB-Defect-Detection/data/PKU-Market-PCB(Data enhanced version)/valid/images/01_missing_hole_13_1.jpg,/Users/user/Deep-Learning-PCB-Defect-Detection/data/PKU-Market-PCB(Data enhanced version)/valid/labels/01_missing_hole_13_1.txt,2059,1072,RGB,.jpg,False
PKU,valid,05_mouse_bite_05_1.jpg,/Users/user/Deep-Learning-PCB-Defect-Detection/data/PKU-Market-PCB(Data enhanced version)/valid/images/05_mouse_bite_05_1.jpg,/Users/user/Deep-Learning-PCB-Defect-Detection/data/PKU-Market-PCB(Data enhanced version)/valid/labels/05_mouse_bite_05_1.txt,1778,1832,RGB,.jpg,False
PKU,valid,06_mouse_bite_07_1.jpg,/Users/user/Deep-Learning-PCB-Defect-Detection/data/PKU-Market-PCB(Data enhanced version)/valid/images/06_mouse_bite_07_1.jpg,/Users/user/Deep-Learning-PCB-Defect-Detection/data/PKU-Market-PCB(Data enhanced version)/valid/labels/06_mouse_bite_07_1.txt,2055,1995,RGB,.jpg,False
PKU,valid,05_spurious_copper_05_1.jpg,/Users/user/Deep-Learning-PCB-Defect-Detection/data/PKU-Market-PCB(Data enhanced version)/valid/images/05_spurious_copper_05_1.jpg,/Users/user/Deep-Learning-PCB-Defect-Detection/data/PKU-Market-PCB(Data enhanced version)/valid/labels/05_spurious_copper_05_1.txt,2544,2156,RGB,.jpg,True
PKU,valid,04_spurious_copper_02_1.jpg,/Users/user/Deep-Learning-PCB-Defect-Detection/data/PKU-Market-PCB(Data enhanced version)/valid/images/04_spurious_copper_02_1.jpg,/Users/user/Deep-Learning-PCB-Defect-Detection/data/PKU-Market-PCB(Data enhanced version)/valid/labels/04_spurious_copper_02_1.txt,3056,2464,RGB,.jpg,False
PKU,valid,01_mouse_bite_18_1.jpg,/Users/user/Deep-Learning-PCB-Defect-Detection/data/PKU-Market-PCB(Data enhanced version)/valid/images/01_mouse_bite_18_1.jpg,/Users/user/Deep-Learning-PCB-Defect-Detection/data/PKU-Market-PCB(Data enhanced version)/valid/labels/01_mouse_bite_18_1.txt,671,639,RGB,.jpg,False
PKU,valid,05_spurious_copper_07_1.jpg,/Users/user/Deep-Learning-PCB-Defect-Detection/data/PKU-Market-PCB(Data enhanced version)/valid/images/05_spurious_copper_07_1.jpg,/Users/user/Deep-Learning-PCB-Defect-Detection/data/PKU-Market-PCB(Data enhanced version)/valid/labels/05_spurious_copper_07_1.txt,2312,1565,RGB,.jpg,False
PKU,valid,05_open_circuit_09_1.jpg,/Users/user/Deep-Learning-PCB-Defect-Detection/data/PKU-Market-PCB(Data enhanced version)/valid/images/05_open_circuit_09_1.jpg,/Users/user/Deep-Learning-PCB-Defect-Detection/data/PKU-Market-PCB(Data enhanced version)/valid/labels/05_open_circuit_09_1.txt,2084,600,RGB,.jpg,True
PKU,valid,06_short_11_1.jpg,/Users/user/Deep-Learning-PCB-Defect-Detection/data/PKU-Market-PCB(Data enhanced version)/valid/images/06_short_11_1.jpg,/Users/user/Deep-Learning-PCB-Defect-Detection/data/PKU-Market-PCB(Data enhanced version)/valid/labels/06_short_11_1.txt,2418,1926,RGB,.jpg,True
PKU,valid,01_missing_hole_11_1.jpg,/Users/user/Deep-Learning-PCB-Defect-Detection/data/PKU-Market-PCB(Data enhanced version)/valid/images/01_missing_hole_11_1.jpg,/Users/user/Deep-Learning-PCB-Defect-Detection/data/PKU-Market-PCB(Data enhanced version)/valid/labels/01_missing_hole_11_1.txt,3034,1586,RGB,.jpg,True
PKU,valid,04_missing_hole_19_1.jpg,/Users/user/Deep-Learning-PCB-Defect-Detection/data/PKU-Market-PCB(Data enhanced version)/valid/images/04_missing_hole_19_1.jpg,/Users/user/Deep-Learning-PCB-Defect-Detection/data/PKU-Market-PCB(Data enhanced version)/valid/labels/04_missing_hole_19_1.txt,1854,1618,RGB,.jpg,False
PKU,valid,05_mouse_bite_07_1.jpg,/Users/user/Deep-Learning-PCB-Defect-Detection/data/PKU-Market-PCB(Data enhanced version)/valid/images/05_mouse_bite_07_1.jpg,/Users/user/Deep-Learning-PCB-Defect-Detection/data/PKU-Market-PCB(Data enhanced version)/valid/labels/05_mouse_bite_07_1.txt,2228,1761,RGB,.jpg,True
PKU,valid,06_mouse_bite_05_1.jpg,/Users/user/Deep-Learning-PCB-Defect-Detection/data/PKU-Market-PCB(Data enhanced version)/valid/images/06_mouse_bite_05_1.jpg,/Users/user/Deep-Learning-PCB-Defect-Detection/data/PKU-Market-PCB(Data enhanced version)/valid/labels/06_mouse_bite_05_1.txt,2868,2316,RGB,.jpg,True
PKU,valid,04_short_16_1.jpg,/Users/user/Deep-Learning-PCB-Defect-Detection/data/PKU-Market-PCB(Data enhanced version)/valid/images/04_short_16_1.jpg,/Users/user/Deep-Learning-PCB-Defect-Detection/data/PKU-Market-PCB(Data enhanced version)/valid/labels/04_short_16_1.txt,1872,929,RGB,.jpg,False
PKU,valid,01_spur_01_1.jpg,/Users/user/Deep-Learning-PCB-Defect-Detection/data/PKU-Market-PCB(Data enhanced version)/valid/images/01_spur_01_1.jpg,/Users/user/Deep-Learning-PCB-Defect-Detection/data/PKU-Market-PCB(Data enhanced version)/valid/labels/01_spur_01_1.txt,3034,1586,RGB,.jpg,True
PKU,valid,06_spur_05_1.jpg,/Users/user/Deep-Learning-PCB-Defect-Detection/data/PKU-Market-PCB(Data enhanced version)/valid/images/06_spur_05_1.jpg,/Users/user/Deep-Learning-PCB-Defect-Detection/data/PKU-Market-PCB(Data enhanced version)/valid/labels/06_spur_05_1.txt,2868,2316,RGB,.jpg,False
PKU,valid,06_missing_hole_06_1.jpg,/Users/user/Deep-Learning-PCB-Defect-Detection/data/PKU-Market-PCB(Data enhanced version)/valid/images/06_missing_hole_06_1.jpg,/Users/user/Deep-Learning-PCB-Defect-Detection/data/PKU-Market-PCB(Data enhanced version)/valid/labels/06_missing_hole_06_1.txt,2868,2316,RGB,.jpg,False
PKU,valid,01_open_circuit_08_1.jpg,/Users/user/Deep-Learning-PCB-Defect-Detection/data/PKU-Market-PCB(Data enhanced version)/valid/images/01_open_circuit_08_1.jpg,/Users/user/Deep-Learning-PCB-Defect-Detection/data/PKU-Market-PCB(Data enhanced version)/valid/labels/01_open_circuit_08_1.txt,2306,905,RGB,.jpg,True
PKU,valid,05_missing_hole_10_1.jpg,/Users/user/Deep-Learning-PCB-Defect-Detection/data/PKU-Market-PCB(Data enhanced version)/valid/images/05_missing_hole_10_1.jpg,/Users/user/Deep-Learning-PCB-Defect-Detection/data/PKU-Market-PCB(Data enhanced version)/valid/labels/05_missing_hole_10_1.txt,2190,1585,RGB,.jpg,False
PKU,valid,06_spurious_copper_08_1.jpg,/Users/user/Deep-Learning-PCB-Defect-Detection/data/PKU-Market-PCB(Data enhanced version)/valid/images/06_spurious_copper_08_1.jpg,/Users/user/Deep-Learning-PCB-Defect-Detection/data/PKU-Market-PCB(Data enhanced version)/valid/labels/06_spurious_copper_08_1.txt,2453,1452,RGB,.jpg,False
PKU,valid,04_mouse_bite_07_1.jpg,/Users/user/Deep-Learning-PCB-Defect-Detection/data/PKU-Market-PCB(Data enhanced version)/valid/images/04_mouse_bite_07_1.jpg,/Users/user/Deep-Learning-PCB-Defect-Detection/data/PKU-Market-PCB(Data enhanced version)/valid/labels/04_mouse_bite_07_1.txt,3056,2464,RGB,.jpg,False
PKU,valid,01_mouse_bite_01_1.jpg,/Users/user/Deep-Learning-PCB-Defect-Detection/data/PKU-Market-PCB(Data enhanced version)/valid/images/01_mouse_bite_01_1.jpg,/Users/user/Deep-Learning-PCB-Defect-Detection/data/PKU-Market-PCB(Data enhanced version)/valid/labels/01_mouse_bite_01_1.txt,3034,1586,RGB,.jpg,True
PKU,valid,01_missing_hole_08_1.jpg,/Users/user/Deep-Learning-PCB-Defect-Detection/data/PKU-Market-PCB(Data enhanced version)/valid/images/01_missing_hole_08_1.jpg,/Users/user/Deep-Learning-PCB-Defect-Detection/data/PKU-Market-PCB(Data enhanced version)/valid/labels/01_missing_hole_08_1.txt,3034,1586,RGB,.jpg,False
PKU,valid,06_open_circuit_06_1.jpg,/Users/user/Deep-Learning-PCB-Defect-Detection/data/PKU-Market-PCB(Data enhanced version)/valid/images/06_open_circuit_06_1.jpg,/Users/user/Deep-Learning-PCB-Defect-Detection/data/PKU-Market-PCB(Data enhanced version)/valid/labels/06_open_circuit_06_1.txt,1686,1393,RGB,.jpg,False
PKU,valid,06_short_08_1.jpg,/Users/user/Deep-Learning-PCB-Defect-Detection/data/PKU-Market-PCB(Data enhanced version)/valid/images/06_short_08_1.jpg,/Users/user/Deep-Learning-PCB-Defect-Detection/data/PKU-Market-PCB(Data enhanced version)/valid/labels/06_short_08_1.txt,1099,1660,RGB,.jpg,True
PKU,valid,05_open_circuit_10_1.jpg,/Users/user/Deep-Learning-PCB-Defect-Detection/data/PKU-Market-PCB(Data enhanced version)/valid/images/05_open_circuit_10_1.jpg,/Users/user/Deep-Learning-PCB-Defect-Detection/data/PKU-Market-PCB(Data enhanced version)/valid/labels/05_open_circuit_10_1.txt,1717,1369,RGB,.jpg,False
PKU,valid,01_spurious_copper_07_1.jpg,/Users/user/Deep-Learning-PCB-Defect-Detection/data/PKU-Market-PCB(Data enhanced version)/valid/images/01_spurious_copper_07_1.jpg,/Users/user/Deep-Learning-PCB-Defect-Detection/data/PKU-Market-PCB(Data enhanced version)/valid/labels/01_spurious_copper_07_1.txt,3034,1586,RGB,.jpg,False
PKU,valid,04_spur_16_1.jpg,/Users/user/Deep-Learning-PCB-Defect-Detection/data/PKU-Market-PCB(Data enhanced version)/valid/images/04_spur_16_1.jpg,/Users/user/Deep-Learning-PCB-Defect-Detection/data/PKU-Market-PCB(Data enhanced version)/valid/labels/04_spur_16_1.txt,3056,2464,RGB,.jpg,True
PKU,valid,05_missing_hole_09_1.jpg,/Users/user/Deep-Learning-PCB-Defect-Detection/data/PKU-Market-PCB(Data enhanced version)/valid/images/05_missing_hole_09_1.jpg,/Users/user/Deep-Learning-PCB-Defect-Detection/data/PKU-Market-PCB(Data enhanced version)/valid/labels/05_missing_hole_09_1.txt,2544,2156,RGB,.jpg,False
PKU,valid,04_open_circuit_19_1.jpg,/Users/user/Deep-Learning-PCB-Defect-Detection/data/PKU-Market-PCB(Data enhanced version)/valid/images/04_open_circuit_19_1.jpg,/Users/user/Deep-Learning-PCB-Defect-Detection/data/PKU-Market-PCB(Data enhanced version)/valid/labels/04_open_circuit_19_1.txt,1233,957,RGB,.jpg,False
PKU,valid,01_open_circuit_11_1.jpg,/Users/user/Deep-Learning-PCB-Defect-Detection/data/PKU-Market-PCB(Data enhanced version)/valid/images/01_open_circuit_11_1.jpg,/Users/user/Deep-Learning-PCB-Defect-Detection/data/PKU-Market-PCB(Data enhanced version)/valid/labels/01_open_circuit_11_1.txt,1484,1121,RGB,.jpg,True
PKU,valid,01_short_13_1.jpg,/Users/user/Deep-Learning-PCB-Defect-Detection/data/PKU-Market-PCB(Data enhanced version)/valid/images/01_short_13_1.jpg,/Users/user/Deep-Learning-PCB-Defect-Detection/data/PKU-Market-PCB(Data enhanced version)/valid/labels/01_short_13_1.txt,3034,1586,RGB,.jpg,True
PKU,valid,05_spur_01_1.jpg,/Users/user/Deep-Learning-PCB-Defect-Detection/data/PKU-Market-PCB(Data enhanced version)/valid/images/05_spur_01_1.jpg,/Users/user/Deep-Learning-PCB-Defect-Detection/data/PKU-Market-PCB(Data enhanced version)/valid/labels/05_spur_01_1.txt,2034,1439,RGB,.jpg,True
PKU,valid,01_spur_18_1.jpg,/Users/user/Deep-Learning-PCB-Defect-Detection/data/PKU-Market-PCB(Data enhanced version)/valid/images/01_spur_18_1.jpg,/Users/user/Deep-Learning-PCB-Defect-Detection/data/PKU-Market-PCB(Data enhanced version)/valid/labels/01_spur_18_1.txt,3034,1586,RGB,.jpg,True
PKU,valid,04_open_circuit_20_1.jpg,/Users/user/Deep-Learning-PCB-Defect-Detection/data/PKU-Market-PCB(Data enhanced version)/valid/images/04_open_circuit_20_1.jpg,/Users/user/Deep-Learning-PCB-Defect-Detection/data/PKU-Market-PCB(Data enhanced version)/valid/labels/04_open_circuit_20_1.txt,3056,2464,RGB,.jpg,True
PKU,valid,01_spurious_copper_03_1.jpg,/Users/user/Deep-Learning-PCB-Defect-Detection/data/PKU-Market-PCB(Data enhanced version)/valid/images/01_spurious_copper_03_1.jpg,/Users/user/Deep-Learning-PCB-Defect-Detection/data/PKU-Market-PCB(Data enhanced version)/valid/labels/01_spurious_copper_03_1.txt,3034,1586,RGB,.jpg,False
PKU,valid,04_spur_12_1.jpg,/Users/user/Deep-Learning-PCB-Defect-Detection/data/PKU-Market-PCB(Data enhanced version)/valid/images/04_spur_12_1.jpg,/Users/user/Deep-Learning-PCB-Defect-Detection/data/PKU-Market-PCB(Data enhanced version)/valid/labels/04_spur_12_1.txt,3056,2464,RGB,.jpg,True
PKU,valid,06_open_circuit_02_1.jpg,/Users/user/Deep-Learning-PCB-Defect-Detection/data/PKU-Market-PCB(Data enhanced version)/valid/images/06_open_circuit_02_1.jpg,/Users/user/Deep-Learning-PCB-Defect-Detection/data/PKU-Market-PCB(Data enhanced version)/valid/labels/06_open_circuit_02_1.txt,1946,2013,RGB,.jpg,False
PKU,valid,04_missing_hole_04_1.jpg,/Users/user/Deep-Learning-PCB-Defect-Detection/data/PKU-Market-PCB(Data enhanced version)/valid/images/04_missing_hole_04_1.jpg,/Users/user/Deep-Learning-PCB-Defect-Detection/data/PKU-Market-PCB(Data enhanced version)/valid/labels/04_missing_hole_04_1.txt,3056,2464,RGB,.jpg,False
PKU,valid,07_mouse_bite_01_1.jpg,/Users/user/Deep-Learning-PCB-Defect-Detection/data/PKU-Market-PCB(Data enhanced version)/valid/images/07_mouse_bite_01_1.jpg,/Users/user/Deep-Learning-PCB-Defect-Detection/data/PKU-Market-PCB(Data enhanced version)/valid/labels/07_mouse_bite_01_1.txt,2904,1921,RGB,.jpg,False
PKU,valid,04_mouse_bite_03_1.jpg,/Users/user/Deep-Learning-PCB-Defect-Detection/data/PKU-Market-PCB(Data enhanced version)/valid/images/04_mouse_bite_03_1.jpg,/Users/user/Deep-Learning-PCB-Defect-Detection/data/PKU-Market-PCB(Data enhanced version)/valid/labels/04_mouse_bite_03_1.txt,3056,2464,RGB,.jpg,True
PKU,valid,01_mouse_bite_05_1.jpg,/Users/user/Deep-Learning-PCB-Defect-Detection/data/PKU-Market-PCB(Data enhanced version)/valid/images/01_mouse_bite_05_1.jpg,/Users/user/Deep-Learning-PCB-Defect-Detection/data/PKU-Market-PCB(Data enhanced version)/valid/labels/01_mouse_bite_05_1.txt,3034,1586,RGB,.jpg,False
PKU,valid,05_spur_05_1.jpg,/Users/user/Deep-Learning-PCB-Defect-Detection/data/PKU-Market-PCB(Data enhanced version)/valid/images/05_spur_05_1.jpg,/Users/user/Deep-Learning-PCB-Defect-Detection/data/PKU-Market-PCB(Data enhanced version)/valid/labels/05_spur_05_1.txt,2544,2156,RGB,.jpg,False
PKU,valid,01_short_17_1.jpg,/Users/user/Deep-Learning-PCB-Defect-Detection/data/PKU-Market-PCB(Data enhanced version)/valid/images/01_short_17_1.jpg,/Users/user/Deep-Learning-PCB-Defect-Detection/data/PKU-Market-PCB(Data enhanced version)/valid/labels/01_short_17_1.txt,3034,1586,RGB,.jpg,True
PKU,valid,01_open_circuit_15_1.jpg,/Users/user/Deep-Learning-PCB-Defect-Detection/data/PKU-Market-PCB(Data enhanced version)/valid/images/01_open_circuit_15_1.jpg,/Users/user/Deep-Learning-PCB-Defect-Detection/data/PKU-Market-PCB(Data enhanced version)/valid/labels/01_open_circuit_15_1.txt,2154,597,RGB,.jpg,True
PKU,valid,01_missing_hole_15_1.jpg,/Users/user/Deep-Learning-PCB-Defect-Detection/data/PKU-Market-PCB(Data enhanced version)/valid/images/01_missing_hole_15_1.jpg,/Users/user/Deep-Learning-PCB-Defect-Detection/data/PKU-Market-PCB(Data enhanced version)/valid/labels/01_missing_hole_15_1.txt,3034,1586,RGB,.jpg,False
PKU,valid,05_mouse_bite_03_1.jpg,/Users/user/Deep-Learning-PCB-Defect-Detection/data/PKU-Market-PCB(Data enhanced version)/valid/images/05_mouse_bite_03_1.jpg,/Users/user/Deep-Learning-PCB-Defect-Detection/data/PKU-Market-PCB(Data enhanced version)/valid/labels/05_mouse_bite_03_1.txt,2232,1483,RGB,.jpg,False
PKU,valid,06_mouse_bite_01_1.jpg,/Users/user/Deep-Learning-PCB-Defect-Detection/data/PKU-Market-PCB(Data enhanced version)/valid/images/06_mouse_bite_01_1.jpg,/Users/user/Deep-Learning-PCB-Defect-Detection/data/PKU-Market-PCB(Data enhanced version)/valid/labels/06_mouse_bite_01_1.txt,2868,2316,RGB,.jpg,False
PKU,valid,05_spurious_copper_03_1.jpg,/Users/user/Deep-Learning-PCB-Defect-Detection/data/PKU-Market-PCB(Data enhanced version)/valid/images/05_spurious_copper_03_1.jpg,/Users/user/Deep-Learning-PCB-Defect-Detection/data/PKU-Market-PCB(Data enhanced version)/valid/labels/05_spurious_copper_03_1.txt,2544,2156,RGB,.jpg,False
PKU,valid,04_spurious_copper_06_1.jpg,/Users/user/Deep-Learning-PCB-Defect-Detection/data/PKU-Market-PCB(Data enhanced version)/valid/images/04_spurious_copper_06_1.jpg,/Users/user/Deep-Learning-PCB-Defect-Detection/data/PKU-Market-PCB(Data enhanced version)/valid/labels/04_spurious_copper_06_1.txt,2505,1855,RGB,.jpg,False
PKU,valid,04_open_circuit_04_1.jpg,/Users/user/Deep-Learning-PCB-Defect-Detection/data/PKU-Market-PCB(Data enhanced version)/valid/images/04_open_circuit_04_1.jpg,/Users/user/Deep-Learning-PCB-Defect-Detection/data/PKU-Market-PCB(Data enhanced version)/valid/labels/04_open_circuit_04_1.txt,2677,1721,RGB,.jpg,False
PKU,valid,06_spur_01_1.jpg,/Users/user/Deep-Learning-PCB-Defect-Detection/data/PKU-Market-PCB(Data enhanced version)/valid/images/06_spur_01_1.jpg,/Users/user/Deep-Learning-PCB-Defect-Detection/data/PKU-Market-PCB(Data enhanced version)/valid/labels/06_spur_01_1.txt,2868,2316,RGB,.jpg,True
PKU,valid,06_missing_hole_02_1.jpg,/Users/user/Deep-Learning-PCB-Defect-Detection/data/PKU-Market-PCB(Data enhanced version)/valid/images/06_missing_hole_02_1.jpg,/Users/user/Deep-Learning-PCB-Defect-Detection/data/PKU-Market-PCB(Data enhanced version)/valid/labels/06_missing_hole_02_1.txt,2868,2316,RGB,.jpg,True
PKU,valid,01_spur_05_1.jpg,/Users/user/Deep-Learning-PCB-Defect-Detection/data/PKU-Market-PCB(Data enhanced version)/valid/images/01_spur_05_1.jpg,/Users/user/Deep-Learning-PCB-Defect-Detection/data/PKU-Market-PCB(Data enhanced version)/valid/labels/01_spur_05_1.txt,1445,1130,RGB,.jpg,True
PKU,valid,04_short_12_1.jpg,/Users/user/Deep-Learning-PCB-Defect-Detection/data/PKU-Market-PCB(Data enhanced version)/valid/images/04_short_12_1.jpg,/Users/user/Deep-Learning-PCB-Defect-Detection/data/PKU-Market-PCB(Data enhanced version)/valid/labels/04_short_12_1.txt,3056,2464,RGB,.jpg,False
PKU,valid,04_missing_hole_20_1.jpg,/Users/user/Deep-Learning-PCB-Defect-Detection/data/PKU-Market-PCB(Data enhanced version)/valid/images/04_missing_hole_20_1.jpg,/Users/user/Deep-Learning-PCB-Defect-Detection/data/PKU-Market-PCB(Data enhanced version)/valid/labels/04_missing_hole_20_1.txt,2619,1478,RGB,.jpg,False
PKU,valid,04_open_circuit_06_1.jpg,/Users/user/Deep-Learning-PCB-Defect-Detection/data/PKU-Market-PCB(Data enhanced version)/valid/images/04_open_circuit_06_1.jpg,/Users/user/Deep-Learning-PCB-Defect-Detection/data/PKU-Market-PCB(Data enhanced version)/valid/labels/04_open_circuit_06_1.txt,2272,1614,RGB,.jpg,False
PKU,valid,06_spur_03_1.jpg,/Users/user/Deep-Learning-PCB-Defect-Detection/data/PKU-Market-PCB(Data enhanced version)/valid/images/06_spur_03_1.jpg,/Users/user/Deep-Learning-PCB-Defect-Detection/data/PKU-Market-PCB(Data enhanced version)/valid/labels/06_spur_03_1.txt,2868,2316,RGB,.jpg,False
PKU,valid,04_short_10_1.jpg,/Users/user/Deep-Learning-PCB-Defect-Detection/data/PKU-Market-PCB(Data enhanced version)/valid/images/04_short_10_1.jpg,/Users/user/Deep-Learning-PCB-Defect-Detection/data/PKU-Market-PCB(Data enhanced version)/valid/labels/04_short_10_1.txt,3056,2464,RGB,.jpg,False
PKU,valid,01_spur_07_1.jpg,/Users/user/Deep-Learning-PCB-Defect-Detection/data/PKU-Market-PCB(Data enhanced version)/valid/images/01_spur_07_1.jpg,/Users/user/Deep-Learning-PCB-Defect-Detection/data/PKU-Market-PCB(Data enhanced version)/valid/labels/01_spur_07_1.txt,3034,1586,RGB,.jpg,False
PKU,valid,04_mouse_bite_18_1.jpg,/Users/user/Deep-Learning-PCB-Defect-Detection/data/PKU-Market-PCB(Data enhanced version)/valid/images/04_mouse_bite_18_1.jpg,/Users/user/Deep-Learning-PCB-Defect-Detection/data/PKU-Market-PCB(Data enhanced version)/valid/labels/04_mouse_bite_18_1.txt,2771,1289,RGB,.jpg,True
PKU,valid,05_spurious_copper_01_1.jpg,/Users/user/Deep-Learning-PCB-Defect-Detection/data/PKU-Market-PCB(Data enhanced version)/valid/images/05_spurious_copper_01_1.jpg,/Users/user/Deep-Learning-PCB-Defect-Detection/data/PKU-Market-PCB(Data enhanced version)/valid/labels/05_spurious_copper_01_1.txt,2544,2156,RGB,.jpg,False
PKU,valid,01_missing_hole_17_1.jpg,/Users/user/Deep-Learning-PCB-Defect-Detection/data/PKU-Market-PCB(Data enhanced version)/valid/images/01_missing_hole_17_1.jpg,/Users/user/Deep-Learning-PCB-Defect-Detection/data/PKU-Market-PCB(Data enhanced version)/valid/labels/01_missing_hole_17_1.txt,3034,1586,RGB,.jpg,True
PKU,valid,05_mouse_bite_01_1.jpg,/Users/user/Deep-Learning-PCB-Defect-Detection/data/PKU-Market-PCB(Data enhanced version)/valid/images/05_mouse_bite_01_1.jpg,/Users/user/Deep-Learning-PCB-Defect-Detection/data/PKU-Market-PCB(Data enhanced version)/valid/labels/05_mouse_bite_01_1.txt,2544,2156,RGB,.jpg,False
PKU,valid,06_mouse_bite_03_1.jpg,/Users/user/Deep-Learning-PCB-Defect-Detection/data/PKU-Market-PCB(Data enhanced version)/valid/images/06_mouse_bite_03_1.jpg,/Users/user/Deep-Learning-PCB-Defect-Detection/data/PKU-Market-PCB(Data enhanced version)/valid/labels/06_mouse_bite_03_1.txt,2727,1690,RGB,.jpg,True
PKU,valid,01_spurious_copper_18_1.jpg,/Users/user/Deep-Learning-PCB-Defect-Detection/data/PKU-Market-PCB(Data enhanced version)/valid/images/01_spurious_copper_18_1.jpg,/Users/user/Deep-Learning-PCB-Defect-Detection/data/PKU-Market-PCB(Data enhanced version)/valid/labels/01_spurious_copper_18_1.txt,2052,1164,RGB,.jpg,False
PKU,valid,04_spur_09_1.jpg,/Users/user/Deep-Learning-PCB-Defect-Detection/data/PKU-Market-PCB(Data enhanced version)/valid/images/04_spur_09_1.jpg,/Users/user/Deep-Learning-PCB-Defect-Detection/data/PKU-Market-PCB(Data enhanced version)/valid/labels/04_spur_09_1.txt,3056,2464,RGB,.jpg,True
PKU,valid,04_spurious_copper_04_1.jpg,/Users/user/Deep-Learning-PCB-Defect-Detection/data/PKU-Market-PCB(Data enhanced version)/valid/images/04_spurious_copper_04_1.jpg,/Users/user/Deep-Learning-PCB-Defect-Detection/data/PKU-Market-PCB(Data enhanced version)/valid/labels/04_spurious_copper_04_1.txt,3056,2464,RGB,.jpg,False
PKU,valid,05_spur_07_1.jpg,/Users/user/Deep-Learning-PCB-Defect-Detection/data/PKU-Market-PCB(Data enhanced version)/valid/images/05_spur_07_1.jpg,/Users/user/Deep-Learning-PCB-Defect-Detection/data/PKU-Market-PCB(Data enhanced version)/valid/labels/05_spur_07_1.txt,1921,1950,RGB,.jpg,False
PKU,valid,04_short_09_1.jpg,/Users/user/Deep-Learning-PCB-Defect-Detection/data/PKU-Market-PCB(Data enhanced version)/valid/images/04_short_09_1.jpg,/Users/user/Deep-Learning-PCB-Defect-Detection/data/PKU-Market-PCB(Data enhanced version)/valid/labels/04_short_09_1.txt,3056,2464,RGB,.jpg,False
PKU,valid,01_open_circuit_17_1.jpg,/Users/user/Deep-Learning-PCB-Defect-Detection/data/PKU-Market-PCB(Data enhanced version)/valid/images/01_open_circuit_17_1.jpg,/Users/user/Deep-Learning-PCB-Defect-Detection/data/PKU-Market-PCB(Data enhanced version)/valid/labels/01_open_circuit_17_1.txt,1892,1053,RGB,.jpg,True
PKU,valid,04_spurious_copper_20_1.jpg,/Users/user/Deep-Learning-PCB-Defect-Detection/data/PKU-Market-PCB(Data enhanced version)/valid/images/04_spurious_copper_20_1.jpg,/Users/user/Deep-Learning-PCB-Defect-Detection/data/PKU-Market-PCB(Data enhanced version)/valid/labels/04_spurious_copper_20_1.txt,3056,2464,RGB,.jpg,True
PKU,valid,01_short_15_1.jpg,/Users/user/Deep-Learning-PCB-Defect-Detection/data/PKU-Market-PCB(Data enhanced version)/valid/images/01_short_15_1.jpg,/Users/user/Deep-Learning-PCB-Defect-Detection/data/PKU-Market-PCB(Data enhanced version)/valid/labels/01_short_15_1.txt,3034,1586,RGB,.jpg,True
PKU,valid,01_spurious_copper_01_1.jpg,/Users/user/Deep-Learning-PCB-Defect-Detection/data/PKU-Market-PCB(Data enhanced version)/valid/images/01_spurious_copper_01_1.jpg,/Users/user/Deep-Learning-PCB-Defect-Detection/data/PKU-Market-PCB(Data enhanced version)/valid/labels/01_spurious_copper_01_1.txt,3034,1586,RGB,.jpg,False
PKU,valid,04_spur_10_1.jpg,/Users/user/Deep-Learning-PCB-Defect-Detection/data/PKU-Market-PCB(Data enhanced version)/valid/images/04_spur_10_1.jpg,/Users/user/Deep-Learning-PCB-Defect-Detection/data/PKU-Market-PCB(Data enhanced version)/valid/labels/04_spur_10_1.txt,3056,2464,RGB,.jpg,False
PKU,valid,04_mouse_bite_01_1.jpg,/Users/user/Deep-Learning-PCB-Defect-Detection/data/PKU-Market-PCB(Data enhanced version)/valid/images/04_mouse_bite_01_1.jpg,/Users/user/Deep-Learning-PCB-Defect-Detection/data/PKU-Market-PCB(Data enhanced version)/valid/labels/04_mouse_bite_01_1.txt,3056,2464,RGB,.jpg,True
PKU,valid,01_mouse_bite_07_1.jpg,/Users/user/Deep-Learning-PCB-Defect-Detection/data/PKU-Market-PCB(Data enhanced version)/valid/images/01_mouse_bite_07_1.jpg,/Users/user/Deep-Learning-PCB-Defect-Detection/data/PKU-Market-PCB(Data enhanced version)/valid/labels/01_mouse_bite_07_1.txt,3034,1586,RGB,.jpg,True
PKU,valid,04_missing_hole_06_1.jpg,/Users/user/Deep-Learning-PCB-Defect-Detection/data/PKU-Market-PCB(Data enhanced version)/valid/images/04_missing_hole_06_1.jpg,/Users/user/Deep-Learning-PCB-Defect-Detection/data/PKU-Market-PCB(Data enhanced version)/valid/labels/04_missing_hole_06_1.txt,3056,2464,RGB,.jpg,True
PKU,valid,04_spurious_copper_11_1.jpg,/Users/user/Deep-Learning-PCB-Defect-Detection/data/PKU-Market-PCB(Data enhanced version)/valid/images/04_spurious_copper_11_1.jpg,/Users/user/Deep-Learning-PCB-Defect-Detection/data/PKU-Market-PCB(Data enhanced version)/valid/labels/04_spurious_copper_11_1.txt,2779,1451,RGB,.jpg,True
PKU,valid,06_short_02_1.jpg,/Users/user/Deep-Learning-PCB-Defect-Detection/data/PKU-Market-PCB(Data enhanced version)/valid/images/06_short_02_1.jpg,/Users/user/Deep-Learning-PCB-Defect-Detection/data/PKU-Market-PCB(Data enhanced version)/valid/labels/06_short_02_1.txt,2868,2316,RGB,.jpg,False
PKU,valid,01_missing_hole_02_1.jpg,/Users/user/Deep-Learning-PCB-Defect-Detection/data/PKU-Market-PCB(Data enhanced version)/valid/images/01_missing_hole_02_1.jpg,/Users/user/Deep-Learning-PCB-Defect-Detection/data/PKU-Market-PCB(Data enhanced version)/valid/labels/01_missing_hole_02_1.txt,3034,1586,RGB,.jpg,False
PKU,valid,07_spur_01_1.jpg,/Users/user/Deep-Learning-PCB-Defect-Detection/data/PKU-Market-PCB(Data enhanced version)/valid/images/07_spur_01_1.jpg,/Users/user/Deep-Learning-PCB-Defect-Detection/data/PKU-Market-PCB(Data enhanced version)/valid/labels/07_spur_01_1.txt,2904,1921,RGB,.jpg,False
PKU,valid,05_short_01_1.jpg,/Users/user/Deep-Learning-PCB-Defect-Detection/data/PKU-Market-PCB(Data enhanced version)/valid/images/05_short_01_1.jpg,/Users/user/Deep-Learning-PCB-Defect-Detection/data/PKU-Market-PCB(Data enhanced version)/valid/labels/05_short_01_1.txt,2544,2156,RGB,.jpg,False
PKU,valid,04_short_05_1.jpg,/Users/user/Deep-Learning-PCB-Defect-Detection/data/PKU-Market-PCB(Data enhanced version)/valid/images/04_short_05_1.jpg,/Users/user/Deep-Learning-PCB-Defect-Detection/data/PKU-Market-PCB(Data enhanced version)/valid/labels/04_short_05_1.txt,3056,2464,RGB,.jpg,False
PKU,valid,01_spur_12_1.jpg,/Users/user/Deep-Learning-PCB-Defect-Detection/data/PKU-Market-PCB(Data enhanced version)/valid/images/01_spur_12_1.jpg,/Users/user/Deep-Learning-PCB-Defect-Detection/data/PKU-Market-PCB(Data enhanced version)/valid/labels/01_spur_12_1.txt,797,499,RGB,.jpg,True
PKU,valid,05_missing_hole_03_1.jpg,/Users/user/Deep-Learning-PCB-Defect-Detection/data/PKU-Market-PCB(Data enhanced version)/valid/images/05_missing_hole_03_1.jpg,/Users/user/Deep-Learning-PCB-Defect-Detection/data/PKU-Market-PCB(Data enhanced version)/valid/labels/05_missing_hole_03_1.txt,2406,1970,RGB,.jpg,True
PKU,valid,04_open_circuit_13_1.jpg,/Users/user/Deep-Learning-PCB-Defect-Detection/data/PKU-Market-PCB(Data enhanced version)/valid/images/04_open_circuit_13_1.jpg,/Users/user/Deep-Learning-PCB-Defect-Detection/data/PKU-Market-PCB(Data enhanced version)/valid/labels/04_open_circuit_13_1.txt,3056,2464,RGB,.jpg,False
PKU,valid,01_short_19_1.jpg,/Users/user/Deep-Learning-PCB-Defect-Detection/data/PKU-Market-PCB(Data enhanced version)/valid/images/01_short_19_1.jpg,/Users/user/Deep-Learning-PCB-Defect-Detection/data/PKU-Market-PCB(Data enhanced version)/valid/labels/01_short_19_1.txt,2446,1486,RGB,.jpg,True
PKU,valid,01_mouse_bite_12_1.jpg,/Users/user/Deep-Learning-PCB-Defect-Detection/data/PKU-Market-PCB(Data enhanced version)/valid/images/01_mouse_bite_12_1.jpg,/Users/user/Deep-Learning-PCB-Defect-Detection/data/PKU-Market-PCB(Data enhanced version)/valid/labels/01_mouse_bite_12_1.txt,1265,1276,RGB,.jpg,False
PKU,valid,04_mouse_bite_14_1.jpg,/Users/user/Deep-Learning-PCB-Defect-Detection/data/PKU-Market-PCB(Data enhanced version)/valid/images/04_mouse_bite_14_1.jpg,/Users/user/Deep-Learning-PCB-Defect-Detection/data/PKU-Market-PCB(Data enhanced version)/valid/labels/04_mouse_bite_14_1.txt,3056,2464,RGB,.jpg,False
PKU,valid,05_open_circuit_03_1.jpg,/Users/user/Deep-Learning-PCB-Defect-Detection/data/PKU-Market-PCB(Data enhanced version)/valid/images/05_open_circuit_03_1.jpg,/Users/user/Deep-Learning-PCB-Defect-Detection/data/PKU-Market-PCB(Data enhanced version)/valid/labels/05_open_circuit_03_1.txt,2544,2156,RGB,.jpg,False
PKU,valid,04_missing_hole_13_1.jpg,/Users/user/Deep-Learning-PCB-Defect-Detection/data/PKU-Market-PCB(Data enhanced version)/valid/images/04_missing_hole_13_1.jpg,/Users/user/Deep-Learning-PCB-Defect-Detection/data/PKU-Market-PCB(Data enhanced version)/valid/labels/04_missing_hole_13_1.txt,3056,2464,RGB,.jpg,True
PKU,valid,04_spur_05_1.jpg,/Users/user/Deep-Learning-PCB-Defect-Detection/data/PKU-Market-PCB(Data enhanced version)/valid/images/04_spur_05_1.jpg,/Users/user/Deep-Learning-PCB-Defect-Detection/data/PKU-Market-PCB(Data enhanced version)/valid/labels/04_spur_05_1.txt,3056,2464,RGB,.jpg,True
PKU,valid,04_spurious_copper_08_1.jpg,/Users/user/Deep-Learning-PCB-Defect-Detection/data/PKU-Market-PCB(Data enhanced version)/valid/images/04_spurious_copper_08_1.jpg,/Users/user/Deep-Learning-PCB-Defect-Detection/data/PKU-Market-PCB(Data enhanced version)/valid/labels/04_spurious_copper_08_1.txt,2663,1962,RGB,.jpg,False
PKU,valid,01_spurious_copper_14_1.jpg,/Users/user/Deep-Learning-PCB-Defect-Detection/data/PKU-Market-PCB(Data enhanced version)/valid/images/01_spurious_copper_14_1.jpg,/Users/user/Deep-Learning-PCB-Defect-Detection/data/PKU-Market-PCB(Data enhanced version)/valid/labels/01_spurious_copper_14_1.txt,3034,1586,RGB,.jpg,True
PKU,valid,01_open_circuit_02_1.jpg,/Users/user/Deep-Learning-PCB-Defect-Detection/data/PKU-Market-PCB(Data enhanced version)/valid/images/01_open_circuit_02_1.jpg,/Users/user/Deep-Learning-PCB-Defect-Detection/data/PKU-Market-PCB(Data enhanced version)/valid/labels/01_open_circuit_02_1.txt,1617,285,RGB,.jpg,True
PKU,valid,06_spurious_copper_02_1.jpg,/Users/user/Deep-Learning-PCB-Defect-Detection/data/PKU-Market-PCB(Data enhanced version)/valid/images/06_spurious_copper_02_1.jpg,/Users/user/Deep-Learning-PCB-Defect-Detection/data/PKU-Market-PCB(Data enhanced version)/valid/labels/06_spurious_copper_02_1.txt,2868,2316,RGB,.jpg,True
PKU,valid,01_short_02_1.jpg,/Users/user/Deep-Learning-PCB-Defect-Detection/data/PKU-Market-PCB(Data enhanced version)/valid/images/01_short_02_1.jpg,/Users/user/Deep-Learning-PCB-Defect-Detection/data/PKU-Market-PCB(Data enhanced version)/valid/labels/01_short_02_1.txt,3034,1586,RGB,.jpg,False
PKU,valid,04_open_circuit_08_1.jpg,/Users/user/Deep-Learning-PCB-Defect-Detection/data/PKU-Market-PCB(Data enhanced version)/valid/images/04_open_circuit_08_1.jpg,/Users/user/Deep-Learning-PCB-Defect-Detection/data/PKU-Market-PCB(Data enhanced version)/valid/labels/04_open_circuit_08_1.txt,3056,2464,RGB,.jpg,True
PKU,valid,01_spur_09_1.jpg,/Users/user/Deep-Learning-PCB-Defect-Detection/data/PKU-Market-PCB(Data enhanced version)/valid/images/01_spur_09_1.jpg,/Users/user/Deep-Learning-PCB-Defect-Detection/data/PKU-Market-PCB(Data enhanced version)/valid/labels/01_spur_09_1.txt,1633,946,RGB,.jpg,True
PKU,valid,05_spur_10_1.jpg,/Users/user/Deep-Learning-PCB-Defect-Detection/data/PKU-Market-PCB(Data enhanced version)/valid/images/05_spur_10_1.jpg,/Users/user/Deep-Learning-PCB-Defect-Detection/data/PKU-Market-PCB(Data enhanced version)/valid/labels/05_spur_10_1.txt,2544,2156,RGB,.jpg,True
PKU,valid,04_missing_hole_11_1.jpg,/Users/user/Deep-Learning-PCB-Defect-Detection/data/PKU-Market-PCB(Data enhanced version)/valid/images/04_missing_hole_11_1.jpg,/Users/user/Deep-Learning-PCB-Defect-Detection/data/PKU-Market-PCB(Data enhanced version)/valid/labels/04_missing_hole_11_1.txt,2271,2412,RGB,.jpg,False
PKU,valid,01_missing_hole_19_1.jpg,/Users/user/Deep-Learning-PCB-Defect-Detection/data/PKU-Market-PCB(Data enhanced version)/valid/images/01_missing_hole_19_1.jpg,/Users/user/Deep-Learning-PCB-Defect-Detection/data/PKU-Market-PCB(Data enhanced version)/valid/labels/01_missing_hole_19_1.txt,3034,1586,RGB,.jpg,False
PKU,valid,05_open_circuit_01_1.jpg,/Users/user/Deep-Learning-PCB-Defect-Detection/data/PKU-Market-PCB(Data enhanced version)/valid/images/05_open_circuit_01_1.jpg,/Users/user/Deep-Learning-PCB-Defect-Detection/data/PKU-Market-PCB(Data enhanced version)/valid/labels/05_open_circuit_01_1.txt,2544,2156,RGB,.jpg,False
PKU,valid,01_mouse_bite_10_1.jpg,/Users/user/Deep-Learning-PCB-Defect-Detection/data/PKU-Market-PCB(Data enhanced version)/valid/images/01_mouse_bite_10_1.jpg,/Users/user/Deep-Learning-PCB-Defect-Detection/data/PKU-Market-PCB(Data enhanced version)/valid/labels/01_mouse_bite_10_1.txt,3034,1586,RGB,.jpg,True
PKU,valid,04_mouse_bite_16_1.jpg,/Users/user/Deep-Learning-PCB-Defect-Detection/data/PKU-Market-PCB(Data enhanced version)/valid/images/04_mouse_bite_16_1.jpg,/Users/user/Deep-Learning-PCB-Defect-Detection/data/PKU-Market-PCB(Data enhanced version)/valid/labels/04_mouse_bite_16_1.txt,3056,2464,RGB,.jpg,True
PKU,valid,04_spur_07_1.jpg,/Users/user/Deep-Learning-PCB-Defect-Detection/data/PKU-Market-PCB(Data enhanced version)/valid/images/04_spur_07_1.jpg,/Users/user/Deep-Learning-PCB-Defect-Detection/data/PKU-Market-PCB(Data enhanced version)/valid/labels/04_spur_07_1.txt,3056,2464,RGB,.jpg,True
PKU,valid,01_spurious_copper_16_1.jpg,/Users/user/Deep-Learning-PCB-Defect-Detection/data/PKU-Market-PCB(Data enhanced version)/valid/images/01_spurious_copper_16_1.jpg,/Users/user/Deep-Learning-PCB-Defect-Detection/data/PKU-Market-PCB(Data enhanced version)/valid/labels/01_spurious_copper_16_1.txt,3034,1586,RGB,.jpg,False
PKU,valid,01_spur_10_1.jpg,/Users/user/Deep-Learning-PCB-Defect-Detection/data/PKU-Market-PCB(Data enhanced version)/valid/images/01_spur_10_1.jpg,/Users/user/Deep-Learning-PCB-Defect-Detection/data/PKU-Market-PCB(Data enhanced version)/valid/labels/01_spur_10_1.txt,1060,1538,RGB,.jpg,True
PKU,valid,04_short_07_1.jpg,/Users/user/Deep-Learning-PCB-Defect-Detection/data/PKU-Market-PCB(Data enhanced version)/valid/images/04_short_07_1.jpg,/Users/user/Deep-Learning-PCB-Defect-Detection/data/PKU-Market-PCB(Data enhanced version)/valid/labels/04_short_07_1.txt,3056,2464,RGB,.jpg,True
PKU,valid,05_spur_09_1.jpg,/Users/user/Deep-Learning-PCB-Defect-Detection/data/PKU-Market-PCB(Data enhanced version)/valid/images/05_spur_09_1.jpg,/Users/user/Deep-Learning-PCB-Defect-Detection/data/PKU-Market-PCB(Data enhanced version)/valid/labels/05_spur_09_1.txt,2544,2156,RGB,.jpg,True
PKU,valid,05_short_03_1.jpg,/Users/user/Deep-Learning-PCB-Defect-Detection/data/PKU-Market-PCB(Data enhanced version)/valid/images/05_short_03_1.jpg,/Users/user/Deep-Learning-PCB-Defect-Detection/data/PKU-Market-PCB(Data enhanced version)/valid/labels/05_short_03_1.txt,1776,1620,RGB,.jpg,True
PKU,valid,01_open_circuit_19_1.jpg,/Users/user/Deep-Learning-PCB-Defect-Detection/data/PKU-Market-PCB(Data enhanced version)/valid/images/01_open_circuit_19_1.jpg,/Users/user/Deep-Learning-PCB-Defect-Detection/data/PKU-Market-PCB(Data enhanced version)/valid/labels/01_open_circuit_19_1.txt,2411,1015,RGB,.jpg,True
PKU,valid,04_open_circuit_11_1.jpg,/Users/user/Deep-Learning-PCB-Defect-Detection/data/PKU-Market-PCB(Data enhanced version)/valid/images/04_open_circuit_11_1.jpg,/Users/user/Deep-Learning-PCB-Defect-Detection/data/PKU-Market-PCB(Data enhanced version)/valid/labels/04_open_circuit_11_1.txt,2652,1998,RGB,.jpg,True
PKU,valid,05_missing_hole_01_1.jpg,/Users/user/Deep-Learning-PCB-Defect-Detection/data/PKU-Market-PCB(Data enhanced version)/valid/images/05_missing_hole_01_1.jpg,/Users/user/Deep-Learning-PCB-Defect-Detection/data/PKU-Market-PCB(Data enhanced version)/valid/labels/05_missing_hole_01_1.txt,2544,2156,RGB,.jpg,False
PKU,valid,04_spurious_copper_13_1.jpg,/Users/user/Deep-Learning-PCB-Defect-Detection/data/PKU-Market-PCB(Data enhanced version)/valid/images/04_spurious_copper_13_1.jpg,/Users/user/Deep-Learning-PCB-Defect-Detection/data/PKU-Market-PCB(Data enhanced version)/valid/labels/04_spurious_copper_13_1.txt,2522,866,RGB,.jpg,True
PKU,valid,04_missing_hole_08_1.jpg,/Users/user/Deep-Learning-PCB-Defect-Detection/data/PKU-Market-PCB(Data enhanced version)/valid/images/04_missing_hole_08_1.jpg,/Users/user/Deep-Learning-PCB-Defect-Detection/data/PKU-Market-PCB(Data enhanced version)/valid/labels/04_missing_hole_08_1.txt,3056,2464,RGB,.jpg,True
PKU,valid,01_mouse_bite_09_1.jpg,/Users/user/Deep-Learning-PCB-Defect-Detection/data/PKU-Market-PCB(Data enhanced version)/valid/images/01_mouse_bite_09_1.jpg,/Users/user/Deep-Learning-PCB-Defect-Detection/data/PKU-Market-PCB(Data enhanced version)/valid/labels/01_mouse_bite_09_1.txt,2074,564,RGB,.jpg,False
PKU,valid,06_spur_10_1.jpg,/Users/user/Deep-Learning-PCB-Defect-Detection/data/PKU-Market-PCB(Data enhanced version)/valid/images/06_spur_10_1.jpg,/Users/user/Deep-Learning-PCB-Defect-Detection/data/PKU-Market-PCB(Data enhanced version)/valid/labels/06_spur_10_1.txt,2868,2316,RGB,.jpg,False
PKU,valid,04_open_circuit_15_1.jpg,/Users/user/Deep-Learning-PCB-Defect-Detection/data/PKU-Market-PCB(Data enhanced version)/valid/images/04_open_circuit_15_1.jpg,/Users/user/Deep-Learning-PCB-Defect-Detection/data/PKU-Market-PCB(Data enhanced version)/valid/labels/04_open_circuit_15_1.txt,2602,1287,RGB,.jpg,False
PKU,valid,05_missing_hole_05_1.jpg,/Users/user/Deep-Learning-PCB-Defect-Detection/data/PKU-Market-PCB(Data enhanced version)/valid/images/05_missing_hole_05_1.jpg,/Users/user/Deep-Learning-PCB-Defect-Detection/data/PKU-Market-PCB(Data enhanced version)/valid/labels/05_missing_hole_05_1.txt,2247,1975,RGB,.jpg,False
PKU,valid,04_short_03_1.jpg,/Users/user/Deep-Learning-PCB-Defect-Detection/data/PKU-Market-PCB(Data enhanced version)/valid/images/04_short_03_1.jpg,/Users/user/Deep-Learning-PCB-Defect-Detection/data/PKU-Market-PCB(Data enhanced version)/valid/labels/04_short_03_1.txt,3056,2464,RGB,.jpg,False
PKU,valid,05_short_07_1.jpg,/Users/user/Deep-Learning-PCB-Defect-Detection/data/PKU-Market-PCB(Data enhanced version)/valid/images/05_short_07_1.jpg,/Users/user/Deep-Learning-PCB-Defect-Detection/data/PKU-Market-PCB(Data enhanced version)/valid/labels/05_short_07_1.txt,2544,2156,RGB,.jpg,False
PKU,valid,01_spur_14_1.jpg,/Users/user/Deep-Learning-PCB-Defect-Detection/data/PKU-Market-PCB(Data enhanced version)/valid/images/01_spur_14_1.jpg,/Users/user/Deep-Learning-PCB-Defect-Detection/data/PKU-Market-PCB(Data enhanced version)/valid/labels/01_spur_14_1.txt,3034,1586,RGB,.jpg,False
PKU,valid,06_mouse_bite_10_1.jpg,/Users/user/Deep-Learning-PCB-Defect-Detection/data/PKU-Market-PCB(Data enhanced version)/valid/images/06_mouse_bite_10_1.jpg,/Users/user/Deep-Learning-PCB-Defect-Detection/data/PKU-Market-PCB(Data enhanced version)/valid/labels/06_mouse_bite_10_1.txt,2868,2316,RGB,.jpg,False
PKU,valid,06_short_04_1.jpg,/Users/user/Deep-Learning-PCB-Defect-Detection/data/PKU-Market-PCB(Data enhanced version)/valid/images/06_short_04_1.jpg,/Users/user/Deep-Learning-PCB-Defect-Detection/data/PKU-Market-PCB(Data enhanced version)/valid/labels/06_short_04_1.txt,2122,1411,RGB,.jpg,False
PKU,valid,01_missing_hole_04_1.jpg,/Users/user/Deep-Learning-PCB-Defect-Detection/data/PKU-Market-PCB(Data enhanced version)/valid/images/01_missing_hole_04_1.jpg,/Users/user/Deep-Learning-PCB-Defect-Detection/data/PKU-Market-PCB(Data enhanced version)/valid/labels/01_missing_hole_04_1.txt,1981,1120,RGB,.jpg,False
PKU,valid,04_spurious_copper_17_1.jpg,/Users/user/Deep-Learning-PCB-Defect-Detection/data/PKU-Market-PCB(Data enhanced version)/valid/images/04_spurious_copper_17_1.jpg,/Users/user/Deep-Learning-PCB-Defect-Detection/data/PKU-Market-PCB(Data enhanced version)/valid/labels/04_spurious_copper_17_1.txt,3056,2464,RGB,.jpg,True
PKU,valid,01_open_circuit_20_1.jpg,/Users/user/Deep-Learning-PCB-Defect-Detection/data/PKU-Market-PCB(Data enhanced version)/valid/images/01_open_circuit_20_1.jpg,/Users/user/Deep-Learning-PCB-Defect-Detection/data/PKU-Market-PCB(Data enhanced version)/valid/labels/01_open_circuit_20_1.txt,3034,1586,RGB,.jpg,False
PKU,valid,01_missing_hole_20_1.jpg,/Users/user/Deep-Learning-PCB-Defect-Detection/data/PKU-Market-PCB(Data enhanced version)/valid/images/01_missing_hole_20_1.jpg,/Users/user/Deep-Learning-PCB-Defect-Detection/data/PKU-Market-PCB(Data enhanced version)/valid/labels/01_missing_hole_20_1.txt,3034,1586,RGB,.jpg,True
PKU,valid,07_spurious_copper_01_1.jpg,/Users/user/Deep-Learning-PCB-Defect-Detection/data/PKU-Market-PCB(Data enhanced version)/valid/images/07_spurious_copper_01_1.jpg,/Users/user/Deep-Learning-PCB-Defect-Detection/data/PKU-Market-PCB(Data enhanced version)/valid/labels/07_spurious_copper_01_1.txt,2904,1921,RGB,.jpg,True
PKU,valid,01_open_circuit_04_1.jpg,/Users/user/Deep-Learning-PCB-Defect-Detection/data/PKU-Market-PCB(Data enhanced version)/valid/images/01_open_circuit_04_1.jpg,/Users/user/Deep-Learning-PCB-Defect-Detection/data/PKU-Market-PCB(Data enhanced version)/valid/labels/01_open_circuit_04_1.txt,2972,1281,RGB,.jpg,False
PKU,valid,06_spur_09_1.jpg,/Users/user/Deep-Learning-PCB-Defect-Detection/data/PKU-Market-PCB(Data enhanced version)/valid/images/06_spur_09_1.jpg,/Users/user/Deep-Learning-PCB-Defect-Detection/data/PKU-Market-PCB(Data enhanced version)/valid/labels/06_spur_09_1.txt,2233,1700,RGB,.jpg,True
PKU,valid,01_short_06_1.jpg,/Users/user/Deep-Learning-PCB-Defect-Detection/data/PKU-Market-PCB(Data enhanced version)/valid/images/01_short_06_1.jpg,/Users/user/Deep-Learning-PCB-Defect-Detection/data/PKU-Market-PCB(Data enhanced version)/valid/labels/01_short_06_1.txt,3034,1586,RGB,.jpg,False
PKU,valid,06_spurious_copper_04_1.jpg,/Users/user/Deep-Learning-PCB-Defect-Detection/data/PKU-Market-PCB(Data enhanced version)/valid/images/06_spurious_copper_04_1.jpg,/Users/user/Deep-Learning-PCB-Defect-Detection/data/PKU-Market-PCB(Data enhanced version)/valid/labels/06_spurious_copper_04_1.txt,1246,1283,RGB,.jpg,True
PKU,valid,04_spur_03_1.jpg,/Users/user/Deep-Learning-PCB-Defect-Detection/data/PKU-Market-PCB(Data enhanced version)/valid/images/04_spur_03_1.jpg,/Users/user/Deep-Learning-PCB-Defect-Detection/data/PKU-Market-PCB(Data enhanced version)/valid/labels/04_spur_03_1.txt,1461,1693,RGB,.jpg,True
PKU,valid,01_spurious_copper_12_1.jpg,/Users/user/Deep-Learning-PCB-Defect-Detection/data/PKU-Market-PCB(Data enhanced version)/valid/images/01_spurious_copper_12_1.jpg,/Users/user/Deep-Learning-PCB-Defect-Detection/data/PKU-Market-PCB(Data enhanced version)/valid/labels/01_spurious_copper_12_1.txt,1252,1092,RGB,.jpg,True
PKU,valid,01_mouse_bite_14_1.jpg,/Users/user/Deep-Learning-PCB-Defect-Detection/data/PKU-Market-PCB(Data enhanced version)/valid/images/01_mouse_bite_14_1.jpg,/Users/user/Deep-Learning-PCB-Defect-Detection/data/PKU-Market-PCB(Data enhanced version)/valid/labels/01_mouse_bite_14_1.txt,3034,1586,RGB,.jpg,False
PKU,valid,04_mouse_bite_12_1.jpg,/Users/user/Deep-Learning-PCB-Defect-Detection/data/PKU-Market-PCB(Data enhanced version)/valid/images/04_mouse_bite_12_1.jpg,/Users/user/Deep-Learning-PCB-Defect-Detection/data/PKU-Market-PCB(Data enhanced version)/valid/labels/04_mouse_bite_12_1.txt,2497,1187,RGB,.jpg,True
PKU,valid,04_missing_hole_15_1.jpg,/Users/user/Deep-Learning-PCB-Defect-Detection/data/PKU-Market-PCB(Data enhanced version)/valid/images/04_missing_hole_15_1.jpg,/Users/user/Deep-Learning-PCB-Defect-Detection/data/PKU-Market-PCB(Data enhanced version)/valid/labels/04_missing_hole_15_1.txt,1774,1476,RGB,.jpg,True
PKU,valid,06_mouse_bite_09_1.jpg,/Users/user/Deep-Learning-PCB-Defect-Detection/data/PKU-Market-PCB(Data enhanced version)/valid/images/06_mouse_bite_09_1.jpg,/Users/user/Deep-Learning-PCB-Defect-Detection/data/PKU-Market-PCB(Data enhanced version)/valid/labels/06_mouse_bite_09_1.txt,1799,1853,RGB,.jpg,False
PKU,valid,05_open_circuit_05_1.jpg,/Users/user/Deep-Learning-PCB-Defect-Detection/data/PKU-Market-PCB(Data enhanced version)/valid/images/05_open_circuit_05_1.jpg,/Users/user/Deep-Learning-PCB-Defect-Detection/data/PKU-Market-PCB(Data enhanced version)/valid/labels/05_open_circuit_05_1.txt,2041,865,RGB,.jpg,False
PKU,valid,04_spur_01_1.jpg,/Users/user/Deep-Learning-PCB-Defect-Detection/data/PKU-Market-PCB(Data enhanced version)/valid/images/04_spur_01_1.jpg,/Users/user/Deep-Learning-PCB-Defect-Detection/data/PKU-Market-PCB(Data enhanced version)/valid/labels/04_spur_01_1.txt,3056,2464,RGB,.jpg,True
PKU,valid,01_spurious_copper_10_1.jpg,/Users/user/Deep-Learning-PCB-Defect-Detection/data/PKU-Market-PCB(Data enhanced version)/valid/images/01_spurious_copper_10_1.jpg,/Users/user/Deep-Learning-PCB-Defect-Detection/data/PKU-Market-PCB(Data enhanced version)/valid/labels/01_spurious_copper_10_1.txt,1823,1335,RGB,.jpg,True
PKU,valid,07_missing_hole_01_1.jpg,/Users/user/Deep-Learning-PCB-Defect-Detection/data/PKU-Market-PCB(Data enhanced version)/valid/images/07_missing_hole_01_1.jpg,/Users/user/Deep-Learning-PCB-Defect-Detection/data/PKU-Market-PCB(Data enhanced version)/valid/labels/07_missing_hole_01_1.txt,2364,1547,RGB,.jpg,False
PKU,valid,05_open_circuit_07_1.jpg,/Users/user/Deep-Learning-PCB-Defect-Detection/data/PKU-Market-PCB(Data enhanced version)/valid/images/05_open_circuit_07_1.jpg,/Users/user/Deep-Learning-PCB-Defect-Detection/data/PKU-Market-PCB(Data enhanced version)/valid/labels/05_open_circuit_07_1.txt,2544,2156,RGB,.jpg,False
PKU,valid,04_missing_hole_17_1.jpg,/Users/user/Deep-Learning-PCB-Defect-Detection/data/PKU-Market-PCB(Data enhanced version)/valid/images/04_missing_hole_17_1.jpg,/Users/user/Deep-Learning-PCB-Defect-Detection/data/PKU-Market-PCB(Data enhanced version)/valid/labels/04_missing_hole_17_1.txt,2288,2095,RGB,.jpg,False
PKU,valid,05_mouse_bite_09_1.jpg,/Users/user/Deep-Learning-PCB-Defect-Detection/data/PKU-Market-PCB(Data enhanced version)/valid/images/05_mouse_bite_09_1.jpg,/Users/user/Deep-Learning-PCB-Defect-Detection/data/PKU-Market-PCB(Data enhanced version)/valid/labels/05_mouse_bite_09_1.txt,2544,2156,RGB,.jpg,True
PKU,valid,01_mouse_bite_16_1.jpg,/Users/user/Deep-Learning-PCB-Defect-Detection/data/PKU-Market-PCB(Data enhanced version)/valid/images/01_mouse_bite_16_1.jpg,/Users/user/Deep-Learning-PCB-Defect-Detection/data/PKU-Market-PCB(Data enhanced version)/valid/labels/01_mouse_bite_16_1.txt,3034,1586,RGB,.jpg,True
PKU,valid,05_spurious_copper_09_1.jpg,/Users/user/Deep-Learning-PCB-Defect-Detection/data/PKU-Market-PCB(Data enhanced version)/valid/images/05_spurious_copper_09_1.jpg,/Users/user/Deep-Learning-PCB-Defect-Detection/data/PKU-Market-PCB(Data enhanced version)/valid/labels/05_spurious_copper_09_1.txt,2544,2156,RGB,.jpg,False
PKU,valid,04_mouse_bite_10_1.jpg,/Users/user/Deep-Learning-PCB-Defect-Detection/data/PKU-Market-PCB(Data enhanced version)/valid/images/04_mouse_bite_10_1.jpg,/Users/user/Deep-Learning-PCB-Defect-Detection/data/PKU-Market-PCB(Data enhanced version)/valid/labels/04_mouse_bite_10_1.txt,3056,2464,RGB,.jpg,True
PKU,valid,04_short_18_1.jpg,/Users/user/Deep-Learning-PCB-Defect-Detection/data/PKU-Market-PCB(Data enhanced version)/valid/images/04_short_18_1.jpg,/Users/user/Deep-Learning-PCB-Defect-Detection/data/PKU-Market-PCB(Data enhanced version)/valid/labels/04_short_18_1.txt,3056,2464,RGB,.jpg,True
PKU,valid,01_short_04_1.jpg,/Users/user/Deep-Learning-PCB-Defect-Detection/data/PKU-Market-PCB(Data enhanced version)/valid/images/01_short_04_1.jpg,/Users/user/Deep-Learning-PCB-Defect-Detection/data/PKU-Market-PCB(Data enhanced version)/valid/labels/01_short_04_1.txt,1171,853,RGB,.jpg,False
PKU,valid,06_spurious_copper_06_1.jpg,/Users/user/Deep-Learning-PCB-Defect-Detection/data/PKU-Market-PCB(Data enhanced version)/valid/images/06_spurious_copper_06_1.jpg,/Users/user/Deep-Learning-PCB-Defect-Detection/data/PKU-Market-PCB(Data enhanced version)/valid/labels/06_spurious_copper_06_1.txt,2692,1502,RGB,.jpg,False
PKU,valid,01_open_circuit_06_1.jpg,/Users/user/Deep-Learning-PCB-Defect-Detection/data/PKU-Market-PCB(Data enhanced version)/valid/images/01_open_circuit_06_1.jpg,/Users/user/Deep-Learning-PCB-Defect-Detection/data/PKU-Market-PCB(Data enhanced version)/valid/labels/01_open_circuit_06_1.txt,2571,639,RGB,.jpg,False
PKU,valid,06_missing_hole_08_1.jpg,/Users/user/Deep-Learning-PCB-Defect-Detection/data/PKU-Market-PCB(Data enhanced version)/valid/images/06_missing_hole_08_1.jpg,/Users/user/Deep-Learning-PCB-Defect-Detection/data/PKU-Market-PCB(Data enhanced version)/valid/labels/06_missing_hole_08_1.txt,1772,1323,RGB,.jpg,False
PKU,valid,05_mouse_bite_10_1.jpg,/Users/user/Deep-Learning-PCB-Defect-Detection/data/PKU-Market-PCB(Data enhanced version)/valid/images/05_mouse_bite_10_1.jpg,/Users/user/Deep-Learning-PCB-Defect-Detection/data/PKU-Market-PCB(Data enhanced version)/valid/labels/05_mouse_bite_10_1.txt,2544,2156,RGB,.jpg,True
PKU,valid,06_open_circuit_08_1.jpg,/Users/user/Deep-Learning-PCB-Defect-Detection/data/PKU-Market-PCB(Data enhanced version)/valid/images/06_open_circuit_08_1.jpg,/Users/user/Deep-Learning-PCB-Defect-Detection/data/PKU-Market-PCB(Data enhanced version)/valid/labels/06_open_circuit_08_1.txt,2378,2134,RGB,.jpg,False
PKU,valid,06_short_06_1.jpg,/Users/user/Deep-Learning-PCB-Defect-Detection/data/PKU-Market-PCB(Data enhanced version)/valid/images/06_short_06_1.jpg,/Users/user/Deep-Learning-PCB-Defect-Detection/data/PKU-Market-PCB(Data enhanced version)/valid/labels/06_short_06_1.txt,1977,849,RGB,.jpg,True
PKU,valid,01_missing_hole_06_1.jpg,/Users/user/Deep-Learning-PCB-Defect-Detection/data/PKU-Market-PCB(Data enhanced version)/valid/images/01_missing_hole_06_1.jpg,/Users/user/Deep-Learning-PCB-Defect-Detection/data/PKU-Market-PCB(Data enhanced version)/valid/labels/01_missing_hole_06_1.txt,3034,1586,RGB,.jpg,False
PKU,valid,05_spurious_copper_10_1.jpg,/Users/user/Deep-Learning-PCB-Defect-Detection/data/PKU-Market-PCB(Data enhanced version)/valid/images/05_spurious_copper_10_1.jpg,/Users/user/Deep-Learning-PCB-Defect-Detection/data/PKU-Market-PCB(Data enhanced version)/valid/labels/05_spurious_copper_10_1.txt,2159,1525,RGB,.jpg,False
PKU,valid,04_mouse_bite_09_1.jpg,/Users/user/Deep-Learning-PCB-Defect-Detection/data/PKU-Market-PCB(Data enhanced version)/valid/images/04_mouse_bite_09_1.jpg,/Users/user/Deep-Learning-PCB-Defect-Detection/data/PKU-Market-PCB(Data enhanced version)/valid/labels/04_mouse_bite_09_1.txt,1038,1710,RGB,.jpg,True
PKU,valid,04_spurious_copper_15_1.jpg,/Users/user/Deep-Learning-PCB-Defect-Detection/data/PKU-Market-PCB(Data enhanced version)/valid/images/04_spurious_copper_15_1.jpg,/Users/user/Deep-Learning-PCB-Defect-Detection/data/PKU-Market-PCB(Data enhanced version)/valid/labels/04_spurious_copper_15_1.txt,3056,2464,RGB,.jpg,False
PKU,valid,04_spur_18_1.jpg,/Users/user/Deep-Learning-PCB-Defect-Detection/data/PKU-Market-PCB(Data enhanced version)/valid/images/04_spur_18_1.jpg,/Users/user/Deep-Learning-PCB-Defect-Detection/data/PKU-Market-PCB(Data enhanced version)/valid/labels/04_spur_18_1.txt,3056,2464,RGB,.jpg,True
PKU,valid,01_spurious_copper_09_1.jpg,/Users/user/Deep-Learning-PCB-Defect-Detection/data/PKU-Market-PCB(Data enhanced version)/valid/images/01_spurious_copper_09_1.jpg,/Users/user/Deep-Learning-PCB-Defect-Detection/data/PKU-Market-PCB(Data enhanced version)/valid/labels/01_spurious_copper_09_1.txt,1689,1067,RGB,.jpg,False
PKU,valid,01_short_20_1.jpg,/Users/user/Deep-Learning-PCB-Defect-Detection/data/PKU-Market-PCB(Data enhanced version)/valid/images/01_short_20_1.jpg,/Users/user/Deep-Learning-PCB-Defect-Detection/data/PKU-Market-PCB(Data enhanced version)/valid/labels/01_short_20_1.txt,3034,1586,RGB,.jpg,False
PKU,valid,05_missing_hole_07_1.jpg,/Users/user/Deep-Learning-PCB-Defect-Detection/data/PKU-Market-PCB(Data enhanced version)/valid/images/05_missing_hole_07_1.jpg,/Users/user/Deep-Learning-PCB-Defect-Detection/data/PKU-Market-PCB(Data enhanced version)/valid/labels/05_missing_hole_07_1.txt,2544,2156,RGB,.jpg,True
PKU,valid,07_open_circuit_01_1.jpg,/Users/user/Deep-Learning-PCB-Defect-Detection/data/PKU-Market-PCB(Data enhanced version)/valid/images/07_open_circuit_01_1.jpg,/Users/user/Deep-Learning-PCB-Defect-Detection/data/PKU-Market-PCB(Data enhanced version)/valid/labels/07_open_circuit_01_1.txt,2904,1921,RGB,.jpg,True
PKU,valid,04_open_circuit_17_1.jpg,/Users/user/Deep-Learning-PCB-Defect-Detection/data/PKU-Market-PCB(Data enhanced version)/valid/images/04_open_circuit_17_1.jpg,/Users/user/Deep-Learning-PCB-Defect-Detection/data/PKU-Market-PCB(Data enhanced version)/valid/labels/04_open_circuit_17_1.txt,2582,1146,RGB,.jpg,False
PKU,valid,01_spur_16_1.jpg,/Users/user/Deep-Learning-PCB-Defect-Detection/data/PKU-Market-PCB(Data enhanced version)/valid/images/01_spur_16_1.jpg,/Users/user/Deep-Learning-PCB-Defect-Detection/data/PKU-Market-PCB(Data enhanced version)/valid/labels/01_spur_16_1.txt,3034,1586,RGB,.jpg,False
PKU,valid,05_short_05_1.jpg,/Users/user/Deep-Learning-PCB-Defect-Detection/data/PKU-Market-PCB(Data enhanced version)/valid/images/05_short_05_1.jpg,/Users/user/Deep-Learning-PCB-Defect-Detection/data/PKU-Market-PCB(Data enhanced version)/valid/labels/05_short_05_1.txt,1997,1019,RGB,.jpg,False
PKU,valid,04_short_01_1.jpg,/Users/user/Deep-Learning-PCB-Defect-Detection/data/PKU-Market-PCB(Data enhanced version)/valid/images/04_short_01_1.jpg,/Users/user/Deep-Learning-PCB-Defect-Detection/data/PKU-Market-PCB(Data enhanced version)/valid/labels/04_short_01_1.txt,3056,2464,RGB,.jpg,True
PKU,valid,04_spur_06_1.jpg,/Users/user/Deep-Learning-PCB-Defect-Detection/data/PKU-Market-PCB(Data enhanced version)/valid/images/04_spur_06_1.jpg,/Users/user/Deep-Learning-PCB-Defect-Detection/data/PKU-Market-PCB(Data enhanced version)/valid/labels/04_spur_06_1.txt,3056,2464,RGB,.jpg,True
PKU,valid,01_spurious_copper_17_1.jpg,/Users/user/Deep-Learning-PCB-Defect-Detection/data/PKU-Market-PCB(Data enhanced version)/valid/images/01_spurious_copper_17_1.jpg,/Users/user/Deep-Learning-PCB-Defect-Detection/data/PKU-Market-PCB(Data enhanced version)/valid/labels/01_spurious_copper_17_1.txt,2103,1428,RGB,.jpg,False
PKU,valid,04_missing_hole_10_1.jpg,/Users/user/Deep-Learning-PCB-Defect-Detection/data/PKU-Market-PCB(Data enhanced version)/valid/images/04_missing_hole_10_1.jpg,/Users/user/Deep-Learning-PCB-Defect-Detection/data/PKU-Market-PCB(Data enhanced version)/valid/labels/04_missing_hole_10_1.txt,2265,1067,RGB,.jpg,False
PKU,valid,01_missing_hole_18_1.jpg,/Users/user/Deep-Learning-PCB-Defect-Detection/data/PKU-Market-PCB(Data enhanced version)/valid/images/01_missing_hole_18_1.jpg,/Users/user/Deep-Learning-PCB-Defect-Detection/data/PKU-Market-PCB(Data enhanced version)/valid/labels/01_missing_hole_18_1.txt,1718,984,RGB,.jpg,False
PKU,valid,01_mouse_bite_11_1.jpg,/Users/user/Deep-Learning-PCB-Defect-Detection/data/PKU-Market-PCB(Data enhanced version)/valid/images/01_mouse_bite_11_1.jpg,/Users/user/Deep-Learning-PCB-Defect-Detection/data/PKU-Market-PCB(Data enhanced version)/valid/labels/01_mouse_bite_11_1.txt,2402,1047,RGB,.jpg,False
PKU,valid,04_mouse_bite_17_1.jpg,/Users/user/Deep-Learning-PCB-Defect-Detection/data/PKU-Market-PCB(Data enhanced version)/valid/images/04_mouse_bite_17_1.jpg,/Users/user/Deep-Learning-PCB-Defect-Detection/data/PKU-Market-PCB(Data enhanced version)/valid/labels/04_mouse_bite_17_1.txt,3056,2464,RGB,.jpg,True
PKU,valid,01_spur_08_1.jpg,/Users/user/Deep-Learning-PCB-Defect-Detection/data/PKU-Market-PCB(Data enhanced version)/valid/images/01_spur_08_1.jpg,/Users/user/Deep-Learning-PCB-Defect-Detection/data/PKU-Market-PCB(Data enhanced version)/valid/labels/01_spur_08_1.txt,3034,1586,RGB,.jpg,False
PKU,valid,01_short_03_1.jpg,/Users/user/Deep-Learning-PCB-Defect-Detection/data/PKU-Market-PCB(Data enhanced version)/valid/images/01_short_03_1.jpg,/Users/user/Deep-Learning-PCB-Defect-Detection/data/PKU-Market-PCB(Data enhanced version)/valid/labels/01_short_03_1.txt,1436,270,RGB,.jpg,False
PKU,valid,06_spurious_copper_01_1.jpg,/Users/user/Deep-Learning-PCB-Defect-Detection/data/PKU-Market-PCB(Data enhanced version)/valid/images/06_spurious_copper_01_1.jpg,/Users/user/Deep-Learning-PCB-Defect-Detection/data/PKU-Market-PCB(Data enhanced version)/valid/labels/06_spurious_copper_01_1.txt,2868,2316,RGB,.jpg,False
PKU,valid,01_open_circuit_01_1.jpg,/Users/user/Deep-Learning-PCB-Defect-Detection/data/PKU-Market-PCB(Data enhanced version)/valid/images/01_open_circuit_01_1.jpg,/Users/user/Deep-Learning-PCB-Defect-Detection/data/PKU-Market-PCB(Data enhanced version)/valid/labels/01_open_circuit_01_1.txt,3034,1586,RGB,.jpg,False
PKU,valid,04_open_circuit_09_1.jpg,/Users/user/Deep-Learning-PCB-Defect-Detection/data/PKU-Market-PCB(Data enhanced version)/valid/images/04_open_circuit_09_1.jpg,/Users/user/Deep-Learning-PCB-Defect-Detection/data/PKU-Market-PCB(Data enhanced version)/valid/labels/04_open_circuit_09_1.txt,3056,2464,RGB,.jpg,False
PKU,valid,04_missing_hole_09_1.jpg,/Users/user/Deep-Learning-PCB-Defect-Detection/data/PKU-Market-PCB(Data enhanced version)/valid/images/04_missing_hole_09_1.jpg,/Users/user/Deep-Learning-PCB-Defect-Detection/data/PKU-Market-PCB(Data enhanced version)/valid/labels/04_missing_hole_09_1.txt,3056,2464,RGB,.jpg,True
PKU,valid,06_short_01_1.jpg,/Users/user/Deep-Learning-PCB-Defect-Detection/data/PKU-Market-PCB(Data enhanced version)/valid/images/06_short_01_1.jpg,/Users/user/Deep-Learning-PCB-Defect-Detection/data/PKU-Market-PCB(Data enhanced version)/valid/labels/06_short_01_1.txt,2868,2316,RGB,.jpg,False
PKU,valid,01_missing_hole_01_1.jpg,/Users/user/Deep-Learning-PCB-Defect-Detection/data/PKU-Market-PCB(Data enhanced version)/valid/images/01_missing_hole_01_1.jpg,/Users/user/Deep-Learning-PCB-Defect-Detection/data/PKU-Market-PCB(Data enhanced version)/valid/labels/01_missing_hole_01_1.txt,3034,1586,RGB,.jpg,False
PKU,valid,01_mouse_bite_08_1.jpg,/Users/user/Deep-Learning-PCB-Defect-Detection/data/PKU-Market-PCB(Data enhanced version)/valid/images/01_mouse_bite_08_1.jpg,/Users/user/Deep-Learning-PCB-Defect-Detection/data/PKU-Market-PCB(Data enhanced version)/valid/labels/01_mouse_bite_08_1.txt,1714,1200,RGB,.jpg,False
PKU,valid,04_spurious_copper_12_1.jpg,/Users/user/Deep-Learning-PCB-Defect-Detection/data/PKU-Market-PCB(Data enhanced version)/valid/images/04_spurious_copper_12_1.jpg,/Users/user/Deep-Learning-PCB-Defect-Detection/data/PKU-Market-PCB(Data enhanced version)/valid/labels/04_spurious_copper_12_1.txt,1756,992,RGB,.jpg,True
PKU,valid,01_open_circuit_18_1.jpg,/Users/user/Deep-Learning-PCB-Defect-Detection/data/PKU-Market-PCB(Data enhanced version)/valid/images/01_open_circuit_18_1.jpg,/Users/user/Deep-Learning-PCB-Defect-Detection/data/PKU-Market-PCB(Data enhanced version)/valid/labels/01_open_circuit_18_1.txt,3034,1586,RGB,.jpg,True
PKU,valid,04_open_circuit_10_1.jpg,/Users/user/Deep-Learning-PCB-Defect-Detection/data/PKU-Market-PCB(Data enhanced version)/valid/images/04_open_circuit_10_1.jpg,/Users/user/Deep-Learning-PCB-Defect-Detection/data/PKU-Market-PCB(Data enhanced version)/valid/labels/04_open_circuit_10_1.txt,1916,2337,RGB,.jpg,False
PKU,valid,01_spur_11_1.jpg,/Users/user/Deep-Learning-PCB-Defect-Detection/data/PKU-Market-PCB(Data enhanced version)/valid/images/01_spur_11_1.jpg,/Users/user/Deep-Learning-PCB-Defect-Detection/data/PKU-Market-PCB(Data enhanced version)/valid/labels/01_spur_11_1.txt,3034,1586,RGB,.jpg,True
PKU,valid,04_short_06_1.jpg,/Users/user/Deep-Learning-PCB-Defect-Detection/data/PKU-Market-PCB(Data enhanced version)/valid/images/04_short_06_1.jpg,/Users/user/Deep-Learning-PCB-Defect-Detection/data/PKU-Market-PCB(Data enhanced version)/valid/labels/04_short_06_1.txt,2279,2000,RGB,.jpg,True
PKU,valid,05_spur_08_1.jpg,/Users/user/Deep-Learning-PCB-Defect-Detection/data/PKU-Market-PCB(Data enhanced version)/valid/images/05_spur_08_1.jpg,/Users/user/Deep-Learning-PCB-Defect-Detection/data/PKU-Market-PCB(Data enhanced version)/valid/labels/05_spur_08_1.txt,1784,1791,RGB,.jpg,True
PKU,valid,05_short_02_1.jpg,/Users/user/Deep-Learning-PCB-Defect-Detection/data/PKU-Market-PCB(Data enhanced version)/valid/images/05_short_02_1.jpg,/Users/user/Deep-Learning-PCB-Defect-Detection/data/PKU-Market-PCB(Data enhanced version)/valid/labels/05_short_02_1.txt,2488,1215,RGB,.jpg,False
PKU,valid,05_missing_hole_02_1.jpg,/Users/user/Deep-Learning-PCB-Defect-Detection/data/PKU-Market-PCB(Data enhanced version)/valid/images/05_missing_hole_02_1.jpg,/Users/user/Deep-Learning-PCB-Defect-Detection/data/PKU-Market-PCB(Data enhanced version)/valid/labels/05_missing_hole_02_1.txt,1721,1191,RGB,.jpg,True
PKU,valid,04_spur_20_1.jpg,/Users/user/Deep-Learning-PCB-Defect-Detection/data/PKU-Market-PCB(Data enhanced version)/valid/images/04_spur_20_1.jpg,/Users/user/Deep-Learning-PCB-Defect-Detection/data/PKU-Market-PCB(Data enhanced version)/valid/labels/04_spur_20_1.txt,2057,1049,RGB,.jpg,True
PKU,valid,04_open_circuit_12_1.jpg,/Users/user/Deep-Learning-PCB-Defect-Detection/data/PKU-Market-PCB(Data enhanced version)/valid/images/04_open_circuit_12_1.jpg,/Users/user/Deep-Learning-PCB-Defect-Detection/data/PKU-Market-PCB(Data enhanced version)/valid/labels/04_open_circuit_12_1.txt,1879,1352,RGB,.jpg,False
PKU,valid,01_short_18_1.jpg,/Users/user/Deep-Learning-PCB-Defect-Detection/data/PKU-Market-PCB(Data enhanced version)/valid/images/01_short_18_1.jpg,/Users/user/Deep-Learning-PCB-Defect-Detection/data/PKU-Market-PCB(Data enhanced version)/valid/labels/01_short_18_1.txt,2047,1228,RGB,.jpg,True
PKU,valid,04_short_04_1.jpg,/Users/user/Deep-Learning-PCB-Defect-Detection/data/PKU-Market-PCB(Data enhanced version)/valid/images/04_short_04_1.jpg,/Users/user/Deep-Learning-PCB-Defect-Detection/data/PKU-Market-PCB(Data enhanced version)/valid/labels/04_short_04_1.txt,3056,2464,RGB,.jpg,False
PKU,valid,01_spur_13_1.jpg,/Users/user/Deep-Learning-PCB-Defect-Detection/data/PKU-Market-PCB(Data enhanced version)/valid/images/01_spur_13_1.jpg,/Users/user/Deep-Learning-PCB-Defect-Detection/data/PKU-Market-PCB(Data enhanced version)/valid/labels/01_spur_13_1.txt,3034,1586,RGB,.jpg,True
PKU,valid,06_short_03_1.jpg,/Users/user/Deep-Learning-PCB-Defect-Detection/data/PKU-Market-PCB(Data enhanced version)/valid/images/06_short_03_1.jpg,/Users/user/Deep-Learning-PCB-Defect-Detection/data/PKU-Market-PCB(Data enhanced version)/valid/labels/06_short_03_1.txt,2648,1450,RGB,.jpg,True
PKU,valid,01_missing_hole_03_1.jpg,/Users/user/Deep-Learning-PCB-Defect-Detection/data/PKU-Market-PCB(Data enhanced version)/valid/images/01_missing_hole_03_1.jpg,/Users/user/Deep-Learning-PCB-Defect-Detection/data/PKU-Market-PCB(Data enhanced version)/valid/labels/01_missing_hole_03_1.txt,3034,1586,RGB,.jpg,True
PKU,valid,04_spurious_copper_10_1.jpg,/Users/user/Deep-Learning-PCB-Defect-Detection/data/PKU-Market-PCB(Data enhanced version)/valid/images/04_spurious_copper_10_1.jpg,/Users/user/Deep-Learning-PCB-Defect-Detection/data/PKU-Market-PCB(Data enhanced version)/valid/labels/04_spurious_copper_10_1.txt,2092,1841,RGB,.jpg,True
PKU,valid,01_open_circuit_03_1.jpg,/Users/user/Deep-Learning-PCB-Defect-Detection/data/PKU-Market-PCB(Data enhanced version)/valid/images/01_open_circuit_03_1.jpg,/Users/user/Deep-Learning-PCB-Defect-Detection/data/PKU-Market-PCB(Data enhanced version)/valid/labels/01_open_circuit_03_1.txt,3034,1586,RGB,.jpg,False
PKU,valid,01_short_01_1.jpg,/Users/user/Deep-Learning-PCB-Defect-Detection/data/PKU-Market-PCB(Data enhanced version)/valid/images/01_short_01_1.jpg,/Users/user/Deep-Learning-PCB-Defect-Detection/data/PKU-Market-PCB(Data enhanced version)/valid/labels/01_short_01_1.txt,2459,818,RGB,.jpg,True
PKU,valid,06_spurious_copper_03_1.jpg,/Users/user/Deep-Learning-PCB-Defect-Detection/data/PKU-Market-PCB(Data enhanced version)/valid/images/06_spurious_copper_03_1.jpg,/Users/user/Deep-Learning-PCB-Defect-Detection/data/PKU-Market-PCB(Data enhanced version)/valid/labels/06_spurious_copper_03_1.txt,1646,1927,RGB,.jpg,False
PKU,valid,04_spurious_copper_09_1.jpg,/Users/user/Deep-Learning-PCB-Defect-Detection/data/PKU-Market-PCB(Data enhanced version)/valid/images/04_spurious_copper_09_1.jpg,/Users/user/Deep-Learning-PCB-Defect-Detection/data/PKU-Market-PCB(Data enhanced version)/valid/labels/04_spurious_copper_09_1.txt,3056,2464,RGB,.jpg,False
PKU,valid,04_spur_04_1.jpg,/Users/user/Deep-Learning-PCB-Defect-Detection/data/PKU-Market-PCB(Data enhanced version)/valid/images/04_spur_04_1.jpg,/Users/user/Deep-Learning-PCB-Defect-Detection/data/PKU-Market-PCB(Data enhanced version)/valid/labels/04_spur_04_1.txt,3056,2464,RGB,.jpg,False
PKU,valid,01_spurious_copper_15_1.jpg,/Users/user/Deep-Learning-PCB-Defect-Detection/data/PKU-Market-PCB(Data enhanced version)/valid/images/01_spurious_copper_15_1.jpg,/Users/user/Deep-Learning-PCB-Defect-Detection/data/PKU-Market-PCB(Data enhanced version)/valid/labels/01_spurious_copper_15_1.txt,3034,1586,RGB,.jpg,False
PKU,valid,01_mouse_bite_13_1.jpg,/Users/user/Deep-Learning-PCB-Defect-Detection/data/PKU-Market-PCB(Data enhanced version)/valid/images/01_mouse_bite_13_1.jpg,/Users/user/Deep-Learning-PCB-Defect-Detection/data/PKU-Market-PCB(Data enhanced version)/valid/labels/01_mouse_bite_13_1.txt,3034,1586,RGB,.jpg,True
PKU,valid,04_mouse_bite_15_1.jpg,/Users/user/Deep-Learning-PCB-Defect-Detection/data/PKU-Market-PCB(Data enhanced version)/valid/images/04_mouse_bite_15_1.jpg,/Users/user/Deep-Learning-PCB-Defect-Detection/data/PKU-Market-PCB(Data enhanced version)/valid/labels/04_mouse_bite_15_1.txt,3056,2464,RGB,.jpg,False
PKU,valid,04_short_20_1.jpg,/Users/user/Deep-Learning-PCB-Defect-Detection/data/PKU-Market-PCB(Data enhanced version)/valid/images/04_short_20_1.jpg,/Users/user/Deep-Learning-PCB-Defect-Detection/data/PKU-Market-PCB(Data enhanced version)/valid/labels/04_short_20_1.txt,2795,1699,RGB,.jpg,False
PKU,valid,05_open_circuit_02_1.jpg,/Users/user/Deep-Learning-PCB-Defect-Detection/data/PKU-Market-PCB(Data enhanced version)/valid/images/05_open_circuit_02_1.jpg,/Users/user/Deep-Learning-PCB-Defect-Detection/data/PKU-Market-PCB(Data enhanced version)/valid/labels/05_open_circuit_02_1.txt,2544,2156,RGB,.jpg,True
PKU,valid,04_missing_hole_12_1.jpg,/Users/user/Deep-Learning-PCB-Defect-Detection/data/PKU-Market-PCB(Data enhanced version)/valid/images/04_missing_hole_12_1.jpg,/Users/user/Deep-Learning-PCB-Defect-Detection/data/PKU-Market-PCB(Data enhanced version)/valid/labels/04_missing_hole_12_1.txt,2316,2080,RGB,.jpg,True
PKU,valid,01_short_05_1.jpg,/Users/user/Deep-Learning-PCB-Defect-Detection/data/PKU-Market-PCB(Data enhanced version)/valid/images/01_short_05_1.jpg,/Users/user/Deep-Learning-PCB-Defect-Detection/data/PKU-Market-PCB(Data enhanced version)/valid/labels/01_short_05_1.txt,1769,811,RGB,.jpg,True
PKU,valid,06_spurious_copper_07_1.jpg,/Users/user/Deep-Learning-PCB-Defect-Detection/data/PKU-Market-PCB(Data enhanced version)/valid/images/06_spurious_copper_07_1.jpg,/Users/user/Deep-Learning-PCB-Defect-Detection/data/PKU-Market-PCB(Data enhanced version)/valid/labels/06_spurious_copper_07_1.txt,1407,2165,RGB,.jpg,True
PKU,valid,01_open_circuit_07_1.jpg,/Users/user/Deep-Learning-PCB-Defect-Detection/data/PKU-Market-PCB(Data enhanced version)/valid/images/01_open_circuit_07_1.jpg,/Users/user/Deep-Learning-PCB-Defect-Detection/data/PKU-Market-PCB(Data enhanced version)/valid/labels/01_open_circuit_07_1.txt,3034,1586,RGB,.jpg,True
PKU,valid,06_missing_hole_09_1.jpg,/Users/user/Deep-Learning-PCB-Defect-Detection/data/PKU-Market-PCB(Data enhanced version)/valid/images/06_missing_hole_09_1.jpg,/Users/user/Deep-Learning-PCB-Defect-Detection/data/PKU-Market-PCB(Data enhanced version)/valid/labels/06_missing_hole_09_1.txt,2868,2316,RGB,.jpg,False
PKU,valid,04_short_19_1.jpg,/Users/user/Deep-Learning-PCB-Defect-Detection/data/PKU-Market-PCB(Data enhanced version)/valid/images/04_short_19_1.jpg,/Users/user/Deep-Learning-PCB-Defect-Detection/data/PKU-Market-PCB(Data enhanced version)/valid/labels/04_short_19_1.txt,780,996,RGB,.jpg,False
PKU,valid,05_open_circuit_06_1.jpg,/Users/user/Deep-Learning-PCB-Defect-Detection/data/PKU-Market-PCB(Data enhanced version)/valid/images/05_open_circuit_06_1.jpg,/Users/user/Deep-Learning-PCB-Defect-Detection/data/PKU-Market-PCB(Data enhanced version)/valid/labels/05_open_circuit_06_1.txt,918,1736,RGB,.jpg,True
PKU,valid,04_missing_hole_16_1.jpg,/Users/user/Deep-Learning-PCB-Defect-Detection/data/PKU-Market-PCB(Data enhanced version)/valid/images/04_missing_hole_16_1.jpg,/Users/user/Deep-Learning-PCB-Defect-Detection/data/PKU-Market-PCB(Data enhanced version)/valid/labels/04_missing_hole_16_1.txt,2421,1937,RGB,.jpg,False
PKU,valid,05_mouse_bite_08_1.jpg,/Users/user/Deep-Learning-PCB-Defect-Detection/data/PKU-Market-PCB(Data enhanced version)/valid/images/05_mouse_bite_08_1.jpg,/Users/user/Deep-Learning-PCB-Defect-Detection/data/PKU-Market-PCB(Data enhanced version)/valid/labels/05_mouse_bite_08_1.txt,2263,1058,RGB,.jpg,False
PKU,valid,06_open_circuit_10_1.jpg,/Users/user/Deep-Learning-PCB-Defect-Detection/data/PKU-Market-PCB(Data enhanced version)/valid/images/06_open_circuit_10_1.jpg,/Users/user/Deep-Learning-PCB-Defect-Detection/data/PKU-Market-PCB(Data enhanced version)/valid/labels/06_open_circuit_10_1.txt,2383,1579,RGB,.jpg,False
PKU,valid,05_spurious_copper_08_1.jpg,/Users/user/Deep-Learning-PCB-Defect-Detection/data/PKU-Market-PCB(Data enhanced version)/valid/images/05_spurious_copper_08_1.jpg,/Users/user/Deep-Learning-PCB-Defect-Detection/data/PKU-Market-PCB(Data enhanced version)/valid/labels/05_spurious_copper_08_1.txt,2238,1004,RGB,.jpg,True
PKU,valid,01_mouse_bite_17_1.jpg,/Users/user/Deep-Learning-PCB-Defect-Detection/data/PKU-Market-PCB(Data enhanced version)/valid/images/01_mouse_bite_17_1.jpg,/Users/user/Deep-Learning-PCB-Defect-Detection/data/PKU-Market-PCB(Data enhanced version)/valid/labels/01_mouse_bite_17_1.txt,3034,1586,RGB,.jpg,False
PKU,valid,04_mouse_bite_11_1.jpg,/Users/user/Deep-Learning-PCB-Defect-Detection/data/PKU-Market-PCB(Data enhanced version)/valid/images/04_mouse_bite_11_1.jpg,/Users/user/Deep-Learning-PCB-Defect-Detection/data/PKU-Market-PCB(Data enhanced version)/valid/labels/04_mouse_bite_11_1.txt,2380,1365,RGB,.jpg,True
PKU,valid,01_spurious_copper_11_1.jpg,/Users/user/Deep-Learning-PCB-Defect-Detection/data/PKU-Market-PCB(Data enhanced version)/valid/images/01_spurious_copper_11_1.jpg,/Users/user/Deep-Learning-PCB-Defect-Detection/data/PKU-Market-PCB(Data enhanced version)/valid/labels/01_spurious_copper_11_1.txt,3034,1586,RGB,.jpg,True
PKU,valid,01_spur_17_1.jpg,/Users/user/Deep-Learning-PCB-Defect-Detection/data/PKU-Market-PCB(Data enhanced version)/valid/images/01_spur_17_1.jpg,/Users/user/Deep-Learning-PCB-Defect-Detection/data/PKU-Market-PCB(Data enhanced version)/valid/labels/01_spur_17_1.txt,1635,390,RGB,.jpg,True
PKU,valid,05_short_04_1.jpg,/Users/user/Deep-Learning-PCB-Defect-Detection/data/PKU-Market-PCB(Data enhanced version)/valid/images/05_short_04_1.jpg,/Users/user/Deep-Learning-PCB-Defect-Detection/data/PKU-Market-PCB(Data enhanced version)/valid/labels/05_short_04_1.txt,2544,2156,RGB,.jpg,False
PKU,valid,05_missing_hole_06_1.jpg,/Users/user/Deep-Learning-PCB-Defect-Detection/data/PKU-Market-PCB(Data enhanced version)/valid/images/05_missing_hole_06_1.jpg,/Users/user/Deep-Learning-PCB-Defect-Detection/data/PKU-Market-PCB(Data enhanced version)/valid/labels/05_missing_hole_06_1.txt,2544,2156,RGB,.jpg,False
PKU,valid,06_missing_hole_10_1.jpg,/Users/user/Deep-Learning-PCB-Defect-Detection/data/PKU-Market-PCB(Data enhanced version)/valid/images/06_missing_hole_10_1.jpg,/Users/user/Deep-Learning-PCB-Defect-Detection/data/PKU-Market-PCB(Data enhanced version)/valid/labels/06_missing_hole_10_1.txt,2868,2316,RGB,.jpg,True
PKU,valid,04_open_circuit_16_1.jpg,/Users/user/Deep-Learning-PCB-Defect-Detection/data/PKU-Market-PCB(Data enhanced version)/valid/images/04_open_circuit_16_1.jpg,/Users/user/Deep-Learning-PCB-Defect-Detection/data/PKU-Market-PCB(Data enhanced version)/valid/labels/04_open_circuit_16_1.txt,3056,2464,RGB,.jpg,True
PKU,valid,04_spur_19_1.jpg,/Users/user/Deep-Learning-PCB-Defect-Detection/data/PKU-Market-PCB(Data enhanced version)/valid/images/04_spur_19_1.jpg,/Users/user/Deep-Learning-PCB-Defect-Detection/data/PKU-Market-PCB(Data enhanced version)/valid/labels/04_spur_19_1.txt,1612,1386,RGB,.jpg,True
PKU,valid,04_spurious_copper_14_1.jpg,/Users/user/Deep-Learning-PCB-Defect-Detection/data/PKU-Market-PCB(Data enhanced version)/valid/images/04_spurious_copper_14_1.jpg,/Users/user/Deep-Learning-PCB-Defect-Detection/data/PKU-Market-PCB(Data enhanced version)/valid/labels/04_spurious_copper_14_1.txt,1720,1829,RGB,.jpg,False
PKU,valid,01_spurious_copper_08_1.jpg,/Users/user/Deep-Learning-PCB-Defect-Detection/data/PKU-Market-PCB(Data enhanced version)/valid/images/01_spurious_copper_08_1.jpg,/Users/user/Deep-Learning-PCB-Defect-Detection/data/PKU-Market-PCB(Data enhanced version)/valid/labels/01_spurious_copper_08_1.txt,2222,595,RGB,.jpg,False
PKU,valid,06_open_circuit_09_1.jpg,/Users/user/Deep-Learning-PCB-Defect-Detection/data/PKU-Market-PCB(Data enhanced version)/valid/images/06_open_circuit_09_1.jpg,/Users/user/Deep-Learning-PCB-Defect-Detection/data/PKU-Market-PCB(Data enhanced version)/valid/labels/06_open_circuit_09_1.txt,1023,1371,RGB,.jpg,False
PKU,valid,06_short_07_1.jpg,/Users/user/Deep-Learning-PCB-Defect-Detection/data/PKU-Market-PCB(Data enhanced version)/valid/images/06_short_07_1.jpg,/Users/user/Deep-Learning-PCB-Defect-Detection/data/PKU-Market-PCB(Data enhanced version)/valid/labels/06_short_07_1.txt,2627,1038,RGB,.jpg,False
PKU,valid,01_missing_hole_07_1.jpg,/Users/user/Deep-Learning-PCB-Defect-Detection/data/PKU-Market-PCB(Data enhanced version)/valid/images/01_missing_hole_07_1.jpg,/Users/user/Deep-Learning-PCB-Defect-Detection/data/PKU-Market-PCB(Data enhanced version)/valid/labels/01_missing_hole_07_1.txt,2406,1510,RGB,.jpg,True
PKU,valid,04_mouse_bite_08_1.jpg,/Users/user/Deep-Learning-PCB-Defect-Detection/data/PKU-Market-PCB(Data enhanced version)/valid/images/04_mouse_bite_08_1.jpg,/Users/user/Deep-Learning-PCB-Defect-Detection/data/PKU-Market-PCB(Data enhanced version)/valid/labels/04_mouse_bite_08_1.txt,3056,2464,RGB,.jpg,True
PKU,valid,04_spurious_copper_16_1.jpg,/Users/user/Deep-Learning-PCB-Defect-Detection/data/PKU-Market-PCB(Data enhanced version)/valid/images/04_spurious_copper_16_1.jpg,/Users/user/Deep-Learning-PCB-Defect-Detection/data/PKU-Market-PCB(Data enhanced version)/valid/labels/04_spurious_copper_16_1.txt,3056,2464,RGB,.jpg,False
PKU,valid,06_short_05_1.jpg,/Users/user/Deep-Learning-PCB-Defect-Detection/data/PKU-Market-PCB(Data enhanced version)/valid/images/06_short_05_1.jpg,/Users/user/Deep-Learning-PCB-Defect-Detection/data/PKU-Market-PCB(Data enhanced version)/valid/labels/06_short_05_1.txt,2868,2316,RGB,.jpg,False
PKU,valid,01_missing_hole_05_1.jpg,/Users/user/Deep-Learning-PCB-Defect-Detection/data/PKU-Market-PCB(Data enhanced version)/valid/images/01_missing_hole_05_1.jpg,/Users/user/Deep-Learning-PCB-Defect-Detection/data/PKU-Market-PCB(Data enhanced version)/valid/labels/01_missing_hole_05_1.txt,1852,1262,RGB,.jpg,False
PKU,valid,04_short_02_1.jpg,/Users/user/Deep-Learning-PCB-Defect-Detection/data/PKU-Market-PCB(Data enhanced version)/valid/images/04_short_02_1.jpg,/Users/user/Deep-Learning-PCB-Defect-Detection/data/PKU-Market-PCB(Data enhanced version)/valid/labels/04_short_02_1.txt,1882,1244,RGB,.jpg,False
PKU,valid,05_short_06_1.jpg,/Users/user/Deep-Learning-PCB-Defect-Detection/data/PKU-Market-PCB(Data enhanced version)/valid/images/05_short_06_1.jpg,/Users/user/Deep-Learning-PCB-Defect-Detection/data/PKU-Market-PCB(Data enhanced version)/valid/labels/05_short_06_1.txt,1861,1295,RGB,.jpg,True
PKU,valid,01_spur_15_1.jpg,/Users/user/Deep-Learning-PCB-Defect-Detection/data/PKU-Market-PCB(Data enhanced version)/valid/images/01_spur_15_1.jpg,/Users/user/Deep-Learning-PCB-Defect-Detection/data/PKU-Market-PCB(Data enhanced version)/valid/labels/01_spur_15_1.txt,3034,1586,RGB,.jpg,False
PKU,valid,04_open_circuit_14_1.jpg,/Users/user/Deep-Learning-PCB-Defect-Detection/data/PKU-Market-PCB(Data enhanced version)/valid/images/04_open_circuit_14_1.jpg,/Users/user/Deep-Learning-PCB-Defect-Detection/data/PKU-Market-PCB(Data enhanced version)/valid/labels/04_open_circuit_14_1.txt,2335,1324,RGB,.jpg,True
PKU,valid,05_missing_hole_04_1.jpg,/Users/user/Deep-Learning-PCB-Defect-Detection/data/PKU-Market-PCB(Data enhanced version)/valid/images/05_missing_hole_04_1.jpg,/Users/user/Deep-Learning-PCB-Defect-Detection/data/PKU-Market-PCB(Data enhanced version)/valid/labels/05_missing_hole_04_1.txt,2544,2156,RGB,.jpg,True
PKU,valid,01_mouse_bite_15_1.jpg,/Users/user/Deep-Learning-PCB-Defect-Detection/data/PKU-Market-PCB(Data enhanced version)/valid/images/01_mouse_bite_15_1.jpg,/Users/user/Deep-Learning-PCB-Defect-Detection/data/PKU-Market-PCB(Data enhanced version)/valid/labels/01_mouse_bite_15_1.txt,2738,746,RGB,.jpg,True
PKU,valid,04_mouse_bite_13_1.jpg,/Users/user/Deep-Learning-PCB-Defect-Detection/data/PKU-Market-PCB(Data enhanced version)/valid/images/04_mouse_bite_13_1.jpg,/Users/user/Deep-Learning-PCB-Defect-Detection/data/PKU-Market-PCB(Data enhanced version)/valid/labels/04_mouse_bite_13_1.txt,3056,2464,RGB,.jpg,False
PKU,valid,06_mouse_bite_08_1.jpg,/Users/user/Deep-Learning-PCB-Defect-Detection/data/PKU-Market-PCB(Data enhanced version)/valid/images/06_mouse_bite_08_1.jpg,/Users/user/Deep-Learning-PCB-Defect-Detection/data/PKU-Market-PCB(Data enhanced version)/valid/labels/06_mouse_bite_08_1.txt,2868,2316,RGB,.jpg,True
PKU,valid,04_missing_hole_14_1.jpg,/Users/user/Deep-Learning-PCB-Defect-Detection/data/PKU-Market-PCB(Data enhanced version)/valid/images/04_missing_hole_14_1.jpg,/Users/user/Deep-Learning-PCB-Defect-Detection/data/PKU-Market-PCB(Data enhanced version)/valid/labels/04_missing_hole_14_1.txt,3056,2464,RGB,.jpg,False
PKU,valid,05_open_circuit_04_1.jpg,/Users/user/Deep-Learning-PCB-Defect-Detection/data/PKU-Market-PCB(Data enhanced version)/valid/images/05_open_circuit_04_1.jpg,/Users/user/Deep-Learning-PCB-Defect-Detection/data/PKU-Market-PCB(Data enhanced version)/valid/labels/05_open_circuit_04_1.txt,2544,2156,RGB,.jpg,True
PKU,valid,04_spur_02_1.jpg,/Users/user/Deep-Learning-PCB-Defect-Detection/data/PKU-Market-PCB(Data enhanced version)/valid/images/04_spur_02_1.jpg,/Users/user/Deep-Learning-PCB-Defect-Detection/data/PKU-Market-PCB(Data enhanced version)/valid/labels/04_spur_02_1.txt,3056,2464,RGB,.jpg,True
PKU,valid,01_spurious_copper_13_1.jpg,/Users/user/Deep-Learning-PCB-Defect-Detection/data/PKU-Market-PCB(Data enhanced version)/valid/images/01_spurious_copper_13_1.jpg,/Users/user/Deep-Learning-PCB-Defect-Detection/data/PKU-Market-PCB(Data enhanced version)/valid/labels/01_spurious_copper_13_1.txt,3034,1586,RGB,.jpg,True
PKU,valid,01_open_circuit_05_1.jpg,/Users/user/Deep-Learning-PCB-Defect-Detection/data/PKU-Market-PCB(Data enhanced version)/valid/images/01_open_circuit_05_1.jpg,/Users/user/Deep-Learning-PCB-Defect-Detection/data/PKU-Market-PCB(Data enhanced version)/valid/labels/01_open_circuit_05_1.txt,2798,1023,RGB,.jpg,True
PKU,valid,06_spur_08_1.jpg,/Users/user/Deep-Learning-PCB-Defect-Detection/data/PKU-Market-PCB(Data enhanced version)/valid/images/06_spur_08_1.jpg,/Users/user/Deep-Learning-PCB-Defect-Detection/data/PKU-Market-PCB(Data enhanced version)/valid/labels/06_spur_08_1.txt,2868,2316,RGB,.jpg,False
PKU,valid,01_short_07_1.jpg,/Users/user/Deep-Learning-PCB-Defect-Detection/data/PKU-Market-PCB(Data enhanced version)/valid/images/01_short_07_1.jpg,/Users/user/Deep-Learning-PCB-Defect-Detection/data/PKU-Market-PCB(Data enhanced version)/valid/labels/01_short_07_1.txt,2081,927,RGB,.jpg,False
PKU,valid,06_spurious_copper_05_1.jpg,/Users/user/Deep-Learning-PCB-Defect-Detection/data/PKU-Market-PCB(Data enhanced version)/valid/images/06_spurious_copper_05_1.jpg,/Users/user/Deep-Learning-PCB-Defect-Detection/data/PKU-Market-PCB(Data enhanced version)/valid/labels/06_spurious_copper_05_1.txt,1942,2075,RGB,.jpg,False
PKU,test,01_missing_hole_10_1.jpg,/Users/user/Deep-Learning-PCB-Defect-Detection/data/PKU-Market-PCB(Data enhanced version)/test/images/01_missing_hole_10_1.jpg,/Users/user/Deep-Learning-PCB-Defect-Detection/data/PKU-Market-PCB(Data enhanced version)/test/labels/01_missing_hole_10_1.txt,3034,1586,RGB,.jpg,True
PKU,test,01_open_circuit_10_1.jpg,/Users/user/Deep-Learning-PCB-Defect-Detection/data/PKU-Market-PCB(Data enhanced version)/test/images/01_open_circuit_10_1.jpg,/Users/user/Deep-Learning-PCB-Defect-Detection/data/PKU-Market-PCB(Data enhanced version)/test/labels/01_open_circuit_10_1.txt,3034,1586,RGB,.jpg,True
PKU,test,01_missing_hole_09_1.jpg,/Users/user/Deep-Learning-PCB-Defect-Detection/data/PKU-Market-PCB(Data enhanced version)/test/images/01_missing_hole_09_1.jpg,/Users/user/Deep-Learning-PCB-Defect-Detection/data/PKU-Market-PCB(Data enhanced version)/test/labels/01_missing_hole_09_1.txt,3034,1586,RGB,.jpg,True
PKU,test,01_mouse_bite_02_1.jpg,/Users/user/Deep-Learning-PCB-Defect-Detection/data/PKU-Market-PCB(Data enhanced version)/test/images/01_mouse_bite_02_1.jpg,/Users/user/Deep-Learning-PCB-Defect-Detection/data/PKU-Market-PCB(Data enhanced version)/test/labels/01_mouse_bite_02_1.txt,3034,1586,RGB,.jpg,True
PKU,test,01_missing_hole_12_1.jpg,/Users/user/Deep-Learning-PCB-Defect-Detection/data/PKU-Market-PCB(Data enhanced version)/test/images/01_missing_hole_12_1.jpg,/Users/user/Deep-Learning-PCB-Defect-Detection/data/PKU-Market-PCB(Data enhanced version)/test/labels/01_missing_hole_12_1.txt,2016,1304,RGB,.jpg,True
PKU,test,01_short_09_1.jpg,/Users/user/Deep-Learning-PCB-Defect-Detection/data/PKU-Market-PCB(Data enhanced version)/test/images/01_short_09_1.jpg,/Users/user/Deep-Learning-PCB-Defect-Detection/data/PKU-Market-PCB(Data enhanced version)/test/labels/01_short_09_1.txt,2666,1389,RGB,.jpg,True
PKU,test,01_spur_02_1.jpg,/Users/user/Deep-Learning-PCB-Defect-Detection/data/PKU-Market-PCB(Data enhanced version)/test/images/01_spur_02_1.jpg,/Users/user/Deep-Learning-PCB-Defect-Detection/data/PKU-Market-PCB(Data enhanced version)/test/labels/01_spur_02_1.txt,3034,1586,RGB,.jpg,True
PKU,test,01_missing_hole_16_1.jpg,/Users/user/Deep-Learning-PCB-Defect-Detection/data/PKU-Market-PCB(Data enhanced version)/test/images/01_missing_hole_16_1.jpg,/Users/user/Deep-Learning-PCB-Defect-Detection/data/PKU-Market-PCB(Data enhanced version)/test/labels/01_missing_hole_16_1.txt,3034,1586,RGB,.jpg,True
PKU,test,01_mouse_bite_06_1.jpg,/Users/user/Deep-Learning-PCB-Defect-Detection/data/PKU-Market-PCB(Data enhanced version)/test/images/01_mouse_bite_06_1.jpg,/Users/user/Deep-Learning-PCB-Defect-Detection/data/PKU-Market-PCB(Data enhanced version)/test/labels/01_mouse_bite_06_1.txt,2466,1241,RGB,.jpg,True
PKU,test,01_mouse_bite_04_1.jpg,/Users/user/Deep-Learning-PCB-Defect-Detection/data/PKU-Market-PCB(Data enhanced version)/test/images/01_mouse_bite_04_1.jpg,/Users/user/Deep-Learning-PCB-Defect-Detection/data/PKU-Market-PCB(Data enhanced version)/test/labels/01_mouse_bite_04_1.txt,2167,1140,RGB,.jpg,True
PKU,test,01_missing_hole_14_1.jpg,/Users/user/Deep-Learning-PCB-Defect-Detection/data/PKU-Market-PCB(Data enhanced version)/test/images/01_missing_hole_14_1.jpg,/Users/user/Deep-Learning-PCB-Defect-Detection/data/PKU-Market-PCB(Data enhanced version)/test/labels/01_missing_hole_14_1.txt,3034,1586,RGB,.jpg,True
PKU,test,01_short_11_1.jpg,/Users/user/Deep-Learning-PCB-Defect-Detection/data/PKU-Market-PCB(Data enhanced version)/test/images/01_short_11_1.jpg,/Users/user/Deep-Learning-PCB-Defect-Detection/data/PKU-Market-PCB(Data enhanced version)/test/labels/01_short_11_1.txt,2277,1236,RGB,.jpg,True
PKU,test,01_mouse_bite_03_1.jpg,/Users/user/Deep-Learning-PCB-Defect-Detection/data/PKU-Market-PCB(Data enhanced version)/test/images/01_mouse_bite_03_1.jpg,/Users/user/Deep-Learning-PCB-Defect-Detection/data/PKU-Market-PCB(Data enhanced version)/test/labels/01_mouse_bite_03_1.txt,1812,748,RGB,.jpg,True
PKU,test,01_spur_03_1.jpg,/Users/user/Deep-Learning-PCB-Defect-Detection/data/PKU-Market-PCB(Data enhanced version)/test/images/01_spur_03_1.jpg,/Users/user/Deep-Learning-PCB-Defect-Detection/data/PKU-Market-PCB(Data enhanced version)/test/labels/01_spur_03_1.txt,1282,1427,RGB,.jpg,True
PKU,test,01_missing_hole_13_1.jpg,/Users/user/Deep-Learning-PCB-Defect-Detection/data/PKU-Market-PCB(Data enhanced version)/test/images/01_missing_hole_13_1.jpg,/Users/user/Deep-Learning-PCB-Defect-Detection/data/PKU-Market-PCB(Data enhanced version)/test/labels/01_missing_hole_13_1.txt,3034,1586,RGB,.jpg,True
PKU,test,01_mouse_bite_18_1.jpg,/Users/user/Deep-Learning-PCB-Defect-Detection/data/PKU-Market-PCB(Data enhanced version)/test/images/01_mouse_bite_18_1.jpg,/Users/user/Deep-Learning-PCB-Defect-Detection/data/PKU-Market-PCB(Data enhanced version)/test/labels/01_mouse_bite_18_1.txt,1899,1151,RGB,.jpg,True
PKU,test,01_missing_hole_11_1.jpg,/Users/user/Deep-Learning-PCB-Defect-Detection/data/PKU-Market-PCB(Data enhanced version)/test/images/01_missing_hole_11_1.jpg,/Users/user/Deep-Learning-PCB-Defect-Detection/data/PKU-Market-PCB(Data enhanced version)/test/labels/01_missing_hole_11_1.txt,3034,1586,RGB,.jpg,True
PKU,test,01_open_circuit_08_1.jpg,/Users/user/Deep-Learning-PCB-Defect-Detection/data/PKU-Market-PCB(Data enhanced version)/test/images/01_open_circuit_08_1.jpg,/Users/user/Deep-Learning-PCB-Defect-Detection/data/PKU-Market-PCB(Data enhanced version)/test/labels/01_open_circuit_08_1.txt,3034,1586,RGB,.jpg,True
PKU,test,01_mouse_bite_01_1.jpg,/Users/user/Deep-Learning-PCB-Defect-Detection/data/PKU-Market-PCB(Data enhanced version)/test/images/01_mouse_bite_01_1.jpg,/Users/user/Deep-Learning-PCB-Defect-Detection/data/PKU-Market-PCB(Data enhanced version)/test/labels/01_mouse_bite_01_1.txt,3034,1586,RGB,.jpg,True
PKU,test,01_missing_hole_08_1.jpg,/Users/user/Deep-Learning-PCB-Defect-Detection/data/PKU-Market-PCB(Data enhanced version)/test/images/01_missing_hole_08_1.jpg,/Users/user/Deep-Learning-PCB-Defect-Detection/data/PKU-Market-PCB(Data enhanced version)/test/labels/01_missing_hole_08_1.txt,3034,1586,RGB,.jpg,True
PKU,test,01_spur_18_1.jpg,/Users/user/Deep-Learning-PCB-Defect-Detection/data/PKU-Market-PCB(Data enhanced version)/test/images/01_spur_18_1.jpg,/Users/user/Deep-Learning-PCB-Defect-Detection/data/PKU-Market-PCB(Data enhanced version)/test/labels/01_spur_18_1.txt,3034,1586,RGB,.jpg,True
PKU,test,01_open_circuit_15_1.jpg,/Users/user/Deep-Learning-PCB-Defect-Detection/data/PKU-Market-PCB(Data enhanced version)/test/images/01_open_circuit_15_1.jpg,/Users/user/Deep-Learning-PCB-Defect-Detection/data/PKU-Market-PCB(Data enhanced version)/test/labels/01_open_circuit_15_1.txt,3034,1586,RGB,.jpg,True
PKU,test,01_missing_hole_15_1.jpg,/Users/user/Deep-Learning-PCB-Defect-Detection/data/PKU-Market-PCB(Data enhanced version)/test/images/01_missing_hole_15_1.jpg,/Users/user/Deep-Learning-PCB-Defect-Detection/data/PKU-Market-PCB(Data enhanced version)/test/labels/01_missing_hole_15_1.txt,3034,1586,RGB,.jpg,True
PKU,test,01_missing_hole_17_1.jpg,/Users/user/Deep-Learning-PCB-Defect-Detection/data/PKU-Market-PCB(Data enhanced version)/test/images/01_missing_hole_17_1.jpg,/Users/user/Deep-Learning-PCB-Defect-Detection/data/PKU-Market-PCB(Data enhanced version)/test/labels/01_missing_hole_17_1.txt,3034,1586,RGB,.jpg,True
PKU,test,01_mouse_bite_07_1.jpg,/Users/user/Deep-Learning-PCB-Defect-Detection/data/PKU-Market-PCB(Data enhanced version)/test/images/01_mouse_bite_07_1.jpg,/Users/user/Deep-Learning-PCB-Defect-Detection/data/PKU-Market-PCB(Data enhanced version)/test/labels/01_mouse_bite_07_1.txt,1916,1192,RGB,.jpg,True
PKU,test,01_missing_hole_02_1.jpg,/Users/user/Deep-Learning-PCB-Defect-Detection/data/PKU-Market-PCB(Data enhanced version)/test/images/01_missing_hole_02_1.jpg,/Users/user/Deep-Learning-PCB-Defect-Detection/data/PKU-Market-PCB(Data enhanced version)/test/labels/01_missing_hole_02_1.txt,2587,1225,RGB,.jpg,True
PKU,test,01_spur_12_1.jpg,/Users/user/Deep-Learning-PCB-Defect-Detection/data/PKU-Market-PCB(Data enhanced version)/test/images/01_spur_12_1.jpg,/Users/user/Deep-Learning-PCB-Defect-Detection/data/PKU-Market-PCB(Data enhanced version)/test/labels/01_spur_12_1.txt,3034,1586,RGB,.jpg,True
PKU,test,01_mouse_bite_12_1.jpg,/Users/user/Deep-Learning-PCB-Defect-Detection/data/PKU-Market-PCB(Data enhanced version)/test/images/01_mouse_bite_12_1.jpg,/Users/user/Deep-Learning-PCB-Defect-Detection/data/PKU-Market-PCB(Data enhanced version)/test/labels/01_mouse_bite_12_1.txt,3034,1586,RGB,.jpg,True
PKU,test,01_short_02_1.jpg,/Users/user/Deep-Learning-PCB-Defect-Detection/data/PKU-Market-PCB(Data enhanced version)/test/images/01_short_02_1.jpg,/Users/user/Deep-Learning-PCB-Defect-Detection/data/PKU-Market-PCB(Data enhanced version)/test/labels/01_short_02_1.txt,2282,1466,RGB,.jpg,True
PKU,test,01_missing_hole_19_1.jpg,/Users/user/Deep-Learning-PCB-Defect-Detection/data/PKU-Market-PCB(Data enhanced version)/test/images/01_missing_hole_19_1.jpg,/Users/user/Deep-Learning-PCB-Defect-Detection/data/PKU-Market-PCB(Data enhanced version)/test/labels/01_missing_hole_19_1.txt,3034,1586,RGB,.jpg,True
PKU,test,01_mouse_bite_10_1.jpg,/Users/user/Deep-Learning-PCB-Defect-Detection/data/PKU-Market-PCB(Data enhanced version)/test/images/01_mouse_bite_10_1.jpg,/Users/user/Deep-Learning-PCB-Defect-Detection/data/PKU-Market-PCB(Data enhanced version)/test/labels/01_mouse_bite_10_1.txt,1993,737,RGB,.jpg,True
PKU,test,01_mouse_bite_09_1.jpg,/Users/user/Deep-Learning-PCB-Defect-Detection/data/PKU-Market-PCB(Data enhanced version)/test/images/01_mouse_bite_09_1.jpg,/Users/user/Deep-Learning-PCB-Defect-Detection/data/PKU-Market-PCB(Data enhanced version)/test/labels/01_mouse_bite_09_1.txt,3034,1586,RGB,.jpg,True
PKU,test,01_missing_hole_04_1.jpg,/Users/user/Deep-Learning-PCB-Defect-Detection/data/PKU-Market-PCB(Data enhanced version)/test/images/01_missing_hole_04_1.jpg,/Users/user/Deep-Learning-PCB-Defect-Detection/data/PKU-Market-PCB(Data enhanced version)/test/labels/01_missing_hole_04_1.txt,3034,1586,RGB,.jpg,True
PKU,test,01_open_circuit_20_1.jpg,/Users/user/Deep-Learning-PCB-Defect-Detection/data/PKU-Market-PCB(Data enhanced version)/test/images/01_open_circuit_20_1.jpg,/Users/user/Deep-Learning-PCB-Defect-Detection/data/PKU-Market-PCB(Data enhanced version)/test/labels/01_open_circuit_20_1.txt,1303,1146,RGB,.jpg,True
PKU,test,01_missing_hole_20_1.jpg,/Users/user/Deep-Learning-PCB-Defect-Detection/data/PKU-Market-PCB(Data enhanced version)/test/images/01_missing_hole_20_1.jpg,/Users/user/Deep-Learning-PCB-Defect-Detection/data/PKU-Market-PCB(Data enhanced version)/test/labels/01_missing_hole_20_1.txt,2633,1145,RGB,.jpg,True
PKU,test,01_open_circuit_04_1.jpg,/Users/user/Deep-Learning-PCB-Defect-Detection/data/PKU-Market-PCB(Data enhanced version)/test/images/01_open_circuit_04_1.jpg,/Users/user/Deep-Learning-PCB-Defect-Detection/data/PKU-Market-PCB(Data enhanced version)/test/labels/01_open_circuit_04_1.txt,3034,1586,RGB,.jpg,True
PKU,test,01_short_06_1.jpg,/Users/user/Deep-Learning-PCB-Defect-Detection/data/PKU-Market-PCB(Data enhanced version)/test/images/01_short_06_1.jpg,/Users/user/Deep-Learning-PCB-Defect-Detection/data/PKU-Market-PCB(Data enhanced version)/test/labels/01_short_06_1.txt,2052,912,RGB,.jpg,True
PKU,test,01_mouse_bite_16_1.jpg,/Users/user/Deep-Learning-PCB-Defect-Detection/data/PKU-Market-PCB(Data enhanced version)/test/images/01_mouse_bite_16_1.jpg,/Users/user/Deep-Learning-PCB-Defect-Detection/data/PKU-Market-PCB(Data enhanced version)/test/labels/01_mouse_bite_16_1.txt,2696,923,RGB,.jpg,True
PKU,test,01_short_04_1.jpg,/Users/user/Deep-Learning-PCB-Defect-Detection/data/PKU-Market-PCB(Data enhanced version)/test/images/01_short_04_1.jpg,/Users/user/Deep-Learning-PCB-Defect-Detection/data/PKU-Market-PCB(Data enhanced version)/test/labels/01_short_04_1.txt,3034,1586,RGB,.jpg,True
PKU,test,01_open_circuit_06_1.jpg,/Users/user/Deep-Learning-PCB-Defect-Detection/data/PKU-Market-PCB(Data enhanced version)/test/images/01_open_circuit_06_1.jpg,/Users/user/Deep-Learning-PCB-Defect-Detection/data/PKU-Market-PCB(Data enhanced version)/test/labels/01_open_circuit_06_1.txt,2424,1143,RGB,.jpg,True
PKU,test,01_missing_hole_06_1.jpg,/Users/user/Deep-Learning-PCB-Defect-Detection/data/PKU-Market-PCB(Data enhanced version)/test/images/01_missing_hole_06_1.jpg,/Users/user/Deep-Learning-PCB-Defect-Detection/data/PKU-Market-PCB(Data enhanced version)/test/labels/01_missing_hole_06_1.txt,2517,1122,RGB,.jpg,True
PKU,test,01_short_20_1.jpg,/Users/user/Deep-Learning-PCB-Defect-Detection/data/PKU-Market-PCB(Data enhanced version)/test/images/01_short_20_1.jpg,/Users/user/Deep-Learning-PCB-Defect-Detection/data/PKU-Market-PCB(Data enhanced version)/test/labels/01_short_20_1.txt,1322,1429,RGB,.jpg,True
PKU,test,01_missing_hole_18_1.jpg,/Users/user/Deep-Learning-PCB-Defect-Detection/data/PKU-Market-PCB(Data enhanced version)/test/images/01_missing_hole_18_1.jpg,/Users/user/Deep-Learning-PCB-Defect-Detection/data/PKU-Market-PCB(Data enhanced version)/test/labels/01_missing_hole_18_1.txt,2602,964,RGB,.jpg,True
PKU,test,01_missing_hole_01_1.jpg,/Users/user/Deep-Learning-PCB-Defect-Detection/data/PKU-Market-PCB(Data enhanced version)/test/images/01_missing_hole_01_1.jpg,/Users/user/Deep-Learning-PCB-Defect-Detection/data/PKU-Market-PCB(Data enhanced version)/test/labels/01_missing_hole_01_1.txt,3034,1586,RGB,.jpg,True
PKU,test,01_mouse_bite_08_1.jpg,/Users/user/Deep-Learning-PCB-Defect-Detection/data/PKU-Market-PCB(Data enhanced version)/test/images/01_mouse_bite_08_1.jpg,/Users/user/Deep-Learning-PCB-Defect-Detection/data/PKU-Market-PCB(Data enhanced version)/test/labels/01_mouse_bite_08_1.txt,2469,1286,RGB,.jpg,True
PKU,test,01_open_circuit_18_1.jpg,/Users/user/Deep-Learning-PCB-Defect-Detection/data/PKU-Market-PCB(Data enhanced version)/test/images/01_open_circuit_18_1.jpg,/Users/user/Deep-Learning-PCB-Defect-Detection/data/PKU-Market-PCB(Data enhanced version)/test/labels/01_open_circuit_18_1.txt,1284,677,RGB,.jpg,True
PKU,test,01_short_18_1.jpg,/Users/user/Deep-Learning-PCB-Defect-Detection/data/PKU-Market-PCB(Data enhanced version)/test/images/01_short_18_1.jpg,/Users/user/Deep-Learning-PCB-Defect-Detection/data/PKU-Market-PCB(Data enhanced version)/test/labels/01_short_18_1.txt,3034,1586,RGB,.jpg,True
PKU,test,01_missing_hole_03_1.jpg,/Users/user/Deep-Learning-PCB-Defect-Detection/data/PKU-Market-PCB(Data enhanced version)/test/images/01_missing_hole_03_1.jpg,/Users/user/Deep-Learning-PCB-Defect-Detection/data/PKU-Market-PCB(Data enhanced version)/test/labels/01_missing_hole_03_1.txt,3034,1586,RGB,.jpg,True
PKU,test,01_mouse_bite_13_1.jpg,/Users/user/Deep-Learning-PCB-Defect-Detection/data/PKU-Market-PCB(Data enhanced version)/test/images/01_mouse_bite_13_1.jpg,/Users/user/Deep-Learning-PCB-Defect-Detection/data/PKU-Market-PCB(Data enhanced version)/test/labels/01_mouse_bite_13_1.txt,3034,1586,RGB,.jpg,True
PKU,test,01_missing_hole_07_1.jpg,/Users/user/Deep-Learning-PCB-Defect-Detection/data/PKU-Market-PCB(Data enhanced version)/test/images/01_missing_hole_07_1.jpg,/Users/user/Deep-Learning-PCB-Defect-Detection/data/PKU-Market-PCB(Data enhanced version)/test/labels/01_missing_hole_07_1.txt,1403,1357,RGB,.jpg,True
PKU,test,01_missing_hole_05_1.jpg,/Users/user/Deep-Learning-PCB-Defect-Detection/data/PKU-Market-PCB(Data enhanced version)/test/images/01_missing_hole_05_1.jpg,/Users/user/Deep-Learning-PCB-Defect-Detection/data/PKU-Market-PCB(Data enhanced version)/test/labels/01_missing_hole_05_1.txt,3034,1586,RGB,.jpg,True
PKU,test,01_mouse_bite_15_1.jpg,/Users/user/Deep-Learning-PCB-Defect-Detection/data/PKU-Market-PCB(Data enhanced version)/test/images/01_mouse_bite_15_1.jpg,/Users/user/Deep-Learning-PCB-Defect-Detection/data/PKU-Market-PCB(Data enhanced version)/test/labels/01_mouse_bite_15_1.txt,3034,1586,RGB,.jpg,True
PKU,test,01_open_circuit_05_1.jpg,/Users/user/Deep-Learning-PCB-Defect-Detection/data/PKU-Market-PCB(Data enhanced version)/test/images/01_open_circuit_05_1.jpg,/Users/user/Deep-Learning-PCB-Defect-Detection/data/PKU-Market-PCB(Data enhanced version)/test/labels/01_open_circuit_05_1.txt,3034,1586,RGB,.jpg,True
