split,image_name,image_path,label_path,source_image_name,source_width,source_height,source_mode,output_width,output_height,scale_x,scale_y,offset_x,offset_y,num_boxes
train,01_PCB__1.png,train/images/01_PCB__1.png,train/labels/01_PCB__1.txt,01_PCB__1.jpg,640,640,L,512,512,0.8,0.8,0.0,0.0,10
train,01_PCB__100.png,train/images/01_PCB__100.png,train/labels/01_PCB__100.txt,01_PCB__100.jpg,640,640,L,512,512,0.8,0.8,0.0,0.0,7
train,01_PCB__1000.png,train/images/01_PCB__1000.png,train/labels/01_PCB__1000.txt,01_PCB__1000.jpg,640,640,L,512,512,0.8,0.8,0.0,0.0,8
train,01_PCB__1002.png,train/images/01_PCB__1002.png,train/labels/01_PCB__1002.txt,01_PCB__1002.jpg,640,640,L,512,512,0.8,0.8,0.0,0.0,6
train,01_PCB__1004.png,train/images/01_PCB__1004.png,train/labels/01_PCB__1004.txt,01_PCB__1004.jpg,640,640,L,512,512,0.8,0.8,0.0,0.0,7
train,01_PCB__1005.png,train/images/01_PCB__1005.png,train/labels/01_PCB__1005.txt,01_PCB__1005.jpg,640,640,L,512,512,0.8,0.8,0.0,0.0,9
train,01_PCB__1006.png,train/images/01_PCB__1006.png,train/labels/01_PCB__1006.txt,01_PCB__1006.jpg,640,640,L,512,512,0.8,0.8,0.0,0.0,10
train,01_PCB__1007.png,train/images/01_PCB__1007.png,train/labels/01_PCB__1007.txt,01_PCB__1007.jpg,640,640,L,512,512,0.8,0.8,0.0,0.0,2
train,01_PCB__1008.png,train/images/01_PCB__1008.png,train/labels/01_PCB__1008.txt,01_PCB__1008.jpg,640,640,L,512,512,0.8,0.8,0.0,0.0,4
train,01_PCB__1009.png,train/images/01_PCB__1009.png,train/labels/01_PCB__1009.txt,01_PCB__1009.jpg,640,640,L,512,512,0.8,0.8,0.0,0.0,6
train,01_PCB__1011.png,train/images/01_PCB__1011.png,train/labels/01_PCB__1011.txt,01_PCB__1011.jpg,640,640,L,512,512,0.8,0.8,0.0,0.0,7
train,01_PCB__1012.png,train/images/01_PCB__1012.png,train/labels/01_PCB__1012.txt,01_PCB__1012.jpg,640,640,L,512,512,0.8,0.8,0.0,0.0,5
train,01_PCB__1013.png,train/images/01_PCB__1013.png,train/labels/01_PCB__1013.txt,01_PCB__1013.jpg,640,640,L,512,512,0.8,0.8,0.0,0.0,9
train,01_PCB__1014.png,train/images/01_PCB__1014.png,train/labels/01_PCB__1014.txt,01_PCB__1014.jpg,640,640,L,512,512,0.8,0.8,0.0,0.0,7
train,01_PCB__1015.png,train/images/01_PCB__1015.png,train/labels/01_PCB__1015.txt,01_PCB__1015.jpg,640,640,L,512,512,0.8,0.8,0.0,0.0,4
train,01_PCB__1016.png,train/images/01_PCB__1016.png,train/labels/01_PCB__1016.txt,01_PCB__1016.jpg,640,640,L,512,512,0.8,0.8,0.0,0.0,2
train,01_PCB__1017.png,train/images/01_PCB__1017.png,train/labels/01_PCB__1017.txt,01_PCB__1017.jpg,640,640,L,512,512,0.8,0.8,0.0,0.0,6
train,01_PCB__1018.png,train/images/01_PCB__1018.png,train/labels/01_PCB__1018.txt,01_PCB__1018.jpg,640,640,L,512,512,0.8,0.8,0.0,0.0,7
train,01_PCB__102.png,train/images/01_PCB__102.png,train/labels/01_PCB__102.txt,01_PCB__102.jpg,640,640,RGB,512,512,0.8,0.8,0.0,0.0,8
train,01_PCB__1020.png,train/images/01_PCB__1020.png,train/labels/01_PCB__1020.txt,01_PCB__1020.jpg,640,640,L,512,512,0.8,0.8,0.0,0.0,5
train,01_PCB__1021.png,train/images/01_PCB__1021.png,train/labels/01_PCB__1021.txt,01_PCB__1021.jpg,640,640,L,512,512,0.8,0.8,0.0,0.0,8
train,01_PCB__1022.png,train/images/01_PCB__1022.png,train/labels/01_PCB__1022.txt,01_PCB__1022.jpg,640,640,L,512,512,0.8,0.8,0.0,0.0,10
train,01_PCB__1023.png,train/images/01_PCB__1023.png,train/labels/01_PCB__1023.txt,01_PCB__1023.jpg,640,640,L,512,512,0.8,0.8,0.0,0.0,10
train,01_PCB__1024.png,train/images/01_PCB__1024.png,train/labels/01_PCB__1024.txt,01_PCB__1024.jpg,640,640,L,512,512,0.8,0.8,0.0,0.0,6
train,01_PCB__1026.png,train/images/01_PCB__1026.png,train/labels/01_PCB__1026.txt,01_PCB__1026.jpg,640,640,L,512,512,0.8,0.8,0.0,0.0,6
train,01_PCB__1027.png,train/images/01_PCB__1027.png,train/labels/01_PCB__1027.txt,01_PCB__1027.jpg,640,640,L,512,512,0.8,0.8,0.0,0.0,6
train,01_PCB__1028.png,train/images/01_PCB__1028.png,train/labels/01_PCB__1028.txt,01_PCB__1028.jpg,640,640,L,512,512,0.8,0.8,0.0,0.0,7
train,01_PCB__1029.png,train/images/01_PCB__1029.png,train/labels/01_PCB__1029.txt,01_PCB__1029.jpg,640,640,L,512,512,0.8,0.8,0.0,0.0,8
train,01_PCB__103.png,train/images/01_PCB__103.png,train/labels/01_PCB__103.txt,01_PCB__103.jpg,640,640,L,512,512,0.8,0.8,0.0,0.0,8
train,01_PCB__1030.png,train/images/01_PCB__1030.png,train/labels/01_PCB__1030.txt,01_PCB__1030.jpg,640,640,RGB,512,512,0.8,0.8,0.0,0.0,9
train,01_PCB__1031.png,train/images/01_PCB__1031.png,train/labels/01_PCB__1031.txt,01_PCB__1031.jpg,640,640,L,512,512,0.8,0.8,0.0,0.0,7
train,01_PCB__1032.png,train/images/01_PCB__1032.png,train/labels/01_PCB__1032.txt,01_PCB__1032.jpg,640,640,L,512,512,0.8,0.8,0.0,0.0,6
train,01_PCB__1034.png,train/images/01_PCB__1034.png,train/labels/01_PCB__1034.txt,01_PCB__1034.jpg,640,640,L,512,512,0.8,0.8,0.0,0.0,10
train,01_PCB__1035.png,train/images/01_PCB__1035.png,train/labels/01_PCB__1035.txt,01_PCB__1035.jpg,640,640,L,512,512,0.8,0.8,0.0,0.0,8
train,01_PCB__1036.png,train/images/01_PCB__1036.png,train/labels/01_PCB__1036.txt,01_PCB__1036.jpg,640,640,L,512,512,0.8,0.8,0.0,0.0,7
train,01_PCB__1038.png,train/images/01_PCB__1038.png,train/labels/01_PCB__1038.txt,01_PCB__1038.jpg,640,640,L,512,512,0.8,0.8,0.0,0.0,9
train,01_PCB__1039.png,train/images/01_PCB__1039.png,train/labels/01_PCB__1039.txt,01_PCB__1039.jpg,640,640,L,512,512,0.8,0.8,0.0,0.0,8
train,01_PCB__104.png,train/images/01_PCB__104.png,train/labels/01_PCB__104.txt,01_PCB__104.jpg,640,640,L,512,512,0.8,0.8,0.0,0.0,9
train,01_PCB__1040.png,train/images/01_PCB__1040.png,train/labels/01_PCB__1040.txt,01_PCB__1040.jpg,640,640,L,512,512,0.8,0.8,0.0,0.0,6
train,01_PCB__1041.png,train/images/01_PCB__1041.png,train/labels/01_PCB__1041.txt,01_PCB__1041.jpg,640,640,RGB,512,512,0.8,0.8,0.0,0.0,9
train,01_PCB__1042.png,train/images/01_PCB__1042.png,train/labels/01_PCB__1042.txt,01_PCB__1042.jpg,640,640,L,512,512,0.8,0.8,0.0,0.0,7
train,01_PCB__1043.png,train/images/01_PCB__1043.png,train/labels/01_PCB__1043.txt,01_PCB__1043.jpg,640,640,L,512,512,0.8,0.8,0.0,0.0,7
train,01_PCB__1045.png,train/images/01_PCB__1045.png,train/labels/01_PCB__1045.txt,01_PCB__1045.jpg,640,640,L,512,512,0.8,0.8,0.0,0.0,6
train,01_PCB__1046.png,train/images/01_PCB__1046.png,train/labels/01_PCB__1046.txt,01_PCB__1046.jpg,640,640,L,512,512,0.8,0.8,0.0,0.0,6
train,01_PCB__1048.png,train/images/01_PCB__1048.png,train/labels/01_PCB__1048.txt,01_PCB__1048.jpg,640,640,L,512,512,0.8,0.8,0.0,0.0,7
train,01_PCB__1049.png,train/images/01_PCB__1049.png,train/labels/01_PCB__1049.txt,01_PCB__1049.jpg,640,640,L,512,512,0.8,0.8,0.0,0.0,6
train,01_PCB__105.png,train/images/01_PCB__105.png,train/labels/01_PCB__105.txt,01_PCB__105.jpg,640,640,L,512,512,0.8,0.8,0.0,0.0,8
train,01_PCB__1050.png,train/images/01_PCB__1050.png,train/labels/01_PCB__1050.txt,01_PCB__1050.jpg,640,640,L,512,512,0.8,0.8,0.0,0.0,7
train,01_PCB__1051.png,train/images/01_PCB__1051.png,train/labels/01_PCB__1051.txt,01_PCB__1051.jpg,640,640,L,512,512,0.8,0.8,0.0,0.0,6
train,01_PCB__1052.png,train/images/01_PCB__1052.png,train/labels/01_PCB__1052.txt,01_PCB__1052.jpg,640,640,L,512,512,0.8,0.8,0.0,0.0,6
train,01_PCB__1054.png,train/images/01_PCB__1054.png,train/labels/01_PCB__1054.txt,01_PCB__1054.jpg,640,640,L,512,512,0.8,0.8,0.0,0.0,7
train,01_PCB__1055.png,train/images/01_PCB__1055.png,train/labels/01_PCB__1055.txt,01_PCB__1055.jpg,640,640,L,512,512,0.8,0.8,0.0,0.0,7
train,01_PCB__1058.png,train/images/01_PCB__1058.png,train/labels/01_PCB__1058.txt,01_PCB__1058.jpg,640,640,RGB,512,512,0.8,0.8,0.0,0.0,6
train,01_PCB__1059.png,train/images/01_PCB__1059.png,train/labels/01_PCB__1059.txt,01_PCB__1059.jpg,640,640,L,512,512,0.8,0.8,0.0,0.0,7
train,01_PCB__106.png,train/images/01_PCB__106.png,train/labels/01_PCB__106.txt,01_PCB__106.jpg,640,640,L,512,512,0.8,0.8,0.0,0.0,10
train,01_PCB__1060.png,train/images/01_PCB__1060.png,train/labels/01_PCB__1060.txt,01_PCB__1060.jpg,640,640,L,512,512,0.8,0.8,0.0,0.0,6
train,01_PCB__1061.png,train/images/01_PCB__1061.png,train/labels/01_PCB__1061.txt,01_PCB__1061.jpg,640,640,RGB,512,512,0.8,0.8,0.0,0.0,9
train,01_PCB__1062.png,train/images/01_PCB__1062.png,train/labels/01_PCB__1062.txt,01_PCB__1062.jpg,640,640,L,512,512,0.8,0.8,0.0,0.0,6
train,01_PCB__1063.png,train/images/01_PCB__1063.png,train/labels/01_PCB__1063.txt,01_PCB__1063.jpg,640,640,L,512,512,0.8,0.8,0.0,0.0,7
train,01_PCB__1064.png,train/images/01_PCB__1064.png,train/labels/01_PCB__1064.txt,01_PCB__1064.jpg,640,640,L,512,512,0.8,0.8,0.0,0.0,9
train,01_PCB__1065.png,train/images/01_PCB__1065.png,train/labels/01_PCB__1065.txt,01_PCB__1065.jpg,640,640,L,512,512,0.8,0.8,0.0,0.0,9
train,01_PCB__1066.png,train/images/01_PCB__1066.png,train/labels/01_PCB__1066.txt,01_PCB__1066.jpg,640,640,L,512,512,0.8,0.8,0.0,0.0,8
train,01_PCB__1067.png,train/images/01_PCB__1067.png,train/labels/01_PCB__1067.txt,01_PCB__1067.jpg,640,640,L,512,512,0.8,0.8,0.0,0.0,7
train,01_PCB__1068.png,train/images/01_PCB__1068.png,train/labels/01_PCB__1068.txt,01_PCB__1068.jpg,640,640,L,512,512,0.8,0.8,0.0,0.0,8
train,01_PCB__1069.png,train/images/01_PCB__1069.png,train/labels/01_PCB__1069.txt,01_PCB__1069.jpg,640,640,L,512,512,0.8,0.8,0.0,0.0,8
train,01_PCB__107.png,train/images/01_PCB__107.png,train/labels/01_PCB__107.txt,01_PCB__107.jpg,640,640,L,512,512,0.8,0.8,0.0,0.0,8
train,01_PCB__1070.png,train/images/01_PCB__1070.png,train/labels/01_PCB__1070.txt,01_PCB__1070.jpg,640,640,L,512,512,0.8,0.8,0.0,0.0,9
train,01_PCB__1071.png,train/images/01_PCB__1071.png,train/labels/01_PCB__1071.txt,01_PCB__1071.jpg,640,640,L,512,512,0.8,0.8,0.0,0.0,6
train,01_PCB__1072.png,train/images/01_PCB__1072.png,train/labels/01_PCB__1072.txt,01_PCB__1072.jpg,640,640,RGB,512,512,0.8,0.8,0.0,0.0,10
train,01_PCB__1073.png,train/images/01_PCB__1073.png,train/labels/01_PCB__1073.txt,01_PCB__1073.jpg,640,640,L,512,512,0.8,0.8,0.0,0.0,7
train,01_PCB__1074.png,train/images/01_PCB__1074.png,train/labels/01_PCB__1074.txt,01_PCB__1074.jpg,640,640,L,512,512,0.8,0.8,0.0,0.0,8
train,01_PCB__1075.png,train/images/01_PCB__1075.png,train/labels/01_PCB__1075.txt,01_PCB__1075.jpg,640,640,L,512,512,0.8,0.8,0.0,0.0,7
train,01_PCB__1076.png,train/images/01_PCB__1076.png,train/labels/01_PCB__1076.txt,01_PCB__1076.jpg,640,640,L,512,512,0.8,0.8,0.0,0.0,8
train,01_PCB__1077.png,train/images/01_PCB__1077.png,train/labels/01_PCB__1077.txt,01_PCB__1077.jpg,640,640,L,512,512,0.8,0.8,0.0,0.0,6
train,01_PCB__1079.png,train/images/01_PCB__1079.png,train/labels/01_PCB__1079.txt,01_PCB__1079.jpg,640,640,L,512,512,0.8,0.8,0.0,0.0,7
train,01_PCB__108.png,train/images/01_PCB__108.png,train/labels/01_PCB__108.txt,01_PCB__108.jpg,640,640,L,512,512,0.8,0.8,0.0,0.0,7
train,01_PCB__1080.png,train/images/01_PCB__1080.png,train/labels/01_PCB__1080.txt,01_PCB__1080.jpg,640,640,L,512,512,0.8,0.8,0.0,0.0,7
train,01_PCB__1081.png,train/images/01_PCB__1081.png,train/labels/01_PCB__1081.txt,01_PCB__1081.jpg,640,640,L,512,512,0.8,0.8,0.0,0.0,7
train,01_PCB__1083.png,train/images/01_PCB__1083.png,train/labels/01_PCB__1083.txt,01_PCB__1083.jpg,640,640,L,512,512,0.8,0.8,0.0,0.0,8
train,01_PCB__1084.png,train/images/01_PCB__1084.png,train/labels/01_PCB__1084.txt,01_PCB__1084.jpg,640,640,L,512,512,0.8,0.8,0.0,0.0,6
train,01_PCB__1086.png,train/images/01_PCB__1086.png,train/labels/01_PCB__1086.txt,01_PCB__1086.jpg,640,640,L,512,512,0.8,0.8,0.0,0.0,7
train,01_PCB__1087.png,train/images/01_PCB__1087.png,train/labels/01_PCB__1087.txt,01_PCB__1087.jpg,640,640,L,512,512,0.8,0.8,0.0,0.0,7
train,01_PCB__1088.png,train/images/01_PCB__1088.png,train/labels/01_PCB__1088.txt,01_PCB__1088.jpg,640,640,RGB,512,512,0.8,0.8,0.0,0.0,8
train,01_PCB__1089.png,train/images/01_PCB__1089.png,train/labels/01_PCB__1089.txt,01_PCB__1089.jpg,640,640,L,512,512,0.8,0.8,0.0,0.0,7
train,01_PCB__109.png,train/images/01_PCB__109.png,train/labels/01_PCB__109.txt,01_PCB__109.jpg,640,640,L,512,512,0.8,0.8,0.0,0.0,9
train,01_PCB__1090.png,train/images/01_PCB__1090.png,train/labels/01_PCB__1090.txt,01_PCB__1090.jpg,640,640,L,512,512,0.8,0.8,0.0,0.0,9
train,01_PCB__1092.png,train/images/01_PCB__1092.png,train/labels/01_PCB__1092.txt,01_PCB__1092.jpg,640,640,L,512,512,0.8,0.8,0.0,0.0,7
train,01_PCB__1093.png,train/images/01_PCB__1093.png,train/labels/01_PCB__1093.txt,01_PCB__1093.jpg,640,640,RGB,512,512,0.8,0.8,0.0,0.0,9
train,01_PCB__1094.png,train/images/01_PCB__1094.png,train/labels/01_PCB__1094.txt,01_PCB__1094.jpg,640,640,L,512,512,0.8,0.8,0.0,0.0,7
train,01_PCB__1095.png,train/images/01_PCB__1095.png,train/labels/01_PCB__1095.txt,01_PCB__1095.jpg,640,640,L,512,512,0.8,0.8,0.0,0.0,9
train,01_PCB__1096.png,train/images/01_PCB__1096.png,train/labels/01_PCB__1096.txt,01_PCB__1096.jpg,640,640,L,512,512,0.8,0.8,0.0,0.0,7
train,01_PCB__1097.png,train/images/01_PCB__1097.png,train/labels/01_PCB__1097.txt,01_PCB__1097.jpg,640,640,L,512,512,0.8,0.8,0.0,0.0,8
train,01_PCB__1099.png,train/images/01_PCB__1099.png,train/labels/01_PCB__1099.txt,01_PCB__1099.jpg,640,640,L,512,512,0.8,0.8,0.0,0.0,10
train,01_PCB__11.png,train/images/01_PCB__11.png,train/labels/01_PCB__11.txt,01_PCB__11.jpg,640,640,L,512,512,0.8,0.8,0.0,0.0,9
train,01_PCB__110.png,train/images/01_PCB__110.png,train/labels/01_PCB__110.txt,01_PCB__110.jpg,640,640,L,512,512,0.8,0.8,0.0,0.0,9
train,01_PCB__1101.png,train/images/01_PCB__1101.png,train/labels/01_PCB__1101.txt,01_PCB__1101.jpg,640,640,L,512,512,0.8,0.8,0.0,0.0,7
train,01_PCB__1102.png,train/images/01_PCB__1102.png,train/labels/01_PCB__1102.txt,01_PCB__1102.jpg,640,640,L,512,512,0.8,0.8,0.0,0.0,8
train,01_PCB__1103.png,train/images/01_PCB__1103.png,train/labels/01_PCB__1103.txt,01_PCB__1103.jpg,640,640,RGB,512,512,0.8,0.8,0.0,0.0,6
train,01_PCB__1107.png,train/images/01_PCB__1107.png,train/labels/01_PCB__1107.txt,01_PCB__1107.jpg,640,640,L,512,512,0.8,0.8,0.0,0.0,8
train,01_PCB__1108.png,train/images/01_PCB__1108.png,train/labels/01_PCB__1108.txt,01_PCB__1108.jpg,640,640,L,512,512,0.8,0.8,0.0,0.0,8
train,01_PCB__1109.png,train/images/01_PCB__1109.png,train/labels/01_PCB__1109.txt,01_PCB__1109.jpg,640,640,L,512,512,0.8,0.8,0.0,0.0,8
train,01_PCB__1110.png,train/images/01_PCB__1110.png,train/labels/01_PCB__1110.txt,01_PCB__1110.jpg,640,640,L,512,512,0.8,0.8,0.0,0.0,7
train,01_PCB__1111.png,train/images/01_PCB__1111.png,train/labels/01_PCB__1111.txt,01_PCB__1111.jpg,640,640,L,512,512,0.8,0.8,0.0,0.0,6
train,01_PCB__1112.png,train/images/01_PCB__1112.png,train/labels/01_PCB__1112.txt,01_PCB__1112.jpg,640,640,L,512,512,0.8,0.8,0.0,0.0,7
train,01_PCB__1113.png,train/images/01_PCB__1113.png,train/labels/01_PCB__1113.txt,01_PCB__1113.jpg,640,640,L,512,512,0.8,0.8,0.0,0.0,8
train,01_PCB__1114.png,train/images/01_PCB__1114.png,train/labels/01_PCB__1114.txt,01_PCB__1114.jpg,640,640,L,512,512,0.8,0.8,0.0,0.0,6
train,01_PCB__1117.png,train/images/01_PCB__1117.png,train/labels/01_PCB__1117.txt,01_PCB__1117.jpg,640,640,L,512,512,0.8,0.8,0.0,0.0,7
train,01_PCB__1118.png,train/images/01_PCB__1118.png,train/labels/01_PCB__1118.txt,01_PCB__1118.jpg,640,640,L,512,512,0.8,0.8,0.0,0.0,7
train,01_PCB__1119.png,train/images/01_PCB__1119.png,train/labels/01_PCB__1119.txt,01_PCB__1119.jpg,640,640,RGB,512,512,0.8,0.8,0.0,0.0,8
train,01_PCB__1120.png,train/images/01_PCB__1120.png,train/labels/01_PCB__1120.txt,01_PCB__1120.jpg,640,640,L,512,512,0.8,0.8,0.0,0.0,9
train,01_PCB__1121.png,train/images/01_PCB__1121.png,train/labels/01_PCB__1121.txt,01_PCB__1121.jpg,640,640,L,512,512,0.8,0.8,0.0,0.0,7
train,01_PCB__1123.png,train/images/01_PCB__1123.png,train/labels/01_PCB__1123.txt,01_PCB__1123.jpg,640,640,L,512,512,0.8,0.8,0.0,0.0,6
train,01_PCB__1124.png,train/images/01_PCB__1124.png,train/labels/01_PCB__1124.txt,01_PCB__1124.jpg,640,640,L,512,512,0.8,0.8,0.0,0.0,7
train,01_PCB__1127.png,train/images/01_PCB__1127.png,train/labels/01_PCB__1127.txt,01_PCB__1127.jpg,640,640,L,512,512,0.8,0.8,0.0,0.0,6
train,01_PCB__1128.png,train/images/01_PCB__1128.png,train/labels/01_PCB__1128.txt,01_PCB__1128.jpg,640,640,L,512,512,0.8,0.8,0.0,0.0,5
train,01_PCB__1130.png,train/images/01_PCB__1130.png,train/labels/01_PCB__1130.txt,01_PCB__1130.jpg,640,640,L,512,512,0.8,0.8,0.0,0.0,5
train,01_PCB__1131.png,train/images/01_PCB__1131.png,train/labels/01_PCB__1131.txt,01_PCB__1131.jpg,640,640,L,512,512,0.8,0.8,0.0,0.0,5
train,01_PCB__1132.png,train/images/01_PCB__1132.png,train/labels/01_PCB__1132.txt,01_PCB__1132.jpg,640,640,L,512,512,0.8,0.8,0.0,0.0,5
train,01_PCB__1133.png,train/images/01_PCB__1133.png,train/labels/01_PCB__1133.txt,01_PCB__1133.jpg,640,640,L,512,512,0.8,0.8,0.0,0.0,5
train,01_PCB__1134.png,train/images/01_PCB__1134.png,train/labels/01_PCB__1134.txt,01_PCB__1134.jpg,640,640,L,512,512,0.8,0.8,0.0,0.0,5
train,01_PCB__1135.png,train/images/01_PCB__1135.png,train/labels/01_PCB__1135.txt,01_PCB__1135.jpg,640,640,L,512,512,0.8,0.8,0.0,0.0,5
train,01_PCB__1136.png,train/images/01_PCB__1136.png,train/labels/01_PCB__1136.txt,01_PCB__1136.jpg,640,640,L,512,512,0.8,0.8,0.0,0.0,6
train,01_PCB__1138.png,train/images/01_PCB__1138.png,train/labels/01_PCB__1138.txt,01_PCB__1138.jpg,640,640,L,512,512,0.8,0.8,0.0,0.0,6
train,01_PCB__1139.png,train/images/01_PCB__1139.png,train/labels/01_PCB__1139.txt,01_PCB__1139.jpg,640,640,L,512,512,0.8,0.8,0.0,0.0,5
train,01_PCB__114.png,train/images/01_PCB__114.png,train/labels/01_PCB__114.txt,01_PCB__114.jpg,640,640,L,512,512,0.8,0.8,0.0,0.0,7
train,01_PCB__1140.png,train/images/01_PCB__1140.png,train/labels/01_PCB__1140.txt,01_PCB__1140.jpg,640,640,L,512,512,0.8,0.8,0.0,0.0,5
train,01_PCB__1141.png,train/images/01_PCB__1141.png,train/labels/01_PCB__1141.txt,01_PCB__1141.jpg,640,640,L,512,512,0.8,0.8,0.0,0.0,5
train,01_PCB__1142.png,train/images/01_PCB__1142.png,train/labels/01_PCB__1142.txt,01_PCB__1142.jpg,640,640,L,512,512,0.8,0.8,0.0,0.0,6
train,01_PCB__1144.png,train/images/01_PCB__1144.png,train/labels/01_PCB__1144.txt,01_PCB__1144.jpg,640,640,L,512,512,0.8,0.8,0.0,0.0,5
train,01_PCB__1146.png,train/images/01_PCB__1146.png,train/labels/01_PCB__1146.txt,01_PCB__1146.jpg,640,640,L,512,512,0.8,0.8,0.0,0.0,7
train,01_PCB__1147.png,train/images/01_PCB__1147.png,train/labels/01_PCB__1147.txt,01_PCB__1147.jpg,640,640,L,512,512,0.8,0.8,0.0,0.0,7
train,01_PCB__1148.png,train/images/01_PCB__1148.png,train/labels/01_PCB__1148.txt,01_PCB__1148.jpg,640,640,L,512,512,0.8,0.8,0.0,0.0,5
train,01_PCB__1149.png,train/images/01_PCB__1149.png,train/labels/01_PCB__1149.txt,01_PCB__1149.jpg,640,640,L,512,512,0.8,0.8,0.0,0.0,6
train,01_PCB__115.png,train/images/01_PCB__115.png,train/labels/01_PCB__115.txt,01_PCB__115.jpg,640,640,L,512,512,0.8,0.8,0.0,0.0,9
train,01_PCB__1150.png,train/images/01_PCB__1150.png,train/labels/01_PCB__1150.txt,01_PCB__1150.jpg,640,640,L,512,512,0.8,0.8,0.0,0.0,8
train,01_PCB__1151.png,train/images/01_PCB__1151.png,train/labels/01_PCB__1151.txt,01_PCB__1151.jpg,640,640,L,512,512,0.8,0.8,0.0,0.0,5
train,01_PCB__1152.png,train/images/01_PCB__1152.png,train/labels/01_PCB__1152.txt,01_PCB__1152.jpg,640,640,L,512,512,0.8,0.8,0.0,0.0,4
train,01_PCB__1153.png,train/images/01_PCB__1153.png,train/labels/01_PCB__1153.txt,01_PCB__1153.jpg,640,640,L,512,512,0.8,0.8,0.0,0.0,6
train,01_PCB__1154.png,train/images/01_PCB__1154.png,train/labels/01_PCB__1154.txt,01_PCB__1154.jpg,640,640,L,512,512,0.8,0.8,0.0,0.0,5
train,01_PCB__1155.png,train/images/01_PCB__1155.png,train/labels/01_PCB__1155.txt,01_PCB__1155.jpg,640,640,L,512,512,0.8,0.8,0.0,0.0,5
train,01_PCB__1157.png,train/images/01_PCB__1157.png,train/labels/01_PCB__1157.txt,01_PCB__1157.jpg,640,640,L,512,512,0.8,0.8,0.0,0.0,5
train,01_PCB__1158.png,train/images/01_PCB__1158.png,train/labels/01_PCB__1158.txt,01_PCB__1158.jpg,640,640,L,512,512,0.8,0.8,0.0,0.0,8
train,01_PCB__116.png,train/images/01_PCB__116.png,train/labels/01_PCB__116.txt,01_PCB__116.jpg,640,640,L,512,512,0.8,0.8,0.0,0.0,9
train,01_PCB__1160.png,train/images/01_PCB__1160.png,train/labels/01_PCB__1160.txt,01_PCB__1160.jpg,640,640,L,512,512,0.8,0.8,0.0,0.0,5
train,01_PCB__1161.png,train/images/01_PCB__1161.png,train/labels/01_PCB__1161.txt,01_PCB__1161.jpg,640,640,L,512,512,0.8,0.8,0.0,0.0,5
train,01_PCB__1162.png,train/images/01_PCB__1162.png,train/labels/01_PCB__1162.txt,01_PCB__1162.jpg,640,640,L,512,512,0.8,0.8,0.0,0.0,6
train,01_PCB__1163.png,train/images/01_PCB__1163.png,train/labels/01_PCB__1163.txt,01_PCB__1163.jpg,640,640,L,512,512,0.8,0.8,0.0,0.0,6
train,01_PCB__1164.png,train/images/01_PCB__1164.png,train/labels/01_PCB__1164.txt,01_PCB__1164.jpg,640,640,L,512,512,0.8,0.8,0.0,0.0,6
train,01_PCB__1165.png,train/images/01_PCB__1165.png,train/labels/01_PCB__1165.txt,01_PCB__1165.jpg,640,640,L,512,512,0.8,0.8,0.0,0.0,7
train,01_PCB__1167.png,train/images/01_PCB__1167.png,train/labels/01_PCB__1167.txt,01_PCB__1167.jpg,640,640,L,512,512,0.8,0.8,0.0,0.0,6
train,01_PCB__1168.png,train/images/01_PCB__1168.png,train/labels/01_PCB__1168.txt,01_PCB__1168.jpg,640,640,L,512,512,0.8,0.8,0.0,0.0,5
train,01_PCB__117.png,train/images/01_PCB__117.png,train/labels/01_PCB__117.txt,01_PCB__117.jpg,640,640,L,512,512,0.8,0.8,0.0,0.0,9
train,01_PCB__1171.png,train/images/01_PCB__1171.png,train/labels/01_PCB__1171.txt,01_PCB__1171.jpg,640,640,L,512,512,0.8,0.8,0.0,0.0,5
train,01_PCB__1173.png,train/images/01_PCB__1173.png,train/labels/01_PCB__1173.txt,01_PCB__1173.jpg,640,640,L,512,512,0.8,0.8,0.0,0.0,5
train,01_PCB__1174.png,train/images/01_PCB__1174.png,train/labels/01_PCB__1174.txt,01_PCB__1174.jpg,640,640,L,512,512,0.8,0.8,0.0,0.0,5
train,01_PCB__1175.png,train/images/01_PCB__1175.png,train/labels/01_PCB__1175.txt,01_PCB__1175.jpg,640,640,L,512,512,0.8,0.8,0.0,0.0,6
train,01_PCB__1176.png,train/images/01_PCB__1176.png,train/labels/01_PCB__1176.txt,01_PCB__1176.jpg,640,640,L,512,512,0.8,0.8,0.0,0.0,4
train,01_PCB__1178.png,train/images/01_PCB__1178.png,train/labels/01_PCB__1178.txt,01_PCB__1178.jpg,640,640,L,512,512,0.8,0.8,0.0,0.0,6
train,01_PCB__1180.png,train/images/01_PCB__1180.png,train/labels/01_PCB__1180.txt,01_PCB__1180.jpg,640,640,L,512,512,0.8,0.8,0.0,0.0,5
train,01_PCB__1181.png,train/images/01_PCB__1181.png,train/labels/01_PCB__1181.txt,01_PCB__1181.jpg,640,640,L,512,512,0.8,0.8,0.0,0.0,6
train,01_PCB__1182.png,train/images/01_PCB__1182.png,train/labels/01_PCB__1182.txt,01_PCB__1182.jpg,640,640,L,512,512,0.8,0.8,0.0,0.0,6
train,01_PCB__1183.png,train/images/01_PCB__1183.png,train/labels/01_PCB__1183.txt,01_PCB__1183.jpg,640,640,L,512,512,0.8,0.8,0.0,0.0,6
train,01_PCB__1185.png,train/images/01_PCB__1185.png,train/labels/01_PCB__1185.txt,01_PCB__1185.jpg,640,640,L,512,512,0.8,0.8,0.0,0.0,4
train,01_PCB__1186.png,train/images/01_PCB__1186.png,train/labels/01_PCB__1186.txt,01_PCB__1186.jpg,640,640,L,512,512,0.8,0.8,0.0,0.0,5
train,01_PCB__1188.png,train/images/01_PCB__1188.png,train/labels/01_PCB__1188.txt,01_PCB__1188.jpg,640,640,L,512,512,0.8,0.8,0.0,0.0,6
train,01_PCB__1189.png,train/images/01_PCB__1189.png,train/labels/01_PCB__1189.txt,01_PCB__1189.jpg,640,640,L,512,512,0.8,0.8,0.0,0.0,5
train,01_PCB__119.png,train/images/01_PCB__119.png,train/labels/01_PCB__119.txt,01_PCB__119.jpg,640,640,L,512,512,0.8,0.8,0.0,0.0,8
train,01_PCB__1190.png,train/images/01_PCB__1190.png,train/labels/01_PCB__1190.txt,01_PCB__1190.jpg,640,640,L,512,512,0.8,0.8,0.0,0.0,5
train,01_PCB__1191.png,train/images/01_PCB__1191.png,train/labels/01_PCB__1191.txt,01_PCB__1191.jpg,640,640,L,512,512,0.8,0.8,0.0,0.0,4
train,01_PCB__1192.png,train/images/01_PCB__1192.png,train/labels/01_PCB__1192.txt,01_PCB__1192.jpg,640,640,L,512,512,0.8,0.8,0.0,0.0,6
train,01_PCB__1193.png,train/images/01_PCB__1193.png,train/labels/01_PCB__1193.txt,01_PCB__1193.jpg,640,640,L,512,512,0.8,0.8,0.0,0.0,5
train,01_PCB__1195.png,train/images/01_PCB__1195.png,train/labels/01_PCB__1195.txt,01_PCB__1195.jpg,640,640,L,512,512,0.8,0.8,0.0,0.0,5
train,01_PCB__1196.png,train/images/01_PCB__1196.png,train/labels/01_PCB__1196.txt,01_PCB__1196.jpg,640,640,L,512,512,0.8,0.8,0.0,0.0,5
train,01_PCB__1197.png,train/images/01_PCB__1197.png,train/labels/01_PCB__1197.txt,01_PCB__1197.jpg,640,640,L,512,512,0.8,0.8,0.0,0.0,6
train,01_PCB__1198.png,train/images/01_PCB__1198.png,train/labels/01_PCB__1198.txt,01_PCB__1198.jpg,640,640,L,512,512,0.8,0.8,0.0,0.0,5
train,01_PCB__1199.png,train/images/01_PCB__1199.png,train/labels/01_PCB__1199.txt,01_PCB__1199.jpg,640,640,L,512,512,0.8,0.8,0.0,0.0,6
train,01_PCB__1200.png,train/images/01_PCB__1200.png,train/labels/01_PCB__1200.txt,01_PCB__1200.jpg,640,640,L,512,512,0.8,0.8,0.0,0.0,5
train,01_PCB__1201.png,train/images/01_PCB__1201.png,train/labels/01_PCB__1201.txt,01_PCB__1201.jpg,640,640,L,512,512,0.8,0.8,0.0,0.0,7
train,01_PCB__1202.png,train/images/01_PCB__1202.png,train/labels/01_PCB__1202.txt,01_PCB__1202.jpg,640,640,L,512,512,0.8,0.8,0.0,0.0,6
train,01_PCB__1205.png,train/images/01_PCB__1205.png,train/labels/01_PCB__1205.txt,01_PCB__1205.jpg,640,640,L,512,512,0.8,0.8,0.0,0.0,5
train,01_PCB__1206.png,train/images/01_PCB__1206.png,train/labels/01_PCB__1206.txt,01_PCB__1206.jpg,640,640,RGB,512,512,0.8,0.8,0.0,0.0,5
train,01_PCB__1207.png,train/images/01_PCB__1207.png,train/labels/01_PCB__1207.txt,01_PCB__1207.jpg,640,640,L,512,512,0.8,0.8,0.0,0.0,6
train,01_PCB__1208.png,train/images/01_PCB__1208.png,train/labels/01_PCB__1208.txt,01_PCB__1208.jpg,640,640,L,512,512,0.8,0.8,0.0,0.0,7
train,01_PCB__121.png,train/images/01_PCB__121.png,train/labels/01_PCB__121.txt,01_PCB__121.jpg,640,640,L,512,512,0.8,0.8,0.0,0.0,8
train,01_PCB__1210.png,train/images/01_PCB__1210.png,train/labels/01_PCB__1210.txt,01_PCB__1210.jpg,640,640,L,512,512,0.8,0.8,0.0,0.0,5
train,01_PCB__1211.png,train/images/01_PCB__1211.png,train/labels/01_PCB__1211.txt,01_PCB__1211.jpg,640,640,L,512,512,0.8,0.8,0.0,0.0,6
train,01_PCB__1212.png,train/images/01_PCB__1212.png,train/labels/01_PCB__1212.txt,01_PCB__1212.jpg,640,640,L,512,512,0.8,0.8,0.0,0.0,5
train,01_PCB__1213.png,train/images/01_PCB__1213.png,train/labels/01_PCB__1213.txt,01_PCB__1213.jpg,640,640,L,512,512,0.8,0.8,0.0,0.0,5
train,01_PCB__1214.png,train/images/01_PCB__1214.png,train/labels/01_PCB__1214.txt,01_PCB__1214.jpg,640,640,L,512,512,0.8,0.8,0.0,0.0,4
train,01_PCB__1215.png,train/images/01_PCB__1215.png,train/labels/01_PCB__1215.txt,01_PCB__1215.jpg,640,640,L,512,512,0.8,0.8,0.0,0.0,6
train,01_PCB__1216.png,train/images/01_PCB__1216.png,train/labels/01_PCB__1216.txt,01_PCB__1216.jpg,640,640,L,512,512,0.8,0.8,0.0,0.0,8
train,01_PCB__1217.png,train/images/01_PCB__1217.png,train/labels/01_PCB__1217.txt,01_PCB__1217.jpg,640,640,L,512,512,0.8,0.8,0.0,0.0,6
train,01_PCB__1218.png,train/images/01_PCB__1218.png,train/labels/01_PCB__1218.txt,01_PCB__1218.jpg,640,640,L,512,512,0.8,0.8,0.0,0.0,6
train,01_PCB__1219.png,train/images/01_PCB__1219.png,train/labels/01_PCB__1219.txt,01_PCB__1219.jpg,640,640,L,512,512,0.8,0.8,0.0,0.0,6
train,01_PCB__122.png,train/images/01_PCB__122.png,train/labels/01_PCB__122.txt,01_PCB__122.jpg,640,640,L,512,512,0.8,0.8,0.0,0.0,8
train,01_PCB__1221.png,train/images/01_PCB__1221.png,train/labels/01_PCB__1221.txt,01_PCB__1221.jpg,640,640,L,512,512,0.8,0.8,0.0,0.0,6
train,01_PCB__1222.png,train/images/01_PCB__1222.png,train/labels/01_PCB__1222.txt,01_PCB__1222.jpg,640,640,L,512,512,0.8,0.8,0.0,0.0,4
train,01_PCB__1223.png,train/images/01_PCB__1223.png,train/labels/01_PCB__1223.txt,01_PCB__1223.jpg,640,640,L,512,512,0.8,0.8,0.0,0.0,3
train,01_PCB__1224.png,train/images/01_PCB__1224.png,train/labels/01_PCB__1224.txt,01_PCB__1224.jpg,640,640,L,512,512,0.8,0.8,0.0,0.0,8
train,01_PCB__1225.png,train/images/01_PCB__1225.png,train/labels/01_PCB__1225.txt,01_PCB__1225.jpg,640,640,L,512,512,0.8,0.8,0.0,0.0,6
train,01_PCB__1226.png,train/images/01_PCB__1226.png,train/labels/01_PCB__1226.txt,01_PCB__1226.jpg,640,640,L,512,512,0.8,0.8,0.0,0.0,2
train,01_PCB__1227.png,train/images/01_PCB__1227.png,train/labels/01_PCB__1227.txt,01_PCB__1227.jpg,640,640,L,512,512,0.8,0.8,0.0,0.0,10
train,01_PCB__1229.png,train/images/01_PCB__1229.png,train/labels/01_PCB__1229.txt,01_PCB__1229.jpg,640,640,L,512,512,0.8,0.8,0.0,0.0,6
train,01_PCB__1230.png,train/images/01_PCB__1230.png,train/labels/01_PCB__1230.txt,01_PCB__1230.jpg,640,640,L,512,512,0.8,0.8,0.0,0.0,7
train,01_PCB__1231.png,train/images/01_PCB__1231.png,train/labels/01_PCB__1231.txt,01_PCB__1231.jpg,640,640,L,512,512,0.8,0.8,0.0,0.0,7
train,01_PCB__1232.png,train/images/01_PCB__1232.png,train/labels/01_PCB__1232.txt,01_PCB__1232.jpg,640,640,L,512,512,0.8,0.8,0.0,0.0,5
train,01_PCB__1233.png,train/images/01_PCB__1233.png,train/labels/01_PCB__1233.txt,01_PCB__1233.jpg,640,640,L,512,512,0.8,0.8,0.0,0.0,6
train,01_PCB__1235.png,train/images/01_PCB__1235.png,train/labels/01_PCB__1235.txt,01_PCB__1235.jpg,640,640,L,512,512,0.8,0.8,0.0,0.0,6
train,01_PCB__1236.png,train/images/01_PCB__1236.png,train/labels/01_PCB__1236.txt,01_PCB__1236.jpg,640,640,L,512,512,0.8,0.8,0.0,0.0,5
train,01_PCB__1237.png,train/images/01_PCB__1237.png,train/labels/01_PCB__1237.txt,01_PCB__1237.jpg,640,640,L,512,512,0.8,0.8,0.0,0.0,4
train,01_PCB__1238.png,train/images/01_PCB__1238.png,train/labels/01_PCB__1238.txt,01_PCB__1238.jpg,640,640,L,512,512,0.8,0.8,0.0,0.0,7
train,01_PCB__1239.png,train/images/01_PCB__1239.png,train/labels/01_PCB__1239.txt,01_PCB__1239.jpg,640,640,L,512,512,0.8,0.8,0.0,0.0,5
train,01_PCB__124.png,train/images/01_PCB__124.png,train/labels/01_PCB__124.txt,01_PCB__124.jpg,640,640,L,512,512,0.8,0.8,0.0,0.0,8
train,01_PCB__1240.png,train/images/01_PCB__1240.png,train/labels/01_PCB__1240.txt,01_PCB__1240.jpg,640,640,L,512,512,0.8,0.8,0.0,0.0,7
train,01_PCB__1242.png,train/images/01_PCB__1242.png,train/labels/01_PCB__1242.txt,01_PCB__1242.jpg,640,640,L,512,512,0.8,0.8,0.0,0.0,4
train,01_PCB__1243.png,train/images/01_PCB__1243.png,train/labels/01_PCB__1243.txt,01_PCB__1243.jpg,640,640,L,512,512,0.8,0.8,0.0,0.0,7
train,01_PCB__1244.png,train/images/01_PCB__1244.png,train/labels/01_PCB__1244.txt,01_PCB__1244.jpg,640,640,L,512,512,0.8,0.8,0.0,0.0,6
train,01_PCB__1245.png,train/images/01_PCB__1245.png,train/labels/01_PCB__1245.txt,01_PCB__1245.jpg,640,640,L,512,512,0.8,0.8,0.0,0.0,6
train,01_PCB__1246.png,train/images/01_PCB__1246.png,train/labels/01_PCB__1246.txt,01_PCB__1246.jpg,640,640,L,512,512,0.8,0.8,0.0,0.0,6
train,01_PCB__1247.png,train/images/01_PCB__1247.png,train/labels/01_PCB__1247.txt,01_PCB__1247.jpg,640,640,L,512,512,0.8,0.8,0.0,0.0,4
train,01_PCB__1248.png,train/images/01_PCB__1248.png,train/labels/01_PCB__1248.txt,01_PCB__1248.jpg,640,640,L,512,512,0.8,0.8,0.0,0.0,6
train,01_PCB__1249.png,train/images/01_PCB__1249.png,train/labels/01_PCB__1249.txt,01_PCB__1249.jpg,640,640,L,512,512,0.8,0.8,0.0,0.0,3
train,01_PCB__125.png,train/images/01_PCB__125.png,train/labels/01_PCB__125.txt,01_PCB__125.jpg,640,640,L,512,512,0.8,0.8,0.0,0.0,10
train,01_PCB__1250.png,train/images/01_PCB__1250.png,train/labels/01_PCB__1250.txt,01_PCB__1250.jpg,640,640,L,512,512,0.8,0.8,0.0,0.0,5
train,01_PCB__1251.png,train/images/01_PCB__1251.png,train/labels/01_PCB__1251.txt,01_PCB__1251.jpg,640,640,L,512,512,0.8,0.8,0.0,0.0,7
train,01_PCB__1252.png,train/images/01_PCB__1252.png,train/labels/01_PCB__1252.txt,01_PCB__1252.jpg,640,640,L,512,512,0.8,0.8,0.0,0.0,5
train,01_PCB__1254.png,train/images/01_PCB__1254.png,train/labels/01_PCB__1254.txt,01_PCB__1254.jpg,640,640,L,512,512,0.8,0.8,0.0,0.0,4
train,01_PCB__1256.png,train/images/01_PCB__1256.png,train/labels/01_PCB__1256.txt,01_PCB__1256.jpg,640,640,L,512,512,0.8,0.8,0.0,0.0,4
train,01_PCB__1258.png,train/images/01_PCB__1258.png,train/labels/01_PCB__1258.txt,01_PCB__1258.jpg,640,640,L,512,512,0.8,0.8,0.0,0.0,4
train,01_PCB__1259.png,train/images/01_PCB__1259.png,train/labels/01_PCB__1259.txt,01_PCB__1259.jpg,640,640,L,512,512,0.8,0.8,0.0,0.0,3
train,01_PCB__126.png,train/images/01_PCB__126.png,train/labels/01_PCB__126.txt,01_PCB__126.jpg,640,640,L,512,512,0.8,0.8,0.0,0.0,9
train,01_PCB__1260.png,train/images/01_PCB__1260.png,train/labels/01_PCB__1260.txt,01_PCB__1260.jpg,640,640,L,512,512,0.8,0.8,0.0,0.0,4
train,01_PCB__1262.png,train/images/01_PCB__1262.png,train/labels/01_PCB__1262.txt,01_PCB__1262.jpg,640,640,L,512,512,0.8,0.8,0.0,0.0,4
train,01_PCB__1263.png,train/images/01_PCB__1263.png,train/labels/01_PCB__1263.txt,01_PCB__1263.jpg,640,640,L,512,512,0.8,0.8,0.0,0.0,5
train,01_PCB__1264.png,train/images/01_PCB__1264.png,train/labels/01_PCB__1264.txt,01_PCB__1264.jpg,640,640,L,512,512,0.8,0.8,0.0,0.0,4
train,01_PCB__1265.png,train/images/01_PCB__1265.png,train/labels/01_PCB__1265.txt,01_PCB__1265.jpg,640,640,L,512,512,0.8,0.8,0.0,0.0,6
train,01_PCB__1266.png,train/images/01_PCB__1266.png,train/labels/01_PCB__1266.txt,01_PCB__1266.jpg,640,640,L,512,512,0.8,0.8,0.0,0.0,5
train,01_PCB__1267.png,train/images/01_PCB__1267.png,train/labels/01_PCB__1267.txt,01_PCB__1267.jpg,640,640,L,512,512,0.8,0.8,0.0,0.0,3
train,01_PCB__1268.png,train/images/01_PCB__1268.png,train/labels/01_PCB__1268.txt,01_PCB__1268.jpg,640,640,L,512,512,0.8,0.8,0.0,0.0,3
train,01_PCB__1269.png,train/images/01_PCB__1269.png,train/labels/01_PCB__1269.txt,01_PCB__1269.jpg,640,640,L,512,512,0.8,0.8,0.0,0.0,4
train,01_PCB__127.png,train/images/01_PCB__127.png,train/labels/01_PCB__127.txt,01_PCB__127.jpg,640,640,L,512,512,0.8,0.8,0.0,0.0,12
train,01_PCB__1270.png,train/images/01_PCB__1270.png,train/labels/01_PCB__1270.txt,01_PCB__1270.jpg,640,640,L,512,512,0.8,0.8,0.0,0.0,7
train,01_PCB__1271.png,train/images/01_PCB__1271.png,train/labels/01_PCB__1271.txt,01_PCB__1271.jpg,640,640,L,512,512,0.8,0.8,0.0,0.0,4
train,01_PCB__1272.png,train/images/01_PCB__1272.png,train/labels/01_PCB__1272.txt,01_PCB__1272.jpg,640,640,L,512,512,0.8,0.8,0.0,0.0,3
train,01_PCB__1273.png,train/images/01_PCB__1273.png,train/labels/01_PCB__1273.txt,01_PCB__1273.jpg,640,640,L,512,512,0.8,0.8,0.0,0.0,4
train,01_PCB__1274.png,train/images/01_PCB__1274.png,train/labels/01_PCB__1274.txt,01_PCB__1274.jpg,640,640,L,512,512,0.8,0.8,0.0,0.0,4
train,01_PCB__1275.png,train/images/01_PCB__1275.png,train/labels/01_PCB__1275.txt,01_PCB__1275.jpg,640,640,L,512,512,0.8,0.8,0.0,0.0,5
train,01_PCB__1276.png,train/images/01_PCB__1276.png,train/labels/01_PCB__1276.txt,01_PCB__1276.jpg,640,640,L,512,512,0.8,0.8,0.0,0.0,6
train,01_PCB__1277.png,train/images/01_PCB__1277.png,train/labels/01_PCB__1277.txt,01_PCB__1277.jpg,640,640,L,512,512,0.8,0.8,0.0,0.0,3
train,01_PCB__1278.png,train/images/01_PCB__1278.png,train/labels/01_PCB__1278.txt,01_PCB__1278.jpg,640,640,L,512,512,0.8,0.8,0.0,0.0,4
train,01_PCB__1279.png,train/images/01_PCB__1279.png,train/labels/01_PCB__1279.txt,01_PCB__1279.jpg,640,640,L,512,512,0.8,0.8,0.0,0.0,7
train,01_PCB__128.png,train/images/01_PCB__128.png,train/labels/01_PCB__128.txt,01_PCB__128.jpg,640,640,L,512,512,0.8,0.8,0.0,0.0,7
train,01_PCB__1281.png,train/images/01_PCB__1281.png,train/labels/01_PCB__1281.txt,01_PCB__1281.jpg,640,640,L,512,512,0.8,0.8,0.0,0.0,6
train,01_PCB__1282.png,train/images/01_PCB__1282.png,train/labels/01_PCB__1282.txt,01_PCB__1282.jpg,640,640,L,512,512,0.8,0.8,0.0,0.0,7
train,01_PCB__1283.png,train/images/01_PCB__1283.png,train/labels/01_PCB__1283.txt,01_PCB__1283.jpg,640,640,L,512,512,0.8,0.8,0.0,0.0,6
train,01_PCB__1286.png,train/images/01_PCB__1286.png,train/labels/01_PCB__1286.txt,01_PCB__1286.jpg,640,640,L,512,512,0.8,0.8,0.0,0.0,4
train,01_PCB__1287.png,train/images/01_PCB__1287.png,train/labels/01_PCB__1287.txt,01_PCB__1287.jpg,640,640,L,512,512,0.8,0.8,0.0,0.0,5
train,01_PCB__1288.png,train/images/01_PCB__1288.png,train/labels/01_PCB__1288.txt,01_PCB__1288.jpg,640,640,L,512,512,0.8,0.8,0.0,0.0,7
train,01_PCB__1289.png,train/images/01_PCB__1289.png,train/labels/01_PCB__1289.txt,01_PCB__1289.jpg,640,640,L,512,512,0.8,0.8,0.0,0.0,5
train,01_PCB__1290.png,train/images/01_PCB__1290.png,train/labels/01_PCB__1290.txt,01_PCB__1290.jpg,640,640,L,512,512,0.8,0.8,0.0,0.0,4
train,01_PCB__1291.png,train/images/01_PCB__1291.png,train/labels/01_PCB__1291.txt,01_PCB__1291.jpg,640,640,L,512,512,0.8,0.8,0.0,0.0,4
train,01_PCB__1294.png,train/images/01_PCB__1294.png,train/labels/01_PCB__1294.txt,01_PCB__1294.jpg,640,640,L,512,512,0.8,0.8,0.0,0.0,5
train,01_PCB__1295.png,train/images/01_PCB__1295.png,train/labels/01_PCB__1295.txt,01_PCB__1295.jpg,640,640,L,512,512,0.8,0.8,0.0,0.0,6
train,01_PCB__1297.png,train/images/01_PCB__1297.png,train/labels/01_PCB__1297.txt,01_PCB__1297.jpg,640,640,L,512,512,0.8,0.8,0.0,0.0,5
train,01_PCB__1298.png,train/images/01_PCB__1298.png,train/labels/01_PCB__1298.txt,01_PCB__1298.jpg,640,640,L,512,512,0.8,0.8,0.0,0.0,5
train,01_PCB__130.png,train/images/01_PCB__130.png,train/labels/01_PCB__130.txt,01_PCB__130.jpg,640,640,L,512,512,0.8,0.8,0.0,0.0,9
train,01_PCB__1300.png,train/images/01_PCB__1300.png,train/labels/01_PCB__1300.txt,01_PCB__1300.jpg,640,640,L,512,512,0.8,0.8,0.0,0.0,4
train,01_PCB__1303.png,train/images/01_PCB__1303.png,train/labels/01_PCB__1303.txt,01_PCB__1303.jpg,640,640,L,512,512,0.8,0.8,0.0,0.0,5
train,01_PCB__1305.png,train/images/01_PCB__1305.png,train/labels/01_PCB__1305.txt,01_PCB__1305.jpg,640,640,L,512,512,0.8,0.8,0.0,0.0,6
train,01_PCB__1306.png,train/images/01_PCB__1306.png,train/labels/01_PCB__1306.txt,01_PCB__1306.jpg,640,640,L,512,512,0.8,0.8,0.0,0.0,5
train,01_PCB__1307.png,train/images/01_PCB__1307.png,train/labels/01_PCB__1307.txt,01_PCB__1307.jpg,640,640,RGB,512,512,0.8,0.8,0.0,0.0,6
train,01_PCB__1308.png,train/images/01_PCB__1308.png,train/labels/01_PCB__1308.txt,01_PCB__1308.jpg,640,640,L,512,512,0.8,0.8,0.0,0.0,7
train,01_PCB__1309.png,train/images/01_PCB__1309.png,train/labels/01_PCB__1309.txt,01_PCB__1309.jpg,640,640,L,512,512,0.8,0.8,0.0,0.0,6
train,01_PCB__131.png,train/images/01_PCB__131.png,train/labels/01_PCB__131.txt,01_PCB__131.jpg,640,640,L,512,512,0.8,0.8,0.0,0.0,8
train,01_PCB__1310.png,train/images/01_PCB__1310.png,train/labels/01_PCB__1310.txt,01_PCB__1310.jpg,640,640,L,512,512,0.8,0.8,0.0,0.0,7
train,01_PCB__1311.png,train/images/01_PCB__1311.png,train/labels/01_PCB__1311.txt,01_PCB__1311.jpg,640,640,L,512,512,0.8,0.8,0.0,0.0,8
train,01_PCB__1312.png,train/images/01_PCB__1312.png,train/labels/01_PCB__1312.txt,01_PCB__1312.jpg,640,640,RGB,512,512,0.8,0.8,0.0,0.0,8
train,01_PCB__1314.png,train/images/01_PCB__1314.png,train/labels/01_PCB__1314.txt,01_PCB__1314.jpg,640,640,L,512,512,0.8,0.8,0.0,0.0,10
train,01_PCB__1315.png,train/images/01_PCB__1315.png,train/labels/01_PCB__1315.txt,01_PCB__1315.jpg,640,640,L,512,512,0.8,0.8,0.0,0.0,13
train,01_PCB__1316.png,train/images/01_PCB__1316.png,train/labels/01_PCB__1316.txt,01_PCB__1316.jpg,640,640,L,512,512,0.8,0.8,0.0,0.0,12
train,01_PCB__1317.png,train/images/01_PCB__1317.png,train/labels/01_PCB__1317.txt,01_PCB__1317.jpg,640,640,L,512,512,0.8,0.8,0.0,0.0,10
train,01_PCB__1318.png,train/images/01_PCB__1318.png,train/labels/01_PCB__1318.txt,01_PCB__1318.jpg,640,640,RGB,512,512,0.8,0.8,0.0,0.0,9
train,01_PCB__1319.png,train/images/01_PCB__1319.png,train/labels/01_PCB__1319.txt,01_PCB__1319.jpg,640,640,L,512,512,0.8,0.8,0.0,0.0,9
train,01_PCB__132.png,train/images/01_PCB__132.png,train/labels/01_PCB__132.txt,01_PCB__132.jpg,640,640,L,512,512,0.8,0.8,0.0,0.0,8
train,01_PCB__1320.png,train/images/01_PCB__1320.png,train/labels/01_PCB__1320.txt,01_PCB__1320.jpg,640,640,L,512,512,0.8,0.8,0.0,0.0,9
train,01_PCB__1321.png,train/images/01_PCB__1321.png,train/labels/01_PCB__1321.txt,01_PCB__1321.jpg,640,640,L,512,512,0.8,0.8,0.0,0.0,9
train,01_PCB__1322.png,train/images/01_PCB__1322.png,train/labels/01_PCB__1322.txt,01_PCB__1322.jpg,640,640,RGB,512,512,0.8,0.8,0.0,0.0,8
train,01_PCB__1323.png,train/images/01_PCB__1323.png,train/labels/01_PCB__1323.txt,01_PCB__1323.jpg,640,640,RGB,512,512,0.8,0.8,0.0,0.0,8
train,01_PCB__1324.png,train/images/01_PCB__1324.png,train/labels/01_PCB__1324.txt,01_PCB__1324.jpg,640,640,L,512,512,0.8,0.8,0.0,0.0,10
train,01_PCB__1325.png,train/images/01_PCB__1325.png,train/labels/01_PCB__1325.txt,01_PCB__1325.jpg,640,640,L,512,512,0.8,0.8,0.0,0.0,8
train,01_PCB__1326.png,train/images/01_PCB__1326.png,train/labels/01_PCB__1326.txt,01_PCB__1326.jpg,640,640,L,512,512,0.8,0.8,0.0,0.0,7
train,01_PCB__1328.png,train/images/01_PCB__1328.png,train/labels/01_PCB__1328.txt,01_PCB__1328.jpg,640,640,L,512,512,0.8,0.8,0.0,0.0,6
train,01_PCB__1329.png,train/images/01_PCB__1329.png,train/labels/01_PCB__1329.txt,01_PCB__1329.jpg,640,640,L,512,512,0.8,0.8,0.0,0.0,6
train,01_PCB__133.png,train/images/01_PCB__133.png,train/labels/01_PCB__133.txt,01_PCB__133.jpg,640,640,L,512,512,0.8,0.8,0.0,0.0,9
train,01_PCB__1330.png,train/images/01_PCB__1330.png,train/labels/01_PCB__1330.txt,01_PCB__1330.jpg,640,640,RGB,512,512,0.8,0.8,0.0,0.0,5
train,01_PCB__1331.png,train/images/01_PCB__1331.png,train/labels/01_PCB__1331.txt,01_PCB__1331.jpg,640,640,RGB,512,512,0.8,0.8,0.0,0.0,5
train,01_PCB__1332.png,train/images/01_PCB__1332.png,train/labels/01_PCB__1332.txt,01_PCB__1332.jpg,640,640,L,512,512,0.8,0.8,0.0,0.0,4
train,01_PCB__1333.png,train/images/01_PCB__1333.png,train/labels/01_PCB__1333.txt,01_PCB__1333.jpg,640,640,L,512,512,0.8,0.8,0.0,0.0,5
train,01_PCB__1334.png,train/images/01_PCB__1334.png,train/labels/01_PCB__1334.txt,01_PCB__1334.jpg,640,640,L,512,512,0.8,0.8,0.0,0.0,5
train,01_PCB__1335.png,train/images/01_PCB__1335.png,train/labels/01_PCB__1335.txt,01_PCB__1335.jpg,640,640,L,512,512,0.8,0.8,0.0,0.0,5
train,01_PCB__1337.png,train/images/01_PCB__1337.png,train/labels/01_PCB__1337.txt,01_PCB__1337.jpg,640,640,L,512,512,0.8,0.8,0.0,0.0,7
train,01_PCB__1338.png,train/images/01_PCB__1338.png,train/labels/01_PCB__1338.txt,01_PCB__1338.jpg,640,640,L,512,512,0.8,0.8,0.0,0.0,5
train,01_PCB__1339.png,train/images/01_PCB__1339.png,train/labels/01_PCB__1339.txt,01_PCB__1339.jpg,640,640,L,512,512,0.8,0.8,0.0,0.0,6
train,01_PCB__134.png,train/images/01_PCB__134.png,train/labels/01_PCB__134.txt,01_PCB__134.jpg,640,640,L,512,512,0.8,0.8,0.0,0.0,6
train,01_PCB__1340.png,train/images/01_PCB__1340.png,train/labels/01_PCB__1340.txt,01_PCB__1340.jpg,640,640,L,512,512,0.8,0.8,0.0,0.0,5
train,01_PCB__1341.png,train/images/01_PCB__1341.png,train/labels/01_PCB__1341.txt,01_PCB__1341.jpg,640,640,L,512,512,0.8,0.8,0.0,0.0,5
train,01_PCB__1342.png,train/images/01_PCB__1342.png,train/labels/01_PCB__1342.txt,01_PCB__1342.jpg,640,640,L,512,512,0.8,0.8,0.0,0.0,5
train,01_PCB__1343.png,train/images/01_PCB__1343.png,train/labels/01_PCB__1343.txt,01_PCB__1343.jpg,640,640,L,512,512,0.8,0.8,0.0,0.0,5
train,01_PCB__1344.png,train/images/01_PCB__1344.png,train/labels/01_PCB__1344.txt,01_PCB__1344.jpg,640,640,L,512,512,0.8,0.8,0.0,0.0,6
train,01_PCB__1345.png,train/images/01_PCB__1345.png,train/labels/01_PCB__1345.txt,01_PCB__1345.jpg,640,640,L,512,512,0.8,0.8,0.0,0.0,5
train,01_PCB__1346.png,train/images/01_PCB__1346.png,train/labels/01_PCB__1346.txt,01_PCB__1346.jpg,640,640,L,512,512,0.8,0.8,0.0,0.0,6
train,01_PCB__1347.png,train/images/01_PCB__1347.png,train/labels/01_PCB__1347.txt,01_PCB__1347.jpg,640,640,L,512,512,0.8,0.8,0.0,0.0,6
train,01_PCB__135.png,train/images/01_PCB__135.png,train/labels/01_PCB__135.txt,01_PCB__135.jpg,640,640,L,512,512,0.8,0.8,0.0,0.0,7
train,01_PCB__1350.png,train/images/01_PCB__1350.png,train/labels/01_PCB__1350.txt,01_PCB__1350.jpg,640,640,L,512,512,0.8,0.8,0.0,0.0,5
train,01_PCB__1353.png,train/images/01_PCB__1353.png,train/labels/01_PCB__1353.txt,01_PCB__1353.jpg,640,640,L,512,512,0.8,0.8,0.0,0.0,8
train,01_PCB__1354.png,train/images/01_PCB__1354.png,train/labels/01_PCB__1354.txt,01_PCB__1354.jpg,640,640,L,512,512,0.8,0.8,0.0,0.0,8
train,01_PCB__1355.png,train/images/01_PCB__1355.png,train/labels/01_PCB__1355.txt,01_PCB__1355.jpg,640,640,L,512,512,0.8,0.8,0.0,0.0,5
train,01_PCB__1356.png,train/images/01_PCB__1356.png,train/labels/01_PCB__1356.txt,01_PCB__1356.jpg,640,640,L,512,512,0.8,0.8,0.0,0.0,6
train,01_PCB__1357.png,train/images/01_PCB__1357.png,train/labels/01_PCB__1357.txt,01_PCB__1357.jpg,640,640,L,512,512,0.8,0.8,0.0,0.0,7
train,01_PCB__1358.png,train/images/01_PCB__1358.png,train/labels/01_PCB__1358.txt,01_PCB__1358.jpg,640,640,L,512,512,0.8,0.8,0.0,0.0,6
train,01_PCB__1359.png,train/images/01_PCB__1359.png,train/labels/01_PCB__1359.txt,01_PCB__1359.jpg,640,640,L,512,512,0.8,0.8,0.0,0.0,10
train,01_PCB__136.png,train/images/01_PCB__136.png,train/labels/01_PCB__136.txt,01_PCB__136.jpg,640,640,L,512,512,0.8,0.8,0.0,0.0,7
train,01_PCB__1360.png,train/images/01_PCB__1360.png,train/labels/01_PCB__1360.txt,01_PCB__1360.jpg,640,640,L,512,512,0.8,0.8,0.0,0.0,6
train,01_PCB__1361.png,train/images/01_PCB__1361.png,train/labels/01_PCB__1361.txt,01_PCB__1361.jpg,640,640,L,512,512,0.8,0.8,0.0,0.0,5
train,01_PCB__1362.png,train/images/01_PCB__1362.png,train/labels/01_PCB__1362.txt,01_PCB__1362.jpg,640,640,L,512,512,0.8,0.8,0.0,0.0,6
train,01_PCB__1363.png,train/images/01_PCB__1363.png,train/labels/01_PCB__1363.txt,01_PCB__1363.jpg,640,640,L,512,512,0.8,0.8,0.0,0.0,6
train,01_PCB__1364.png,train/images/01_PCB__1364.png,train/labels/01_PCB__1364.txt,01_PCB__1364.jpg,640,640,L,512,512,0.8,0.8,0.0,0.0,6
train,01_PCB__1366.png,train/images/01_PCB__1366.png,train/labels/01_PCB__1366.txt,01_PCB__1366.jpg,640,640,L,512,512,0.8,0.8,0.0,0.0,6
train,01_PCB__1367.png,train/images/01_PCB__1367.png,train/labels/01_PCB__1367.txt,01_PCB__1367.jpg,640,640,L,512,512,0.8,0.8,0.0,0.0,7
train,01_PCB__1368.png,train/images/01_PCB__1368.png,train/labels/01_PCB__1368.txt,01_PCB__1368.jpg,640,640,L,512,512,0.8,0.8,0.0,0.0,5
train,01_PCB__137.png,train/images/01_PCB__137.png,train/labels/01_PCB__137.txt,01_PCB__137.jpg,640,640,L,512,512,0.8,0.8,0.0,0.0,11
train,01_PCB__1370.png,train/images/01_PCB__1370.png,train/labels/01_PCB__1370.txt,01_PCB__1370.jpg,640,640,L,512,512,0.8,0.8,0.0,0.0,7
train,01_PCB__1371.png,train/images/01_PCB__1371.png,train/labels/01_PCB__1371.txt,01_PCB__1371.jpg,640,640,L,512,512,0.8,0.8,0.0,0.0,5
train,01_PCB__1372.png,train/images/01_PCB__1372.png,train/labels/01_PCB__1372.txt,01_PCB__1372.jpg,640,640,L,512,512,0.8,0.8,0.0,0.0,6
train,01_PCB__1373.png,train/images/01_PCB__1373.png,train/labels/01_PCB__1373.txt,01_PCB__1373.jpg,640,640,L,512,512,0.8,0.8,0.0,0.0,6
train,01_PCB__1374.png,train/images/01_PCB__1374.png,train/labels/01_PCB__1374.txt,01_PCB__1374.jpg,640,640,L,512,512,0.8,0.8,0.0,0.0,5
train,01_PCB__1375.png,train/images/01_PCB__1375.png,train/labels/01_PCB__1375.txt,01_PCB__1375.jpg,640,640,L,512,512,0.8,0.8,0.0,0.0,6
train,01_PCB__1376.png,train/images/01_PCB__1376.png,train/labels/01_PCB__1376.txt,01_PCB__1376.jpg,640,640,L,512,512,0.8,0.8,0.0,0.0,5
train,01_PCB__1377.png,train/images/01_PCB__1377.png,train/labels/01_PCB__1377.txt,01_PCB__1377.jpg,640,640,L,512,512,0.8,0.8,0.0,0.0,5
train,01_PCB__1378.png,train/images/01_PCB__1378.png,train/labels/01_PCB__1378.txt,01_PCB__1378.jpg,640,640,L,512,512,0.8,0.8,0.0,0.0,6
train,01_PCB__1379.png,train/images/01_PCB__1379.png,train/labels/01_PCB__1379.txt,01_PCB__1379.jpg,640,640,L,512,512,0.8,0.8,0.0,0.0,6
train,01_PCB__138.png,train/images/01_PCB__138.png,train/labels/01_PCB__138.txt,01_PCB__138.jpg,640,640,L,512,512,0.8,0.8,0.0,0.0,9
train,01_PCB__1380.png,train/images/01_PCB__1380.png,train/labels/01_PCB__1380.txt,01_PCB__1380.jpg,640,640,L,512,512,0.8,0.8,0.0,0.0,4
train,01_PCB__1381.png,train/images/01_PCB__1381.png,train/labels/01_PCB__1381.txt,01_PCB__1381.jpg,640,640,L,512,512,0.8,0.8,0.0,0.0,7
train,01_PCB__1382.png,train/images/01_PCB__1382.png,train/labels/01_PCB__1382.txt,01_PCB__1382.jpg,640,640,L,512,512,0.8,0.8,0.0,0.0,7
train,01_PCB__1383.png,train/images/01_PCB__1383.png,train/labels/01_PCB__1383.txt,01_PCB__1383.jpg,640,640,L,512,512,0.8,0.8,0.0,0.0,5
train,01_PCB__1384.png,train/images/01_PCB__1384.png,train/labels/01_PCB__1384.txt,01_PCB__1384.jpg,640,640,RGB,512,512,0.8,0.8,0.0,0.0,8
train,01_PCB__1386.png,train/images/01_PCB__1386.png,train/labels/01_PCB__1386.txt,01_PCB__1386.jpg,640,640,L,512,512,0.8,0.8,0.0,0.0,5
train,01_PCB__1387.png,train/images/01_PCB__1387.png,train/labels/01_PCB__1387.txt,01_PCB__1387.jpg,640,640,L,512,512,0.8,0.8,0.0,0.0,6
train,01_PCB__139.png,train/images/01_PCB__139.png,train/labels/01_PCB__139.txt,01_PCB__139.jpg,640,640,L,512,512,0.8,0.8,0.0,0.0,8
train,01_PCB__1391.png,train/images/01_PCB__1391.png,train/labels/01_PCB__1391.txt,01_PCB__1391.jpg,640,640,L,512,512,0.8,0.8,0.0,0.0,4
train,01_PCB__1394.png,train/images/01_PCB__1394.png,train/labels/01_PCB__1394.txt,01_PCB__1394.jpg,640,640,L,512,512,0.8,0.8,0.0,0.0,6
train,01_PCB__1396.png,train/images/01_PCB__1396.png,train/labels/01_PCB__1396.txt,01_PCB__1396.jpg,640,640,L,512,512,0.8,0.8,0.0,0.0,5
train,01_PCB__1397.png,train/images/01_PCB__1397.png,train/labels/01_PCB__1397.txt,01_PCB__1397.jpg,640,640,L,512,512,0.8,0.8,0.0,0.0,8
train,01_PCB__1398.png,train/images/01_PCB__1398.png,train/labels/01_PCB__1398.txt,01_PCB__1398.jpg,640,640,L,512,512,0.8,0.8,0.0,0.0,7
train,01_PCB__1399.png,train/images/01_PCB__1399.png,train/labels/01_PCB__1399.txt,01_PCB__1399.jpg,640,640,L,512,512,0.8,0.8,0.0,0.0,6
train,01_PCB__140.png,train/images/01_PCB__140.png,train/labels/01_PCB__140.txt,01_PCB__140.jpg,640,640,L,512,512,0.8,0.8,0.0,0.0,8
train,01_PCB__1401.png,train/images/01_PCB__1401.png,train/labels/01_PCB__1401.txt,01_PCB__1401.jpg,640,640,L,512,512,0.8,0.8,0.0,0.0,5
train,01_PCB__1403.png,train/images/01_PCB__1403.png,train/labels/01_PCB__1403.txt,01_PCB__1403.jpg,640,640,L,512,512,0.8,0.8,0.0,0.0,6
train,01_PCB__1405.png,train/images/01_PCB__1405.png,train/labels/01_PCB__1405.txt,01_PCB__1405.jpg,640,640,L,512,512,0.8,0.8,0.0,0.0,6
train,01_PCB__1406.png,train/images/01_PCB__1406.png,train/labels/01_PCB__1406.txt,01_PCB__1406.jpg,640,640,L,512,512,0.8,0.8,0.0,0.0,4
train,01_PCB__1407.png,train/images/01_PCB__1407.png,train/labels/01_PCB__1407.txt,01_PCB__1407.jpg,640,640,L,512,512,0.8,0.8,0.0,0.0,5
train,01_PCB__1408.png,train/images/01_PCB__1408.png,train/labels/01_PCB__1408.txt,01_PCB__1408.jpg,640,640,L,512,512,0.8,0.8,0.0,0.0,5
train,01_PCB__1409.png,train/images/01_PCB__1409.png,train/labels/01_PCB__1409.txt,01_PCB__1409.jpg,640,640,L,512,512,0.8,0.8,0.0,0.0,6
train,01_PCB__1410.png,train/images/01_PCB__1410.png,train/labels/01_PCB__1410.txt,01_PCB__1410.jpg,640,640,L,512,512,0.8,0.8,0.0,0.0,5
train,01_PCB__1411.png,train/images/01_PCB__1411.png,train/labels/01_PCB__1411.txt,01_PCB__1411.jpg,640,640,L,512,512,0.8,0.8,0.0,0.0,8
train,01_PCB__1413.png,train/images/01_PCB__1413.png,train/labels/01_PCB__1413.txt,01_PCB__1413.jpg,640,640,L,512,512,0.8,0.8,0.0,0.0,5
train,01_PCB__1414.png,train/images/01_PCB__1414.png,train/labels/01_PCB__1414.txt,01_PCB__1414.jpg,640,640,L,512,512,0.8,0.8,0.0,0.0,5
train,01_PCB__1415.png,train/images/01_PCB__1415.png,train/labels/01_PCB__1415.txt,01_PCB__1415.jpg,640,640,L,512,512,0.8,0.8,0.0,0.0,6
train,01_PCB__1416.png,train/images/01_PCB__1416.png,train/labels/01_PCB__1416.txt,01_PCB__1416.jpg,640,640,L,512,512,0.8,0.8,0.0,0.0,6
train,01_PCB__1417.png,train/images/01_PCB__1417.png,train/labels/01_PCB__1417.txt,01_PCB__1417.jpg,640,640,L,512,512,0.8,0.8,0.0,0.0,5
train,01_PCB__1419.png,train/images/01_PCB__1419.png,train/labels/01_PCB__1419.txt,01_PCB__1419.jpg,640,640,L,512,512,0.8,0.8,0.0,0.0,3
train,01_PCB__1421.png,train/images/01_PCB__1421.png,train/labels/01_PCB__1421.txt,01_PCB__1421.jpg,640,640,L,512,512,0.8,0.8,0.0,0.0,6
train,01_PCB__1423.png,train/images/01_PCB__1423.png,train/labels/01_PCB__1423.txt,01_PCB__1423.jpg,640,640,L,512,512,0.8,0.8,0.0,0.0,6
train,01_PCB__1424.png,train/images/01_PCB__1424.png,train/labels/01_PCB__1424.txt,01_PCB__1424.jpg,640,640,L,512,512,0.8,0.8,0.0,0.0,4
train,01_PCB__1425.png,train/images/01_PCB__1425.png,train/labels/01_PCB__1425.txt,01_PCB__1425.jpg,640,640,L,512,512,0.8,0.8,0.0,0.0,6
train,01_PCB__1426.png,train/images/01_PCB__1426.png,train/labels/01_PCB__1426.txt,01_PCB__1426.jpg,640,640,L,512,512,0.8,0.8,0.0,0.0,4
train,01_PCB__1428.png,train/images/01_PCB__1428.png,train/labels/01_PCB__1428.txt,01_PCB__1428.jpg,640,640,L,512,512,0.8,0.8,0.0,0.0,7
train,01_PCB__1429.png,train/images/01_PCB__1429.png,train/labels/01_PCB__1429.txt,01_PCB__1429.jpg,640,640,L,512,512,0.8,0.8,0.0,0.0,4
train,01_PCB__143.png,train/images/01_PCB__143.png,train/labels/01_PCB__143.txt,01_PCB__143.jpg,640,640,L,512,512,0.8,0.8,0.0,0.0,6
train,01_PCB__1430.png,train/images/01_PCB__1430.png,train/labels/01_PCB__1430.txt,01_PCB__1430.jpg,640,640,L,512,512,0.8,0.8,0.0,0.0,5
train,01_PCB__1431.png,train/images/01_PCB__1431.png,train/labels/01_PCB__1431.txt,01_PCB__1431.jpg,640,640,L,512,512,0.8,0.8,0.0,0.0,4
train,01_PCB__1432.png,train/images/01_PCB__1432.png,train/labels/01_PCB__1432.txt,01_PCB__1432.jpg,640,640,L,512,512,0.8,0.8,0.0,0.0,5
train,01_PCB__1433.png,train/images/01_PCB__1433.png,train/labels/01_PCB__1433.txt,01_PCB__1433.jpg,640,640,L,512,512,0.8,0.8,0.0,0.0,4
train,01_PCB__1435.png,train/images/01_PCB__1435.png,train/labels/01_PCB__1435.txt,01_PCB__1435.jpg,640,640,L,512,512,0.8,0.8,0.0,0.0,5
train,01_PCB__1436.png,train/images/01_PCB__1436.png,train/labels/01_PCB__1436.txt,01_PCB__1436.jpg,640,640,L,512,512,0.8,0.8,0.0,0.0,6
train,01_PCB__1438.png,train/images/01_PCB__1438.png,train/labels/01_PCB__1438.txt,01_PCB__1438.jpg,640,640,L,512,512,0.8,0.8,0.0,0.0,7
train,01_PCB__1439.png,train/images/01_PCB__1439.png,train/labels/01_PCB__1439.txt,01_PCB__1439.jpg,640,640,L,512,512,0.8,0.8,0.0,0.0,4
train,01_PCB__1440.png,train/images/01_PCB__1440.png,train/labels/01_PCB__1440.txt,01_PCB__1440.jpg,640,640,L,512,512,0.8,0.8,0.0,0.0,8
train,01_PCB__1441.png,train/images/01_PCB__1441.png,train/labels/01_PCB__1441.txt,01_PCB__1441.jpg,640,640,L,512,512,0.8,0.8,0.0,0.0,6
train,01_PCB__1443.png,train/images/01_PCB__1443.png,train/labels/01_PCB__1443.txt,01_PCB__1443.jpg,640,640,L,512,512,0.8,0.8,0.0,0.0,5
train,01_PCB__1444.png,train/images/01_PCB__1444.png,train/labels/01_PCB__1444.txt,01_PCB__1444.jpg,640,640,L,512,512,0.8,0.8,0.0,0.0,6
train,01_PCB__1445.png,train/images/01_PCB__1445.png,train/labels/01_PCB__1445.txt,01_PCB__1445.jpg,640,640,L,512,512,0.8,0.8,0.0,0.0,7
train,01_PCB__1447.png,train/images/01_PCB__1447.png,train/labels/01_PCB__1447.txt,01_PCB__1447.jpg,640,640,L,512,512,0.8,0.8,0.0,0.0,6
train,01_PCB__1448.png,train/images/01_PCB__1448.png,train/labels/01_PCB__1448.txt,01_PCB__1448.jpg,640,640,L,512,512,0.8,0.8,0.0,0.0,6
train,01_PCB__1449.png,train/images/01_PCB__1449.png,train/labels/01_PCB__1449.txt,01_PCB__1449.jpg,640,640,L,512,512,0.8,0.8,0.0,0.0,4
train,01_PCB__1450.png,train/images/01_PCB__1450.png,train/labels/01_PCB__1450.txt,01_PCB__1450.jpg,640,640,L,512,512,0.8,0.8,0.0,0.0,6
train,01_PCB__1451.png,train/images/01_PCB__1451.png,train/labels/01_PCB__1451.txt,01_PCB__1451.jpg,640,640,L,512,512,0.8,0.8,0.0,0.0,6
train,01_PCB__1452.png,train/images/01_PCB__1452.png,train/labels/01_PCB__1452.txt,01_PCB__1452.jpg,640,640,L,512,512,0.8,0.8,0.0,0.0,7
train,01_PCB__1454.png,train/images/01_PCB__1454.png,train/labels/01_PCB__1454.txt,01_PCB__1454.jpg,640,640,L,512,512,0.8,0.8,0.0,0.0,6
train,01_PCB__1456.png,train/images/01_PCB__1456.png,train/labels/01_PCB__1456.txt,01_PCB__1456.jpg,640,640,L,512,512,0.8,0.8,0.0,0.0,7
train,01_PCB__1458.png,train/images/01_PCB__1458.png,train/labels/01_PCB__1458.txt,01_PCB__1458.jpg,640,640,L,512,512,0.8,0.8,0.0,0.0,7
train,01_PCB__146.png,train/images/01_PCB__146.png,train/labels/01_PCB__146.txt,01_PCB__146.jpg,640,640,L,512,512,0.8,0.8,0.0,0.0,8
train,01_PCB__1460.png,train/images/01_PCB__1460.png,train/labels/01_PCB__1460.txt,01_PCB__1460.jpg,640,640,L,512,512,0.8,0.8,0.0,0.0,7
train,01_PCB__1462.png,train/images/01_PCB__1462.png,train/labels/01_PCB__1462.txt,01_PCB__1462.jpg,640,640,L,512,512,0.8,0.8,0.0,0.0,6
train,01_PCB__1463.png,train/images/01_PCB__1463.png,train/labels/01_PCB__1463.txt,01_PCB__1463.jpg,640,640,L,512,512,0.8,0.8,0.0,0.0,3
train,01_PCB__1464.png,train/images/01_PCB__1464.png,train/labels/01_PCB__1464.txt,01_PCB__1464.jpg,640,640,L,512,512,0.8,0.8,0.0,0.0,5
train,01_PCB__1465.png,train/images/01_PCB__1465.png,train/labels/01_PCB__1465.txt,01_PCB__1465.jpg,640,640,L,512,512,0.8,0.8,0.0,0.0,5
train,01_PCB__1466.png,train/images/01_PCB__1466.png,train/labels/01_PCB__1466.txt,01_PCB__1466.jpg,640,640,L,512,512,0.8,0.8,0.0,0.0,4
train,01_PCB__1467.png,train/images/01_PCB__1467.png,train/labels/01_PCB__1467.txt,01_PCB__1467.jpg,640,640,L,512,512,0.8,0.8,0.0,0.0,5
train,01_PCB__1468.png,train/images/01_PCB__1468.png,train/labels/01_PCB__1468.txt,01_PCB__1468.jpg,640,640,L,512,512,0.8,0.8,0.0,0.0,4
train,01_PCB__1469.png,train/images/01_PCB__1469.png,train/labels/01_PCB__1469.txt,01_PCB__1469.jpg,640,640,L,512,512,0.8,0.8,0.0,0.0,5
train,01_PCB__147.png,train/images/01_PCB__147.png,train/labels/01_PCB__147.txt,01_PCB__147.jpg,640,640,L,512,512,0.8,0.8,0.0,0.0,8
train,01_PCB__1470.png,train/images/01_PCB__1470.png,train/labels/01_PCB__1470.txt,01_PCB__1470.jpg,640,640,L,512,512,0.8,0.8,0.0,0.0,6
train,01_PCB__1471.png,train/images/01_PCB__1471.png,train/labels/01_PCB__1471.txt,01_PCB__1471.jpg,640,640,L,512,512,0.8,0.8,0.0,0.0,4
train,01_PCB__1472.png,train/images/01_PCB__1472.png,train/labels/01_PCB__1472.txt,01_PCB__1472.jpg,640,640,L,512,512,0.8,0.8,0.0,0.0,5
train,01_PCB__1473.png,train/images/01_PCB__1473.png,train/labels/01_PCB__1473.txt,01_PCB__1473.jpg,640,640,L,512,512,0.8,0.8,0.0,0.0,6
train,01_PCB__1474.png,train/images/01_PCB__1474.png,train/labels/01_PCB__1474.txt,01_PCB__1474.jpg,640,640,L,512,512,0.8,0.8,0.0,0.0,5
train,01_PCB__1475.png,train/images/01_PCB__1475.png,train/labels/01_PCB__1475.txt,01_PCB__1475.jpg,640,640,L,512,512,0.8,0.8,0.0,0.0,7
train,01_PCB__1476.png,train/images/01_PCB__1476.png,train/labels/01_PCB__1476.txt,01_PCB__1476.jpg,640,640,L,512,512,0.8,0.8,0.0,0.0,4
train,01_PCB__1477.png,train/images/01_PCB__1477.png,train/labels/01_PCB__1477.txt,01_PCB__1477.jpg,640,640,L,512,512,0.8,0.8,0.0,0.0,7
train,01_PCB__1478.png,train/images/01_PCB__1478.png,train/labels/01_PCB__1478.txt,01_PCB__1478.jpg,640,640,L,512,512,0.8,0.8,0.0,0.0,5
train,01_PCB__1479.png,train/images/01_PCB__1479.png,train/labels/01_PCB__1479.txt,01_PCB__1479.jpg,640,640,L,512,512,0.8,0.8,0.0,0.0,5
train,01_PCB__148.png,train/images/01_PCB__148.png,train/labels/01_PCB__148.txt,01_PCB__148.jpg,640,640,L,512,512,0.8,0.8,0.0,0.0,9
train,01_PCB__1480.png,train/images/01_PCB__1480.png,train/labels/01_PCB__1480.txt,01_PCB__1480.jpg,640,640,L,512,512,0.8,0.8,0.0,0.0,6
train,01_PCB__1481.png,train/images/01_PCB__1481.png,train/labels/01_PCB__1481.txt,01_PCB__1481.jpg,640,640,L,512,512,0.8,0.8,0.0,0.0,5
train,01_PCB__1482.png,train/images/01_PCB__1482.png,train/labels/01_PCB__1482.txt,01_PCB__1482.jpg,640,640,L,512,512,0.8,0.8,0.0,0.0,7
train,01_PCB__1485.png,train/images/01_PCB__1485.png,train/labels/01_PCB__1485.txt,01_PCB__1485.jpg,640,640,L,512,512,0.8,0.8,0.0,0.0,6
train,01_PCB__1489.png,train/images/01_PCB__1489.png,train/labels/01_PCB__1489.txt,01_PCB__1489.jpg,640,640,L,512,512,0.8,0.8,0.0,0.0,4
train,01_PCB__149.png,train/images/01_PCB__149.png,train/labels/01_PCB__149.txt,01_PCB__149.jpg,640,640,L,512,512,0.8,0.8,0.0,0.0,9
train,01_PCB__1491.png,train/images/01_PCB__1491.png,train/labels/01_PCB__1491.txt,01_PCB__1491.jpg,640,640,L,512,512,0.8,0.8,0.0,0.0,5
train,01_PCB__1493.png,train/images/01_PCB__1493.png,train/labels/01_PCB__1493.txt,01_PCB__1493.jpg,640,640,L,512,512,0.8,0.8,0.0,0.0,7
train,01_PCB__1494.png,train/images/01_PCB__1494.png,train/labels/01_PCB__1494.txt,01_PCB__1494.jpg,640,640,L,512,512,0.8,0.8,0.0,0.0,4
train,01_PCB__1495.png,train/images/01_PCB__1495.png,train/labels/01_PCB__1495.txt,01_PCB__1495.jpg,640,640,L,512,512,0.8,0.8,0.0,0.0,5
train,01_PCB__1497.png,train/images/01_PCB__1497.png,train/labels/01_PCB__1497.txt,01_PCB__1497.jpg,640,640,L,512,512,0.8,0.8,0.0,0.0,6
train,01_PCB__1498.png,train/images/01_PCB__1498.png,train/labels/01_PCB__1498.txt,01_PCB__1498.jpg,640,640,L,512,512,0.8,0.8,0.0,0.0,8
train,01_PCB__1499.png,train/images/01_PCB__1499.png,train/labels/01_PCB__1499.txt,01_PCB__1499.jpg,640,640,L,512,512,0.8,0.8,0.0,0.0,4
train,01_PCB__15.png,train/images/01_PCB__15.png,train/labels/01_PCB__15.txt,01_PCB__15.jpg,640,640,L,512,512,0.8,0.8,0.0,0.0,10
train,01_PCB__150.png,train/images/01_PCB__150.png,train/labels/01_PCB__150.txt,01_PCB__150.jpg,640,640,L,512,512,0.8,0.8,0.0,0.0,9
train,01_PCB__1500.png,train/images/01_PCB__1500.png,train/labels/01_PCB__1500.txt,01_PCB__1500.jpg,640,640,L,512,512,0.8,0.8,0.0,0.0,6
train,01_PCB__151.png,train/images/01_PCB__151.png,train/labels/01_PCB__151.txt,01_PCB__151.jpg,640,640,RGB,512,512,0.8,0.8,0.0,0.0,6
train,01_PCB__152.png,train/images/01_PCB__152.png,train/labels/01_PCB__152.txt,01_PCB__152.jpg,640,640,L,512,512,0.8,0.8,0.0,0.0,7
train,01_PCB__153.png,train/images/01_PCB__153.png,train/labels/01_PCB__153.txt,01_PCB__153.jpg,640,640,L,512,512,0.8,0.8,0.0,0.0,9
train,01_PCB__154.png,train/images/01_PCB__154.png,train/labels/01_PCB__154.txt,01_PCB__154.jpg,640,640,L,512,512,0.8,0.8,0.0,0.0,7
train,01_PCB__156.png,train/images/01_PCB__156.png,train/labels/01_PCB__156.txt,01_PCB__156.jpg,640,640,L,512,512,0.8,0.8,0.0,0.0,9
train,01_PCB__157.png,train/images/01_PCB__157.png,train/labels/01_PCB__157.txt,01_PCB__157.jpg,640,640,L,512,512,0.8,0.8,0.0,0.0,9
train,01_PCB__158.png,train/images/01_PCB__158.png,train/labels/01_PCB__158.txt,01_PCB__158.jpg,640,640,L,512,512,0.8,0.8,0.0,0.0,5
train,01_PCB__159.png,train/images/01_PCB__159.png,train/labels/01_PCB__159.txt,01_PCB__159.jpg,640,640,L,512,512,0.8,0.8,0.0,0.0,8
train,01_PCB__16.png,train/images/01_PCB__16.png,train/labels/01_PCB__16.txt,01_PCB__16.jpg,640,640,L,512,512,0.8,0.8,0.0,0.0,5
train,01_PCB__162.png,train/images/01_PCB__162.png,train/labels/01_PCB__162.txt,01_PCB__162.jpg,640,640,L,512,512,0.8,0.8,0.0,0.0,9
train,01_PCB__163.png,train/images/01_PCB__163.png,train/labels/01_PCB__163.txt,01_PCB__163.jpg,640,640,L,512,512,0.8,0.8,0.0,0.0,7
train,01_PCB__164.png,train/images/01_PCB__164.png,train/labels/01_PCB__164.txt,01_PCB__164.jpg,640,640,L,512,512,0.8,0.8,0.0,0.0,7
train,01_PCB__165.png,train/images/01_PCB__165.png,train/labels/01_PCB__165.txt,01_PCB__165.jpg,640,640,L,512,512,0.8,0.8,0.0,0.0,9
train,01_PCB__166.png,train/images/01_PCB__166.png,train/labels/01_PCB__166.txt,01_PCB__166.jpg,640,640,L,512,512,0.8,0.8,0.0,0.0,7
train,01_PCB__167.png,train/images/01_PCB__167.png,train/labels/01_PCB__167.txt,01_PCB__167.jpg,640,640,L,512,512,0.8,0.8,0.0,0.0,8
train,01_PCB__168.png,train/images/01_PCB__168.png,train/labels/01_PCB__168.txt,01_PCB__168.jpg,640,640,L,512,512,0.8,0.8,0.0,0.0,7
train,01_PCB__169.png,train/images/01_PCB__169.png,train/labels/01_PCB__169.txt,01_PCB__169.jpg,640,640,L,512,512,0.8,0.8,0.0,0.0,8
train,01_PCB__17.png,train/images/01_PCB__17.png,train/labels/01_PCB__17.txt,01_PCB__17.jpg,640,640,L,512,512,0.8,0.8,0.0,0.0,8
train,01_PCB__170.png,train/images/01_PCB__170.png,train/labels/01_PCB__170.txt,01_PCB__170.jpg,640,640,L,512,512,0.8,0.8,0.0,0.0,6
train,01_PCB__171.png,train/images/01_PCB__171.png,train/labels/01_PCB__171.txt,01_PCB__171.jpg,640,640,L,512,512,0.8,0.8,0.0,0.0,8
train,01_PCB__172.png,train/images/01_PCB__172.png,train/labels/01_PCB__172.txt,01_PCB__172.jpg,640,640,L,512,512,0.8,0.8,0.0,0.0,7
train,01_PCB__173.png,train/images/01_PCB__173.png,train/labels/01_PCB__173.txt,01_PCB__173.jpg,640,640,L,512,512,0.8,0.8,0.0,0.0,7
train,01_PCB__175.png,train/images/01_PCB__175.png,train/labels/01_PCB__175.txt,01_PCB__175.jpg,640,640,L,512,512,0.8,0.8,0.0,0.0,7
train,01_PCB__176.png,train/images/01_PCB__176.png,train/labels/01_PCB__176.txt,01_PCB__176.jpg,640,640,L,512,512,0.8,0.8,0.0,0.0,6
train,01_PCB__177.png,train/images/01_PCB__177.png,train/labels/01_PCB__177.txt,01_PCB__177.jpg,640,640,L,512,512,0.8,0.8,0.0,0.0,8
train,01_PCB__178.png,train/images/01_PCB__178.png,train/labels/01_PCB__178.txt,01_PCB__178.jpg,640,640,RGB,512,512,0.8,0.8,0.0,0.0,6
train,01_PCB__179.png,train/images/01_PCB__179.png,train/labels/01_PCB__179.txt,01_PCB__179.jpg,640,640,L,512,512,0.8,0.8,0.0,0.0,8
train,01_PCB__18.png,train/images/01_PCB__18.png,train/labels/01_PCB__18.txt,01_PCB__18.jpg,640,640,L,512,512,0.8,0.8,0.0,0.0,9
train,01_PCB__180.png,train/images/01_PCB__180.png,train/labels/01_PCB__180.txt,01_PCB__180.jpg,640,640,L,512,512,0.8,0.8,0.0,0.0,7
train,01_PCB__182.png,train/images/01_PCB__182.png,train/labels/01_PCB__182.txt,01_PCB__182.jpg,640,640,L,512,512,0.8,0.8,0.0,0.0,8
train,01_PCB__183.png,train/images/01_PCB__183.png,train/labels/01_PCB__183.txt,01_PCB__183.jpg,640,640,L,512,512,0.8,0.8,0.0,0.0,7
train,01_PCB__184.png,train/images/01_PCB__184.png,train/labels/01_PCB__184.txt,01_PCB__184.jpg,640,640,L,512,512,0.8,0.8,0.0,0.0,9
train,01_PCB__185.png,train/images/01_PCB__185.png,train/labels/01_PCB__185.txt,01_PCB__185.jpg,640,640,L,512,512,0.8,0.8,0.0,0.0,7
train,01_PCB__186.png,train/images/01_PCB__186.png,train/labels/01_PCB__186.txt,01_PCB__186.jpg,640,640,L,512,512,0.8,0.8,0.0,0.0,6
train,01_PCB__187.png,train/images/01_PCB__187.png,train/labels/01_PCB__187.txt,01_PCB__187.jpg,640,640,L,512,512,0.8,0.8,0.0,0.0,6
train,01_PCB__188.png,train/images/01_PCB__188.png,train/labels/01_PCB__188.txt,01_PCB__188.jpg,640,640,L,512,512,0.8,0.8,0.0,0.0,8
train,01_PCB__190.png,train/images/01_PCB__190.png,train/labels/01_PCB__190.txt,01_PCB__190.jpg,640,640,L,512,512,0.8,0.8,0.0,0.0,8
train,01_PCB__191.png,train/images/01_PCB__191.png,train/labels/01_PCB__191.txt,01_PCB__191.jpg,640,640,L,512,512,0.8,0.8,0.0,0.0,6
train,01_PCB__192.png,train/images/01_PCB__192.png,train/labels/01_PCB__192.txt,01_PCB__192.jpg,640,640,L,512,512,0.8,0.8,0.0,0.0,4
train,01_PCB__193.png,train/images/01_PCB__193.png,train/labels/01_PCB__193.txt,01_PCB__193.jpg,640,640,L,512,512,0.8,0.8,0.0,0.0,7
train,01_PCB__194.png,train/images/01_PCB__194.png,train/labels/01_PCB__194.txt,01_PCB__194.jpg,640,640,L,512,512,0.8,0.8,0.0,0.0,6
train,01_PCB__196.png,train/images/01_PCB__196.png,train/labels/01_PCB__196.txt,01_PCB__196.jpg,640,640,L,512,512,0.8,0.8,0.0,0.0,7
train,01_PCB__197.png,train/images/01_PCB__197.png,train/labels/01_PCB__197.txt,01_PCB__197.jpg,640,640,L,512,512,0.8,0.8,0.0,0.0,5
train,01_PCB__198.png,train/images/01_PCB__198.png,train/labels/01_PCB__198.txt,01_PCB__198.jpg,640,640,L,512,512,0.8,0.8,0.0,0.0,6
train,01_PCB__2.png,train/images/01_PCB__2.png,train/labels/01_PCB__2.txt,01_PCB__2.jpg,640,640,L,512,512,0.8,0.8,0.0,0.0,6
train,01_PCB__20.png,train/images/01_PCB__20.png,train/labels/01_PCB__20.txt,01_PCB__20.jpg,640,640,L,512,512,0.8,0.8,0.0,0.0,6
train,01_PCB__200.png,train/images/01_PCB__200.png,train/labels/01_PCB__200.txt,01_PCB__200.jpg,640,640,L,512,512,0.8,0.8,0.0,0.0,5
train,01_PCB__201.png,train/images/01_PCB__201.png,train/labels/01_PCB__201.txt,01_PCB__201.jpg,640,640,L,512,512,0.8,0.8,0.0,0.0,5
train,01_PCB__202.png,train/images/01_PCB__202.png,train/labels/01_PCB__202.txt,01_PCB__202.jpg,640,640,L,512,512,0.8,0.8,0.0,0.0,5
train,01_PCB__203.png,train/images/01_PCB__203.png,train/labels/01_PCB__203.txt,01_PCB__203.jpg,640,640,L,512,512,0.8,0.8,0.0,0.0,4
train,01_PCB__204.png,train/images/01_PCB__204.png,train/labels/01_PCB__204.txt,01_PCB__204.jpg,640,640,L,512,512,0.8,0.8,0.0,0.0,5
train,01_PCB__205.png,train/images/01_PCB__205.png,train/labels/01_PCB__205.txt,01_PCB__205.jpg,640,640,L,512,512,0.8,0.8,0.0,0.0,6
train,01_PCB__206.png,train/images/01_PCB__206.png,train/labels/01_PCB__206.txt,01_PCB__206.jpg,640,640,L,512,512,0.8,0.8,0.0,0.0,5
train,01_PCB__207.png,train/images/01_PCB__207.png,train/labels/01_PCB__207.txt,01_PCB__207.jpg,640,640,L,512,512,0.8,0.8,0.0,0.0,5
train,01_PCB__208.png,train/images/01_PCB__208.png,train/labels/01_PCB__208.txt,01_PCB__208.jpg,640,640,L,512,512,0.8,0.8,0.0,0.0,4
train,01_PCB__209.png,train/images/01_PCB__209.png,train/labels/01_PCB__209.txt,01_PCB__209.jpg,640,640,L,512,512,0.8,0.8,0.0,0.0,4
train,01_PCB__21.png,train/images/01_PCB__21.png,train/labels/01_PCB__21.txt,01_PCB__21.jpg,640,640,L,512,512,0.8,0.8,0.0,0.0,6
train,01_PCB__210.png,train/images/01_PCB__210.png,train/labels/01_PCB__210.txt,01_PCB__210.jpg,640,640,L,512,512,0.8,0.8,0.0,0.0,5
train,01_PCB__211.png,train/images/01_PCB__211.png,train/labels/01_PCB__211.txt,01_PCB__211.jpg,640,640,L,512,512,0.8,0.8,0.0,0.0,5
train,01_PCB__212.png,train/images/01_PCB__212.png,train/labels/01_PCB__212.txt,01_PCB__212.jpg,640,640,L,512,512,0.8,0.8,0.0,0.0,4
train,01_PCB__213.png,train/images/01_PCB__213.png,train/labels/01_PCB__213.txt,01_PCB__213.jpg,640,640,L,512,512,0.8,0.8,0.0,0.0,5
train,01_PCB__215.png,train/images/01_PCB__215.png,train/labels/01_PCB__215.txt,01_PCB__215.jpg,640,640,L,512,512,0.8,0.8,0.0,0.0,5
train,01_PCB__216.png,train/images/01_PCB__216.png,train/labels/01_PCB__216.txt,01_PCB__216.jpg,640,640,L,512,512,0.8,0.8,0.0,0.0,6
train,01_PCB__217.png,train/images/01_PCB__217.png,train/labels/01_PCB__217.txt,01_PCB__217.jpg,640,640,L,512,512,0.8,0.8,0.0,0.0,6
train,01_PCB__218.png,train/images/01_PCB__218.png,train/labels/01_PCB__218.txt,01_PCB__218.jpg,640,640,L,512,512,0.8,0.8,0.0,0.0,6
train,01_PCB__219.png,train/images/01_PCB__219.png,train/labels/01_PCB__219.txt,01_PCB__219.jpg,640,640,L,512,512,0.8,0.8,0.0,0.0,6
train,01_PCB__22.png,train/images/01_PCB__22.png,train/labels/01_PCB__22.txt,01_PCB__22.jpg,640,640,L,512,512,0.8,0.8,0.0,0.0,5
train,01_PCB__220.png,train/images/01_PCB__220.png,train/labels/01_PCB__220.txt,01_PCB__220.jpg,640,640,L,512,512,0.8,0.8,0.0,0.0,5
train,01_PCB__221.png,train/images/01_PCB__221.png,train/labels/01_PCB__221.txt,01_PCB__221.jpg,640,640,L,512,512,0.8,0.8,0.0,0.0,6
train,01_PCB__223.png,train/images/01_PCB__223.png,train/labels/01_PCB__223.txt,01_PCB__223.jpg,640,640,L,512,512,0.8,0.8,0.0,0.0,7
train,01_PCB__224.png,train/images/01_PCB__224.png,train/labels/01_PCB__224.txt,01_PCB__224.jpg,640,640,L,512,512,0.8,0.8,0.0,0.0,8
train,01_PCB__225.png,train/images/01_PCB__225.png,train/labels/01_PCB__225.txt,01_PCB__225.jpg,640,640,L,512,512,0.8,0.8,0.0,0.0,9
train,01_PCB__226.png,train/images/01_PCB__226.png,train/labels/01_PCB__226.txt,01_PCB__226.jpg,640,640,L,512,512,0.8,0.8,0.0,0.0,6
train,01_PCB__227.png,train/images/01_PCB__227.png,train/labels/01_PCB__227.txt,01_PCB__227.jpg,640,640,L,512,512,0.8,0.8,0.0,0.0,5
train,01_PCB__229.png,train/images/01_PCB__229.png,train/labels/01_PCB__229.txt,01_PCB__229.jpg,640,640,L,512,512,0.8,0.8,0.0,0.0,6
train,01_PCB__230.png,train/images/01_PCB__230.png,train/labels/01_PCB__230.txt,01_PCB__230.jpg,640,640,L,512,512,0.8,0.8,0.0,0.0,6
train,01_PCB__231.png,train/images/01_PCB__231.png,train/labels/01_PCB__231.txt,01_PCB__231.jpg,640,640,L,512,512,0.8,0.8,0.0,0.0,7
train,01_PCB__232.png,train/images/01_PCB__232.png,train/labels/01_PCB__232.txt,01_PCB__232.jpg,640,640,L,512,512,0.8,0.8,0.0,0.0,6
train,01_PCB__233.png,train/images/01_PCB__233.png,train/labels/01_PCB__233.txt,01_PCB__233.jpg,640,640,L,512,512,0.8,0.8,0.0,0.0,6
train,01_PCB__234.png,train/images/01_PCB__234.png,train/labels/01_PCB__234.txt,01_PCB__234.jpg,640,640,L,512,512,0.8,0.8,0.0,0.0,7
train,01_PCB__235.png,train/images/01_PCB__235.png,train/labels/01_PCB__235.txt,01_PCB__235.jpg,640,640,L,512,512,0.8,0.8,0.0,0.0,5
train,01_PCB__236.png,train/images/01_PCB__236.png,train/labels/01_PCB__236.txt,01_PCB__236.jpg,640,640,L,512,512,0.8,0.8,0.0,0.0,7
train,01_PCB__237.png,train/images/01_PCB__237.png,train/labels/01_PCB__237.txt,01_PCB__237.jpg,640,640,L,512,512,0.8,0.8,0.0,0.0,7
train,01_PCB__238.png,train/images/01_PCB__238.png,train/labels/01_PCB__238.txt,01_PCB__238.jpg,640,640,L,512,512,0.8,0.8,0.0,0.0,8
train,01_PCB__239.png,train/images/01_PCB__239.png,train/labels/01_PCB__239.txt,01_PCB__239.jpg,640,640,L,512,512,0.8,0.8,0.0,0.0,7
train,01_PCB__24.png,train/images/01_PCB__24.png,train/labels/01_PCB__24.txt,01_PCB__24.jpg,640,640,L,512,512,0.8,0.8,0.0,0.0,8
train,01_PCB__240.png,train/images/01_PCB__240.png,train/labels/01_PCB__240.txt,01_PCB__240.jpg,640,640,L,512,512,0.8,0.8,0.0,0.0,9
train,01_PCB__241.png,train/images/01_PCB__241.png,train/labels/01_PCB__241.txt,01_PCB__241.jpg,640,640,L,512,512,0.8,0.8,0.0,0.0,8
train,01_PCB__242.png,train/images/01_PCB__242.png,train/labels/01_PCB__242.txt,01_PCB__242.jpg,640,640,L,512,512,0.8,0.8,0.0,0.0,7
train,01_PCB__243.png,train/images/01_PCB__243.png,train/labels/01_PCB__243.txt,01_PCB__243.jpg,640,640,L,512,512,0.8,0.8,0.0,0.0,6
train,01_PCB__244.png,train/images/01_PCB__244.png,train/labels/01_PCB__244.txt,01_PCB__244.jpg,640,640,L,512,512,0.8,0.8,0.0,0.0,7
train,01_PCB__247.png,train/images/01_PCB__247.png,train/labels/01_PCB__247.txt,01_PCB__247.jpg,640,640,L,512,512,0.8,0.8,0.0,0.0,5
train,01_PCB__248.png,train/images/01_PCB__248.png,train/labels/01_PCB__248.txt,01_PCB__248.jpg,640,640,L,512,512,0.8,0.8,0.0,0.0,5
train,01_PCB__249.png,train/images/01_PCB__249.png,train/labels/01_PCB__249.txt,01_PCB__249.jpg,640,640,L,512,512,0.8,0.8,0.0,0.0,7
train,01_PCB__25.png,train/images/01_PCB__25.png,train/labels/01_PCB__25.txt,01_PCB__25.jpg,640,640,L,512,512,0.8,0.8,0.0,0.0,8
train,01_PCB__250.png,train/images/01_PCB__250.png,train/labels/01_PCB__250.txt,01_PCB__250.jpg,640,640,L,512,512,0.8,0.8,0.0,0.0,6
train,01_PCB__251.png,train/images/01_PCB__251.png,train/labels/01_PCB__251.txt,01_PCB__251.jpg,640,640,L,512,512,0.8,0.8,0.0,0.0,6
train,01_PCB__252.png,train/images/01_PCB__252.png,train/labels/01_PCB__252.txt,01_PCB__252.jpg,640,640,L,512,512,0.8,0.8,0.0,0.0,8
train,01_PCB__253.png,train/images/01_PCB__253.png,train/labels/01_PCB__253.txt,01_PCB__253.jpg,640,640,L,512,512,0.8,0.8,0.0,0.0,7
train,01_PCB__254.png,train/images/01_PCB__254.png,train/labels/01_PCB__254.txt,01_PCB__254.jpg,640,640,L,512,512,0.8,0.8,0.0,0.0,6
train,01_PCB__255.png,train/images/01_PCB__255.png,train/labels/01_PCB__255.txt,01_PCB__255.jpg,640,640,L,512,512,0.8,0.8,0.0,0.0,8
train,01_PCB__256.png,train/images/01_PCB__256.png,train/labels/01_PCB__256.txt,01_PCB__256.jpg,640,640,L,512,512,0.8,0.8,0.0,0.0,8
train,01_PCB__258.png,train/images/01_PCB__258.png,train/labels/01_PCB__258.txt,01_PCB__258.jpg,640,640,L,512,512,0.8,0.8,0.0,0.0,7
train,01_PCB__259.png,train/images/01_PCB__259.png,train/labels/01_PCB__259.txt,01_PCB__259.jpg,640,640,L,512,512,0.8,0.8,0.0,0.0,6
train,01_PCB__26.png,train/images/01_PCB__26.png,train/labels/01_PCB__26.txt,01_PCB__26.jpg,640,640,L,512,512,0.8,0.8,0.0,0.0,8
train,01_PCB__260.png,train/images/01_PCB__260.png,train/labels/01_PCB__260.txt,01_PCB__260.jpg,640,640,L,512,512,0.8,0.8,0.0,0.0,5
train,01_PCB__261.png,train/images/01_PCB__261.png,train/labels/01_PCB__261.txt,01_PCB__261.jpg,640,640,L,512,512,0.8,0.8,0.0,0.0,5
train,01_PCB__262.png,train/images/01_PCB__262.png,train/labels/01_PCB__262.txt,01_PCB__262.jpg,640,640,L,512,512,0.8,0.8,0.0,0.0,7
train,01_PCB__263.png,train/images/01_PCB__263.png,train/labels/01_PCB__263.txt,01_PCB__263.jpg,640,640,L,512,512,0.8,0.8,0.0,0.0,7
train,01_PCB__264.png,train/images/01_PCB__264.png,train/labels/01_PCB__264.txt,01_PCB__264.jpg,640,640,L,512,512,0.8,0.8,0.0,0.0,5
train,01_PCB__265.png,train/images/01_PCB__265.png,train/labels/01_PCB__265.txt,01_PCB__265.jpg,640,640,L,512,512,0.8,0.8,0.0,0.0,6
train,01_PCB__266.png,train/images/01_PCB__266.png,train/labels/01_PCB__266.txt,01_PCB__266.jpg,640,640,L,512,512,0.8,0.8,0.0,0.0,6
train,01_PCB__267.png,train/images/01_PCB__267.png,train/labels/01_PCB__267.txt,01_PCB__267.jpg,640,640,L,512,512,0.8,0.8,0.0,0.0,7
train,01_PCB__268.png,train/images/01_PCB__268.png,train/labels/01_PCB__268.txt,01_PCB__268.jpg,640,640,L,512,512,0.8,0.8,0.0,0.0,8
train,01_PCB__27.png,train/images/01_PCB__27.png,train/labels/01_PCB__27.txt,01_PCB__27.jpg,640,640,L,512,512,0.8,0.8,0.0,0.0,9
train,01_PCB__270.png,train/images/01_PCB__270.png,train/labels/01_PCB__270.txt,01_PCB__270.jpg,640,640,L,512,512,0.8,0.8,0.0,0.0,5
train,01_PCB__272.png,train/images/01_PCB__272.png,train/labels/01_PCB__272.txt,01_PCB__272.jpg,640,640,L,512,512,0.8,0.8,0.0,0.0,5
train,01_PCB__274.png,train/images/01_PCB__274.png,train/labels/01_PCB__274.txt,01_PCB__274.jpg,640,640,L,512,512,0.8,0.8,0.0,0.0,6
train,01_PCB__276.png,train/images/01_PCB__276.png,train/labels/01_PCB__276.txt,01_PCB__276.jpg,640,640,L,512,512,0.8,0.8,0.0,0.0,4
train,01_PCB__277.png,train/images/01_PCB__277.png,train/labels/01_PCB__277.txt,01_PCB__277.jpg,640,640,L,512,512,0.8,0.8,0.0,0.0,5
train,01_PCB__278.png,train/images/01_PCB__278.png,train/labels/01_PCB__278.txt,01_PCB__278.jpg,640,640,L,512,512,0.8,0.8,0.0,0.0,6
train,01_PCB__279.png,train/images/01_PCB__279.png,train/labels/01_PCB__279.txt,01_PCB__279.jpg,640,640,L,512,512,0.8,0.8,0.0,0.0,5
train,01_PCB__28.png,train/images/01_PCB__28.png,train/labels/01_PCB__28.txt,01_PCB__28.jpg,640,640,L,512,512,0.8,0.8,0.0,0.0,10
train,01_PCB__280.png,train/images/01_PCB__280.png,train/labels/01_PCB__280.txt,01_PCB__280.jpg,640,640,L,512,512,0.8,0.8,0.0,0.0,7
train,01_PCB__281.png,train/images/01_PCB__281.png,train/labels/01_PCB__281.txt,01_PCB__281.jpg,640,640,L,512,512,0.8,0.8,0.0,0.0,5
train,01_PCB__283.png,train/images/01_PCB__283.png,train/labels/01_PCB__283.txt,01_PCB__283.jpg,640,640,L,512,512,0.8,0.8,0.0,0.0,6
train,01_PCB__284.png,train/images/01_PCB__284.png,train/labels/01_PCB__284.txt,01_PCB__284.jpg,640,640,L,512,512,0.8,0.8,0.0,0.0,6
train,01_PCB__285.png,train/images/01_PCB__285.png,train/labels/01_PCB__285.txt,01_PCB__285.jpg,640,640,L,512,512,0.8,0.8,0.0,0.0,4
train,01_PCB__286.png,train/images/01_PCB__286.png,train/labels/01_PCB__286.txt,01_PCB__286.jpg,640,640,L,512,512,0.8,0.8,0.0,0.0,4
train,01_PCB__287.png,train/images/01_PCB__287.png,train/labels/01_PCB__287.txt,01_PCB__287.jpg,640,640,RGB,512,512,0.8,0.8,0.0,0.0,6
train,01_PCB__288.png,train/images/01_PCB__288.png,train/labels/01_PCB__288.txt,01_PCB__288.jpg,640,640,L,512,512,0.8,0.8,0.0,0.0,4
train,01_PCB__289.png,train/images/01_PCB__289.png,train/labels/01_PCB__289.txt,01_PCB__289.jpg,640,640,L,512,512,0.8,0.8,0.0,0.0,6
train,01_PCB__29.png,train/images/01_PCB__29.png,train/labels/01_PCB__29.txt,01_PCB__29.jpg,640,640,L,512,512,0.8,0.8,0.0,0.0,9
train,01_PCB__290.png,train/images/01_PCB__290.png,train/labels/01_PCB__290.txt,01_PCB__290.jpg,640,640,L,512,512,0.8,0.8,0.0,0.0,5
train,01_PCB__291.png,train/images/01_PCB__291.png,train/labels/01_PCB__291.txt,01_PCB__291.jpg,640,640,L,512,512,0.8,0.8,0.0,0.0,7
train,01_PCB__292.png,train/images/01_PCB__292.png,train/labels/01_PCB__292.txt,01_PCB__292.jpg,640,640,L,512,512,0.8,0.8,0.0,0.0,5
train,01_PCB__293.png,train/images/01_PCB__293.png,train/labels/01_PCB__293.txt,01_PCB__293.jpg,640,640,L,512,512,0.8,0.8,0.0,0.0,6
train,01_PCB__294.png,train/images/01_PCB__294.png,train/labels/01_PCB__294.txt,01_PCB__294.jpg,640,640,L,512,512,0.8,0.8,0.0,0.0,5
train,01_PCB__295.png,train/images/01_PCB__295.png,train/labels/01_PCB__295.txt,01_PCB__295.jpg,640,640,L,512,512,0.8,0.8,0.0,0.0,7
train,01_PCB__296.png,train/images/01_PCB__296.png,train/labels/01_PCB__296.txt,01_PCB__296.jpg,640,640,L,512,512,0.8,0.8,0.0,0.0,8
train,01_PCB__297.png,train/images/01_PCB__297.png,train/labels/01_PCB__297.txt,01_PCB__297.jpg,640,640,L,512,512,0.8,0.8,0.0,0.0,5
train,01_PCB__298.png,train/images/01_PCB__298.png,train/labels/01_PCB__298.txt,01_PCB__298.jpg,640,640,L,512,512,0.8,0.8,0.0,0.0,6
train,01_PCB__299.png,train/images/01_PCB__299.png,train/labels/01_PCB__299.txt,01_PCB__299.jpg,640,640,L,512,512,0.8,0.8,0.0,0.0,7
train,01_PCB__3.png,train/images/01_PCB__3.png,train/labels/01_PCB__3.txt,01_PCB__3.jpg,640,640,L,512,512,0.8,0.8,0.0,0.0,7
train,01_PCB__30.png,train/images/01_PCB__30.png,train/labels/01_PCB__30.txt,01_PCB__30.jpg,640,640,L,512,512,0.8,0.8,0.0,0.0,3
train,01_PCB__301.png,train/images/01_PCB__301.png,train/labels/01_PCB__301.txt,01_PCB__301.jpg,640,640,L,512,512,0.8,0.8,0.0,0.0,6
train,01_PCB__303.png,train/images/01_PCB__303.png,train/labels/01_PCB__303.txt,01_PCB__303.jpg,640,640,L,512,512,0.8,0.8,0.0,0.0,5
train,01_PCB__304.png,train/images/01_PCB__304.png,train/labels/01_PCB__304.txt,01_PCB__304.jpg,640,640,L,512,512,0.8,0.8,0.0,0.0,4
train,01_PCB__305.png,train/images/01_PCB__305.png,train/labels/01_PCB__305.txt,01_PCB__305.jpg,640,640,L,512,512,0.8,0.8,0.0,0.0,5
train,01_PCB__306.png,train/images/01_PCB__306.png,train/labels/01_PCB__306.txt,01_PCB__306.jpg,640,640,RGB,512,512,0.8,0.8,0.0,0.0,6
train,01_PCB__307.png,train/images/01_PCB__307.png,train/labels/01_PCB__307.txt,01_PCB__307.jpg,640,640,L,512,512,0.8,0.8,0.0,0.0,7
train,01_PCB__308.png,train/images/01_PCB__308.png,train/labels/01_PCB__308.txt,01_PCB__308.jpg,640,640,L,512,512,0.8,0.8,0.0,0.0,3
train,01_PCB__309.png,train/images/01_PCB__309.png,train/labels/01_PCB__309.txt,01_PCB__309.jpg,640,640,L,512,512,0.8,0.8,0.0,0.0,5
train,01_PCB__310.png,train/images/01_PCB__310.png,train/labels/01_PCB__310.txt,01_PCB__310.jpg,640,640,L,512,512,0.8,0.8,0.0,0.0,7
train,01_PCB__311.png,train/images/01_PCB__311.png,train/labels/01_PCB__311.txt,01_PCB__311.jpg,640,640,L,512,512,0.8,0.8,0.0,0.0,5
train,01_PCB__312.png,train/images/01_PCB__312.png,train/labels/01_PCB__312.txt,01_PCB__312.jpg,640,640,L,512,512,0.8,0.8,0.0,0.0,6
train,01_PCB__313.png,train/images/01_PCB__313.png,train/labels/01_PCB__313.txt,01_PCB__313.jpg,640,640,L,512,512,0.8,0.8,0.0,0.0,6
train,01_PCB__316.png,train/images/01_PCB__316.png,train/labels/01_PCB__316.txt,01_PCB__316.jpg,640,640,L,512,512,0.8,0.8,0.0,0.0,6
train,01_PCB__318.png,train/images/01_PCB__318.png,train/labels/01_PCB__318.txt,01_PCB__318.jpg,640,640,L,512,512,0.8,0.8,0.0,0.0,7
train,01_PCB__319.png,train/images/01_PCB__319.png,train/labels/01_PCB__319.txt,01_PCB__319.jpg,640,640,L,512,512,0.8,0.8,0.0,0.0,6
train,01_PCB__32.png,train/images/01_PCB__32.png,train/labels/01_PCB__32.txt,01_PCB__32.jpg,640,640,L,512,512,0.8,0.8,0.0,0.0,10
train,01_PCB__321.png,train/images/01_PCB__321.png,train/labels/01_PCB__321.txt,01_PCB__321.jpg,640,640,L,512,512,0.8,0.8,0.0,0.0,6
train,01_PCB__322.png,train/images/01_PCB__322.png,train/labels/01_PCB__322.txt,01_PCB__322.jpg,640,640,L,512,512,0.8,0.8,0.0,0.0,7
train,01_PCB__323.png,train/images/01_PCB__323.png,train/labels/01_PCB__323.txt,01_PCB__323.jpg,640,640,L,512,512,0.8,0.8,0.0,0.0,7
train,01_PCB__324.png,train/images/01_PCB__324.png,train/labels/01_PCB__324.txt,01_PCB__324.jpg,640,640,L,512,512,0.8,0.8,0.0,0.0,7
train,01_PCB__325.png,train/images/01_PCB__325.png,train/labels/01_PCB__325.txt,01_PCB__325.jpg,640,640,L,512,512,0.8,0.8,0.0,0.0,7
train,01_PCB__326.png,train/images/01_PCB__326.png,train/labels/01_PCB__326.txt,01_PCB__326.jpg,640,640,L,512,512,0.8,0.8,0.0,0.0,8
train,01_PCB__327.png,train/images/01_PCB__327.png,train/labels/01_PCB__327.txt,01_PCB__327.jpg,640,640,L,512,512,0.8,0.8,0.0,0.0,7
train,01_PCB__328.png,train/images/01_PCB__328.png,train/labels/01_PCB__328.txt,01_PCB__328.jpg,640,640,L,512,512,0.8,0.8,0.0,0.0,7
train,01_PCB__329.png,train/images/01_PCB__329.png,train/labels/01_PCB__329.txt,01_PCB__329.jpg,640,640,L,512,512,0.8,0.8,0.0,0.0,6
train,01_PCB__33.png,train/images/01_PCB__33.png,train/labels/01_PCB__33.txt,01_PCB__33.jpg,640,640,L,512,512,0.8,0.8,0.0,0.0,8
train,01_PCB__331.png,train/images/01_PCB__331.png,train/labels/01_PCB__331.txt,01_PCB__331.jpg,640,640,L,512,512,0.8,0.8,0.0,0.0,6
train,01_PCB__332.png,train/images/01_PCB__332.png,train/labels/01_PCB__332.txt,01_PCB__332.jpg,640,640,L,512,512,0.8,0.8,0.0,0.0,7
train,01_PCB__333.png,train/images/01_PCB__333.png,train/labels/01_PCB__333.txt,01_PCB__333.jpg,640,640,L,512,512,0.8,0.8,0.0,0.0,6
train,01_PCB__334.png,train/images/01_PCB__334.png,train/labels/01_PCB__334.txt,01_PCB__334.jpg,640,640,L,512,512,0.8,0.8,0.0,0.0,6
train,01_PCB__335.png,train/images/01_PCB__335.png,train/labels/01_PCB__335.txt,01_PCB__335.jpg,640,640,L,512,512,0.8,0.8,0.0,0.0,6
train,01_PCB__338.png,train/images/01_PCB__338.png,train/labels/01_PCB__338.txt,01_PCB__338.jpg,640,640,L,512,512,0.8,0.8,0.0,0.0,7
train,01_PCB__339.png,train/images/01_PCB__339.png,train/labels/01_PCB__339.txt,01_PCB__339.jpg,640,640,L,512,512,0.8,0.8,0.0,0.0,7
train,01_PCB__34.png,train/images/01_PCB__34.png,train/labels/01_PCB__34.txt,01_PCB__34.jpg,640,640,L,512,512,0.8,0.8,0.0,0.0,6
train,01_PCB__340.png,train/images/01_PCB__340.png,train/labels/01_PCB__340.txt,01_PCB__340.jpg,640,640,L,512,512,0.8,0.8,0.0,0.0,9
train,01_PCB__341.png,train/images/01_PCB__341.png,train/labels/01_PCB__341.txt,01_PCB__341.jpg,640,640,L,512,512,0.8,0.8,0.0,0.0,9
train,01_PCB__342.png,train/images/01_PCB__342.png,train/labels/01_PCB__342.txt,01_PCB__342.jpg,640,640,L,512,512,0.8,0.8,0.0,0.0,7
train,01_PCB__343.png,train/images/01_PCB__343.png,train/labels/01_PCB__343.txt,01_PCB__343.jpg,640,640,L,512,512,0.8,0.8,0.0,0.0,8
train,01_PCB__344.png,train/images/01_PCB__344.png,train/labels/01_PCB__344.txt,01_PCB__344.jpg,640,640,L,512,512,0.8,0.8,0.0,0.0,7
train,01_PCB__345.png,train/images/01_PCB__345.png,train/labels/01_PCB__345.txt,01_PCB__345.jpg,640,640,L,512,512,0.8,0.8,0.0,0.0,8
train,01_PCB__35.png,train/images/01_PCB__35.png,train/labels/01_PCB__35.txt,01_PCB__35.jpg,640,640,L,512,512,0.8,0.8,0.0,0.0,9
train,01_PCB__350.png,train/images/01_PCB__350.png,train/labels/01_PCB__350.txt,01_PCB__350.jpg,640,640,L,512,512,0.8,0.8,0.0,0.0,8
train,01_PCB__352.png,train/images/01_PCB__352.png,train/labels/01_PCB__352.txt,01_PCB__352.jpg,640,640,L,512,512,0.8,0.8,0.0,0.0,6
train,01_PCB__353.png,train/images/01_PCB__353.png,train/labels/01_PCB__353.txt,01_PCB__353.jpg,640,640,L,512,512,0.8,0.8,0.0,0.0,6
train,01_PCB__354.png,train/images/01_PCB__354.png,train/labels/01_PCB__354.txt,01_PCB__354.jpg,640,640,L,512,512,0.8,0.8,0.0,0.0,7
train,01_PCB__355.png,train/images/01_PCB__355.png,train/labels/01_PCB__355.txt,01_PCB__355.jpg,640,640,L,512,512,0.8,0.8,0.0,0.0,5
train,01_PCB__356.png,train/images/01_PCB__356.png,train/labels/01_PCB__356.txt,01_PCB__356.jpg,640,640,L,512,512,0.8,0.8,0.0,0.0,6
train,01_PCB__357.png,train/images/01_PCB__357.png,train/labels/01_PCB__357.txt,01_PCB__357.jpg,640,640,L,512,512,0.8,0.8,0.0,0.0,6
train,01_PCB__359.png,train/images/01_PCB__359.png,train/labels/01_PCB__359.txt,01_PCB__359.jpg,640,640,L,512,512,0.8,0.8,0.0,0.0,7
train,01_PCB__36.png,train/images/01_PCB__36.png,train/labels/01_PCB__36.txt,01_PCB__36.jpg,640,640,L,512,512,0.8,0.8,0.0,0.0,9
train,01_PCB__360.png,train/images/01_PCB__360.png,train/labels/01_PCB__360.txt,01_PCB__360.jpg,640,640,L,512,512,0.8,0.8,0.0,0.0,7
train,01_PCB__361.png,train/images/01_PCB__361.png,train/labels/01_PCB__361.txt,01_PCB__361.jpg,640,640,L,512,512,0.8,0.8,0.0,0.0,6
train,01_PCB__362.png,train/images/01_PCB__362.png,train/labels/01_PCB__362.txt,01_PCB__362.jpg,640,640,L,512,512,0.8,0.8,0.0,0.0,5
train,01_PCB__363.png,train/images/01_PCB__363.png,train/labels/01_PCB__363.txt,01_PCB__363.jpg,640,640,L,512,512,0.8,0.8,0.0,0.0,5
train,01_PCB__364.png,train/images/01_PCB__364.png,train/labels/01_PCB__364.txt,01_PCB__364.jpg,640,640,L,512,512,0.8,0.8,0.0,0.0,6
train,01_PCB__365.png,train/images/01_PCB__365.png,train/labels/01_PCB__365.txt,01_PCB__365.jpg,640,640,L,512,512,0.8,0.8,0.0,0.0,7
train,01_PCB__366.png,train/images/01_PCB__366.png,train/labels/01_PCB__366.txt,01_PCB__366.jpg,640,640,L,512,512,0.8,0.8,0.0,0.0,5
train,01_PCB__367.png,train/images/01_PCB__367.png,train/labels/01_PCB__367.txt,01_PCB__367.jpg,640,640,L,512,512,0.8,0.8,0.0,0.0,6
train,01_PCB__369.png,train/images/01_PCB__369.png,train/labels/01_PCB__369.txt,01_PCB__369.jpg,640,640,L,512,512,0.8,0.8,0.0,0.0,7
train,01_PCB__37.png,train/images/01_PCB__37.png,train/labels/01_PCB__37.txt,01_PCB__37.jpg,640,640,L,512,512,0.8,0.8,0.0,0.0,8
train,01_PCB__370.png,train/images/01_PCB__370.png,train/labels/01_PCB__370.txt,01_PCB__370.jpg,640,640,L,512,512,0.8,0.8,0.0,0.0,8
train,01_PCB__371.png,train/images/01_PCB__371.png,train/labels/01_PCB__371.txt,01_PCB__371.jpg,640,640,L,512,512,0.8,0.8,0.0,0.0,6
train,01_PCB__372.png,train/images/01_PCB__372.png,train/labels/01_PCB__372.txt,01_PCB__372.jpg,640,640,L,512,512,0.8,0.8,0.0,0.0,6
train,01_PCB__373.png,train/images/01_PCB__373.png,train/labels/01_PCB__373.txt,01_PCB__373.jpg,640,640,L,512,512,0.8,0.8,0.0,0.0,7
train,01_PCB__374.png,train/images/01_PCB__374.png,train/labels/01_PCB__374.txt,01_PCB__374.jpg,640,640,L,512,512,0.8,0.8,0.0,0.0,7
train,01_PCB__375.png,train/images/01_PCB__375.png,train/labels/01_PCB__375.txt,01_PCB__375.jpg,640,640,L,512,512,0.8,0.8,0.0,0.0,6
train,01_PCB__376.png,train/images/01_PCB__376.png,train/labels/01_PCB__376.txt,01_PCB__376.jpg,640,640,L,512,512,0.8,0.8,0.0,0.0,5
train,01_PCB__377.png,train/images/01_PCB__377.png,train/labels/01_PCB__377.txt,01_PCB__377.jpg,640,640,L,512,512,0.8,0.8,0.0,0.0,5
train,01_PCB__379.png,train/images/01_PCB__379.png,train/labels/01_PCB__379.txt,01_PCB__379.jpg,640,640,L,512,512,0.8,0.8,0.0,0.0,7
train,01_PCB__38.png,train/images/01_PCB__38.png,train/labels/01_PCB__38.txt,01_PCB__38.jpg,640,640,L,512,512,0.8,0.8,0.0,0.0,8
train,01_PCB__380.png,train/images/01_PCB__380.png,train/labels/01_PCB__380.txt,01_PCB__380.jpg,640,640,L,512,512,0.8,0.8,0.0,0.0,8
train,01_PCB__381.png,train/images/01_PCB__381.png,train/labels/01_PCB__381.txt,01_PCB__381.jpg,640,640,L,512,512,0.8,0.8,0.0,0.0,10
train,01_PCB__382.png,train/images/01_PCB__382.png,train/labels/01_PCB__382.txt,01_PCB__382.jpg,640,640,L,512,512,0.8,0.8,0.0,0.0,6
train,01_PCB__383.png,train/images/01_PCB__383.png,train/labels/01_PCB__383.txt,01_PCB__383.jpg,640,640,L,512,512,0.8,0.8,0.0,0.0,7
train,01_PCB__385.png,train/images/01_PCB__385.png,train/labels/01_PCB__385.txt,01_PCB__385.jpg,640,640,L,512,512,0.8,0.8,0.0,0.0,4
train,01_PCB__386.png,train/images/01_PCB__386.png,train/labels/01_PCB__386.txt,01_PCB__386.jpg,640,640,L,512,512,0.8,0.8,0.0,0.0,6
train,01_PCB__387.png,train/images/01_PCB__387.png,train/labels/01_PCB__387.txt,01_PCB__387.jpg,640,640,L,512,512,0.8,0.8,0.0,0.0,5
train,01_PCB__389.png,train/images/01_PCB__389.png,train/labels/01_PCB__389.txt,01_PCB__389.jpg,640,640,L,512,512,0.8,0.8,0.0,0.0,4
train,01_PCB__39.png,train/images/01_PCB__39.png,train/labels/01_PCB__39.txt,01_PCB__39.jpg,640,640,L,512,512,0.8,0.8,0.0,0.0,7
train,01_PCB__391.png,train/images/01_PCB__391.png,train/labels/01_PCB__391.txt,01_PCB__391.jpg,640,640,L,512,512,0.8,0.8,0.0,0.0,5
train,01_PCB__392.png,train/images/01_PCB__392.png,train/labels/01_PCB__392.txt,01_PCB__392.jpg,640,640,L,512,512,0.8,0.8,0.0,0.0,7
train,01_PCB__393.png,train/images/01_PCB__393.png,train/labels/01_PCB__393.txt,01_PCB__393.jpg,640,640,L,512,512,0.8,0.8,0.0,0.0,6
train,01_PCB__394.png,train/images/01_PCB__394.png,train/labels/01_PCB__394.txt,01_PCB__394.jpg,640,640,L,512,512,0.8,0.8,0.0,0.0,8
train,01_PCB__395.png,train/images/01_PCB__395.png,train/labels/01_PCB__395.txt,01_PCB__395.jpg,640,640,L,512,512,0.8,0.8,0.0,0.0,7
train,01_PCB__396.png,train/images/01_PCB__396.png,train/labels/01_PCB__396.txt,01_PCB__396.jpg,640,640,L,512,512,0.8,0.8,0.0,0.0,7
train,01_PCB__397.png,train/images/01_PCB__397.png,train/labels/01_PCB__397.txt,01_PCB__397.jpg,640,640,L,512,512,0.8,0.8,0.0,0.0,5
train,01_PCB__4.png,train/images/01_PCB__4.png,train/labels/01_PCB__4.txt,01_PCB__4.jpg,640,640,RGB,512,512,0.8,0.8,0.0,0.0,6
train,01_PCB__40.png,train/images/01_PCB__40.png,train/labels/01_PCB__40.txt,01_PCB__40.jpg,640,640,L,512,512,0.8,0.8,0.0,0.0,6
train,01_PCB__400.png,train/images/01_PCB__400.png,train/labels/01_PCB__400.txt,01_PCB__400.jpg,640,640,L,512,512,0.8,0.8,0.0,0.0,7
train,01_PCB__401.png,train/images/01_PCB__401.png,train/labels/01_PCB__401.txt,01_PCB__401.jpg,640,640,L,512,512,0.8,0.8,0.0,0.0,9
train,01_PCB__402.png,train/images/01_PCB__402.png,train/labels/01_PCB__402.txt,01_PCB__402.jpg,640,640,L,512,512,0.8,0.8,0.0,0.0,6
train,01_PCB__403.png,train/images/01_PCB__403.png,train/labels/01_PCB__403.txt,01_PCB__403.jpg,640,640,L,512,512,0.8,0.8,0.0,0.0,6
train,01_PCB__404.png,train/images/01_PCB__404.png,train/labels/01_PCB__404.txt,01_PCB__404.jpg,640,640,L,512,512,0.8,0.8,0.0,0.0,8
train,01_PCB__406.png,train/images/01_PCB__406.png,train/labels/01_PCB__406.txt,01_PCB__406.jpg,640,640,L,512,512,0.8,0.8,0.0,0.0,5
train,01_PCB__407.png,train/images/01_PCB__407.png,train/labels/01_PCB__407.txt,01_PCB__407.jpg,640,640,L,512,512,0.8,0.8,0.0,0.0,6
train,01_PCB__408.png,train/images/01_PCB__408.png,train/labels/01_PCB__408.txt,01_PCB__408.jpg,640,640,L,512,512,0.8,0.8,0.0,0.0,6
train,01_PCB__409.png,train/images/01_PCB__409.png,train/labels/01_PCB__409.txt,01_PCB__409.jpg,640,640,L,512,512,0.8,0.8,0.0,0.0,5
train,01_PCB__41.png,train/images/01_PCB__41.png,train/labels/01_PCB__41.txt,01_PCB__41.jpg,640,640,L,512,512,0.8,0.8,0.0,0.0,9
train,01_PCB__410.png,train/images/01_PCB__410.png,train/labels/01_PCB__410.txt,01_PCB__410.jpg,640,640,L,512,512,0.8,0.8,0.0,0.0,6
train,01_PCB__411.png,train/images/01_PCB__411.png,train/labels/01_PCB__411.txt,01_PCB__411.jpg,640,640,L,512,512,0.8,0.8,0.0,0.0,6
train,01_PCB__412.png,train/images/01_PCB__412.png,train/labels/01_PCB__412.txt,01_PCB__412.jpg,640,640,L,512,512,0.8,0.8,0.0,0.0,9
train,01_PCB__413.png,train/images/01_PCB__413.png,train/labels/01_PCB__413.txt,01_PCB__413.jpg,640,640,L,512,512,0.8,0.8,0.0,0.0,8
train,01_PCB__414.png,train/images/01_PCB__414.png,train/labels/01_PCB__414.txt,01_PCB__414.jpg,640,640,L,512,512,0.8,0.8,0.0,0.0,6
train,01_PCB__415.png,train/images/01_PCB__415.png,train/labels/01_PCB__415.txt,01_PCB__415.jpg,640,640,L,512,512,0.8,0.8,0.0,0.0,6
train,01_PCB__416.png,train/images/01_PCB__416.png,train/labels/01_PCB__416.txt,01_PCB__416.jpg,640,640,L,512,512,0.8,0.8,0.0,0.0,7
train,01_PCB__417.png,train/images/01_PCB__417.png,train/labels/01_PCB__417.txt,01_PCB__417.jpg,640,640,L,512,512,0.8,0.8,0.0,0.0,4
train,01_PCB__418.png,train/images/01_PCB__418.png,train/labels/01_PCB__418.txt,01_PCB__418.jpg,640,640,L,512,512,0.8,0.8,0.0,0.0,6
train,01_PCB__419.png,train/images/01_PCB__419.png,train/labels/01_PCB__419.txt,01_PCB__419.jpg,640,640,L,512,512,0.8,0.8,0.0,0.0,5
train,01_PCB__42.png,train/images/01_PCB__42.png,train/labels/01_PCB__42.txt,01_PCB__42.jpg,640,640,L,512,512,0.8,0.8,0.0,0.0,10
train,01_PCB__420.png,train/images/01_PCB__420.png,train/labels/01_PCB__420.txt,01_PCB__420.jpg,640,640,L,512,512,0.8,0.8,0.0,0.0,6
train,01_PCB__422.png,train/images/01_PCB__422.png,train/labels/01_PCB__422.txt,01_PCB__422.jpg,640,640,L,512,512,0.8,0.8,0.0,0.0,6
train,01_PCB__423.png,train/images/01_PCB__423.png,train/labels/01_PCB__423.txt,01_PCB__423.jpg,640,640,L,512,512,0.8,0.8,0.0,0.0,6
train,01_PCB__424.png,train/images/01_PCB__424.png,train/labels/01_PCB__424.txt,01_PCB__424.jpg,640,640,L,512,512,0.8,0.8,0.0,0.0,6
train,01_PCB__425.png,train/images/01_PCB__425.png,train/labels/01_PCB__425.txt,01_PCB__425.jpg,640,640,L,512,512,0.8,0.8,0.0,0.0,5
train,01_PCB__43.png,train/images/01_PCB__43.png,train/labels/01_PCB__43.txt,01_PCB__43.jpg,640,640,L,512,512,0.8,0.8,0.0,0.0,8
train,01_PCB__430.png,train/images/01_PCB__430.png,train/labels/01_PCB__430.txt,01_PCB__430.jpg,640,640,L,512,512,0.8,0.8,0.0,0.0,6
train,01_PCB__431.png,train/images/01_PCB__431.png,train/labels/01_PCB__431.txt,01_PCB__431.jpg,640,640,L,512,512,0.8,0.8,0.0,0.0,6
train,01_PCB__432.png,train/images/01_PCB__432.png,train/labels/01_PCB__432.txt,01_PCB__432.jpg,640,640,L,512,512,0.8,0.8,0.0,0.0,6
train,01_PCB__433.png,train/images/01_PCB__433.png,train/labels/01_PCB__433.txt,01_PCB__433.jpg,640,640,L,512,512,0.8,0.8,0.0,0.0,8
train,01_PCB__434.png,train/images/01_PCB__434.png,train/labels/01_PCB__434.txt,01_PCB__434.jpg,640,640,L,512,512,0.8,0.8,0.0,0.0,7
train,01_PCB__435.png,train/images/01_PCB__435.png,train/labels/01_PCB__435.txt,01_PCB__435.jpg,640,640,L,512,512,0.8,0.8,0.0,0.0,6
train,01_PCB__436.png,train/images/01_PCB__436.png,train/labels/01_PCB__436.txt,01_PCB__436.jpg,640,640,L,512,512,0.8,0.8,0.0,0.0,6
train,01_PCB__437.png,train/images/01_PCB__437.png,train/labels/01_PCB__437.txt,01_PCB__437.jpg,640,640,L,512,512,0.8,0.8,0.0,0.0,6
train,01_PCB__439.png,train/images/01_PCB__439.png,train/labels/01_PCB__439.txt,01_PCB__439.jpg,640,640,L,512,512,0.8,0.8,0.0,0.0,5
train,01_PCB__44.png,train/images/01_PCB__44.png,train/labels/01_PCB__44.txt,01_PCB__44.jpg,640,640,L,512,512,0.8,0.8,0.0,0.0,10
train,01_PCB__440.png,train/images/01_PCB__440.png,train/labels/01_PCB__440.txt,01_PCB__440.jpg,640,640,L,512,512,0.8,0.8,0.0,0.0,6
train,01_PCB__441.png,train/images/01_PCB__441.png,train/labels/01_PCB__441.txt,01_PCB__441.jpg,640,640,L,512,512,0.8,0.8,0.0,0.0,9
train,01_PCB__443.png,train/images/01_PCB__443.png,train/labels/01_PCB__443.txt,01_PCB__443.jpg,640,640,L,512,512,0.8,0.8,0.0,0.0,7
train,01_PCB__444.png,train/images/01_PCB__444.png,train/labels/01_PCB__444.txt,01_PCB__444.jpg,640,640,L,512,512,0.8,0.8,0.0,0.0,8
train,01_PCB__445.png,train/images/01_PCB__445.png,train/labels/01_PCB__445.txt,01_PCB__445.jpg,640,640,L,512,512,0.8,0.8,0.0,0.0,7
train,01_PCB__446.png,train/images/01_PCB__446.png,train/labels/01_PCB__446.txt,01_PCB__446.jpg,640,640,L,512,512,0.8,0.8,0.0,0.0,7
train,01_PCB__447.png,train/images/01_PCB__447.png,train/labels/01_PCB__447.txt,01_PCB__447.jpg,640,640,L,512,512,0.8,0.8,0.0,0.0,7
train,01_PCB__448.png,train/images/01_PCB__448.png,train/labels/01_PCB__448.txt,01_PCB__448.jpg,640,640,L,512,512,0.8,0.8,0.0,0.0,7
train,01_PCB__449.png,train/images/01_PCB__449.png,train/labels/01_PCB__449.txt,01_PCB__449.jpg,640,640,L,512,512,0.8,0.8,0.0,0.0,7
train,01_PCB__450.png,train/images/01_PCB__450.png,train/labels/01_PCB__450.txt,01_PCB__450.jpg,640,640,L,512,512,0.8,0.8,0.0,0.0,9
train,01_PCB__451.png,train/images/01_PCB__451.png,train/labels/01_PCB__451.txt,01_PCB__451.jpg,640,640,L,512,512,0.8,0.8,0.0,0.0,5
train,01_PCB__452.png,train/images/01_PCB__452.png,train/labels/01_PCB__452.txt,01_PCB__452.jpg,640,640,L,512,512,0.8,0.8,0.0,0.0,4
train,01_PCB__453.png,train/images/01_PCB__453.png,train/labels/01_PCB__453.txt,01_PCB__453.jpg,640,640,L,512,512,0.8,0.8,0.0,0.0,6
train,01_PCB__454.png,train/images/01_PCB__454.png,train/labels/01_PCB__454.txt,01_PCB__454.jpg,640,640,L,512,512,0.8,0.8,0.0,0.0,5
train,01_PCB__455.png,train/images/01_PCB__455.png,train/labels/01_PCB__455.txt,01_PCB__455.jpg,640,640,L,512,512,0.8,0.8,0.0,0.0,5
train,01_PCB__457.png,train/images/01_PCB__457.png,train/labels/01_PCB__457.txt,01_PCB__457.jpg,640,640,L,512,512,0.8,0.8,0.0,0.0,7
train,01_PCB__458.png,train/images/01_PCB__458.png,train/labels/01_PCB__458.txt,01_PCB__458.jpg,640,640,L,512,512,0.8,0.8,0.0,0.0,7
train,01_PCB__459.png,train/images/01_PCB__459.png,train/labels/01_PCB__459.txt,01_PCB__459.jpg,640,640,L,512,512,0.8,0.8,0.0,0.0,5
train,01_PCB__46.png,train/images/01_PCB__46.png,train/labels/01_PCB__46.txt,01_PCB__46.jpg,640,640,L,512,512,0.8,0.8,0.0,0.0,9
train,01_PCB__460.png,train/images/01_PCB__460.png,train/labels/01_PCB__460.txt,01_PCB__460.jpg,640,640,L,512,512,0.8,0.8,0.0,0.0,5
train,01_PCB__461.png,train/images/01_PCB__461.png,train/labels/01_PCB__461.txt,01_PCB__461.jpg,640,640,L,512,512,0.8,0.8,0.0,0.0,5
train,01_PCB__462.png,train/images/01_PCB__462.png,train/labels/01_PCB__462.txt,01_PCB__462.jpg,640,640,L,512,512,0.8,0.8,0.0,0.0,5
train,01_PCB__463.png,train/images/01_PCB__463.png,train/labels/01_PCB__463.txt,01_PCB__463.jpg,640,640,L,512,512,0.8,0.8,0.0,0.0,5
train,01_PCB__464.png,train/images/01_PCB__464.png,train/labels/01_PCB__464.txt,01_PCB__464.jpg,640,640,L,512,512,0.8,0.8,0.0,0.0,5
train,01_PCB__466.png,train/images/01_PCB__466.png,train/labels/01_PCB__466.txt,01_PCB__466.jpg,640,640,L,512,512,0.8,0.8,0.0,0.0,5
train,01_PCB__467.png,train/images/01_PCB__467.png,train/labels/01_PCB__467.txt,01_PCB__467.jpg,640,640,L,512,512,0.8,0.8,0.0,0.0,9
train,01_PCB__468.png,train/images/01_PCB__468.png,train/labels/01_PCB__468.txt,01_PCB__468.jpg,640,640,L,512,512,0.8,0.8,0.0,0.0,6
train,01_PCB__469.png,train/images/01_PCB__469.png,train/labels/01_PCB__469.txt,01_PCB__469.jpg,640,640,L,512,512,0.8,0.8,0.0,0.0,7
train,01_PCB__47.png,train/images/01_PCB__47.png,train/labels/01_PCB__47.txt,01_PCB__47.jpg,640,640,L,512,512,0.8,0.8,0.0,0.0,6
train,01_PCB__470.png,train/images/01_PCB__470.png,train/labels/01_PCB__470.txt,01_PCB__470.jpg,640,640,L,512,512,0.8,0.8,0.0,0.0,7
train,01_PCB__471.png,train/images/01_PCB__471.png,train/labels/01_PCB__471.txt,01_PCB__471.jpg,640,640,L,512,512,0.8,0.8,0.0,0.0,6
train,01_PCB__472.png,train/images/01_PCB__472.png,train/labels/01_PCB__472.txt,01_PCB__472.jpg,640,640,L,512,512,0.8,0.8,0.0,0.0,6
train,01_PCB__473.png,train/images/01_PCB__473.png,train/labels/01_PCB__473.txt,01_PCB__473.jpg,640,640,RGB,512,512,0.8,0.8,0.0,0.0,7
train,01_PCB__474.png,train/images/01_PCB__474.png,train/labels/01_PCB__474.txt,01_PCB__474.jpg,640,640,L,512,512,0.8,0.8,0.0,0.0,5
train,01_PCB__477.png,train/images/01_PCB__477.png,train/labels/01_PCB__477.txt,01_PCB__477.jpg,640,640,L,512,512,0.8,0.8,0.0,0.0,7
train,01_PCB__478.png,train/images/01_PCB__478.png,train/labels/01_PCB__478.txt,01_PCB__478.jpg,640,640,L,512,512,0.8,0.8,0.0,0.0,6
train,01_PCB__479.png,train/images/01_PCB__479.png,train/labels/01_PCB__479.txt,01_PCB__479.jpg,640,640,L,512,512,0.8,0.8,0.0,0.0,7
train,01_PCB__48.png,train/images/01_PCB__48.png,train/labels/01_PCB__48.txt,01_PCB__48.jpg,640,640,L,512,512,0.8,0.8,0.0,0.0,10
train,01_PCB__481.png,train/images/01_PCB__481.png,train/labels/01_PCB__481.txt,01_PCB__481.jpg,640,640,L,512,512,0.8,0.8,0.0,0.0,8
train,01_PCB__482.png,train/images/01_PCB__482.png,train/labels/01_PCB__482.txt,01_PCB__482.jpg,640,640,L,512,512,0.8,0.8,0.0,0.0,10
train,01_PCB__483.png,train/images/01_PCB__483.png,train/labels/01_PCB__483.txt,01_PCB__483.jpg,640,640,L,512,512,0.8,0.8,0.0,0.0,9
train,01_PCB__486.png,train/images/01_PCB__486.png,train/labels/01_PCB__486.txt,01_PCB__486.jpg,640,640,L,512,512,0.8,0.8,0.0,0.0,7
train,01_PCB__488.png,train/images/01_PCB__488.png,train/labels/01_PCB__488.txt,01_PCB__488.jpg,640,640,L,512,512,0.8,0.8,0.0,0.0,9
train,01_PCB__489.png,train/images/01_PCB__489.png,train/labels/01_PCB__489.txt,01_PCB__489.jpg,640,640,L,512,512,0.8,0.8,0.0,0.0,10
train,01_PCB__49.png,train/images/01_PCB__49.png,train/labels/01_PCB__49.txt,01_PCB__49.jpg,640,640,L,512,512,0.8,0.8,0.0,0.0,8
train,01_PCB__490.png,train/images/01_PCB__490.png,train/labels/01_PCB__490.txt,01_PCB__490.jpg,640,640,L,512,512,0.8,0.8,0.0,0.0,8
train,01_PCB__491.png,train/images/01_PCB__491.png,train/labels/01_PCB__491.txt,01_PCB__491.jpg,640,640,L,512,512,0.8,0.8,0.0,0.0,8
train,01_PCB__492.png,train/images/01_PCB__492.png,train/labels/01_PCB__492.txt,01_PCB__492.jpg,640,640,L,512,512,0.8,0.8,0.0,0.0,8
train,01_PCB__493.png,train/images/01_PCB__493.png,train/labels/01_PCB__493.txt,01_PCB__493.jpg,640,640,L,512,512,0.8,0.8,0.0,0.0,7
train,01_PCB__496.png,train/images/01_PCB__496.png,train/labels/01_PCB__496.txt,01_PCB__496.jpg,640,640,L,512,512,0.8,0.8,0.0,0.0,5
train,01_PCB__497.png,train/images/01_PCB__497.png,train/labels/01_PCB__497.txt,01_PCB__497.jpg,640,640,L,512,512,0.8,0.8,0.0,0.0,11
train,01_PCB__498.png,train/images/01_PCB__498.png,train/labels/01_PCB__498.txt,01_PCB__498.jpg,640,640,L,512,512,0.8,0.8,0.0,0.0,10
train,01_PCB__499.png,train/images/01_PCB__499.png,train/labels/01_PCB__499.txt,01_PCB__499.jpg,640,640,L,512,512,0.8,0.8,0.0,0.0,13
train,01_PCB__5.png,train/images/01_PCB__5.png,train/labels/01_PCB__5.txt,01_PCB__5.jpg,640,640,L,512,512,0.8,0.8,0.0,0.0,8
train,01_PCB__501.png,train/images/01_PCB__501.png,train/labels/01_PCB__501.txt,01_PCB__501.jpg,640,640,L,512,512,0.8,0.8,0.0,0.0,10
train,01_PCB__502.png,train/images/01_PCB__502.png,train/labels/01_PCB__502.txt,01_PCB__502.jpg,640,640,L,512,512,0.8,0.8,0.0,0.0,12
train,01_PCB__503.png,train/images/01_PCB__503.png,train/labels/01_PCB__503.txt,01_PCB__503.jpg,640,640,L,512,512,0.8,0.8,0.0,0.0,12
train,01_PCB__504.png,train/images/01_PCB__504.png,train/labels/01_PCB__504.txt,01_PCB__504.jpg,640,640,L,512,512,0.8,0.8,0.0,0.0,12
train,01_PCB__505.png,train/images/01_PCB__505.png,train/labels/01_PCB__505.txt,01_PCB__505.jpg,640,640,L,512,512,0.8,0.8,0.0,0.0,12
train,01_PCB__506.png,train/images/01_PCB__506.png,train/labels/01_PCB__506.txt,01_PCB__506.jpg,640,640,L,512,512,0.8,0.8,0.0,0.0,12
train,01_PCB__507.png,train/images/01_PCB__507.png,train/labels/01_PCB__507.txt,01_PCB__507.jpg,640,640,L,512,512,0.8,0.8,0.0,0.0,12
train,01_PCB__508.png,train/images/01_PCB__508.png,train/labels/01_PCB__508.txt,01_PCB__508.jpg,640,640,L,512,512,0.8,0.8,0.0,0.0,12
train,01_PCB__51.png,train/images/01_PCB__51.png,train/labels/01_PCB__51.txt,01_PCB__51.jpg,640,640,L,512,512,0.8,0.8,0.0,0.0,6
train,01_PCB__511.png,train/images/01_PCB__511.png,train/labels/01_PCB__511.txt,01_PCB__511.jpg,640,640,L,512,512,0.8,0.8,0.0,0.0,9
train,01_PCB__512.png,train/images/01_PCB__512.png,train/labels/01_PCB__512.txt,01_PCB__512.jpg,640,640,L,512,512,0.8,0.8,0.0,0.0,9
train,01_PCB__513.png,train/images/01_PCB__513.png,train/labels/01_PCB__513.txt,01_PCB__513.jpg,640,640,L,512,512,0.8,0.8,0.0,0.0,7
train,01_PCB__514.png,train/images/01_PCB__514.png,train/labels/01_PCB__514.txt,01_PCB__514.jpg,640,640,L,512,512,0.8,0.8,0.0,0.0,9
train,01_PCB__515.png,train/images/01_PCB__515.png,train/labels/01_PCB__515.txt,01_PCB__515.jpg,640,640,L,512,512,0.8,0.8,0.0,0.0,10
train,01_PCB__516.png,train/images/01_PCB__516.png,train/labels/01_PCB__516.txt,01_PCB__516.jpg,640,640,L,512,512,0.8,0.8,0.0,0.0,8
train,01_PCB__517.png,train/images/01_PCB__517.png,train/labels/01_PCB__517.txt,01_PCB__517.jpg,640,640,L,512,512,0.8,0.8,0.0,0.0,12
train,01_PCB__518.png,train/images/01_PCB__518.png,train/labels/01_PCB__518.txt,01_PCB__518.jpg,640,640,L,512,512,0.8,0.8,0.0,0.0,7
train,01_PCB__519.png,train/images/01_PCB__519.png,train/labels/01_PCB__519.txt,01_PCB__519.jpg,640,640,L,512,512,0.8,0.8,0.0,0.0,7
train,01_PCB__520.png,train/images/01_PCB__520.png,train/labels/01_PCB__520.txt,01_PCB__520.jpg,640,640,L,512,512,0.8,0.8,0.0,0.0,6
train,01_PCB__521.png,train/images/01_PCB__521.png,train/labels/01_PCB__521.txt,01_PCB__521.jpg,640,640,L,512,512,0.8,0.8,0.0,0.0,7
train,01_PCB__522.png,train/images/01_PCB__522.png,train/labels/01_PCB__522.txt,01_PCB__522.jpg,640,640,L,512,512,0.8,0.8,0.0,0.0,4
train,01_PCB__523.png,train/images/01_PCB__523.png,train/labels/01_PCB__523.txt,01_PCB__523.jpg,640,640,L,512,512,0.8,0.8,0.0,0.0,7
train,01_PCB__525.png,train/images/01_PCB__525.png,train/labels/01_PCB__525.txt,01_PCB__525.jpg,640,640,L,512,512,0.8,0.8,0.0,0.0,6
train,01_PCB__526.png,train/images/01_PCB__526.png,train/labels/01_PCB__526.txt,01_PCB__526.jpg,640,640,L,512,512,0.8,0.8,0.0,0.0,7
train,01_PCB__527.png,train/images/01_PCB__527.png,train/labels/01_PCB__527.txt,01_PCB__527.jpg,640,640,L,512,512,0.8,0.8,0.0,0.0,7
train,01_PCB__528.png,train/images/01_PCB__528.png,train/labels/01_PCB__528.txt,01_PCB__528.jpg,640,640,L,512,512,0.8,0.8,0.0,0.0,9
train,01_PCB__529.png,train/images/01_PCB__529.png,train/labels/01_PCB__529.txt,01_PCB__529.jpg,640,640,L,512,512,0.8,0.8,0.0,0.0,7
train,01_PCB__53.png,train/images/01_PCB__53.png,train/labels/01_PCB__53.txt,01_PCB__53.jpg,640,640,L,512,512,0.8,0.8,0.0,0.0,9
train,01_PCB__530.png,train/images/01_PCB__530.png,train/labels/01_PCB__530.txt,01_PCB__530.jpg,640,640,L,512,512,0.8,0.8,0.0,0.0,7
train,01_PCB__531.png,train/images/01_PCB__531.png,train/labels/01_PCB__531.txt,01_PCB__531.jpg,640,640,L,512,512,0.8,0.8,0.0,0.0,7
train,01_PCB__532.png,train/images/01_PCB__532.png,train/labels/01_PCB__532.txt,01_PCB__532.jpg,640,640,L,512,512,0.8,0.8,0.0,0.0,8
train,01_PCB__533.png,train/images/01_PCB__533.png,train/labels/01_PCB__533.txt,01_PCB__533.jpg,640,640,L,512,512,0.8,0.8,0.0,0.0,6
train,01_PCB__534.png,train/images/01_PCB__534.png,train/labels/01_PCB__534.txt,01_PCB__534.jpg,640,640,L,512,512,0.8,0.8,0.0,0.0,5
train,01_PCB__536.png,train/images/01_PCB__536.png,train/labels/01_PCB__536.txt,01_PCB__536.jpg,640,640,L,512,512,0.8,0.8,0.0,0.0,8
train,01_PCB__537.png,train/images/01_PCB__537.png,train/labels/01_PCB__537.txt,01_PCB__537.jpg,640,640,L,512,512,0.8,0.8,0.0,0.0,7
train,01_PCB__538.png,train/images/01_PCB__538.png,train/labels/01_PCB__538.txt,01_PCB__538.jpg,640,640,L,512,512,0.8,0.8,0.0,0.0,9
train,01_PCB__539.png,train/images/01_PCB__539.png,train/labels/01_PCB__539.txt,01_PCB__539.jpg,640,640,L,512,512,0.8,0.8,0.0,0.0,9
train,01_PCB__54.png,train/images/01_PCB__54.png,train/labels/01_PCB__54.txt,01_PCB__54.jpg,640,640,L,512,512,0.8,0.8,0.0,0.0,9
train,01_PCB__540.png,train/images/01_PCB__540.png,train/labels/01_PCB__540.txt,01_PCB__540.jpg,640,640,RGB,512,512,0.8,0.8,0.0,0.0,5
train,01_PCB__541.png,train/images/01_PCB__541.png,train/labels/01_PCB__541.txt,01_PCB__541.jpg,640,640,L,512,512,0.8,0.8,0.0,0.0,7
train,01_PCB__542.png,train/images/01_PCB__542.png,train/labels/01_PCB__542.txt,01_PCB__542.jpg,640,640,L,512,512,0.8,0.8,0.0,0.0,7
train,01_PCB__546.png,train/images/01_PCB__546.png,train/labels/01_PCB__546.txt,01_PCB__546.jpg,640,640,L,512,512,0.8,0.8,0.0,0.0,8
train,01_PCB__547.png,train/images/01_PCB__547.png,train/labels/01_PCB__547.txt,01_PCB__547.jpg,640,640,L,512,512,0.8,0.8,0.0,0.0,10
train,01_PCB__548.png,train/images/01_PCB__548.png,train/labels/01_PCB__548.txt,01_PCB__548.jpg,640,640,L,512,512,0.8,0.8,0.0,0.0,8
train,01_PCB__55.png,train/images/01_PCB__55.png,train/labels/01_PCB__55.txt,01_PCB__55.jpg,640,640,L,512,512,0.8,0.8,0.0,0.0,7
train,01_PCB__550.png,train/images/01_PCB__550.png,train/labels/01_PCB__550.txt,01_PCB__550.jpg,640,640,L,512,512,0.8,0.8,0.0,0.0,5
train,01_PCB__551.png,train/images/01_PCB__551.png,train/labels/01_PCB__551.txt,01_PCB__551.jpg,640,640,L,512,512,0.8,0.8,0.0,0.0,6
train,01_PCB__552.png,train/images/01_PCB__552.png,train/labels/01_PCB__552.txt,01_PCB__552.jpg,640,640,L,512,512,0.8,0.8,0.0,0.0,6
train,01_PCB__553.png,train/images/01_PCB__553.png,train/labels/01_PCB__553.txt,01_PCB__553.jpg,640,640,L,512,512,0.8,0.8,0.0,0.0,6
train,01_PCB__554.png,train/images/01_PCB__554.png,train/labels/01_PCB__554.txt,01_PCB__554.jpg,640,640,L,512,512,0.8,0.8,0.0,0.0,7
train,01_PCB__555.png,train/images/01_PCB__555.png,train/labels/01_PCB__555.txt,01_PCB__555.jpg,640,640,RGB,512,512,0.8,0.8,0.0,0.0,6
train,01_PCB__556.png,train/images/01_PCB__556.png,train/labels/01_PCB__556.txt,01_PCB__556.jpg,640,640,L,512,512,0.8,0.8,0.0,0.0,7
train,01_PCB__557.png,train/images/01_PCB__557.png,train/labels/01_PCB__557.txt,01_PCB__557.jpg,640,640,L,512,512,0.8,0.8,0.0,0.0,7
train,01_PCB__559.png,train/images/01_PCB__559.png,train/labels/01_PCB__559.txt,01_PCB__559.jpg,640,640,L,512,512,0.8,0.8,0.0,0.0,7
train,01_PCB__56.png,train/images/01_PCB__56.png,train/labels/01_PCB__56.txt,01_PCB__56.jpg,640,640,L,512,512,0.8,0.8,0.0,0.0,7
train,01_PCB__560.png,train/images/01_PCB__560.png,train/labels/01_PCB__560.txt,01_PCB__560.jpg,640,640,L,512,512,0.8,0.8,0.0,0.0,11
train,01_PCB__561.png,train/images/01_PCB__561.png,train/labels/01_PCB__561.txt,01_PCB__561.jpg,640,640,L,512,512,0.8,0.8,0.0,0.0,10
train,01_PCB__562.png,train/images/01_PCB__562.png,train/labels/01_PCB__562.txt,01_PCB__562.jpg,640,640,L,512,512,0.8,0.8,0.0,0.0,6
train,01_PCB__563.png,train/images/01_PCB__563.png,train/labels/01_PCB__563.txt,01_PCB__563.jpg,640,640,L,512,512,0.8,0.8,0.0,0.0,9
train,01_PCB__564.png,train/images/01_PCB__564.png,train/labels/01_PCB__564.txt,01_PCB__564.jpg,640,640,L,512,512,0.8,0.8,0.0,0.0,7
train,01_PCB__565.png,train/images/01_PCB__565.png,train/labels/01_PCB__565.txt,01_PCB__565.jpg,640,640,L,512,512,0.8,0.8,0.0,0.0,9
train,01_PCB__566.png,train/images/01_PCB__566.png,train/labels/01_PCB__566.txt,01_PCB__566.jpg,640,640,L,512,512,0.8,0.8,0.0,0.0,8
train,01_PCB__567.png,train/images/01_PCB__567.png,train/labels/01_PCB__567.txt,01_PCB__567.jpg,640,640,L,512,512,0.8,0.8,0.0,0.0,8
train,01_PCB__568.png,train/images/01_PCB__568.png,train/labels/01_PCB__568.txt,01_PCB__568.jpg,640,640,L,512,512,0.8,0.8,0.0,0.0,5
train,01_PCB__57.png,train/images/01_PCB__57.png,train/labels/01_PCB__57.txt,01_PCB__57.jpg,640,640,L,512,512,0.8,0.8,0.0,0.0,9
train,01_PCB__570.png,train/images/01_PCB__570.png,train/labels/01_PCB__570.txt,01_PCB__570.jpg,640,640,L,512,512,0.8,0.8,0.0,0.0,5
train,01_PCB__572.png,train/images/01_PCB__572.png,train/labels/01_PCB__572.txt,01_PCB__572.jpg,640,640,L,512,512,0.8,0.8,0.0,0.0,8
train,01_PCB__573.png,train/images/01_PCB__573.png,train/labels/01_PCB__573.txt,01_PCB__573.jpg,640,640,L,512,512,0.8,0.8,0.0,0.0,9
train,01_PCB__574.png,train/images/01_PCB__574.png,train/labels/01_PCB__574.txt,01_PCB__574.jpg,640,640,L,512,512,0.8,0.8,0.0,0.0,5
train,01_PCB__575.png,train/images/01_PCB__575.png,train/labels/01_PCB__575.txt,01_PCB__575.jpg,640,640,L,512,512,0.8,0.8,0.0,0.0,5
train,01_PCB__576.png,train/images/01_PCB__576.png,train/labels/01_PCB__576.txt,01_PCB__576.jpg,640,640,L,512,512,0.8,0.8,0.0,0.0,5
train,01_PCB__577.png,train/images/01_PCB__577.png,train/labels/01_PCB__577.txt,01_PCB__577.jpg,640,640,L,512,512,0.8,0.8,0.0,0.0,6
train,01_PCB__578.png,train/images/01_PCB__578.png,train/labels/01_PCB__578.txt,01_PCB__578.jpg,640,640,L,512,512,0.8,0.8,0.0,0.0,7
train,01_PCB__579.png,train/images/01_PCB__579.png,train/labels/01_PCB__579.txt,01_PCB__579.jpg,640,640,L,512,512,0.8,0.8,0.0,0.0,6
train,01_PCB__580.png,train/images/01_PCB__580.png,train/labels/01_PCB__580.txt,01_PCB__580.jpg,640,640,L,512,512,0.8,0.8,0.0,0.0,8
train,01_PCB__581.png,train/images/01_PCB__581.png,train/labels/01_PCB__581.txt,01_PCB__581.jpg,640,640,L,512,512,0.8,0.8,0.0,0.0,6
train,01_PCB__582.png,train/images/01_PCB__582.png,train/labels/01_PCB__582.txt,01_PCB__582.jpg,640,640,L,512,512,0.8,0.8,0.0,0.0,6
train,01_PCB__583.png,train/images/01_PCB__583.png,train/labels/01_PCB__583.txt,01_PCB__583.jpg,640,640,L,512,512,0.8,0.8,0.0,0.0,6
train,01_PCB__585.png,train/images/01_PCB__585.png,train/labels/01_PCB__585.txt,01_PCB__585.jpg,640,640,L,512,512,0.8,0.8,0.0,0.0,6
train,01_PCB__586.png,train/images/01_PCB__586.png,train/labels/01_PCB__586.txt,01_PCB__586.jpg,640,640,L,512,512,0.8,0.8,0.0,0.0,6
train,01_PCB__587.png,train/images/01_PCB__587.png,train/labels/01_PCB__587.txt,01_PCB__587.jpg,640,640,L,512,512,0.8,0.8,0.0,0.0,7
train,01_PCB__589.png,train/images/01_PCB__589.png,train/labels/01_PCB__589.txt,01_PCB__589.jpg,640,640,L,512,512,0.8,0.8,0.0,0.0,8
train,01_PCB__59.png,train/images/01_PCB__59.png,train/labels/01_PCB__59.txt,01_PCB__59.jpg,640,640,L,512,512,0.8,0.8,0.0,0.0,6
train,01_PCB__590.png,train/images/01_PCB__590.png,train/labels/01_PCB__590.txt,01_PCB__590.jpg,640,640,L,512,512,0.8,0.8,0.0,0.0,7
train,01_PCB__591.png,train/images/01_PCB__591.png,train/labels/01_PCB__591.txt,01_PCB__591.jpg,640,640,L,512,512,0.8,0.8,0.0,0.0,3
train,01_PCB__592.png,train/images/01_PCB__592.png,train/labels/01_PCB__592.txt,01_PCB__592.jpg,640,640,L,512,512,0.8,0.8,0.0,0.0,4
train,01_PCB__593.png,train/images/01_PCB__593.png,train/labels/01_PCB__593.txt,01_PCB__593.jpg,640,640,L,512,512,0.8,0.8,0.0,0.0,5
train,01_PCB__594.png,train/images/01_PCB__594.png,train/labels/01_PCB__594.txt,01_PCB__594.jpg,640,640,L,512,512,0.8,0.8,0.0,0.0,4
train,01_PCB__595.png,train/images/01_PCB__595.png,train/labels/01_PCB__595.txt,01_PCB__595.jpg,640,640,L,512,512,0.8,0.8,0.0,0.0,4
train,01_PCB__597.png,train/images/01_PCB__597.png,train/labels/01_PCB__597.txt,01_PCB__597.jpg,640,640,L,512,512,0.8,0.8,0.0,0.0,9
train,01_PCB__598.png,train/images/01_PCB__598.png,train/labels/01_PCB__598.txt,01_PCB__598.jpg,640,640,L,512,512,0.8,0.8,0.0,0.0,6
train,01_PCB__599.png,train/images/01_PCB__599.png,train/labels/01_PCB__599.txt,01_PCB__599.jpg,640,640,L,512,512,0.8,0.8,0.0,0.0,7
train,01_PCB__6.png,train/images/01_PCB__6.png,train/labels/01_PCB__6.txt,01_PCB__6.jpg,640,640,L,512,512,0.8,0.8,0.0,0.0,9
train,01_PCB__60.png,train/images/01_PCB__60.png,train/labels/01_PCB__60.txt,01_PCB__60.jpg,640,640,L,512,512,0.8,0.8,0.0,0.0,7
train,01_PCB__600.png,train/images/01_PCB__600.png,train/labels/01_PCB__600.txt,01_PCB__600.jpg,640,640,L,512,512,0.8,0.8,0.0,0.0,6
train,01_PCB__602.png,train/images/01_PCB__602.png,train/labels/01_PCB__602.txt,01_PCB__602.jpg,640,640,L,512,512,0.8,0.8,0.0,0.0,5
train,01_PCB__603.png,train/images/01_PCB__603.png,train/labels/01_PCB__603.txt,01_PCB__603.jpg,640,640,L,512,512,0.8,0.8,0.0,0.0,8
train,01_PCB__604.png,train/images/01_PCB__604.png,train/labels/01_PCB__604.txt,01_PCB__604.jpg,640,640,L,512,512,0.8,0.8,0.0,0.0,5
train,01_PCB__605.png,train/images/01_PCB__605.png,train/labels/01_PCB__605.txt,01_PCB__605.jpg,640,640,L,512,512,0.8,0.8,0.0,0.0,4
train,01_PCB__606.png,train/images/01_PCB__606.png,train/labels/01_PCB__606.txt,01_PCB__606.jpg,640,640,L,512,512,0.8,0.8,0.0,0.0,6
train,01_PCB__607.png,train/images/01_PCB__607.png,train/labels/01_PCB__607.txt,01_PCB__607.jpg,640,640,L,512,512,0.8,0.8,0.0,0.0,6
train,01_PCB__608.png,train/images/01_PCB__608.png,train/labels/01_PCB__608.txt,01_PCB__608.jpg,640,640,L,512,512,0.8,0.8,0.0,0.0,4
train,01_PCB__609.png,train/images/01_PCB__609.png,train/labels/01_PCB__609.txt,01_PCB__609.jpg,640,640,L,512,512,0.8,0.8,0.0,0.0,4
train,01_PCB__61.png,train/images/01_PCB__61.png,train/labels/01_PCB__61.txt,01_PCB__61.jpg,640,640,L,512,512,0.8,0.8,0.0,0.0,8
train,01_PCB__610.png,train/images/01_PCB__610.png,train/labels/01_PCB__610.txt,01_PCB__610.jpg,640,640,L,512,512,0.8,0.8,0.0,0.0,3
train,01_PCB__611.png,train/images/01_PCB__611.png,train/labels/01_PCB__611.txt,01_PCB__611.jpg,640,640,L,512,512,0.8,0.8,0.0,0.0,3
train,01_PCB__612.png,train/images/01_PCB__612.png,train/labels/01_PCB__612.txt,01_PCB__612.jpg,640,640,L,512,512,0.8,0.8,0.0,0.0,4
train,01_PCB__613.png,train/images/01_PCB__613.png,train/labels/01_PCB__613.txt,01_PCB__613.jpg,640,640,L,512,512,0.8,0.8,0.0,0.0,4
train,01_PCB__614.png,train/images/01_PCB__614.png,train/labels/01_PCB__614.txt,01_PCB__614.jpg,640,640,L,512,512,0.8,0.8,0.0,0.0,4
train,01_PCB__615.png,train/images/01_PCB__615.png,train/labels/01_PCB__615.txt,01_PCB__615.jpg,640,640,L,512,512,0.8,0.8,0.0,0.0,5
train,01_PCB__616.png,train/images/01_PCB__616.png,train/labels/01_PCB__616.txt,01_PCB__616.jpg,640,640,L,512,512,0.8,0.8,0.0,0.0,5
train,01_PCB__617.png,train/images/01_PCB__617.png,train/labels/01_PCB__617.txt,01_PCB__617.jpg,640,640,L,512,512,0.8,0.8,0.0,0.0,6
train,01_PCB__618.png,train/images/01_PCB__618.png,train/labels/01_PCB__618.txt,01_PCB__618.jpg,640,640,L,512,512,0.8,0.8,0.0,0.0,7
train,01_PCB__619.png,train/images/01_PCB__619.png,train/labels/01_PCB__619.txt,01_PCB__619.jpg,640,640,L,512,512,0.8,0.8,0.0,0.0,7
train,01_PCB__62.png,train/images/01_PCB__62.png,train/labels/01_PCB__62.txt,01_PCB__62.jpg,640,640,L,512,512,0.8,0.8,0.0,0.0,8
train,01_PCB__621.png,train/images/01_PCB__621.png,train/labels/01_PCB__621.txt,01_PCB__621.jpg,640,640,L,512,512,0.8,0.8,0.0,0.0,6
train,01_PCB__622.png,train/images/01_PCB__622.png,train/labels/01_PCB__622.txt,01_PCB__622.jpg,640,640,L,512,512,0.8,0.8,0.0,0.0,6
train,01_PCB__624.png,train/images/01_PCB__624.png,train/labels/01_PCB__624.txt,01_PCB__624.jpg,640,640,L,512,512,0.8,0.8,0.0,0.0,7
train,01_PCB__625.png,train/images/01_PCB__625.png,train/labels/01_PCB__625.txt,01_PCB__625.jpg,640,640,L,512,512,0.8,0.8,0.0,0.0,5
train,01_PCB__627.png,train/images/01_PCB__627.png,train/labels/01_PCB__627.txt,01_PCB__627.jpg,640,640,L,512,512,0.8,0.8,0.0,0.0,5
train,01_PCB__628.png,train/images/01_PCB__628.png,train/labels/01_PCB__628.txt,01_PCB__628.jpg,640,640,L,512,512,0.8,0.8,0.0,0.0,4
train,01_PCB__629.png,train/images/01_PCB__629.png,train/labels/01_PCB__629.txt,01_PCB__629.jpg,640,640,L,512,512,0.8,0.8,0.0,0.0,5
train,01_PCB__630.png,train/images/01_PCB__630.png,train/labels/01_PCB__630.txt,01_PCB__630.jpg,640,640,L,512,512,0.8,0.8,0.0,0.0,5
train,01_PCB__631.png,train/images/01_PCB__631.png,train/labels/01_PCB__631.txt,01_PCB__631.jpg,640,640,L,512,512,0.8,0.8,0.0,0.0,5
train,01_PCB__633.png,train/images/01_PCB__633.png,train/labels/01_PCB__633.txt,01_PCB__633.jpg,640,640,L,512,512,0.8,0.8,0.0,0.0,5
train,01_PCB__634.png,train/images/01_PCB__634.png,train/labels/01_PCB__634.txt,01_PCB__634.jpg,640,640,L,512,512,0.8,0.8,0.0,0.0,5
train,01_PCB__635.png,train/images/01_PCB__635.png,train/labels/01_PCB__635.txt,01_PCB__635.jpg,640,640,L,512,512,0.8,0.8,0.0,0.0,9
train,01_PCB__636.png,train/images/01_PCB__636.png,train/labels/01_PCB__636.txt,01_PCB__636.jpg,640,640,L,512,512,0.8,0.8,0.0,0.0,6
train,01_PCB__639.png,train/images/01_PCB__639.png,train/labels/01_PCB__639.txt,01_PCB__639.jpg,640,640,L,512,512,0.8,0.8,0.0,0.0,4
train,01_PCB__64.png,train/images/01_PCB__64.png,train/labels/01_PCB__64.txt,01_PCB__64.jpg,640,640,L,512,512,0.8,0.8,0.0,0.0,8
train,01_PCB__640.png,train/images/01_PCB__640.png,train/labels/01_PCB__640.txt,01_PCB__640.jpg,640,640,L,512,512,0.8,0.8,0.0,0.0,6
train,01_PCB__643.png,train/images/01_PCB__643.png,train/labels/01_PCB__643.txt,01_PCB__643.jpg,640,640,L,512,512,0.8,0.8,0.0,0.0,4
train,01_PCB__644.png,train/images/01_PCB__644.png,train/labels/01_PCB__644.txt,01_PCB__644.jpg,640,640,L,512,512,0.8,0.8,0.0,0.0,5
train,01_PCB__646.png,train/images/01_PCB__646.png,train/labels/01_PCB__646.txt,01_PCB__646.jpg,640,640,L,512,512,0.8,0.8,0.0,0.0,3
train,01_PCB__647.png,train/images/01_PCB__647.png,train/labels/01_PCB__647.txt,01_PCB__647.jpg,640,640,L,512,512,0.8,0.8,0.0,0.0,4
train,01_PCB__649.png,train/images/01_PCB__649.png,train/labels/01_PCB__649.txt,01_PCB__649.jpg,640,640,L,512,512,0.8,0.8,0.0,0.0,6
train,01_PCB__65.png,train/images/01_PCB__65.png,train/labels/01_PCB__65.txt,01_PCB__65.jpg,640,640,L,512,512,0.8,0.8,0.0,0.0,9
train,01_PCB__650.png,train/images/01_PCB__650.png,train/labels/01_PCB__650.txt,01_PCB__650.jpg,640,640,L,512,512,0.8,0.8,0.0,0.0,6
train,01_PCB__651.png,train/images/01_PCB__651.png,train/labels/01_PCB__651.txt,01_PCB__651.jpg,640,640,L,512,512,0.8,0.8,0.0,0.0,5
train,01_PCB__652.png,train/images/01_PCB__652.png,train/labels/01_PCB__652.txt,01_PCB__652.jpg,640,640,L,512,512,0.8,0.8,0.0,0.0,4
train,01_PCB__654.png,train/images/01_PCB__654.png,train/labels/01_PCB__654.txt,01_PCB__654.jpg,640,640,L,512,512,0.8,0.8,0.0,0.0,6
train,01_PCB__655.png,train/images/01_PCB__655.png,train/labels/01_PCB__655.txt,01_PCB__655.jpg,640,640,L,512,512,0.8,0.8,0.0,0.0,6
train,01_PCB__656.png,train/images/01_PCB__656.png,train/labels/01_PCB__656.txt,01_PCB__656.jpg,640,640,L,512,512,0.8,0.8,0.0,0.0,5
train,01_PCB__657.png,train/images/01_PCB__657.png,train/labels/01_PCB__657.txt,01_PCB__657.jpg,640,640,L,512,512,0.8,0.8,0.0,0.0,5
train,01_PCB__658.png,train/images/01_PCB__658.png,train/labels/01_PCB__658.txt,01_PCB__658.jpg,640,640,L,512,512,0.8,0.8,0.0,0.0,7
train,01_PCB__659.png,train/images/01_PCB__659.png,train/labels/01_PCB__659.txt,01_PCB__659.jpg,640,640,L,512,512,0.8,0.8,0.0,0.0,4
train,01_PCB__66.png,train/images/01_PCB__66.png,train/labels/01_PCB__66.txt,01_PCB__66.jpg,640,640,L,512,512,0.8,0.8,0.0,0.0,8
train,01_PCB__660.png,train/images/01_PCB__660.png,train/labels/01_PCB__660.txt,01_PCB__660.jpg,640,640,L,512,512,0.8,0.8,0.0,0.0,6
train,01_PCB__662.png,train/images/01_PCB__662.png,train/labels/01_PCB__662.txt,01_PCB__662.jpg,640,640,L,512,512,0.8,0.8,0.0,0.0,7
train,01_PCB__664.png,train/images/01_PCB__664.png,train/labels/01_PCB__664.txt,01_PCB__664.jpg,640,640,L,512,512,0.8,0.8,0.0,0.0,8
train,01_PCB__665.png,train/images/01_PCB__665.png,train/labels/01_PCB__665.txt,01_PCB__665.jpg,640,640,L,512,512,0.8,0.8,0.0,0.0,6
train,01_PCB__667.png,train/images/01_PCB__667.png,train/labels/01_PCB__667.txt,01_PCB__667.jpg,640,640,L,512,512,0.8,0.8,0.0,0.0,5
train,01_PCB__668.png,train/images/01_PCB__668.png,train/labels/01_PCB__668.txt,01_PCB__668.jpg,640,640,L,512,512,0.8,0.8,0.0,0.0,6
train,01_PCB__670.png,train/images/01_PCB__670.png,train/labels/01_PCB__670.txt,01_PCB__670.jpg,640,640,L,512,512,0.8,0.8,0.0,0.0,6
train,01_PCB__671.png,train/images/01_PCB__671.png,train/labels/01_PCB__671.txt,01_PCB__671.jpg,640,640,L,512,512,0.8,0.8,0.0,0.0,6
train,01_PCB__672.png,train/images/01_PCB__672.png,train/labels/01_PCB__672.txt,01_PCB__672.jpg,640,640,L,512,512,0.8,0.8,0.0,0.0,6
train,01_PCB__674.png,train/images/01_PCB__674.png,train/labels/01_PCB__674.txt,01_PCB__674.jpg,640,640,L,512,512,0.8,0.8,0.0,0.0,6
train,01_PCB__676.png,train/images/01_PCB__676.png,train/labels/01_PCB__676.txt,01_PCB__676.jpg,640,640,L,512,512,0.8,0.8,0.0,0.0,6
train,01_PCB__677.png,train/images/01_PCB__677.png,train/labels/01_PCB__677.txt,01_PCB__677.jpg,640,640,L,512,512,0.8,0.8,0.0,0.0,6
train,01_PCB__678.png,train/images/01_PCB__678.png,train/labels/01_PCB__678.txt,01_PCB__678.jpg,640,640,L,512,512,0.8,0.8,0.0,0.0,4
train,01_PCB__679.png,train/images/01_PCB__679.png,train/labels/01_PCB__679.txt,01_PCB__679.jpg,640,640,L,512,512,0.8,0.8,0.0,0.0,8
train,01_PCB__68.png,train/images/01_PCB__68.png,train/labels/01_PCB__68.txt,01_PCB__68.jpg,640,640,L,512,512,0.8,0.8,0.0,0.0,9
train,01_PCB__680.png,train/images/01_PCB__680.png,train/labels/01_PCB__680.txt,01_PCB__680.jpg,640,640,L,512,512,0.8,0.8,0.0,0.0,6
train,01_PCB__681.png,train/images/01_PCB__681.png,train/labels/01_PCB__681.txt,01_PCB__681.jpg,640,640,L,512,512,0.8,0.8,0.0,0.0,5
train,01_PCB__682.png,train/images/01_PCB__682.png,train/labels/01_PCB__682.txt,01_PCB__682.jpg,640,640,L,512,512,0.8,0.8,0.0,0.0,6
train,01_PCB__684.png,train/images/01_PCB__684.png,train/labels/01_PCB__684.txt,01_PCB__684.jpg,640,640,L,512,512,0.8,0.8,0.0,0.0,8
train,01_PCB__685.png,train/images/01_PCB__685.png,train/labels/01_PCB__685.txt,01_PCB__685.jpg,640,640,L,512,512,0.8,0.8,0.0,0.0,8
train,01_PCB__686.png,train/images/01_PCB__686.png,train/labels/01_PCB__686.txt,01_PCB__686.jpg,640,640,L,512,512,0.8,0.8,0.0,0.0,4
train,01_PCB__687.png,train/images/01_PCB__687.png,train/labels/01_PCB__687.txt,01_PCB__687.jpg,640,640,L,512,512,0.8,0.8,0.0,0.0,4
train,01_PCB__688.png,train/images/01_PCB__688.png,train/labels/01_PCB__688.txt,01_PCB__688.jpg,640,640,L,512,512,0.8,0.8,0.0,0.0,7
train,01_PCB__689.png,train/images/01_PCB__689.png,train/labels/01_PCB__689.txt,01_PCB__689.jpg,640,640,L,512,512,0.8,0.8,0.0,0.0,6
train,01_PCB__69.png,train/images/01_PCB__69.png,train/labels/01_PCB__69.txt,01_PCB__69.jpg,640,640,L,512,512,0.8,0.8,0.0,0.0,8
train,01_PCB__690.png,train/images/01_PCB__690.png,train/labels/01_PCB__690.txt,01_PCB__690.jpg,640,640,L,512,512,0.8,0.8,0.0,0.0,6
train,01_PCB__691.png,train/images/01_PCB__691.png,train/labels/01_PCB__691.txt,01_PCB__691.jpg,640,640,L,512,512,0.8,0.8,0.0,0.0,5
train,01_PCB__692.png,train/images/01_PCB__692.png,train/labels/01_PCB__692.txt,01_PCB__692.jpg,640,640,L,512,512,0.8,0.8,0.0,0.0,5
train,01_PCB__693.png,train/images/01_PCB__693.png,train/labels/01_PCB__693.txt,01_PCB__693.jpg,640,640,L,512,512,0.8,0.8,0.0,0.0,3
train,01_PCB__695.png,train/images/01_PCB__695.png,train/labels/01_PCB__695.txt,01_PCB__695.jpg,640,640,L,512,512,0.8,0.8,0.0,0.0,9
train,01_PCB__696.png,train/images/01_PCB__696.png,train/labels/01_PCB__696.txt,01_PCB__696.jpg,640,640,L,512,512,0.8,0.8,0.0,0.0,6
train,01_PCB__697.png,train/images/01_PCB__697.png,train/labels/01_PCB__697.txt,01_PCB__697.jpg,640,640,L,512,512,0.8,0.8,0.0,0.0,7
train,01_PCB__698.png,train/images/01_PCB__698.png,train/labels/01_PCB__698.txt,01_PCB__698.jpg,640,640,L,512,512,0.8,0.8,0.0,0.0,7
train,01_PCB__699.png,train/images/01_PCB__699.png,train/labels/01_PCB__699.txt,01_PCB__699.jpg,640,640,L,512,512,0.8,0.8,0.0,0.0,8
train,01_PCB__7.png,train/images/01_PCB__7.png,train/labels/01_PCB__7.txt,01_PCB__7.jpg,640,640,L,512,512,0.8,0.8,0.0,0.0,9
train,01_PCB__70.png,train/images/01_PCB__70.png,train/labels/01_PCB__70.txt,01_PCB__70.jpg,640,640,L,512,512,0.8,0.8,0.0,0.0,8
train,01_PCB__701.png,train/images/01_PCB__701.png,train/labels/01_PCB__701.txt,01_PCB__701.jpg,640,640,L,512,512,0.8,0.8,0.0,0.0,9
train,01_PCB__702.png,train/images/01_PCB__702.png,train/labels/01_PCB__702.txt,01_PCB__702.jpg,640,640,L,512,512,0.8,0.8,0.0,0.0,8
train,01_PCB__703.png,train/images/01_PCB__703.png,train/labels/01_PCB__703.txt,01_PCB__703.jpg,640,640,L,512,512,0.8,0.8,0.0,0.0,6
train,01_PCB__704.png,train/images/01_PCB__704.png,train/labels/01_PCB__704.txt,01_PCB__704.jpg,640,640,L,512,512,0.8,0.8,0.0,0.0,5
train,01_PCB__705.png,train/images/01_PCB__705.png,train/labels/01_PCB__705.txt,01_PCB__705.jpg,640,640,L,512,512,0.8,0.8,0.0,0.0,7
train,01_PCB__706.png,train/images/01_PCB__706.png,train/labels/01_PCB__706.txt,01_PCB__706.jpg,640,640,L,512,512,0.8,0.8,0.0,0.0,8
train,01_PCB__707.png,train/images/01_PCB__707.png,train/labels/01_PCB__707.txt,01_PCB__707.jpg,640,640,L,512,512,0.8,0.8,0.0,0.0,7
train,01_PCB__708.png,train/images/01_PCB__708.png,train/labels/01_PCB__708.txt,01_PCB__708.jpg,640,640,L,512,512,0.8,0.8,0.0,0.0,7
train,01_PCB__709.png,train/images/01_PCB__709.png,train/labels/01_PCB__709.txt,01_PCB__709.jpg,640,640,L,512,512,0.8,0.8,0.0,0.0,5
train,01_PCB__71.png,train/images/01_PCB__71.png,train/labels/01_PCB__71.txt,01_PCB__71.jpg,640,640,L,512,512,0.8,0.8,0.0,0.0,10
train,01_PCB__711.png,train/images/01_PCB__711.png,train/labels/01_PCB__711.txt,01_PCB__711.jpg,640,640,L,512,512,0.8,0.8,0.0,0.0,8
train,01_PCB__713.png,train/images/01_PCB__713.png,train/labels/01_PCB__713.txt,01_PCB__713.jpg,640,640,L,512,512,0.8,0.8,0.0,0.0,7
train,01_PCB__714.png,train/images/01_PCB__714.png,train/labels/01_PCB__714.txt,01_PCB__714.jpg,640,640,L,512,512,0.8,0.8,0.0,0.0,8
train,01_PCB__715.png,train/images/01_PCB__715.png,train/labels/01_PCB__715.txt,01_PCB__715.jpg,640,640,L,512,512,0.8,0.8,0.0,0.0,8
train,01_PCB__717.png,train/images/01_PCB__717.png,train/labels/01_PCB__717.txt,01_PCB__717.jpg,640,640,L,512,512,0.8,0.8,0.0,0.0,5
train,01_PCB__718.png,train/images/01_PCB__718.png,train/labels/01_PCB__718.txt,01_PCB__718.jpg,640,640,L,512,512,0.8,0.8,0.0,0.0,7
train,01_PCB__719.png,train/images/01_PCB__719.png,train/labels/01_PCB__719.txt,01_PCB__719.jpg,640,640,L,512,512,0.8,0.8,0.0,0.0,8
train,01_PCB__72.png,train/images/01_PCB__72.png,train/labels/01_PCB__72.txt,01_PCB__72.jpg,640,640,L,512,512,0.8,0.8,0.0,0.0,7
train,01_PCB__720.png,train/images/01_PCB__720.png,train/labels/01_PCB__720.txt,01_PCB__720.jpg,640,640,L,512,512,0.8,0.8,0.0,0.0,7
train,01_PCB__721.png,train/images/01_PCB__721.png,train/labels/01_PCB__721.txt,01_PCB__721.jpg,640,640,L,512,512,0.8,0.8,0.0,0.0,8
train,01_PCB__722.png,train/images/01_PCB__722.png,train/labels/01_PCB__722.txt,01_PCB__722.jpg,640,640,L,512,512,0.8,0.8,0.0,0.0,6
train,01_PCB__723.png,train/images/01_PCB__723.png,train/labels/01_PCB__723.txt,01_PCB__723.jpg,640,640,L,512,512,0.8,0.8,0.0,0.0,6
train,01_PCB__725.png,train/images/01_PCB__725.png,train/labels/01_PCB__725.txt,01_PCB__725.jpg,640,640,L,512,512,0.8,0.8,0.0,0.0,8
train,01_PCB__727.png,train/images/01_PCB__727.png,train/labels/01_PCB__727.txt,01_PCB__727.jpg,640,640,L,512,512,0.8,0.8,0.0,0.0,8
train,01_PCB__728.png,train/images/01_PCB__728.png,train/labels/01_PCB__728.txt,01_PCB__728.jpg,640,640,L,512,512,0.8,0.8,0.0,0.0,7
train,01_PCB__729.png,train/images/01_PCB__729.png,train/labels/01_PCB__729.txt,01_PCB__729.jpg,640,640,L,512,512,0.8,0.8,0.0,0.0,7
train,01_PCB__73.png,train/images/01_PCB__73.png,train/labels/01_PCB__73.txt,01_PCB__73.jpg,640,640,L,512,512,0.8,0.8,0.0,0.0,7
train,01_PCB__730.png,train/images/01_PCB__730.png,train/labels/01_PCB__730.txt,01_PCB__730.jpg,640,640,L,512,512,0.8,0.8,0.0,0.0,6
train,01_PCB__731.png,train/images/01_PCB__731.png,train/labels/01_PCB__731.txt,01_PCB__731.jpg,640,640,L,512,512,0.8,0.8,0.0,0.0,6
train,01_PCB__735.png,train/images/01_PCB__735.png,train/labels/01_PCB__735.txt,01_PCB__735.jpg,640,640,L,512,512,0.8,0.8,0.0,0.0,4
train,01_PCB__736.png,train/images/01_PCB__736.png,train/labels/01_PCB__736.txt,01_PCB__736.jpg,640,640,L,512,512,0.8,0.8,0.0,0.0,7
train,01_PCB__738.png,train/images/01_PCB__738.png,train/labels/01_PCB__738.txt,01_PCB__738.jpg,640,640,L,512,512,0.8,0.8,0.0,0.0,12
train,01_PCB__739.png,train/images/01_PCB__739.png,train/labels/01_PCB__739.txt,01_PCB__739.jpg,640,640,L,512,512,0.8,0.8,0.0,0.0,7
train,01_PCB__74.png,train/images/01_PCB__74.png,train/labels/01_PCB__74.txt,01_PCB__74.jpg,640,640,L,512,512,0.8,0.8,0.0,0.0,9
train,01_PCB__740.png,train/images/01_PCB__740.png,train/labels/01_PCB__740.txt,01_PCB__740.jpg,640,640,L,512,512,0.8,0.8,0.0,0.0,9
train,01_PCB__741.png,train/images/01_PCB__741.png,train/labels/01_PCB__741.txt,01_PCB__741.jpg,640,640,L,512,512,0.8,0.8,0.0,0.0,10
train,01_PCB__742.png,train/images/01_PCB__742.png,train/labels/01_PCB__742.txt,01_PCB__742.jpg,640,640,L,512,512,0.8,0.8,0.0,0.0,9
train,01_PCB__743.png,train/images/01_PCB__743.png,train/labels/01_PCB__743.txt,01_PCB__743.jpg,640,640,L,512,512,0.8,0.8,0.0,0.0,3
train,01_PCB__744.png,train/images/01_PCB__744.png,train/labels/01_PCB__744.txt,01_PCB__744.jpg,640,640,L,512,512,0.8,0.8,0.0,0.0,7
train,01_PCB__745.png,train/images/01_PCB__745.png,train/labels/01_PCB__745.txt,01_PCB__745.jpg,640,640,L,512,512,0.8,0.8,0.0,0.0,8
train,01_PCB__746.png,train/images/01_PCB__746.png,train/labels/01_PCB__746.txt,01_PCB__746.jpg,640,640,L,512,512,0.8,0.8,0.0,0.0,10
train,01_PCB__749.png,train/images/01_PCB__749.png,train/labels/01_PCB__749.txt,01_PCB__749.jpg,640,640,L,512,512,0.8,0.8,0.0,0.0,9
train,01_PCB__75.png,train/images/01_PCB__75.png,train/labels/01_PCB__75.txt,01_PCB__75.jpg,640,640,L,512,512,0.8,0.8,0.0,0.0,8
train,01_PCB__750.png,train/images/01_PCB__750.png,train/labels/01_PCB__750.txt,01_PCB__750.jpg,640,640,L,512,512,0.8,0.8,0.0,0.0,10
train,01_PCB__751.png,train/images/01_PCB__751.png,train/labels/01_PCB__751.txt,01_PCB__751.jpg,640,640,L,512,512,0.8,0.8,0.0,0.0,7
train,01_PCB__753.png,train/images/01_PCB__753.png,train/labels/01_PCB__753.txt,01_PCB__753.jpg,640,640,L,512,512,0.8,0.8,0.0,0.0,10
train,01_PCB__754.png,train/images/01_PCB__754.png,train/labels/01_PCB__754.txt,01_PCB__754.jpg,640,640,L,512,512,0.8,0.8,0.0,0.0,9
train,01_PCB__755.png,train/images/01_PCB__755.png,train/labels/01_PCB__755.txt,01_PCB__755.jpg,640,640,L,512,512,0.8,0.8,0.0,0.0,10
train,01_PCB__756.png,train/images/01_PCB__756.png,train/labels/01_PCB__756.txt,01_PCB__756.jpg,640,640,L,512,512,0.8,0.8,0.0,0.0,3
train,01_PCB__757.png,train/images/01_PCB__757.png,train/labels/01_PCB__757.txt,01_PCB__757.jpg,640,640,L,512,512,0.8,0.8,0.0,0.0,9
train,01_PCB__759.png,train/images/01_PCB__759.png,train/labels/01_PCB__759.txt,01_PCB__759.jpg,640,640,L,512,512,0.8,0.8,0.0,0.0,7
train,01_PCB__76.png,train/images/01_PCB__76.png,train/labels/01_PCB__76.txt,01_PCB__76.jpg,640,640,L,512,512,0.8,0.8,0.0,0.0,9
train,01_PCB__760.png,train/images/01_PCB__760.png,train/labels/01_PCB__760.txt,01_PCB__760.jpg,640,640,L,512,512,0.8,0.8,0.0,0.0,6
train,01_PCB__762.png,train/images/01_PCB__762.png,train/labels/01_PCB__762.txt,01_PCB__762.jpg,640,640,L,512,512,0.8,0.8,0.0,0.0,8
train,01_PCB__763.png,train/images/01_PCB__763.png,train/labels/01_PCB__763.txt,01_PCB__763.jpg,640,640,L,512,512,0.8,0.8,0.0,0.0,9
train,01_PCB__764.png,train/images/01_PCB__764.png,train/labels/01_PCB__764.txt,01_PCB__764.jpg,640,640,L,512,512,0.8,0.8,0.0,0.0,10
train,01_PCB__765.png,train/images/01_PCB__765.png,train/labels/01_PCB__765.txt,01_PCB__765.jpg,640,640,L,512,512,0.8,0.8,0.0,0.0,11
train,01_PCB__766.png,train/images/01_PCB__766.png,train/labels/01_PCB__766.txt,01_PCB__766.jpg,640,640,L,512,512,0.8,0.8,0.0,0.0,8
train,01_PCB__768.png,train/images/01_PCB__768.png,train/labels/01_PCB__768.txt,01_PCB__768.jpg,640,640,L,512,512,0.8,0.8,0.0,0.0,7
train,01_PCB__769.png,train/images/01_PCB__769.png,train/labels/01_PCB__769.txt,01_PCB__769.jpg,640,640,L,512,512,0.8,0.8,0.0,0.0,8
train,01_PCB__77.png,train/images/01_PCB__77.png,train/labels/01_PCB__77.txt,01_PCB__77.jpg,640,640,L,512,512,0.8,0.8,0.0,0.0,8
train,01_PCB__770.png,train/images/01_PCB__770.png,train/labels/01_PCB__770.txt,01_PCB__770.jpg,640,640,L,512,512,0.8,0.8,0.0,0.0,6
train,01_PCB__773.png,train/images/01_PCB__773.png,train/labels/01_PCB__773.txt,01_PCB__773.jpg,640,640,L,512,512,0.8,0.8,0.0,0.0,6
train,01_PCB__774.png,train/images/01_PCB__774.png,train/labels/01_PCB__774.txt,01_PCB__774.jpg,640,640,L,512,512,0.8,0.8,0.0,0.0,7
train,01_PCB__775.png,train/images/01_PCB__775.png,train/labels/01_PCB__775.txt,01_PCB__775.jpg,640,640,L,512,512,0.8,0.8,0.0,0.0,9
train,01_PCB__776.png,train/images/01_PCB__776.png,train/labels/01_PCB__776.txt,01_PCB__776.jpg,640,640,L,512,512,0.8,0.8,0.0,0.0,9
train,01_PCB__777.png,train/images/01_PCB__777.png,train/labels/01_PCB__777.txt,01_PCB__777.jpg,640,640,L,512,512,0.8,0.8,0.0,0.0,10
train,01_PCB__778.png,train/images/01_PCB__778.png,train/labels/01_PCB__778.txt,01_PCB__778.jpg,640,640,L,512,512,0.8,0.8,0.0,0.0,8
train,01_PCB__779.png,train/images/01_PCB__779.png,train/labels/01_PCB__779.txt,01_PCB__779.jpg,640,640,L,512,512,0.8,0.8,0.0,0.0,11
train,01_PCB__78.png,train/images/01_PCB__78.png,train/labels/01_PCB__78.txt,01_PCB__78.jpg,640,640,L,512,512,0.8,0.8,0.0,0.0,8
train,01_PCB__780.png,train/images/01_PCB__780.png,train/labels/01_PCB__780.txt,01_PCB__780.jpg,640,640,L,512,512,0.8,0.8,0.0,0.0,9
train,01_PCB__782.png,train/images/01_PCB__782.png,train/labels/01_PCB__782.txt,01_PCB__782.jpg,640,640,L,512,512,0.8,0.8,0.0,0.0,4
train,01_PCB__783.png,train/images/01_PCB__783.png,train/labels/01_PCB__783.txt,01_PCB__783.jpg,640,640,L,512,512,0.8,0.8,0.0,0.0,8
train,01_PCB__784.png,train/images/01_PCB__784.png,train/labels/01_PCB__784.txt,01_PCB__784.jpg,640,640,L,512,512,0.8,0.8,0.0,0.0,9
train,01_PCB__786.png,train/images/01_PCB__786.png,train/labels/01_PCB__786.txt,01_PCB__786.jpg,640,640,L,512,512,0.8,0.8,0.0,0.0,9
train,01_PCB__787.png,train/images/01_PCB__787.png,train/labels/01_PCB__787.txt,01_PCB__787.jpg,640,640,L,512,512,0.8,0.8,0.0,0.0,8
train,01_PCB__788.png,train/images/01_PCB__788.png,train/labels/01_PCB__788.txt,01_PCB__788.jpg,640,640,L,512,512,0.8,0.8,0.0,0.0,7
train,01_PCB__79.png,train/images/01_PCB__79.png,train/labels/01_PCB__79.txt,01_PCB__79.jpg,640,640,L,512,512,0.8,0.8,0.0,0.0,6
train,01_PCB__792.png,train/images/01_PCB__792.png,train/labels/01_PCB__792.txt,01_PCB__792.jpg,640,640,L,512,512,0.8,0.8,0.0,0.0,9
train,01_PCB__793.png,train/images/01_PCB__793.png,train/labels/01_PCB__793.txt,01_PCB__793.jpg,640,640,L,512,512,0.8,0.8,0.0,0.0,9
train,01_PCB__794.png,train/images/01_PCB__794.png,train/labels/01_PCB__794.txt,01_PCB__794.jpg,640,640,L,512,512,0.8,0.8,0.0,0.0,6
train,01_PCB__795.png,train/images/01_PCB__795.png,train/labels/01_PCB__795.txt,01_PCB__795.jpg,640,640,L,512,512,0.8,0.8,0.0,0.0,8
train,01_PCB__796.png,train/images/01_PCB__796.png,train/labels/01_PCB__796.txt,01_PCB__796.jpg,640,640,L,512,512,0.8,0.8,0.0,0.0,9
train,01_PCB__797.png,train/images/01_PCB__797.png,train/labels/01_PCB__797.txt,01_PCB__797.jpg,640,640,L,512,512,0.8,0.8,0.0,0.0,7
train,01_PCB__798.png,train/images/01_PCB__798.png,train/labels/01_PCB__798.txt,01_PCB__798.jpg,640,640,L,512,512,0.8,0.8,0.0,0.0,11
train,01_PCB__80.png,train/images/01_PCB__80.png,train/labels/01_PCB__80.txt,01_PCB__80.jpg,640,640,L,512,512,0.8,0.8,0.0,0.0,9
train,01_PCB__801.png,train/images/01_PCB__801.png,train/labels/01_PCB__801.txt,01_PCB__801.jpg,640,640,L,512,512,0.8,0.8,0.0,0.0,8
train,01_PCB__802.png,train/images/01_PCB__802.png,train/labels/01_PCB__802.txt,01_PCB__802.jpg,640,640,L,512,512,0.8,0.8,0.0,0.0,8
train,01_PCB__803.png,train/images/01_PCB__803.png,train/labels/01_PCB__803.txt,01_PCB__803.jpg,640,640,L,512,512,0.8,0.8,0.0,0.0,10
train,01_PCB__804.png,train/images/01_PCB__804.png,train/labels/01_PCB__804.txt,01_PCB__804.jpg,640,640,L,512,512,0.8,0.8,0.0,0.0,10
train,01_PCB__806.png,train/images/01_PCB__806.png,train/labels/01_PCB__806.txt,01_PCB__806.jpg,640,640,L,512,512,0.8,0.8,0.0,0.0,6
train,01_PCB__808.png,train/images/01_PCB__808.png,train/labels/01_PCB__808.txt,01_PCB__808.jpg,640,640,L,512,512,0.8,0.8,0.0,0.0,6
train,01_PCB__809.png,train/images/01_PCB__809.png,train/labels/01_PCB__809.txt,01_PCB__809.jpg,640,640,L,512,512,0.8,0.8,0.0,0.0,7
train,01_PCB__81.png,train/images/01_PCB__81.png,train/labels/01_PCB__81.txt,01_PCB__81.jpg,640,640,L,512,512,0.8,0.8,0.0,0.0,7
train,01_PCB__810.png,train/images/01_PCB__810.png,train/labels/01_PCB__810.txt,01_PCB__810.jpg,640,640,RGB,512,512,0.8,0.8,0.0,0.0,9
train,01_PCB__811.png,train/images/01_PCB__811.png,train/labels/01_PCB__811.txt,01_PCB__811.jpg,640,640,L,512,512,0.8,0.8,0.0,0.0,7
train,01_PCB__812.png,train/images/01_PCB__812.png,train/labels/01_PCB__812.txt,01_PCB__812.jpg,640,640,L,512,512,0.8,0.8,0.0,0.0,8
train,01_PCB__813.png,train/images/01_PCB__813.png,train/labels/01_PCB__813.txt,01_PCB__813.jpg,640,640,L,512,512,0.8,0.8,0.0,0.0,8
train,01_PCB__814.png,train/images/01_PCB__814.png,train/labels/01_PCB__814.txt,01_PCB__814.jpg,640,640,RGB,512,512,0.8,0.8,0.0,0.0,6
train,01_PCB__815.png,train/images/01_PCB__815.png,train/labels/01_PCB__815.txt,01_PCB__815.jpg,640,640,L,512,512,0.8,0.8,0.0,0.0,7
train,01_PCB__816.png,train/images/01_PCB__816.png,train/labels/01_PCB__816.txt,01_PCB__816.jpg,640,640,L,512,512,0.8,0.8,0.0,0.0,8
train,01_PCB__818.png,train/images/01_PCB__818.png,train/labels/01_PCB__818.txt,01_PCB__818.jpg,640,640,RGB,512,512,0.8,0.8,0.0,0.0,10
train,01_PCB__820.png,train/images/01_PCB__820.png,train/labels/01_PCB__820.txt,01_PCB__820.jpg,640,640,L,512,512,0.8,0.8,0.0,0.0,7
train,01_PCB__821.png,train/images/01_PCB__821.png,train/labels/01_PCB__821.txt,01_PCB__821.jpg,640,640,L,512,512,0.8,0.8,0.0,0.0,10
train,01_PCB__822.png,train/images/01_PCB__822.png,train/labels/01_PCB__822.txt,01_PCB__822.jpg,640,640,L,512,512,0.8,0.8,0.0,0.0,7
train,01_PCB__823.png,train/images/01_PCB__823.png,train/labels/01_PCB__823.txt,01_PCB__823.jpg,640,640,L,512,512,0.8,0.8,0.0,0.0,7
train,01_PCB__824.png,train/images/01_PCB__824.png,train/labels/01_PCB__824.txt,01_PCB__824.jpg,640,640,L,512,512,0.8,0.8,0.0,0.0,9
train,01_PCB__825.png,train/images/01_PCB__825.png,train/labels/01_PCB__825.txt,01_PCB__825.jpg,640,640,L,512,512,0.8,0.8,0.0,0.0,8
train,01_PCB__829.png,train/images/01_PCB__829.png,train/labels/01_PCB__829.txt,01_PCB__829.jpg,640,640,L,512,512,0.8,0.8,0.0,0.0,8
train,01_PCB__830.png,train/images/01_PCB__830.png,train/labels/01_PCB__830.txt,01_PCB__830.jpg,640,640,L,512,512,0.8,0.8,0.0,0.0,7
train,01_PCB__831.png,train/images/01_PCB__831.png,train/labels/01_PCB__831.txt,01_PCB__831.jpg,640,640,L,512,512,0.8,0.8,0.0,0.0,8
train,01_PCB__832.png,train/images/01_PCB__832.png,train/labels/01_PCB__832.txt,01_PCB__832.jpg,640,640,L,512,512,0.8,0.8,0.0,0.0,7
train,01_PCB__834.png,train/images/01_PCB__834.png,train/labels/01_PCB__834.txt,01_PCB__834.jpg,640,640,L,512,512,0.8,0.8,0.0,0.0,7
train,01_PCB__835.png,train/images/01_PCB__835.png,train/labels/01_PCB__835.txt,01_PCB__835.jpg,640,640,RGB,512,512,0.8,0.8,0.0,0.0,7
train,01_PCB__836.png,train/images/01_PCB__836.png,train/labels/01_PCB__836.txt,01_PCB__836.jpg,640,640,L,512,512,0.8,0.8,0.0,0.0,8
train,01_PCB__837.png,train/images/01_PCB__837.png,train/labels/01_PCB__837.txt,01_PCB__837.jpg,640,640,L,512,512,0.8,0.8,0.0,0.0,6
train,01_PCB__838.png,train/images/01_PCB__838.png,train/labels/01_PCB__838.txt,01_PCB__838.jpg,640,640,L,512,512,0.8,0.8,0.0,0.0,8
train,01_PCB__839.png,train/images/01_PCB__839.png,train/labels/01_PCB__839.txt,01_PCB__839.jpg,640,640,L,512,512,0.8,0.8,0.0,0.0,6
train,01_PCB__84.png,train/images/01_PCB__84.png,train/labels/01_PCB__84.txt,01_PCB__84.jpg,640,640,L,512,512,0.8,0.8,0.0,0.0,6
train,01_PCB__840.png,train/images/01_PCB__840.png,train/labels/01_PCB__840.txt,01_PCB__840.jpg,640,640,L,512,512,0.8,0.8,0.0,0.0,5
train,01_PCB__841.png,train/images/01_PCB__841.png,train/labels/01_PCB__841.txt,01_PCB__841.jpg,640,640,L,512,512,0.8,0.8,0.0,0.0,9
train,01_PCB__842.png,train/images/01_PCB__842.png,train/labels/01_PCB__842.txt,01_PCB__842.jpg,640,640,L,512,512,0.8,0.8,0.0,0.0,6
train,01_PCB__844.png,train/images/01_PCB__844.png,train/labels/01_PCB__844.txt,01_PCB__844.jpg,640,640,L,512,512,0.8,0.8,0.0,0.0,9
train,01_PCB__845.png,train/images/01_PCB__845.png,train/labels/01_PCB__845.txt,01_PCB__845.jpg,640,640,L,512,512,0.8,0.8,0.0,0.0,8
train,01_PCB__847.png,train/images/01_PCB__847.png,train/labels/01_PCB__847.txt,01_PCB__847.jpg,640,640,L,512,512,0.8,0.8,0.0,0.0,10
train,01_PCB__848.png,train/images/01_PCB__848.png,train/labels/01_PCB__848.txt,01_PCB__848.jpg,640,640,L,512,512,0.8,0.8,0.0,0.0,9
train,01_PCB__849.png,train/images/01_PCB__849.png,train/labels/01_PCB__849.txt,01_PCB__849.jpg,640,640,L,512,512,0.8,0.8,0.0,0.0,9
train,01_PCB__85.png,train/images/01_PCB__85.png,train/labels/01_PCB__85.txt,01_PCB__85.jpg,640,640,L,512,512,0.8,0.8,0.0,0.0,9
train,01_PCB__850.png,train/images/01_PCB__850.png,train/labels/01_PCB__850.txt,01_PCB__850.jpg,640,640,L,512,512,0.8,0.8,0.0,0.0,7
train,01_PCB__851.png,train/images/01_PCB__851.png,train/labels/01_PCB__851.txt,01_PCB__851.jpg,640,640,L,512,512,0.8,0.8,0.0,0.0,6
train,01_PCB__852.png,train/images/01_PCB__852.png,train/labels/01_PCB__852.txt,01_PCB__852.jpg,640,640,L,512,512,0.8,0.8,0.0,0.0,4
train,01_PCB__854.png,train/images/01_PCB__854.png,train/labels/01_PCB__854.txt,01_PCB__854.jpg,640,640,L,512,512,0.8,0.8,0.0,0.0,2
train,01_PCB__855.png,train/images/01_PCB__855.png,train/labels/01_PCB__855.txt,01_PCB__855.jpg,640,640,L,512,512,0.8,0.8,0.0,0.0,1
train,01_PCB__856.png,train/images/01_PCB__856.png,train/labels/01_PCB__856.txt,01_PCB__856.jpg,640,640,L,512,512,0.8,0.8,0.0,0.0,4
train,01_PCB__858.png,train/images/01_PCB__858.png,train/labels/01_PCB__858.txt,01_PCB__858.jpg,640,640,L,512,512,0.8,0.8,0.0,0.0,4
train,01_PCB__859.png,train/images/01_PCB__859.png,train/labels/01_PCB__859.txt,01_PCB__859.jpg,640,640,L,512,512,0.8,0.8,0.0,0.0,3
train,01_PCB__86.png,train/images/01_PCB__86.png,train/labels/01_PCB__86.txt,01_PCB__86.jpg,640,640,L,512,512,0.8,0.8,0.0,0.0,6
train,01_PCB__860.png,train/images/01_PCB__860.png,train/labels/01_PCB__860.txt,01_PCB__860.jpg,640,640,L,512,512,0.8,0.8,0.0,0.0,3
train,01_PCB__861.png,train/images/01_PCB__861.png,train/labels/01_PCB__861.txt,01_PCB__861.jpg,640,640,L,512,512,0.8,0.8,0.0,0.0,3
train,01_PCB__862.png,train/images/01_PCB__862.png,train/labels/01_PCB__862.txt,01_PCB__862.jpg,640,640,L,512,512,0.8,0.8,0.0,0.0,2
train,01_PCB__863.png,train/images/01_PCB__863.png,train/labels/01_PCB__863.txt,01_PCB__863.jpg,640,640,L,512,512,0.8,0.8,0.0,0.0,1
train,01_PCB__864.png,train/images/01_PCB__864.png,train/labels/01_PCB__864.txt,01_PCB__864.jpg,640,640,L,512,512,0.8,0.8,0.0,0.0,1
train,01_PCB__865.png,train/images/01_PCB__865.png,train/labels/01_PCB__865.txt,01_PCB__865.jpg,640,640,L,512,512,0.8,0.8,0.0,0.0,5
train,01_PCB__866.png,train/images/01_PCB__866.png,train/labels/01_PCB__866.txt,01_PCB__866.jpg,640,640,L,512,512,0.8,0.8,0.0,0.0,5
train,01_PCB__867.png,train/images/01_PCB__867.png,train/labels/01_PCB__867.txt,01_PCB__867.jpg,640,640,L,512,512,0.8,0.8,0.0,0.0,6
train,01_PCB__869.png,train/images/01_PCB__869.png,train/labels/01_PCB__869.txt,01_PCB__869.jpg,640,640,L,512,512,0.8,0.8,0.0,0.0,6
train,01_PCB__87.png,train/images/01_PCB__87.png,train/labels/01_PCB__87.txt,01_PCB__87.jpg,640,640,L,512,512,0.8,0.8,0.0,0.0,9
train,01_PCB__870.png,train/images/01_PCB__870.png,train/labels/01_PCB__870.txt,01_PCB__870.jpg,640,640,L,512,512,0.8,0.8,0.0,0.0,5
train,01_PCB__871.png,train/images/01_PCB__871.png,train/labels/01_PCB__871.txt,01_PCB__871.jpg,640,640,L,512,512,0.8,0.8,0.0,0.0,5
train,01_PCB__872.png,train/images/01_PCB__872.png,train/labels/01_PCB__872.txt,01_PCB__872.jpg,640,640,L,512,512,0.8,0.8,0.0,0.0,4
train,01_PCB__873.png,train/images/01_PCB__873.png,train/labels/01_PCB__873.txt,01_PCB__873.jpg,640,640,L,512,512,0.8,0.8,0.0,0.0,5
train,01_PCB__874.png,train/images/01_PCB__874.png,train/labels/01_PCB__874.txt,01_PCB__874.jpg,640,640,L,512,512,0.8,0.8,0.0,0.0,7
train,01_PCB__875.png,train/images/01_PCB__875.png,train/labels/01_PCB__875.txt,01_PCB__875.jpg,640,640,L,512,512,0.8,0.8,0.0,0.0,7
train,01_PCB__877.png,train/images/01_PCB__877.png,train/labels/01_PCB__877.txt,01_PCB__877.jpg,640,640,L,512,512,0.8,0.8,0.0,0.0,8
train,01_PCB__878.png,train/images/01_PCB__878.png,train/labels/01_PCB__878.txt,01_PCB__878.jpg,640,640,L,512,512,0.8,0.8,0.0,0.0,5
train,01_PCB__88.png,train/images/01_PCB__88.png,train/labels/01_PCB__88.txt,01_PCB__88.jpg,640,640,L,512,512,0.8,0.8,0.0,0.0,9
train,01_PCB__880.png,train/images/01_PCB__880.png,train/labels/01_PCB__880.txt,01_PCB__880.jpg,640,640,L,512,512,0.8,0.8,0.0,0.0,8
train,01_PCB__881.png,train/images/01_PCB__881.png,train/labels/01_PCB__881.txt,01_PCB__881.jpg,640,640,L,512,512,0.8,0.8,0.0,0.0,10
train,01_PCB__882.png,train/images/01_PCB__882.png,train/labels/01_PCB__882.txt,01_PCB__882.jpg,640,640,L,512,512,0.8,0.8,0.0,0.0,8
train,01_PCB__883.png,train/images/01_PCB__883.png,train/labels/01_PCB__883.txt,01_PCB__883.jpg,640,640,L,512,512,0.8,0.8,0.0,0.0,8
train,01_PCB__885.png,train/images/01_PCB__885.png,train/labels/01_PCB__885.txt,01_PCB__885.jpg,640,640,L,512,512,0.8,0.8,0.0,0.0,10
train,01_PCB__886.png,train/images/01_PCB__886.png,train/labels/01_PCB__886.txt,01_PCB__886.jpg,640,640,L,512,512,0.8,0.8,0.0,0.0,6
train,01_PCB__888.png,train/images/01_PCB__888.png,train/labels/01_PCB__888.txt,01_PCB__888.jpg,640,640,L,512,512,0.8,0.8,0.0,0.0,7
train,01_PCB__889.png,train/images/01_PCB__889.png,train/labels/01_PCB__889.txt,01_PCB__889.jpg,640,640,L,512,512,0.8,0.8,0.0,0.0,9
train,01_PCB__89.png,train/images/01_PCB__89.png,train/labels/01_PCB__89.txt,01_PCB__89.jpg,640,640,L,512,512,0.8,0.8,0.0,0.0,8
train,01_PCB__890.png,train/images/01_PCB__890.png,train/labels/01_PCB__890.txt,01_PCB__890.jpg,640,640,L,512,512,0.8,0.8,0.0,0.0,8
train,01_PCB__891.png,train/images/01_PCB__891.png,train/labels/01_PCB__891.txt,01_PCB__891.jpg,640,640,L,512,512,0.8,0.8,0.0,0.0,7
train,01_PCB__892.png,train/images/01_PCB__892.png,train/labels/01_PCB__892.txt,01_PCB__892.jpg,640,640,L,512,512,0.8,0.8,0.0,0.0,8
train,01_PCB__893.png,train/images/01_PCB__893.png,train/labels/01_PCB__893.txt,01_PCB__893.jpg,640,640,L,512,512,0.8,0.8,0.0,0.0,8
train,01_PCB__894.png,train/images/01_PCB__894.png,train/labels/01_PCB__894.txt,01_PCB__894.jpg,640,640,L,512,512,0.8,0.8,0.0,0.0,9
train,01_PCB__897.png,train/images/01_PCB__897.png,train/labels/01_PCB__897.txt,01_PCB__897.jpg,640,640,L,512,512,0.8,0.8,0.0,0.0,6
train,01_PCB__898.png,train/images/01_PCB__898.png,train/labels/01_PCB__898.txt,01_PCB__898.jpg,640,640,L,512,512,0.8,0.8,0.0,0.0,8
train,01_PCB__899.png,train/images/01_PCB__899.png,train/labels/01_PCB__899.txt,01_PCB__899.jpg,640,640,L,512,512,0.8,0.8,0.0,0.0,6
train,01_PCB__9.png,train/images/01_PCB__9.png,train/labels/01_PCB__9.txt,01_PCB__9.jpg,640,640,L,512,512,0.8,0.8,0.0,0.0,5
train,01_PCB__90.png,train/images/01_PCB__90.png,train/labels/01_PCB__90.txt,01_PCB__90.jpg,640,640,L,512,512,0.8,0.8,0.0,0.0,7
train,01_PCB__900.png,train/images/01_PCB__900.png,train/labels/01_PCB__900.txt,01_PCB__900.jpg,640,640,L,512,512,0.8,0.8,0.0,0.0,7
train,01_PCB__901.png,train/images/01_PCB__901.png,train/labels/01_PCB__901.txt,01_PCB__901.jpg,640,640,L,512,512,0.8,0.8,0.0,0.0,8
train,01_PCB__903.png,train/images/01_PCB__903.png,train/labels/01_PCB__903.txt,01_PCB__903.jpg,640,640,L,512,512,0.8,0.8,0.0,0.0,9
train,01_PCB__904.png,train/images/01_PCB__904.png,train/labels/01_PCB__904.txt,01_PCB__904.jpg,640,640,L,512,512,0.8,0.8,0.0,0.0,8
train,01_PCB__905.png,train/images/01_PCB__905.png,train/labels/01_PCB__905.txt,01_PCB__905.jpg,640,640,L,512,512,0.8,0.8,0.0,0.0,9
train,01_PCB__907.png,train/images/01_PCB__907.png,train/labels/01_PCB__907.txt,01_PCB__907.jpg,640,640,L,512,512,0.8,0.8,0.0,0.0,8
train,01_PCB__909.png,train/images/01_PCB__909.png,train/labels/01_PCB__909.txt,01_PCB__909.jpg,640,640,L,512,512,0.8,0.8,0.0,0.0,8
train,01_PCB__91.png,train/images/01_PCB__91.png,train/labels/01_PCB__91.txt,01_PCB__91.jpg,640,640,L,512,512,0.8,0.8,0.0,0.0,9
train,01_PCB__911.png,train/images/01_PCB__911.png,train/labels/01_PCB__911.txt,01_PCB__911.jpg,640,640,L,512,512,0.8,0.8,0.0,0.0,8
train,01_PCB__913.png,train/images/01_PCB__913.png,train/labels/01_PCB__913.txt,01_PCB__913.jpg,640,640,L,512,512,0.8,0.8,0.0,0.0,6
train,01_PCB__914.png,train/images/01_PCB__914.png,train/labels/01_PCB__914.txt,01_PCB__914.jpg,640,640,L,512,512,0.8,0.8,0.0,0.0,9
train,01_PCB__915.png,train/images/01_PCB__915.png,train/labels/01_PCB__915.txt,01_PCB__915.jpg,640,640,L,512,512,0.8,0.8,0.0,0.0,8
train,01_PCB__916.png,train/images/01_PCB__916.png,train/labels/01_PCB__916.txt,01_PCB__916.jpg,640,640,L,512,512,0.8,0.8,0.0,0.0,8
train,01_PCB__917.png,train/images/01_PCB__917.png,train/labels/01_PCB__917.txt,01_PCB__917.jpg,640,640,L,512,512,0.8,0.8,0.0,0.0,15
train,01_PCB__918.png,train/images/01_PCB__918.png,train/labels/01_PCB__918.txt,01_PCB__918.jpg,640,640,L,512,512,0.8,0.8,0.0,0.0,9
train,01_PCB__919.png,train/images/01_PCB__919.png,train/labels/01_PCB__919.txt,01_PCB__919.jpg,640,640,L,512,512,0.8,0.8,0.0,0.0,10
train,01_PCB__92.png,train/images/01_PCB__92.png,train/labels/01_PCB__92.txt,01_PCB__92.jpg,640,640,L,512,512,0.8,0.8,0.0,0.0,9
train,01_PCB__920.png,train/images/01_PCB__920.png,train/labels/01_PCB__920.txt,01_PCB__920.jpg,640,640,L,512,512,0.8,0.8,0.0,0.0,11
train,01_PCB__923.png,train/images/01_PCB__923.png,train/labels/01_PCB__923.txt,01_PCB__923.jpg,640,640,L,512,512,0.8,0.8,0.0,0.0,8
train,01_PCB__925.png,train/images/01_PCB__925.png,train/labels/01_PCB__925.txt,01_PCB__925.jpg,640,640,L,512,512,0.8,0.8,0.0,0.0,11
train,01_PCB__927.png,train/images/01_PCB__927.png,train/labels/01_PCB__927.txt,01_PCB__927.jpg,640,640,L,512,512,0.8,0.8,0.0,0.0,9
train,01_PCB__928.png,train/images/01_PCB__928.png,train/labels/01_PCB__928.txt,01_PCB__928.jpg,640,640,L,512,512,0.8,0.8,0.0,0.0,11
train,01_PCB__929.png,train/images/01_PCB__929.png,train/labels/01_PCB__929.txt,01_PCB__929.jpg,640,640,L,512,512,0.8,0.8,0.0,0.0,9
train,01_PCB__93.png,train/images/01_PCB__93.png,train/labels/01_PCB__93.txt,01_PCB__93.jpg,640,640,L,512,512,0.8,0.8,0.0,0.0,7
train,01_PCB__930.png,train/images/01_PCB__930.png,train/labels/01_PCB__930.txt,01_PCB__930.jpg,640,640,L,512,512,0.8,0.8,0.0,0.0,7
train,01_PCB__931.png,train/images/01_PCB__931.png,train/labels/01_PCB__931.txt,01_PCB__931.jpg,640,640,L,512,512,0.8,0.8,0.0,0.0,8
train,01_PCB__932.png,train/images/01_PCB__932.png,train/labels/01_PCB__932.txt,01_PCB__932.jpg,640,640,L,512,512,0.8,0.8,0.0,0.0,8
train,01_PCB__933.png,train/images/01_PCB__933.png,train/labels/01_PCB__933.txt,01_PCB__933.jpg,640,640,RGB,512,512,0.8,0.8,0.0,0.0,8
train,01_PCB__934.png,train/images/01_PCB__934.png,train/labels/01_PCB__934.txt,01_PCB__934.jpg,640,640,L,512,512,0.8,0.8,0.0,0.0,9
train,01_PCB__936.png,train/images/01_PCB__936.png,train/labels/01_PCB__936.txt,01_PCB__936.jpg,640,640,L,512,512,0.8,0.8,0.0,0.0,9
train,01_PCB__937.png,train/images/01_PCB__937.png,train/labels/01_PCB__937.txt,01_PCB__937.jpg,640,640,L,512,512,0.8,0.8,0.0,0.0,8
train,01_PCB__938.png,train/images/01_PCB__938.png,train/labels/01_PCB__938.txt,01_PCB__938.jpg,640,640,L,512,512,0.8,0.8,0.0,0.0,7
train,01_PCB__939.png,train/images/01_PCB__939.png,train/labels/01_PCB__939.txt,01_PCB__939.jpg,640,640,L,512,512,0.8,0.8,0.0,0.0,8
train,01_PCB__94.png,train/images/01_PCB__94.png,train/labels/01_PCB__94.txt,01_PCB__94.jpg,640,640,L,512,512,0.8,0.8,0.0,0.0,7
train,01_PCB__940.png,train/images/01_PCB__940.png,train/labels/01_PCB__940.txt,01_PCB__940.jpg,640,640,L,512,512,0.8,0.8,0.0,0.0,9
train,01_PCB__942.png,train/images/01_PCB__942.png,train/labels/01_PCB__942.txt,01_PCB__942.jpg,640,640,L,512,512,0.8,0.8,0.0,0.0,7
train,01_PCB__943.png,train/images/01_PCB__943.png,train/labels/01_PCB__943.txt,01_PCB__943.jpg,640,640,L,512,512,0.8,0.8,0.0,0.0,7
train,01_PCB__944.png,train/images/01_PCB__944.png,train/labels/01_PCB__944.txt,01_PCB__944.jpg,640,640,L,512,512,0.8,0.8,0.0,0.0,10
train,01_PCB__945.png,train/images/01_PCB__945.png,train/labels/01_PCB__945.txt,01_PCB__945.jpg,640,640,L,512,512,0.8,0.8,0.0,0.0,9
train,01_PCB__946.png,train/images/01_PCB__946.png,train/labels/01_PCB__946.txt,01_PCB__946.jpg,640,640,L,512,512,0.8,0.8,0.0,0.0,8
train,01_PCB__947.png,train/images/01_PCB__947.png,train/labels/01_PCB__947.txt,01_PCB__947.jpg,640,640,L,512,512,0.8,0.8,0.0,0.0,7
train,01_PCB__948.png,train/images/01_PCB__948.png,train/labels/01_PCB__948.txt,01_PCB__948.jpg,640,640,L,512,512,0.8,0.8,0.0,0.0,10
train,01_PCB__949.png,train/images/01_PCB__949.png,train/labels/01_PCB__949.txt,01_PCB__949.jpg,640,640,L,512,512,0.8,0.8,0.0,0.0,8
train,01_PCB__950.png,train/images/01_PCB__950.png,train/labels/01_PCB__950.txt,01_PCB__950.jpg,640,640,L,512,512,0.8,0.8,0.0,0.0,8
train,01_PCB__951.png,train/images/01_PCB__951.png,train/labels/01_PCB__951.txt,01_PCB__951.jpg,640,640,L,512,512,0.8,0.8,0.0,0.0,6
train,01_PCB__953.png,train/images/01_PCB__953.png,train/labels/01_PCB__953.txt,01_PCB__953.jpg,640,640,L,512,512,0.8,0.8,0.0,0.0,9
train,01_PCB__954.png,train/images/01_PCB__954.png,train/labels/01_PCB__954.txt,01_PCB__954.jpg,640,640,L,512,512,0.8,0.8,0.0,0.0,7
train,01_PCB__955.png,train/images/01_PCB__955.png,train/labels/01_PCB__955.txt,01_PCB__955.jpg,640,640,L,512,512,0.8,0.8,0.0,0.0,10
train,01_PCB__956.png,train/images/01_PCB__956.png,train/labels/01_PCB__956.txt,01_PCB__956.jpg,640,640,L,512,512,0.8,0.8,0.0,0.0,11
train,01_PCB__957.png,train/images/01_PCB__957.png,train/labels/01_PCB__957.txt,01_PCB__957.jpg,640,640,L,512,512,0.8,0.8,0.0,0.0,7
train,01_PCB__958.png,train/images/01_PCB__958.png,train/labels/01_PCB__958.txt,01_PCB__958.jpg,640,640,L,512,512,0.8,0.8,0.0,0.0,6
train,01_PCB__960.png,train/images/01_PCB__960.png,train/labels/01_PCB__960.txt,01_PCB__960.jpg,640,640,L,512,512,0.8,0.8,0.0,0.0,8
train,01_PCB__961.png,train/images/01_PCB__961.png,train/labels/01_PCB__961.txt,01_PCB__961.jpg,640,640,L,512,512,0.8,0.8,0.0,0.0,7
train,01_PCB__962.png,train/images/01_PCB__962.png,train/labels/01_PCB__962.txt,01_PCB__962.jpg,640,640,L,512,512,0.8,0.8,0.0,0.0,9
train,01_PCB__963.png,train/images/01_PCB__963.png,train/labels/01_PCB__963.txt,01_PCB__963.jpg,640,640,L,512,512,0.8,0.8,0.0,0.0,7
train,01_PCB__964.png,train/images/01_PCB__964.png,train/labels/01_PCB__964.txt,01_PCB__964.jpg,640,640,L,512,512,0.8,0.8,0.0,0.0,8
train,01_PCB__967.png,train/images/01_PCB__967.png,train/labels/01_PCB__967.txt,01_PCB__967.jpg,640,640,L,512,512,0.8,0.8,0.0,0.0,9
train,01_PCB__968.png,train/images/01_PCB__968.png,train/labels/01_PCB__968.txt,01_PCB__968.jpg,640,640,L,512,512,0.8,0.8,0.0,0.0,8
train,01_PCB__97.png,train/images/01_PCB__97.png,train/labels/01_PCB__97.txt,01_PCB__97.jpg,640,640,L,512,512,0.8,0.8,0.0,0.0,8
train,01_PCB__971.png,train/images/01_PCB__971.png,train/labels/01_PCB__971.txt,01_PCB__971.jpg,640,640,L,512,512,0.8,0.8,0.0,0.0,8
train,01_PCB__972.png,train/images/01_PCB__972.png,train/labels/01_PCB__972.txt,01_PCB__972.jpg,640,640,L,512,512,0.8,0.8,0.0,0.0,9
train,01_PCB__974.png,train/images/01_PCB__974.png,train/labels/01_PCB__974.txt,01_PCB__974.jpg,640,640,L,512,512,0.8,0.8,0.0,0.0,7
train,01_PCB__975.png,train/images/01_PCB__975.png,train/labels/01_PCB__975.txt,01_PCB__975.jpg,640,640,L,512,512,0.8,0.8,0.0,0.0,7
train,01_PCB__976.png,train/images/01_PCB__976.png,train/labels/01_PCB__976.txt,01_PCB__976.jpg,640,640,L,512,512,0.8,0.8,0.0,0.0,7
train,01_PCB__977.png,train/images/01_PCB__977.png,train/labels/01_PCB__977.txt,01_PCB__977.jpg,640,640,L,512,512,0.8,0.8,0.0,0.0,8
train,01_PCB__978.png,train/images/01_PCB__978.png,train/labels/01_PCB__978.txt,01_PCB__978.jpg,640,640,L,512,512,0.8,0.8,0.0,0.0,6
train,01_PCB__980.png,train/images/01_PCB__980.png,train/labels/01_PCB__980.txt,01_PCB__980.jpg,640,640,L,512,512,0.8,0.8,0.0,0.0,7
train,01_PCB__981.png,train/images/01_PCB__981.png,train/labels/01_PCB__981.txt,01_PCB__981.jpg,640,640,L,512,512,0.8,0.8,0.0,0.0,7
train,01_PCB__982.png,train/images/01_PCB__982.png,train/labels/01_PCB__982.txt,01_PCB__982.jpg,640,640,L,512,512,0.8,0.8,0.0,0.0,8
train,01_PCB__984.png,train/images/01_PCB__984.png,train/labels/01_PCB__984.txt,01_PCB__984.jpg,640,640,L,512,512,0.8,0.8,0.0,0.0,7
train,01_PCB__986.png,train/images/01_PCB__986.png,train/labels/01_PCB__986.txt,01_PCB__986.jpg,640,640,L,512,512,0.8,0.8,0.0,0.0,7
train,01_PCB__989.png,train/images/01_PCB__989.png,train/labels/01_PCB__989.txt,01_PCB__989.jpg,640,640,L,512,512,0.8,0.8,0.0,0.0,7
train,01_PCB__99.png,train/images/01_PCB__99.png,train/labels/01_PCB__99.txt,01_PCB__99.jpg,640,640,L,512,512,0.8,0.8,0.0,0.0,6
train,01_PCB__991.png,train/images/01_PCB__991.png,train/labels/01_PCB__991.txt,01_PCB__991.jpg,640,640,L,512,512,0.8,0.8,0.0,0.0,7
train,01_PCB__994.png,train/images/01_PCB__994.png,train/labels/01_PCB__994.txt,01_PCB__994.jpg,640,640,L,512,512,0.8,0.8,0.0,0.0,6
train,01_PCB__996.png,train/images/01_PCB__996.png,train/labels/01_PCB__996.txt,01_PCB__996.jpg,640,640,L,512,512,0.8,0.8,0.0,0.0,8
train,01_PCB__997.png,train/images/01_PCB__997.png,train/labels/01_PCB__997.txt,01_PCB__997.jpg,640,640,L,512,512,0.8,0.8,0.0,0.0,8
train,01_PCB__999.png,train/images/01_PCB__999.png,train/labels/01_PCB__999.txt,01_PCB__999.jpg,640,640,L,512,512,0.8,0.8,0.0,0.0,7
valid,01_PCB__10.png,valid/images/01_PCB__10.png,valid/labels/01_PCB__10.txt,01_PCB__10.jpg,640,640,L,512,512,0.8,0.8,0.0,0.0,6
valid,01_PCB__1001.png,valid/images/01_PCB__1001.png,valid/labels/01_PCB__1001.txt,01_PCB__1001.jpg,640,640,L,512,512,0.8,0.8,0.0,0.0,8
valid,01_PCB__1003.png,valid/images/01_PCB__1003.png,valid/labels/01_PCB__1003.txt,01_PCB__1003.jpg,640,640,L,512,512,0.8,0.8,0.0,0.0,5
valid,01_PCB__1010.png,valid/images/01_PCB__1010.png,valid/labels/01_PCB__1010.txt,01_PCB__1010.jpg,640,640,L,512,512,0.8,0.8,0.0,0.0,7
valid,01_PCB__1025.png,valid/images/01_PCB__1025.png,valid/labels/01_PCB__1025.txt,01_PCB__1025.jpg,640,640,L,512,512,0.8,0.8,0.0,0.0,9
valid,01_PCB__1033.png,valid/images/01_PCB__1033.png,valid/labels/01_PCB__1033.txt,01_PCB__1033.jpg,640,640,L,512,512,0.8,0.8,0.0,0.0,7
valid,01_PCB__1037.png,valid/images/01_PCB__1037.png,valid/labels/01_PCB__1037.txt,01_PCB__1037.jpg,640,640,L,512,512,0.8,0.8,0.0,0.0,7
valid,01_PCB__1056.png,valid/images/01_PCB__1056.png,valid/labels/01_PCB__1056.txt,01_PCB__1056.jpg,640,640,L,512,512,0.8,0.8,0.0,0.0,6
valid,01_PCB__1091.png,valid/images/01_PCB__1091.png,valid/labels/01_PCB__1091.txt,01_PCB__1091.jpg,640,640,L,512,512,0.8,0.8,0.0,0.0,8
valid,01_PCB__1098.png,valid/images/01_PCB__1098.png,valid/labels/01_PCB__1098.txt,01_PCB__1098.jpg,640,640,L,512,512,0.8,0.8,0.0,0.0,10
valid,01_PCB__1104.png,valid/images/01_PCB__1104.png,valid/labels/01_PCB__1104.txt,01_PCB__1104.jpg,640,640,L,512,512,0.8,0.8,0.0,0.0,7
valid,01_PCB__1105.png,valid/images/01_PCB__1105.png,valid/labels/01_PCB__1105.txt,01_PCB__1105.jpg,640,640,L,512,512,0.8,0.8,0.0,0.0,6
valid,01_PCB__1106.png,valid/images/01_PCB__1106.png,valid/labels/01_PCB__1106.txt,01_PCB__1106.jpg,640,640,L,512,512,0.8,0.8,0.0,0.0,7
valid,01_PCB__111.png,valid/images/01_PCB__111.png,valid/labels/01_PCB__111.txt,01_PCB__111.jpg,640,640,L,512,512,0.8,0.8,0.0,0.0,9
valid,01_PCB__1116.png,valid/images/01_PCB__1116.png,valid/labels/01_PCB__1116.txt,01_PCB__1116.jpg,640,640,L,512,512,0.8,0.8,0.0,0.0,9
valid,01_PCB__1122.png,valid/images/01_PCB__1122.png,valid/labels/01_PCB__1122.txt,01_PCB__1122.jpg,640,640,L,512,512,0.8,0.8,0.0,0.0,6
valid,01_PCB__1125.png,valid/images/01_PCB__1125.png,valid/labels/01_PCB__1125.txt,01_PCB__1125.jpg,640,640,L,512,512,0.8,0.8,0.0,0.0,4
valid,01_PCB__1129.png,valid/images/01_PCB__1129.png,valid/labels/01_PCB__1129.txt,01_PCB__1129.jpg,640,640,L,512,512,0.8,0.8,0.0,0.0,5
valid,01_PCB__1137.png,valid/images/01_PCB__1137.png,valid/labels/01_PCB__1137.txt,01_PCB__1137.jpg,640,640,L,512,512,0.8,0.8,0.0,0.0,5
valid,01_PCB__1156.png,valid/images/01_PCB__1156.png,valid/labels/01_PCB__1156.txt,01_PCB__1156.jpg,640,640,L,512,512,0.8,0.8,0.0,0.0,5
valid,01_PCB__1172.png,valid/images/01_PCB__1172.png,valid/labels/01_PCB__1172.txt,01_PCB__1172.jpg,640,640,L,512,512,0.8,0.8,0.0,0.0,5
valid,01_PCB__1179.png,valid/images/01_PCB__1179.png,valid/labels/01_PCB__1179.txt,01_PCB__1179.jpg,640,640,L,512,512,0.8,0.8,0.0,0.0,5
valid,01_PCB__118.png,valid/images/01_PCB__118.png,valid/labels/01_PCB__118.txt,01_PCB__118.jpg,640,640,L,512,512,0.8,0.8,0.0,0.0,9
valid,01_PCB__1194.png,valid/images/01_PCB__1194.png,valid/labels/01_PCB__1194.txt,01_PCB__1194.jpg,640,640,L,512,512,0.8,0.8,0.0,0.0,5
valid,01_PCB__12.png,valid/images/01_PCB__12.png,valid/labels/01_PCB__12.txt,01_PCB__12.jpg,640,640,L,512,512,0.8,0.8,0.0,0.0,6
valid,01_PCB__1204.png,valid/images/01_PCB__1204.png,valid/labels/01_PCB__1204.txt,01_PCB__1204.jpg,640,640,L,512,512,0.8,0.8,0.0,0.0,6
valid,01_PCB__1220.png,valid/images/01_PCB__1220.png,valid/labels/01_PCB__1220.txt,01_PCB__1220.jpg,640,640,L,512,512,0.8,0.8,0.0,0.0,6
valid,01_PCB__123.png,valid/images/01_PCB__123.png,valid/labels/01_PCB__123.txt,01_PCB__123.jpg,640,640,L,512,512,0.8,0.8,0.0,0.0,10
valid,01_PCB__1234.png,valid/images/01_PCB__1234.png,valid/labels/01_PCB__1234.txt,01_PCB__1234.jpg,640,640,L,512,512,0.8,0.8,0.0,0.0,6
valid,01_PCB__1241.png,valid/images/01_PCB__1241.png,valid/labels/01_PCB__1241.txt,01_PCB__1241.jpg,640,640,L,512,512,0.8,0.8,0.0,0.0,7
valid,01_PCB__1257.png,valid/images/01_PCB__1257.png,valid/labels/01_PCB__1257.txt,01_PCB__1257.jpg,640,640,L,512,512,0.8,0.8,0.0,0.0,3
valid,01_PCB__1284.png,valid/images/01_PCB__1284.png,valid/labels/01_PCB__1284.txt,01_PCB__1284.jpg,640,640,L,512,512,0.8,0.8,0.0,0.0,8
valid,01_PCB__129.png,valid/images/01_PCB__129.png,valid/labels/01_PCB__129.txt,01_PCB__129.jpg,640,640,L,512,512,0.8,0.8,0.0,0.0,7
valid,01_PCB__1296.png,valid/images/01_PCB__1296.png,valid/labels/01_PCB__1296.txt,01_PCB__1296.jpg,640,640,L,512,512,0.8,0.8,0.0,0.0,5
valid,01_PCB__1301.png,valid/images/01_PCB__1301.png,valid/labels/01_PCB__1301.txt,01_PCB__1301.jpg,640,640,L,512,512,0.8,0.8,0.0,0.0,4
valid,01_PCB__1302.png,valid/images/01_PCB__1302.png,valid/labels/01_PCB__1302.txt,01_PCB__1302.jpg,640,640,L,512,512,0.8,0.8,0.0,0.0,5
valid,01_PCB__1304.png,valid/images/01_PCB__1304.png,valid/labels/01_PCB__1304.txt,01_PCB__1304.jpg,640,640,L,512,512,0.8,0.8,0.0,0.0,4
valid,01_PCB__1327.png,valid/images/01_PCB__1327.png,valid/labels/01_PCB__1327.txt,01_PCB__1327.jpg,640,640,L,512,512,0.8,0.8,0.0,0.0,6
valid,01_PCB__1336.png,valid/images/01_PCB__1336.png,valid/labels/01_PCB__1336.txt,01_PCB__1336.jpg,640,640,L,512,512,0.8,0.8,0.0,0.0,6
valid,01_PCB__1348.png,valid/images/01_PCB__1348.png,valid/labels/01_PCB__1348.txt,01_PCB__1348.jpg,640,640,L,512,512,0.8,0.8,0.0,0.0,6
valid,01_PCB__1349.png,valid/images/01_PCB__1349.png,valid/labels/01_PCB__1349.txt,01_PCB__1349.jpg,640,640,L,512,512,0.8,0.8,0.0,0.0,6
valid,01_PCB__1351.png,valid/images/01_PCB__1351.png,valid/labels/01_PCB__1351.txt,01_PCB__1351.jpg,640,640,L,512,512,0.8,0.8,0.0,0.0,8
valid,01_PCB__1369.png,valid/images/01_PCB__1369.png,valid/labels/01_PCB__1369.txt,01_PCB__1369.jpg,640,640,L,512,512,0.8,0.8,0.0,0.0,4
valid,01_PCB__1389.png,valid/images/01_PCB__1389.png,valid/labels/01_PCB__1389.txt,01_PCB__1389.jpg,640,640,L,512,512,0.8,0.8,0.0,0.0,6
valid,01_PCB__1392.png,valid/images/01_PCB__1392.png,valid/labels/01_PCB__1392.txt,01_PCB__1392.jpg,640,640,L,512,512,0.8,0.8,0.0,0.0,5
valid,01_PCB__1393.png,valid/images/01_PCB__1393.png,valid/labels/01_PCB__1393.txt,01_PCB__1393.jpg,640,640,L,512,512,0.8,0.8,0.0,0.0,6
valid,01_PCB__14.png,valid/images/01_PCB__14.png,valid/labels/01_PCB__14.txt,01_PCB__14.jpg,640,640,L,512,512,0.8,0.8,0.0,0.0,9
valid,01_PCB__1412.png,valid/images/01_PCB__1412.png,valid/labels/01_PCB__1412.txt,01_PCB__1412.jpg,640,640,L,512,512,0.8,0.8,0.0,0.0,6
valid,01_PCB__142.png,valid/images/01_PCB__142.png,valid/labels/01_PCB__142.txt,01_PCB__142.jpg,640,640,L,512,512,0.8,0.8,0.0,0.0,6
valid,01_PCB__1422.png,valid/images/01_PCB__1422.png,valid/labels/01_PCB__1422.txt,01_PCB__1422.jpg,640,640,L,512,512,0.8,0.8,0.0,0.0,5
valid,01_PCB__1434.png,valid/images/01_PCB__1434.png,valid/labels/01_PCB__1434.txt,01_PCB__1434.jpg,640,640,L,512,512,0.8,0.8,0.0,0.0,5
valid,01_PCB__1437.png,valid/images/01_PCB__1437.png,valid/labels/01_PCB__1437.txt,01_PCB__1437.jpg,640,640,L,512,512,0.8,0.8,0.0,0.0,9
valid,01_PCB__144.png,valid/images/01_PCB__144.png,valid/labels/01_PCB__144.txt,01_PCB__144.jpg,640,640,L,512,512,0.8,0.8,0.0,0.0,7
valid,01_PCB__1442.png,valid/images/01_PCB__1442.png,valid/labels/01_PCB__1442.txt,01_PCB__1442.jpg,640,640,L,512,512,0.8,0.8,0.0,0.0,5
valid,01_PCB__1446.png,valid/images/01_PCB__1446.png,valid/labels/01_PCB__1446.txt,01_PCB__1446.jpg,640,640,L,512,512,0.8,0.8,0.0,0.0,5
valid,01_PCB__1455.png,valid/images/01_PCB__1455.png,valid/labels/01_PCB__1455.txt,01_PCB__1455.jpg,640,640,L,512,512,0.8,0.8,0.0,0.0,7
valid,01_PCB__1457.png,valid/images/01_PCB__1457.png,valid/labels/01_PCB__1457.txt,01_PCB__1457.jpg,640,640,L,512,512,0.8,0.8,0.0,0.0,6
valid,01_PCB__1459.png,valid/images/01_PCB__1459.png,valid/labels/01_PCB__1459.txt,01_PCB__1459.jpg,640,640,L,512,512,0.8,0.8,0.0,0.0,5
valid,01_PCB__1484.png,valid/images/01_PCB__1484.png,valid/labels/01_PCB__1484.txt,01_PCB__1484.jpg,640,640,L,512,512,0.8,0.8,0.0,0.0,4
valid,01_PCB__1488.png,valid/images/01_PCB__1488.png,valid/labels/01_PCB__1488.txt,01_PCB__1488.jpg,640,640,L,512,512,0.8,0.8,0.0,0.0,6
valid,01_PCB__161.png,valid/images/01_PCB__161.png,valid/labels/01_PCB__161.txt,01_PCB__161.jpg,640,640,L,512,512,0.8,0.8,0.0,0.0,9
valid,01_PCB__174.png,valid/images/01_PCB__174.png,valid/labels/01_PCB__174.txt,01_PCB__174.jpg,640,640,L,512,512,0.8,0.8,0.0,0.0,6
valid,01_PCB__19.png,valid/images/01_PCB__19.png,valid/labels/01_PCB__19.txt,01_PCB__19.jpg,640,640,L,512,512,0.8,0.8,0.0,0.0,7
valid,01_PCB__195.png,valid/images/01_PCB__195.png,valid/labels/01_PCB__195.txt,01_PCB__195.jpg,640,640,L,512,512,0.8,0.8,0.0,0.0,4
valid,01_PCB__199.png,valid/images/01_PCB__199.png,valid/labels/01_PCB__199.txt,01_PCB__199.jpg,640,640,L,512,512,0.8,0.8,0.0,0.0,4
valid,01_PCB__214.png,valid/images/01_PCB__214.png,valid/labels/01_PCB__214.txt,01_PCB__214.jpg,640,640,L,512,512,0.8,0.8,0.0,0.0,5
valid,01_PCB__222.png,valid/images/01_PCB__222.png,valid/labels/01_PCB__222.txt,01_PCB__222.jpg,640,640,L,512,512,0.8,0.8,0.0,0.0,9
valid,01_PCB__245.png,valid/images/01_PCB__245.png,valid/labels/01_PCB__245.txt,01_PCB__245.jpg,640,640,L,512,512,0.8,0.8,0.0,0.0,6
valid,01_PCB__257.png,valid/images/01_PCB__257.png,valid/labels/01_PCB__257.txt,01_PCB__257.jpg,640,640,L,512,512,0.8,0.8,0.0,0.0,7
valid,01_PCB__271.png,valid/images/01_PCB__271.png,valid/labels/01_PCB__271.txt,01_PCB__271.jpg,640,640,L,512,512,0.8,0.8,0.0,0.0,7
valid,01_PCB__273.png,valid/images/01_PCB__273.png,valid/labels/01_PCB__273.txt,01_PCB__273.jpg,640,640,L,512,512,0.8,0.8,0.0,0.0,5
valid,01_PCB__300.png,valid/images/01_PCB__300.png,valid/labels/01_PCB__300.txt,01_PCB__300.jpg,640,640,L,512,512,0.8,0.8,0.0,0.0,5
valid,01_PCB__317.png,valid/images/01_PCB__317.png,valid/labels/01_PCB__317.txt,01_PCB__317.jpg,640,640,L,512,512,0.8,0.8,0.0,0.0,7
valid,01_PCB__336.png,valid/images/01_PCB__336.png,valid/labels/01_PCB__336.txt,01_PCB__336.jpg,640,640,L,512,512,0.8,0.8,0.0,0.0,5
valid,01_PCB__337.png,valid/images/01_PCB__337.png,valid/labels/01_PCB__337.txt,01_PCB__337.jpg,640,640,L,512,512,0.8,0.8,0.0,0.0,5
valid,01_PCB__347.png,valid/images/01_PCB__347.png,valid/labels/01_PCB__347.txt,01_PCB__347.jpg,640,640,L,512,512,0.8,0.8,0.0,0.0,6
valid,01_PCB__368.png,valid/images/01_PCB__368.png,valid/labels/01_PCB__368.txt,01_PCB__368.jpg,640,640,L,512,512,0.8,0.8,0.0,0.0,7
valid,01_PCB__390.png,valid/images/01_PCB__390.png,valid/labels/01_PCB__390.txt,01_PCB__390.jpg,640,640,L,512,512,0.8,0.8,0.0,0.0,5
valid,01_PCB__398.png,valid/images/01_PCB__398.png,valid/labels/01_PCB__398.txt,01_PCB__398.jpg,640,640,L,512,512,0.8,0.8,0.0,0.0,5
valid,01_PCB__399.png,valid/images/01_PCB__399.png,valid/labels/01_PCB__399.txt,01_PCB__399.jpg,640,640,L,512,512,0.8,0.8,0.0,0.0,3
valid,01_PCB__405.png,valid/images/01_PCB__405.png,valid/labels/01_PCB__405.txt,01_PCB__405.jpg,640,640,L,512,512,0.8,0.8,0.0,0.0,6
valid,01_PCB__428.png,valid/images/01_PCB__428.png,valid/labels/01_PCB__428.txt,01_PCB__428.jpg,640,640,L,512,512,0.8,0.8,0.0,0.0,6
valid,01_PCB__429.png,valid/images/01_PCB__429.png,valid/labels/01_PCB__429.txt,01_PCB__429.jpg,640,640,L,512,512,0.8,0.8,0.0,0.0,5
valid,01_PCB__442.png,valid/images/01_PCB__442.png,valid/labels/01_PCB__442.txt,01_PCB__442.jpg,640,640,L,512,512,0.8,0.8,0.0,0.0,7
valid,01_PCB__45.png,valid/images/01_PCB__45.png,valid/labels/01_PCB__45.txt,01_PCB__45.jpg,640,640,L,512,512,0.8,0.8,0.0,0.0,8
valid,01_PCB__456.png,valid/images/01_PCB__456.png,valid/labels/01_PCB__456.txt,01_PCB__456.jpg,640,640,L,512,512,0.8,0.8,0.0,0.0,5
valid,01_PCB__465.png,valid/images/01_PCB__465.png,valid/labels/01_PCB__465.txt,01_PCB__465.jpg,640,640,L,512,512,0.8,0.8,0.0,0.0,5
valid,01_PCB__475.png,valid/images/01_PCB__475.png,valid/labels/01_PCB__475.txt,01_PCB__475.jpg,640,640,L,512,512,0.8,0.8,0.0,0.0,5
valid,01_PCB__480.png,valid/images/01_PCB__480.png,valid/labels/01_PCB__480.txt,01_PCB__480.jpg,640,640,L,512,512,0.8,0.8,0.0,0.0,7
valid,01_PCB__485.png,valid/images/01_PCB__485.png,valid/labels/01_PCB__485.txt,01_PCB__485.jpg,640,640,L,512,512,0.8,0.8,0.0,0.0,8
valid,01_PCB__487.png,valid/images/01_PCB__487.png,valid/labels/01_PCB__487.txt,01_PCB__487.jpg,640,640,L,512,512,0.8,0.8,0.0,0.0,7
valid,01_PCB__500.png,valid/images/01_PCB__500.png,valid/labels/01_PCB__500.txt,01_PCB__500.jpg,640,640,L,512,512,0.8,0.8,0.0,0.0,12
valid,01_PCB__509.png,valid/images/01_PCB__509.png,valid/labels/01_PCB__509.txt,01_PCB__509.jpg,640,640,L,512,512,0.8,0.8,0.0,0.0,12
valid,01_PCB__52.png,valid/images/01_PCB__52.png,valid/labels/01_PCB__52.txt,01_PCB__52.jpg,640,640,L,512,512,0.8,0.8,0.0,0.0,7
valid,01_PCB__524.png,valid/images/01_PCB__524.png,valid/labels/01_PCB__524.txt,01_PCB__524.jpg,640,640,L,512,512,0.8,0.8,0.0,0.0,9
valid,01_PCB__535.png,valid/images/01_PCB__535.png,valid/labels/01_PCB__535.txt,01_PCB__535.jpg,640,640,L,512,512,0.8,0.8,0.0,0.0,5
valid,01_PCB__543.png,valid/images/01_PCB__543.png,valid/labels/01_PCB__543.txt,01_PCB__543.jpg,640,640,L,512,512,0.8,0.8,0.0,0.0,10
valid,01_PCB__544.png,valid/images/01_PCB__544.png,valid/labels/01_PCB__544.txt,01_PCB__544.jpg,640,640,L,512,512,0.8,0.8,0.0,0.0,8
valid,01_PCB__545.png,valid/images/01_PCB__545.png,valid/labels/01_PCB__545.txt,01_PCB__545.jpg,640,640,L,512,512,0.8,0.8,0.0,0.0,7
valid,01_PCB__549.png,valid/images/01_PCB__549.png,valid/labels/01_PCB__549.txt,01_PCB__549.jpg,640,640,L,512,512,0.8,0.8,0.0,0.0,7
valid,01_PCB__571.png,valid/images/01_PCB__571.png,valid/labels/01_PCB__571.txt,01_PCB__571.jpg,640,640,L,512,512,0.8,0.8,0.0,0.0,8
valid,01_PCB__584.png,valid/images/01_PCB__584.png,valid/labels/01_PCB__584.txt,01_PCB__584.jpg,640,640,L,512,512,0.8,0.8,0.0,0.0,7
valid,01_PCB__596.png,valid/images/01_PCB__596.png,valid/labels/01_PCB__596.txt,01_PCB__596.jpg,640,640,L,512,512,0.8,0.8,0.0,0.0,5
valid,01_PCB__601.png,valid/images/01_PCB__601.png,valid/labels/01_PCB__601.txt,01_PCB__601.jpg,640,640,L,512,512,0.8,0.8,0.0,0.0,5
valid,01_PCB__620.png,valid/images/01_PCB__620.png,valid/labels/01_PCB__620.txt,01_PCB__620.jpg,640,640,L,512,512,0.8,0.8,0.0,0.0,7
valid,01_PCB__626.png,valid/images/01_PCB__626.png,valid/labels/01_PCB__626.txt,01_PCB__626.jpg,640,640,L,512,512,0.8,0.8,0.0,0.0,4
valid,01_PCB__63.png,valid/images/01_PCB__63.png,valid/labels/01_PCB__63.txt,01_PCB__63.jpg,640,640,L,512,512,0.8,0.8,0.0,0.0,7
valid,01_PCB__642.png,valid/images/01_PCB__642.png,valid/labels/01_PCB__642.txt,01_PCB__642.jpg,640,640,L,512,512,0.8,0.8,0.0,0.0,5
valid,01_PCB__645.png,valid/images/01_PCB__645.png,valid/labels/01_PCB__645.txt,01_PCB__645.jpg,640,640,L,512,512,0.8,0.8,0.0,0.0,6
valid,01_PCB__648.png,valid/images/01_PCB__648.png,valid/labels/01_PCB__648.txt,01_PCB__648.jpg,640,640,L,512,512,0.8,0.8,0.0,0.0,4
valid,01_PCB__661.png,valid/images/01_PCB__661.png,valid/labels/01_PCB__661.txt,01_PCB__661.jpg,640,640,L,512,512,0.8,0.8,0.0,0.0,7
valid,01_PCB__663.png,valid/images/01_PCB__663.png,valid/labels/01_PCB__663.txt,01_PCB__663.jpg,640,640,L,512,512,0.8,0.8,0.0,0.0,7
valid,01_PCB__67.png,valid/images/01_PCB__67.png,valid/labels/01_PCB__67.txt,01_PCB__67.jpg,640,640,L,512,512,0.8,0.8,0.0,0.0,7
valid,01_PCB__673.png,valid/images/01_PCB__673.png,valid/labels/01_PCB__673.txt,01_PCB__673.jpg,640,640,L,512,512,0.8,0.8,0.0,0.0,4
valid,01_PCB__700.png,valid/images/01_PCB__700.png,valid/labels/01_PCB__700.txt,01_PCB__700.jpg,640,640,L,512,512,0.8,0.8,0.0,0.0,7
valid,01_PCB__710.png,valid/images/01_PCB__710.png,valid/labels/01_PCB__710.txt,01_PCB__710.jpg,640,640,L,512,512,0.8,0.8,0.0,0.0,6
valid,01_PCB__716.png,valid/images/01_PCB__716.png,valid/labels/01_PCB__716.txt,01_PCB__716.jpg,640,640,L,512,512,0.8,0.8,0.0,0.0,8
valid,01_PCB__732.png,valid/images/01_PCB__732.png,valid/labels/01_PCB__732.txt,01_PCB__732.jpg,640,640,L,512,512,0.8,0.8,0.0,0.0,7
valid,01_PCB__733.png,valid/images/01_PCB__733.png,valid/labels/01_PCB__733.txt,01_PCB__733.jpg,640,640,L,512,512,0.8,0.8,0.0,0.0,5
valid,01_PCB__752.png,valid/images/01_PCB__752.png,valid/labels/01_PCB__752.txt,01_PCB__752.jpg,640,640,L,512,512,0.8,0.8,0.0,0.0,7
valid,01_PCB__767.png,valid/images/01_PCB__767.png,valid/labels/01_PCB__767.txt,01_PCB__767.jpg,640,640,RGB,512,512,0.8,0.8,0.0,0.0,9
valid,01_PCB__772.png,valid/images/01_PCB__772.png,valid/labels/01_PCB__772.txt,01_PCB__772.jpg,640,640,L,512,512,0.8,0.8,0.0,0.0,8
valid,01_PCB__781.png,valid/images/01_PCB__781.png,valid/labels/01_PCB__781.txt,01_PCB__781.jpg,640,640,L,512,512,0.8,0.8,0.0,0.0,8
valid,01_PCB__785.png,valid/images/01_PCB__785.png,valid/labels/01_PCB__785.txt,01_PCB__785.jpg,640,640,L,512,512,0.8,0.8,0.0,0.0,9
valid,01_PCB__790.png,valid/images/01_PCB__790.png,valid/labels/01_PCB__790.txt,01_PCB__790.jpg,640,640,L,512,512,0.8,0.8,0.0,0.0,5
valid,01_PCB__791.png,valid/images/01_PCB__791.png,valid/labels/01_PCB__791.txt,01_PCB__791.jpg,640,640,L,512,512,0.8,0.8,0.0,0.0,9
valid,01_PCB__799.png,valid/images/01_PCB__799.png,valid/labels/01_PCB__799.txt,01_PCB__799.jpg,640,640,L,512,512,0.8,0.8,0.0,0.0,10
valid,01_PCB__8.png,valid/images/01_PCB__8.png,valid/labels/01_PCB__8.txt,01_PCB__8.jpg,640,640,L,512,512,0.8,0.8,0.0,0.0,8
valid,01_PCB__800.png,valid/images/01_PCB__800.png,valid/labels/01_PCB__800.txt,01_PCB__800.jpg,640,640,L,512,512,0.8,0.8,0.0,0.0,8
valid,01_PCB__817.png,valid/images/01_PCB__817.png,valid/labels/01_PCB__817.txt,01_PCB__817.jpg,640,640,L,512,512,0.8,0.8,0.0,0.0,9
valid,01_PCB__826.png,valid/images/01_PCB__826.png,valid/labels/01_PCB__826.txt,01_PCB__826.jpg,640,640,L,512,512,0.8,0.8,0.0,0.0,8
valid,01_PCB__83.png,valid/images/01_PCB__83.png,valid/labels/01_PCB__83.txt,01_PCB__83.jpg,640,640,L,512,512,0.8,0.8,0.0,0.0,7
valid,01_PCB__853.png,valid/images/01_PCB__853.png,valid/labels/01_PCB__853.txt,01_PCB__853.jpg,640,640,L,512,512,0.8,0.8,0.0,0.0,4
valid,01_PCB__876.png,valid/images/01_PCB__876.png,valid/labels/01_PCB__876.txt,01_PCB__876.jpg,640,640,L,512,512,0.8,0.8,0.0,0.0,8
valid,01_PCB__879.png,valid/images/01_PCB__879.png,valid/labels/01_PCB__879.txt,01_PCB__879.jpg,640,640,L,512,512,0.8,0.8,0.0,0.0,6
valid,01_PCB__887.png,valid/images/01_PCB__887.png,valid/labels/01_PCB__887.txt,01_PCB__887.jpg,640,640,L,512,512,0.8,0.8,0.0,0.0,8
valid,01_PCB__895.png,valid/images/01_PCB__895.png,valid/labels/01_PCB__895.txt,01_PCB__895.jpg,640,640,L,512,512,0.8,0.8,0.0,0.0,8
valid,01_PCB__902.png,valid/images/01_PCB__902.png,valid/labels/01_PCB__902.txt,01_PCB__902.jpg,640,640,L,512,512,0.8,0.8,0.0,0.0,9
valid,01_PCB__906.png,valid/images/01_PCB__906.png,valid/labels/01_PCB__906.txt,01_PCB__906.jpg,640,640,L,512,512,0.8,0.8,0.0,0.0,9
valid,01_PCB__921.png,valid/images/01_PCB__921.png,valid/labels/01_PCB__921.txt,01_PCB__921.jpg,640,640,L,512,512,0.8,0.8,0.0,0.0,13
valid,01_PCB__922.png,valid/images/01_PCB__922.png,valid/labels/01_PCB__922.txt,01_PCB__922.jpg,640,640,L,512,512,0.8,0.8,0.0,0.0,10
valid,01_PCB__924.png,valid/images/01_PCB__924.png,valid/labels/01_PCB__924.txt,01_PCB__924.jpg,640,640,L,512,512,0.8,0.8,0.0,0.0,10
valid,01_PCB__95.png,valid/images/01_PCB__95.png,valid/labels/01_PCB__95.txt,01_PCB__95.jpg,640,640,RGB,512,512,0.8,0.8,0.0,0.0,8
valid,01_PCB__952.png,valid/images/01_PCB__952.png,valid/labels/01_PCB__952.txt,01_PCB__952.jpg,640,640,L,512,512,0.8,0.8,0.0,0.0,9
valid,01_PCB__959.png,valid/images/01_PCB__959.png,valid/labels/01_PCB__959.txt,01_PCB__959.jpg,640,640,L,512,512,0.8,0.8,0.0,0.0,9
valid,01_PCB__966.png,valid/images/01_PCB__966.png,valid/labels/01_PCB__966.txt,01_PCB__966.jpg,640,640,L,512,512,0.8,0.8,0.0,0.0,8
valid,01_PCB__973.png,valid/images/01_PCB__973.png,valid/labels/01_PCB__973.txt,01_PCB__973.jpg,640,640,L,512,512,0.8,0.8,0.0,0.0,9
valid,01_PCB__979.png,valid/images/01_PCB__979.png,valid/labels/01_PCB__979.txt,01_PCB__979.jpg,640,640,L,512,512,0.8,0.8,0.0,0.0,6
valid,01_PCB__985.png,valid/images/01_PCB__985.png,valid/labels/01_PCB__985.txt,01_PCB__985.jpg,640,640,L,512,512,0.8,0.8,0.0,0.0,5
valid,01_PCB__998.png,valid/images/01_PCB__998.png,valid/labels/01_PCB__998.txt,01_PCB__998.jpg,640,640,L,512,512,0.8,0.8,0.0,0.0,7
test,01_PCB__101.png,test/images/01_PCB__101.png,test/labels/01_PCB__101.txt,01_PCB__101.jpg,640,640,L,512,512,0.8,0.8,0.0,0.0,9
test,01_PCB__1019.png,test/images/01_PCB__1019.png,test/labels/01_PCB__1019.txt,01_PCB__1019.jpg,640,640,L,512,512,0.8,0.8,0.0,0.0,7
test,01_PCB__1044.png,test/images/01_PCB__1044.png,test/labels/01_PCB__1044.txt,01_PCB__1044.jpg,640,640,L,512,512,0.8,0.8,0.0,0.0,10
test,01_PCB__1047.png,test/images/01_PCB__1047.png,test/labels/01_PCB__1047.txt,01_PCB__1047.jpg,640,640,L,512,512,0.8,0.8,0.0,0.0,7
test,01_PCB__1053.png,test/images/01_PCB__1053.png,test/labels/01_PCB__1053.txt,01_PCB__1053.jpg,640,640,L,512,512,0.8,0.8,0.0,0.0,6
test,01_PCB__1057.png,test/images/01_PCB__1057.png,test/labels/01_PCB__1057.txt,01_PCB__1057.jpg,640,640,RGB,512,512,0.8,0.8,0.0,0.0,6
test,01_PCB__1078.png,test/images/01_PCB__1078.png,test/labels/01_PCB__1078.txt,01_PCB__1078.jpg,640,640,RGB,512,512,0.8,0.8,0.0,0.0,7
test,01_PCB__1082.png,test/images/01_PCB__1082.png,test/labels/01_PCB__1082.txt,01_PCB__1082.jpg,640,640,L,512,512,0.8,0.8,0.0,0.0,7
test,01_PCB__1085.png,test/images/01_PCB__1085.png,test/labels/01_PCB__1085.txt,01_PCB__1085.jpg,640,640,L,512,512,0.8,0.8,0.0,0.0,7
test,01_PCB__1100.png,test/images/01_PCB__1100.png,test/labels/01_PCB__1100.txt,01_PCB__1100.jpg,640,640,L,512,512,0.8,0.8,0.0,0.0,9
test,01_PCB__1115.png,test/images/01_PCB__1115.png,test/labels/01_PCB__1115.txt,01_PCB__1115.jpg,640,640,L,512,512,0.8,0.8,0.0,0.0,9
test,01_PCB__112.png,test/images/01_PCB__112.png,test/labels/01_PCB__112.txt,01_PCB__112.jpg,640,640,L,512,512,0.8,0.8,0.0,0.0,8
test,01_PCB__1126.png,test/images/01_PCB__1126.png,test/labels/01_PCB__1126.txt,01_PCB__1126.jpg,640,640,L,512,512,0.8,0.8,0.0,0.0,5
test,01_PCB__113.png,test/images/01_PCB__113.png,test/labels/01_PCB__113.txt,01_PCB__113.jpg,640,640,L,512,512,0.8,0.8,0.0,0.0,8
test,01_PCB__1143.png,test/images/01_PCB__1143.png,test/labels/01_PCB__1143.txt,01_PCB__1143.jpg,640,640,L,512,512,0.8,0.8,0.0,0.0,5
test,01_PCB__1145.png,test/images/01_PCB__1145.png,test/labels/01_PCB__1145.txt,01_PCB__1145.jpg,640,640,L,512,512,0.8,0.8,0.0,0.0,6
test,01_PCB__1159.png,test/images/01_PCB__1159.png,test/labels/01_PCB__1159.txt,01_PCB__1159.jpg,640,640,L,512,512,0.8,0.8,0.0,0.0,6
test,01_PCB__1166.png,test/images/01_PCB__1166.png,test/labels/01_PCB__1166.txt,01_PCB__1166.jpg,640,640,L,512,512,0.8,0.8,0.0,0.0,5
test,01_PCB__1169.png,test/images/01_PCB__1169.png,test/labels/01_PCB__1169.txt,01_PCB__1169.jpg,640,640,L,512,512,0.8,0.8,0.0,0.0,7
test,01_PCB__1170.png,test/images/01_PCB__1170.png,test/labels/01_PCB__1170.txt,01_PCB__1170.jpg,640,640,L,512,512,0.8,0.8,0.0,0.0,7
test,01_PCB__1177.png,test/images/01_PCB__1177.png,test/labels/01_PCB__1177.txt,01_PCB__1177.jpg,640,640,L,512,512,0.8,0.8,0.0,0.0,5
test,01_PCB__1184.png,test/images/01_PCB__1184.png,test/labels/01_PCB__1184.txt,01_PCB__1184.jpg,640,640,L,512,512,0.8,0.8,0.0,0.0,4
test,01_PCB__1187.png,test/images/01_PCB__1187.png,test/labels/01_PCB__1187.txt,01_PCB__1187.jpg,640,640,L,512,512,0.8,0.8,0.0,0.0,5
test,01_PCB__120.png,test/images/01_PCB__120.png,test/labels/01_PCB__120.txt,01_PCB__120.jpg,640,640,L,512,512,0.8,0.8,0.0,0.0,7
test,01_PCB__1203.png,test/images/01_PCB__1203.png,test/labels/01_PCB__1203.txt,01_PCB__1203.jpg,640,640,L,512,512,0.8,0.8,0.0,0.0,7
test,01_PCB__1209.png,test/images/01_PCB__1209.png,test/labels/01_PCB__1209.txt,01_PCB__1209.jpg,640,640,L,512,512,0.8,0.8,0.0,0.0,8
test,01_PCB__1228.png,test/images/01_PCB__1228.png,test/labels/01_PCB__1228.txt,01_PCB__1228.jpg,640,640,L,512,512,0.8,0.8,0.0,0.0,7
test,01_PCB__1253.png,test/images/01_PCB__1253.png,test/labels/01_PCB__1253.txt,01_PCB__1253.jpg,640,640,L,512,512,0.8,0.8,0.0,0.0,1
test,01_PCB__1255.png,test/images/01_PCB__1255.png,test/labels/01_PCB__1255.txt,01_PCB__1255.jpg,640,640,L,512,512,0.8,0.8,0.0,0.0,5
test,01_PCB__1261.png,test/images/01_PCB__1261.png,test/labels/01_PCB__1261.txt,01_PCB__1261.jpg,640,640,L,512,512,0.8,0.8,0.0,0.0,2
test,01_PCB__1280.png,test/images/01_PCB__1280.png,test/labels/01_PCB__1280.txt,01_PCB__1280.jpg,640,640,L,512,512,0.8,0.8,0.0,0.0,2
test,01_PCB__1285.png,test/images/01_PCB__1285.png,test/labels/01_PCB__1285.txt,01_PCB__1285.jpg,640,640,L,512,512,0.8,0.8,0.0,0.0,5
test,01_PCB__1292.png,test/images/01_PCB__1292.png,test/labels/01_PCB__1292.txt,01_PCB__1292.jpg,640,640,L,512,512,0.8,0.8,0.0,0.0,7
test,01_PCB__1293.png,test/images/01_PCB__1293.png,test/labels/01_PCB__1293.txt,01_PCB__1293.jpg,640,640,L,512,512,0.8,0.8,0.0,0.0,5
test,01_PCB__1299.png,test/images/01_PCB__1299.png,test/labels/01_PCB__1299.txt,01_PCB__1299.jpg,640,640,L,512,512,0.8,0.8,0.0,0.0,5
test,01_PCB__13.png,test/images/01_PCB__13.png,test/labels/01_PCB__13.txt,01_PCB__13.jpg,640,640,L,512,512,0.8,0.8,0.0,0.0,5
test,01_PCB__1313.png,test/images/01_PCB__1313.png,test/labels/01_PCB__1313.txt,01_PCB__1313.jpg,640,640,L,512,512,0.8,0.8,0.0,0.0,6
test,01_PCB__1352.png,test/images/01_PCB__1352.png,test/labels/01_PCB__1352.txt,01_PCB__1352.jpg,640,640,L,512,512,0.8,0.8,0.0,0.0,6
test,01_PCB__1365.png,test/images/01_PCB__1365.png,test/labels/01_PCB__1365.txt,01_PCB__1365.jpg,640,640,L,512,512,0.8,0.8,0.0,0.0,6
test,01_PCB__1385.png,test/images/01_PCB__1385.png,test/labels/01_PCB__1385.txt,01_PCB__1385.jpg,640,640,L,512,512,0.8,0.8,0.0,0.0,8
test,01_PCB__1388.png,test/images/01_PCB__1388.png,test/labels/01_PCB__1388.txt,01_PCB__1388.jpg,640,640,L,512,512,0.8,0.8,0.0,0.0,6
test,01_PCB__1390.png,test/images/01_PCB__1390.png,test/labels/01_PCB__1390.txt,01_PCB__1390.jpg,640,640,L,512,512,0.8,0.8,0.0,0.0,5
test,01_PCB__1395.png,test/images/01_PCB__1395.png,test/labels/01_PCB__1395.txt,01_PCB__1395.jpg,640,640,L,512,512,0.8,0.8,0.0,0.0,5
test,01_PCB__1400.png,test/images/01_PCB__1400.png,test/labels/01_PCB__1400.txt,01_PCB__1400.jpg,640,640,L,512,512,0.8,0.8,0.0,0.0,4
test,01_PCB__1402.png,test/images/01_PCB__1402.png,test/labels/01_PCB__1402.txt,01_PCB__1402.jpg,640,640,L,512,512,0.8,0.8,0.0,0.0,5
test,01_PCB__1404.png,test/images/01_PCB__1404.png,test/labels/01_PCB__1404.txt,01_PCB__1404.jpg,640,640,L,512,512,0.8,0.8,0.0,0.0,6
test,01_PCB__141.png,test/images/01_PCB__141.png,test/labels/01_PCB__141.txt,01_PCB__141.jpg,640,640,L,512,512,0.8,0.8,0.0,0.0,8
test,01_PCB__1418.png,test/images/01_PCB__1418.png,test/labels/01_PCB__1418.txt,01_PCB__1418.jpg,640,640,L,512,512,0.8,0.8,0.0,0.0,5
test,01_PCB__1420.png,test/images/01_PCB__1420.png,test/labels/01_PCB__1420.txt,01_PCB__1420.jpg,640,640,L,512,512,0.8,0.8,0.0,0.0,4
test,01_PCB__1427.png,test/images/01_PCB__1427.png,test/labels/01_PCB__1427.txt,01_PCB__1427.jpg,640,640,L,512,512,0.8,0.8,0.0,0.0,5
test,01_PCB__145.png,test/images/01_PCB__145.png,test/labels/01_PCB__145.txt,01_PCB__145.jpg,640,640,L,512,512,0.8,0.8,0.0,0.0,8
test,01_PCB__1453.png,test/images/01_PCB__1453.png,test/labels/01_PCB__1453.txt,01_PCB__1453.jpg,640,640,L,512,512,0.8,0.8,0.0,0.0,5
test,01_PCB__1461.png,test/images/01_PCB__1461.png,test/labels/01_PCB__1461.txt,01_PCB__1461.jpg,640,640,L,512,512,0.8,0.8,0.0,0.0,5
test,01_PCB__1483.png,test/images/01_PCB__1483.png,test/labels/01_PCB__1483.txt,01_PCB__1483.jpg,640,640,L,512,512,0.8,0.8,0.0,0.0,5
test,01_PCB__1486.png,test/images/01_PCB__1486.png,test/labels/01_PCB__1486.txt,01_PCB__1486.jpg,640,640,L,512,512,0.8,0.8,0.0,0.0,5
test,01_PCB__1487.png,test/images/01_PCB__1487.png,test/labels/01_PCB__1487.txt,01_PCB__1487.jpg,640,640,L,512,512,0.8,0.8,0.0,0.0,4
test,01_PCB__1490.png,test/images/01_PCB__1490.png,test/labels/01_PCB__1490.txt,01_PCB__1490.jpg,640,640,L,512,512,0.8,0.8,0.0,0.0,4
test,01_PCB__1492.png,test/images/01_PCB__1492.png,test/labels/01_PCB__1492.txt,01_PCB__1492.jpg,640,640,L,512,512,0.8,0.8,0.0,0.0,3
test,01_PCB__1496.png,test/images/01_PCB__1496.png,test/labels/01_PCB__1496.txt,01_PCB__1496.jpg,640,640,L,512,512,0.8,0.8,0.0,0.0,7
test,01_PCB__155.png,test/images/01_PCB__155.png,test/labels/01_PCB__155.txt,01_PCB__155.jpg,640,640,L,512,512,0.8,0.8,0.0,0.0,8
test,01_PCB__160.png,test/images/01_PCB__160.png,test/labels/01_PCB__160.txt,01_PCB__160.jpg,640,640,L,512,512,0.8,0.8,0.0,0.0,7
test,01_PCB__181.png,test/images/01_PCB__181.png,test/labels/01_PCB__181.txt,01_PCB__181.jpg,640,640,L,512,512,0.8,0.8,0.0,0.0,9
test,01_PCB__189.png,test/images/01_PCB__189.png,test/labels/01_PCB__189.txt,01_PCB__189.jpg,640,640,L,512,512,0.8,0.8,0.0,0.0,7
test,01_PCB__228.png,test/images/01_PCB__228.png,test/labels/01_PCB__228.txt,01_PCB__228.jpg,640,640,L,512,512,0.8,0.8,0.0,0.0,6
test,01_PCB__23.png,test/images/01_PCB__23.png,test/labels/01_PCB__23.txt,01_PCB__23.jpg,640,640,L,512,512,0.8,0.8,0.0,0.0,5
test,01_PCB__246.png,test/images/01_PCB__246.png,test/labels/01_PCB__246.txt,01_PCB__246.jpg,640,640,L,512,512,0.8,0.8,0.0,0.0,5
test,01_PCB__269.png,test/images/01_PCB__269.png,test/labels/01_PCB__269.txt,01_PCB__269.jpg,640,640,L,512,512,0.8,0.8,0.0,0.0,6
test,01_PCB__275.png,test/images/01_PCB__275.png,test/labels/01_PCB__275.txt,01_PCB__275.jpg,640,640,L,512,512,0.8,0.8,0.0,0.0,6
test,01_PCB__282.png,test/images/01_PCB__282.png,test/labels/01_PCB__282.txt,01_PCB__282.jpg,640,640,L,512,512,0.8,0.8,0.0,0.0,6
test,01_PCB__302.png,test/images/01_PCB__302.png,test/labels/01_PCB__302.txt,01_PCB__302.jpg,640,640,L,512,512,0.8,0.8,0.0,0.0,7
test,01_PCB__31.png,test/images/01_PCB__31.png,test/labels/01_PCB__31.txt,01_PCB__31.jpg,640,640,L,512,512,0.8,0.8,0.0,0.0,10
test,01_PCB__314.png,test/images/01_PCB__314.png,test/labels/01_PCB__314.txt,01_PCB__314.jpg,640,640,L,512,512,0.8,0.8,0.0,0.0,6
test,01_PCB__315.png,test/images/01_PCB__315.png,test/labels/01_PCB__315.txt,01_PCB__315.jpg,640,640,L,512,512,0.8,0.8,0.0,0.0,6
test,01_PCB__320.png,test/images/01_PCB__320.png,test/labels/01_PCB__320.txt,01_PCB__320.jpg,640,640,L,512,512,0.8,0.8,0.0,0.0,5
test,01_PCB__330.png,test/images/01_PCB__330.png,test/labels/01_PCB__330.txt,01_PCB__330.jpg,640,640,RGB,512,512,0.8,0.8,0.0,0.0,6
test,01_PCB__346.png,test/images/01_PCB__346.png,test/labels/01_PCB__346.txt,01_PCB__346.jpg,640,640,L,512,512,0.8,0.8,0.0,0.0,8
test,01_PCB__348.png,test/images/01_PCB__348.png,test/labels/01_PCB__348.txt,01_PCB__348.jpg,640,640,L,512,512,0.8,0.8,0.0,0.0,8
test,01_PCB__349.png,test/images/01_PCB__349.png,test/labels/01_PCB__349.txt,01_PCB__349.jpg,640,640,L,512,512,0.8,0.8,0.0,0.0,7
test,01_PCB__351.png,test/images/01_PCB__351.png,test/labels/01_PCB__351.txt,01_PCB__351.jpg,640,640,L,512,512,0.8,0.8,0.0,0.0,6
test,01_PCB__358.png,test/images/01_PCB__358.png,test/labels/01_PCB__358.txt,01_PCB__358.jpg,640,640,L,512,512,0.8,0.8,0.0,0.0,5
test,01_PCB__378.png,test/images/01_PCB__378.png,test/labels/01_PCB__378.txt,01_PCB__378.jpg,640,640,L,512,512,0.8,0.8,0.0,0.0,7
test,01_PCB__384.png,test/images/01_PCB__384.png,test/labels/01_PCB__384.txt,01_PCB__384.jpg,640,640,L,512,512,0.8,0.8,0.0,0.0,5
test,01_PCB__388.png,test/images/01_PCB__388.png,test/labels/01_PCB__388.txt,01_PCB__388.jpg,640,640,L,512,512,0.8,0.8,0.0,0.0,5
test,01_PCB__421.png,test/images/01_PCB__421.png,test/labels/01_PCB__421.txt,01_PCB__421.jpg,640,640,L,512,512,0.8,0.8,0.0,0.0,7
test,01_PCB__426.png,test/images/01_PCB__426.png,test/labels/01_PCB__426.txt,01_PCB__426.jpg,640,640,L,512,512,0.8,0.8,0.0,0.0,6
test,01_PCB__427.png,test/images/01_PCB__427.png,test/labels/01_PCB__427.txt,01_PCB__427.jpg,640,640,L,512,512,0.8,0.8,0.0,0.0,6
test,01_PCB__438.png,test/images/01_PCB__438.png,test/labels/01_PCB__438.txt,01_PCB__438.jpg,640,640,L,512,512,0.8,0.8,0.0,0.0,9
test,01_PCB__476.png,test/images/01_PCB__476.png,test/labels/01_PCB__476.txt,01_PCB__476.jpg,640,640,L,512,512,0.8,0.8,0.0,0.0,6
test,01_PCB__484.png,test/images/01_PCB__484.png,test/labels/01_PCB__484.txt,01_PCB__484.jpg,640,640,L,512,512,0.8,0.8,0.0,0.0,10
test,01_PCB__494.png,test/images/01_PCB__494.png,test/labels/01_PCB__494.txt,01_PCB__494.jpg,640,640,RGB,512,512,0.8,0.8,0.0,0.0,7
test,01_PCB__495.png,test/images/01_PCB__495.png,test/labels/01_PCB__495.txt,01_PCB__495.jpg,640,640,L,512,512,0.8,0.8,0.0,0.0,7
test,01_PCB__50.png,test/images/01_PCB__50.png,test/labels/01_PCB__50.txt,01_PCB__50.jpg,640,640,L,512,512,0.8,0.8,0.0,0.0,8
test,01_PCB__510.png,test/images/01_PCB__510.png,test/labels/01_PCB__510.txt,01_PCB__510.jpg,640,640,L,512,512,0.8,0.8,0.0,0.0,12
test,01_PCB__558.png,test/images/01_PCB__558.png,test/labels/01_PCB__558.txt,01_PCB__558.jpg,640,640,L,512,512,0.8,0.8,0.0,0.0,5
test,01_PCB__569.png,test/images/01_PCB__569.png,test/labels/01_PCB__569.txt,01_PCB__569.jpg,640,640,L,512,512,0.8,0.8,0.0,0.0,5
test,01_PCB__58.png,test/images/01_PCB__58.png,test/labels/01_PCB__58.txt,01_PCB__58.jpg,640,640,L,512,512,0.8,0.8,0.0,0.0,7
test,01_PCB__588.png,test/images/01_PCB__588.png,test/labels/01_PCB__588.txt,01_PCB__588.jpg,640,640,L,512,512,0.8,0.8,0.0,0.0,10
test,01_PCB__623.png,test/images/01_PCB__623.png,test/labels/01_PCB__623.txt,01_PCB__623.jpg,640,640,L,512,512,0.8,0.8,0.0,0.0,4
test,01_PCB__632.png,test/images/01_PCB__632.png,test/labels/01_PCB__632.txt,01_PCB__632.jpg,640,640,L,512,512,0.8,0.8,0.0,0.0,4
test,01_PCB__637.png,test/images/01_PCB__637.png,test/labels/01_PCB__637.txt,01_PCB__637.jpg,640,640,L,512,512,0.8,0.8,0.0,0.0,5
test,01_PCB__638.png,test/images/01_PCB__638.png,test/labels/01_PCB__638.txt,01_PCB__638.jpg,640,640,L,512,512,0.8,0.8,0.0,0.0,6
test,01_PCB__641.png,test/images/01_PCB__641.png,test/labels/01_PCB__641.txt,01_PCB__641.jpg,640,640,L,512,512,0.8,0.8,0.0,0.0,6
test,01_PCB__653.png,test/images/01_PCB__653.png,test/labels/01_PCB__653.txt,01_PCB__653.jpg,640,640,L,512,512,0.8,0.8,0.0,0.0,8
test,01_PCB__666.png,test/images/01_PCB__666.png,test/labels/01_PCB__666.txt,01_PCB__666.jpg,640,640,L,512,512,0.8,0.8,0.0,0.0,6
test,01_PCB__669.png,test/images/01_PCB__669.png,test/labels/01_PCB__669.txt,01_PCB__669.jpg,640,640,L,512,512,0.8,0.8,0.0,0.0,6
test,01_PCB__675.png,test/images/01_PCB__675.png,test/labels/01_PCB__675.txt,01_PCB__675.jpg,640,640,L,512,512,0.8,0.8,0.0,0.0,6
test,01_PCB__683.png,test/images/01_PCB__683.png,test/labels/01_PCB__683.txt,01_PCB__683.jpg,640,640,L,512,512,0.8,0.8,0.0,0.0,7
test,01_PCB__694.png,test/images/01_PCB__694.png,test/labels/01_PCB__694.txt,01_PCB__694.jpg,640,640,L,512,512,0.8,0.8,0.0,0.0,5
test,01_PCB__712.png,test/images/01_PCB__712.png,test/labels/01_PCB__712.txt,01_PCB__712.jpg,640,640,L,512,512,0.8,0.8,0.0,0.0,7
test,01_PCB__724.png,test/images/01_PCB__724.png,test/labels/01_PCB__724.txt,01_PCB__724.jpg,640,640,L,512,512,0.8,0.8,0.0,0.0,9
test,01_PCB__726.png,test/images/01_PCB__726.png,test/labels/01_PCB__726.txt,01_PCB__726.jpg,640,640,L,512,512,0.8,0.8,0.0,0.0,8
test,01_PCB__734.png,test/images/01_PCB__734.png,test/labels/01_PCB__734.txt,01_PCB__734.jpg,640,640,L,512,512,0.8,0.8,0.0,0.0,7
test,01_PCB__737.png,test/images/01_PCB__737.png,test/labels/01_PCB__737.txt,01_PCB__737.jpg,640,640,L,512,512,0.8,0.8,0.0,0.0,9
test,01_PCB__747.png,test/images/01_PCB__747.png,test/labels/01_PCB__747.txt,01_PCB__747.jpg,640,640,L,512,512,0.8,0.8,0.0,0.0,6
test,01_PCB__748.png,test/images/01_PCB__748.png,test/labels/01_PCB__748.txt,01_PCB__748.jpg,640,640,L,512,512,0.8,0.8,0.0,0.0,4
test,01_PCB__758.png,test/images/01_PCB__758.png,test/labels/01_PCB__758.txt,01_PCB__758.jpg,640,640,L,512,512,0.8,0.8,0.0,0.0,7
test,01_PCB__761.png,test/images/01_PCB__761.png,test/labels/01_PCB__761.txt,01_PCB__761.jpg,640,640,L,512,512,0.8,0.8,0.0,0.0,6
test,01_PCB__771.png,test/images/01_PCB__771.png,test/labels/01_PCB__771.txt,01_PCB__771.jpg,640,640,L,512,512,0.8,0.8,0.0,0.0,10
test,01_PCB__789.png,test/images/01_PCB__789.png,test/labels/01_PCB__789.txt,01_PCB__789.jpg,640,640,L,512,512,0.8,0.8,0.0,0.0,8
test,01_PCB__805.png,test/images/01_PCB__805.png,test/labels/01_PCB__805.txt,01_PCB__805.jpg,640,640,L,512,512,0.8,0.8,0.0,0.0,7
test,01_PCB__807.png,test/images/01_PCB__807.png,test/labels/01_PCB__807.txt,01_PCB__807.jpg,640,640,L,512,512,0.8,0.8,0.0,0.0,7
test,01_PCB__819.png,test/images/01_PCB__819.png,test/labels/01_PCB__819.txt,01_PCB__819.jpg,640,640,L,512,512,0.8,0.8,0.0,0.0,8
test,01_PCB__82.png,test/images/01_PCB__82.png,test/labels/01_PCB__82.txt,01_PCB__82.jpg,640,640,L,512,512,0.8,0.8,0.0,0.0,6
test,01_PCB__827.png,test/images/01_PCB__827.png,test/labels/01_PCB__827.txt,01_PCB__827.jpg,640,640,L,512,512,0.8,0.8,0.0,0.0,9
test,01_PCB__828.png,test/images/01_PCB__828.png,test/labels/01_PCB__828.txt,01_PCB__828.jpg,640,640,L,512,512,0.8,0.8,0.0,0.0,8
test,01_PCB__833.png,test/images/01_PCB__833.png,test/labels/01_PCB__833.txt,01_PCB__833.jpg,640,640,L,512,512,0.8,0.8,0.0,0.0,7
test,01_PCB__843.png,test/images/01_PCB__843.png,test/labels/01_PCB__843.txt,01_PCB__843.jpg,640,640,L,512,512,0.8,0.8,0.0,0.0,8
test,01_PCB__846.png,test/images/01_PCB__846.png,test/labels/01_PCB__846.txt,01_PCB__846.jpg,640,640,L,512,512,0.8,0.8,0.0,0.0,7
test,01_PCB__857.png,test/images/01_PCB__857.png,test/labels/01_PCB__857.txt,01_PCB__857.jpg,640,640,L,512,512,0.8,0.8,0.0,0.0,4
test,01_PCB__868.png,test/images/01_PCB__868.png,test/labels/01_PCB__868.txt,01_PCB__868.jpg,640,640,L,512,512,0.8,0.8,0.0,0.0,7
test,01_PCB__884.png,test/images/01_PCB__884.png,test/labels/01_PCB__884.txt,01_PCB__884.jpg,640,640,L,512,512,0.8,0.8,0.0,0.0,9
test,01_PCB__896.png,test/images/01_PCB__896.png,test/labels/01_PCB__896.txt,01_PCB__896.jpg,640,640,L,512,512,0.8,0.8,0.0,0.0,6
test,01_PCB__908.png,test/images/01_PCB__908.png,test/labels/01_PCB__908.txt,01_PCB__908.jpg,640,640,L,512,512,0.8,0.8,0.0,0.0,10
test,01_PCB__910.png,test/images/01_PCB__910.png,test/labels/01_PCB__910.txt,01_PCB__910.jpg,640,640,L,512,512,0.8,0.8,0.0,0.0,9
test,01_PCB__912.png,test/images/01_PCB__912.png,test/labels/01_PCB__912.txt,01_PCB__912.jpg,640,640,L,512,512,0.8,0.8,0.0,0.0,3
test,01_PCB__926.png,test/images/01_PCB__926.png,test/labels/01_PCB__926.txt,01_PCB__926.jpg,640,640,L,512,512,0.8,0.8,0.0,0.0,10
test,01_PCB__935.png,test/images/01_PCB__935.png,test/labels/01_PCB__935.txt,01_PCB__935.jpg,640,640,L,512,512,0.8,0.8,0.0,0.0,9
test,01_PCB__941.png,test/images/01_PCB__941.png,test/labels/01_PCB__941.txt,01_PCB__941.jpg,640,640,L,512,512,0.8,0.8,0.0,0.0,8
test,01_PCB__96.png,test/images/01_PCB__96.png,test/labels/01_PCB__96.txt,01_PCB__96.jpg,640,640,L,512,512,0.8,0.8,0.0,0.0,6
test,01_PCB__965.png,test/images/01_PCB__965.png,test/labels/01_PCB__965.txt,01_PCB__965.jpg,640,640,L,512,512,0.8,0.8,0.0,0.0,7
test,01_PCB__969.png,test/images/01_PCB__969.png,test/labels/01_PCB__969.txt,01_PCB__969.jpg,640,640,L,512,512,0.8,0.8,0.0,0.0,8
test,01_PCB__970.png,test/images/01_PCB__970.png,test/labels/01_PCB__970.txt,01_PCB__970.jpg,640,640,L,512,512,0.8,0.8,0.0,0.0,5
test,01_PCB__98.png,test/images/01_PCB__98.png,test/labels/01_PCB__98.txt,01_PCB__98.jpg,640,640,L,512,512,0.8,0.8,0.0,0.0,7
test,01_PCB__983.png,test/images/01_PCB__983.png,test/labels/01_PCB__983.txt,01_PCB__983.jpg,640,640,L,512,512,0.8,0.8,0.0,0.0,9
test,01_PCB__987.png,test/images/01_PCB__987.png,test/labels/01_PCB__987.txt,01_PCB__987.jpg,640,640,L,512,512,0.8,0.8,0.0,0.0,9
test,01_PCB__988.png,test/images/01_PCB__988.png,test/labels/01_PCB__988.txt,01_PCB__988.jpg,640,640,L,512,512,0.8,0.8,0.0,0.0,7
test,01_PCB__990.png,test/images/01_PCB__990.png,test/labels/01_PCB__990.txt,01_PCB__990.jpg,640,640,L,512,512,0.8,0.8,0.0,0.0,9
test,01_PCB__992.png,test/images/01_PCB__992.png,test/labels/01_PCB__992.txt,01_PCB__992.jpg,640,640,L,512,512,0.8,0.8,0.0,0.0,9
test,01_PCB__993.png,test/images/01_PCB__993.png,test/labels/01_PCB__993.txt,01_PCB__993.jpg,640,640,L,512,512,0.8,0.8,0.0,0.0,7
test,01_PCB__995.png,test/images/01_PCB__995.png,test/labels/01_PCB__995.txt,01_PCB__995.jpg,640,640,L,512,512,0.8,0.8,0.0,0.0,8
